{
"type": "FeatureCollection",
"name": "nbhds",
"crs": { "type": "name", "properties": { "name": "urn:ogc:def:crs:OGC:1.3:CRS84" } },
"features": [
{ "type": "Feature", "properties": { "nbhd": "West End/Stanley Park North" }, "geometry": { "type": "Polygon", "coordinates": [ [ [ -123.140196685379493, 49.290384012351666 ], [ -123.138616105026983, 49.289380188191799 ], [ -123.139117933589077, 49.289052026576982 ], [ -123.139189851812418, 49.289004982445 ], [ -123.139697506847469, 49.28867299576077 ], [ -123.140279577422334, 49.288285583829797 ], [ -123.14077388708553, 49.28795659813823 ], [ -123.141361078955825, 49.287572194055393 ], [ -123.141822312650262, 49.287270102416407 ], [ -123.142260908799514, 49.286970218524438 ], [ -123.142346096037912, 49.28691198612141 ], [ -123.143601613818348, 49.287032707742668 ], [ -123.143593396030127, 49.287760593750633 ], [ -123.143591403566816, 49.287935789891563 ], [ -123.143666346417717, 49.288173191349706 ], [ -123.143773014171188, 49.288511103359085 ], [ -123.144421480127022, 49.288975282704513 ], [ -123.144626579879443, 49.289122094366448 ], [ -123.144835961002471, 49.289202287897396 ], [ -123.14528705990385, 49.28937503388687 ], [ -123.145329501707778, 49.289391293645927 ], [ -123.146065813915257, 49.289767919046056 ], [ -123.146483986866514, 49.28998181321996 ], [ -123.146540698408728, 49.290010813365029 ], [ -123.146576048911783, 49.289999184833874 ], [ -123.146393990946407, 49.290096760821761 ], [ -123.14573807346531, 49.290427440141769 ], [ -123.144955600428645, 49.290692806948819 ], [ -123.144934513375659, 49.291340958139315 ], [ -123.144913826971305, 49.291386018554334 ], [ -123.144417162823743, 49.291877807691684 ], [ -123.143957452672055, 49.292022434734086 ], [ -123.143850681612335, 49.29209604758671 ], [ -123.143431486378262, 49.292385369100522 ], [ -123.143150315490956, 49.292254723441715 ], [ -123.14305641818757, 49.292211089272975 ], [ -123.142892892466506, 49.292135100248927 ], [ -123.142837907486296, 49.292099220733824 ], [ -123.141568801788864, 49.291271492872639 ], [ -123.140196685379493, 49.290384012351666 ] ] ] } },
{ "type": "Feature", "properties": { "nbhd": "West End/Stanley Park South" }, "geometry": { "type": "Polygon", "coordinates": [ [ [ -123.158619488838127, 49.316690027864361 ], [ -123.149856336104946, 49.316647686648906 ], [ -123.14020485286207, 49.316676963900655 ], [ -123.138387183749884, 49.315717561507945 ], [ -123.134915763810326, 49.313665572478925 ], [ -123.134512777777218, 49.313427325161825 ], [ -123.129064706683138, 49.310252028218187 ], [ -123.128842184105793, 49.310140631092537 ], [ -123.128793379534741, 49.310116226827517 ], [ -123.11580581743128, 49.303758523063244 ], [ -123.109457740423736, 49.300579584959515 ], [ -123.113203973873297, 49.298588263623294 ], [ -123.123331618115685, 49.293409255477656 ], [ -123.125179239754402, 49.293930783891035 ], [ -123.12661107077399, 49.294334931588452 ], [ -123.128114706829138, 49.295905591150294 ], [ -123.128416405118998, 49.295951197494823 ], [ -123.129146592612869, 49.296418395882696 ], [ -123.130003310509423, 49.297496492876355 ], [ -123.130484592804379, 49.297621793111198 ], [ -123.131034804627689, 49.297522099049679 ], [ -123.132160200540909, 49.296864099946298 ], [ -123.132422504112299, 49.296810006387041 ], [ -123.132959699347126, 49.296925401456029 ], [ -123.1336339047308, 49.296960989817734 ], [ -123.133907098578391, 49.296906900465594 ], [ -123.13401728323619, 49.296763000121373 ], [ -123.134458102715783, 49.296717398628786 ], [ -123.134442595997328, 49.296644787416511 ], [ -123.134951605691839, 49.296617695122123 ], [ -123.135145096515828, 49.296492406394535 ], [ -123.135388365684662, 49.296143014571477 ], [ -123.131456459449012, 49.294218477080697 ], [ -123.131879758187296, 49.293955780862959 ], [ -123.131891447065783, 49.293948537852941 ], [ -123.132137243195487, 49.293804443738736 ], [ -123.132452863575637, 49.293566378660621 ], [ -123.132573517199759, 49.293475380630646 ], [ -123.132513292346474, 49.293444307379701 ], [ -123.132780299496673, 49.293262704991598 ], [ -123.133094488860564, 49.29304900140032 ], [ -123.133440862166154, 49.292812879537699 ], [ -123.133718800915062, 49.292623388910997 ], [ -123.134398395292095, 49.292192908748518 ], [ -123.135476217326186, 49.291479300144168 ], [ -123.13600508697499, 49.291126150006484 ], [ -123.136032057993077, 49.291108155396714 ], [ -123.136527088105112, 49.290777588448208 ], [ -123.137028608545094, 49.290430766903079 ], [ -123.137057603467525, 49.290410721375743 ], [ -123.137549393356323, 49.290070600623324 ], [ -123.138042067187385, 49.289751725619219 ], [ -123.138078612449775, 49.289728101065123 ], [ -123.138616105026983, 49.289380188191799 ], [ -123.140196685379493, 49.290384012351666 ], [ -123.141568801788864, 49.291271492872639 ], [ -123.142837907486296, 49.292099220733824 ], [ -123.142892892466506, 49.292135100248927 ], [ -123.14305641818757, 49.292211089272975 ], [ -123.143150315490956, 49.292254723441715 ], [ -123.143431486378262, 49.292385369100522 ], [ -123.143850681612335, 49.29209604758671 ], [ -123.143957452672055, 49.292022434734086 ], [ -123.144417162823743, 49.291877807691684 ], [ -123.144913826971305, 49.291386018554334 ], [ -123.144934513375659, 49.291340958139315 ], [ -123.144955600428645, 49.290692806948819 ], [ -123.14573807346531, 49.290427440141769 ], [ -123.146393990946407, 49.290096760821761 ], [ -123.146576048911783, 49.289999184833874 ], [ -123.146540698408728, 49.290010813365029 ], [ -123.146483986866514, 49.28998181321996 ], [ -123.146065813915257, 49.289767919046056 ], [ -123.149986438209268, 49.289380721375508 ], [ -123.149948100807862, 49.288659682380484 ], [ -123.149934050258508, 49.287239225646019 ], [ -123.149920697700125, 49.28589129772319 ], [ -123.149886473684447, 49.284022625797178 ], [ -123.149884652799358, 49.283977106275088 ], [ -123.14978436577934, 49.277903961414495 ], [ -123.152510898193725, 49.279149037810392 ], [ -123.154653366671624, 49.280111500514892 ], [ -123.15706374151334, 49.281193089910786 ], [ -123.157065642348456, 49.281193940802346 ], [ -123.157384782327895, 49.281337390830686 ], [ -123.160198586072099, 49.282605488747294 ], [ -123.164236108134034, 49.284477152453952 ], [ -123.16414295912729, 49.290224850032139 ], [ -123.163969719923045, 49.297938873824314 ], [ -123.163139502327354, 49.316612682285715 ], [ -123.158619488838127, 49.316690027864361 ] ] ] } },
{ "type": "Feature", "properties": { "nbhd": "English Bay" }, "geometry": { "type": "Polygon", "coordinates": [ [ [ -123.141822312650262, 49.287270102416407 ], [ -123.140346925017511, 49.286313484260361 ], [ -123.140236416067893, 49.286241802865128 ], [ -123.138670603120318, 49.285223101079836 ], [ -123.137481189666687, 49.284453003854843 ], [ -123.136303687873735, 49.28371199513996 ], [ -123.134916299206225, 49.282810483443022 ], [ -123.13335257663833, 49.281806207975727 ], [ -123.131214196393287, 49.280383898280014 ], [ -123.129182792023855, 49.279077893360068 ], [ -123.129703463647388, 49.278739587345193 ], [ -123.130027540767585, 49.278529001851908 ], [ -123.13028811059047, 49.278359704842529 ], [ -123.130786303670661, 49.278036992236572 ], [ -123.131347787554148, 49.277669088569617 ], [ -123.131816565300312, 49.27736089926389 ], [ -123.132228715047603, 49.277089927100882 ], [ -123.132340430434681, 49.277061355386479 ], [ -123.132468356819345, 49.276992711001434 ], [ -123.132653909231152, 49.276903063733364 ], [ -123.1330425285079, 49.276777316997368 ], [ -123.133214792141729, 49.276721611983405 ], [ -123.134204583769545, 49.276388415579127 ], [ -123.134216824213624, 49.276384303121795 ], [ -123.136187090143139, 49.27575073795817 ], [ -123.136284314806332, 49.275864200212844 ], [ -123.13623646065281, 49.276040538685216 ], [ -123.136230612620324, 49.276062103299246 ], [ -123.136252465936238, 49.276111741435763 ], [ -123.136349110287753, 49.276331274251419 ], [ -123.136381090311886, 49.276403911282607 ], [ -123.136382271596489, 49.276593205207611 ], [ -123.136384391620552, 49.276935209944376 ], [ -123.136502687167066, 49.276977111163603 ], [ -123.136838613065876, 49.277096098335811 ], [ -123.136880198775302, 49.277142061997651 ], [ -123.137374680016705, 49.277688599520602 ], [ -123.13767690022776, 49.277671489638337 ], [ -123.137826413128693, 49.277737199289746 ], [ -123.138104791153779, 49.277859514582047 ], [ -123.138393815113275, 49.278372199952187 ], [ -123.138676349643191, 49.278687586582826 ], [ -123.138773035317215, 49.278795523324689 ], [ -123.13879569621858, 49.278820812201246 ], [ -123.139021714140696, 49.278988750359986 ], [ -123.13925966797801, 49.279165548249665 ], [ -123.139811585702034, 49.279575658567559 ], [ -123.140205602057009, 49.27986841443547 ], [ -123.140488216536966, 49.280078402908657 ], [ -123.140708990992778, 49.28040884117469 ], [ -123.140709875833309, 49.280410194301297 ], [ -123.14074990116913, 49.280550442246103 ], [ -123.140793532342471, 49.280703430439281 ], [ -123.140850406479743, 49.280902773290691 ], [ -123.140851462000199, 49.280906459337046 ], [ -123.140876896899172, 49.280995601214947 ], [ -123.140877959606129, 49.280996571657155 ], [ -123.141621903900258, 49.281677798615462 ], [ -123.141744743125457, 49.28185061902105 ], [ -123.141770216651977, 49.281886475522668 ], [ -123.141850232289272, 49.281999031178522 ], [ -123.142022841774491, 49.282241850087416 ], [ -123.142416077493493, 49.282795007918203 ], [ -123.142487467507422, 49.282895444333448 ], [ -123.142774493613743, 49.283299247698267 ], [ -123.142776253413373, 49.283301723499413 ], [ -123.143098004795348, 49.283754307821674 ], [ -123.143188168700419, 49.283808547554273 ], [ -123.143784766830052, 49.284167311628693 ], [ -123.143860364552779, 49.284212798160475 ], [ -123.143909112529997, 49.284242106407106 ], [ -123.144007402595108, 49.284301202176984 ], [ -123.144007289407384, 49.284454993825008 ], [ -123.14381410131567, 49.284658728023366 ], [ -123.143734511479792, 49.284742689578202 ], [ -123.143696466929171, 49.285389089616515 ], [ -123.143685881181881, 49.285568550608637 ], [ -123.143671228761306, 49.285817180470588 ], [ -123.143639461637875, 49.286357081460615 ], [ -123.143618250617408, 49.286716775641985 ], [ -123.143606899505471, 49.286910012656854 ], [ -123.143603428415219, 49.286968470651011 ], [ -123.143602077349016, 49.28699149534836 ], [ -123.143601613818348, 49.287032707742668 ], [ -123.142346096037912, 49.28691198612141 ], [ -123.142260908799514, 49.286970218524438 ], [ -123.141822312650262, 49.287270102416407 ] ] ] } },
{ "type": "Feature", "properties": { "nbhd": "Downtown Central" }, "geometry": { "type": "Polygon", "coordinates": [ [ [ -123.130003310509423, 49.297496492876355 ], [ -123.129146592612869, 49.296418395882696 ], [ -123.128416405118998, 49.295951197494823 ], [ -123.128114706829138, 49.295905591150294 ], [ -123.12661107077399, 49.294334931588452 ], [ -123.125179239754402, 49.293930783891035 ], [ -123.123331618115685, 49.293409255477656 ], [ -123.123768748214403, 49.293086431613595 ], [ -123.123772194151854, 49.293083884241483 ], [ -123.126509624927252, 49.29105277885251 ], [ -123.126614622712609, 49.290900848675342 ], [ -123.126633436129609, 49.290874192061736 ], [ -123.126717583118889, 49.290754824486712 ], [ -123.126602374183705, 49.290638130675923 ], [ -123.126420808495112, 49.290508905302076 ], [ -123.12638960102214, 49.290483249784913 ], [ -123.126204707075431, 49.290389903032654 ], [ -123.126463591658819, 49.290214026586703 ], [ -123.126632323116965, 49.290099437247918 ], [ -123.126792983212283, 49.289990298939806 ], [ -123.126870285937429, 49.28994045095434 ], [ -123.127447314268608, 49.289568201891903 ], [ -123.127761013152337, 49.289340949369304 ], [ -123.12822451868611, 49.289005200993387 ], [ -123.128861582326024, 49.288594295478966 ], [ -123.129344165381511, 49.288294301283578 ], [ -123.129948015610438, 49.287918903875408 ], [ -123.128536904232874, 49.287001381404217 ], [ -123.126958091764863, 49.285973100272734 ], [ -123.124848301302052, 49.284599193202254 ], [ -123.122803896513858, 49.283281891889274 ], [ -123.123359824317305, 49.282918998326494 ], [ -123.124422378584811, 49.282225303173966 ], [ -123.124968827365393, 49.281880500026887 ], [ -123.125430660236148, 49.281584223056093 ], [ -123.126037889927161, 49.281194702033844 ], [ -123.126524600741362, 49.280860125304272 ], [ -123.127078592675403, 49.28047928751095 ], [ -123.127232239623268, 49.280376941599364 ], [ -123.127425050422573, 49.28024851152275 ], [ -123.127624717164167, 49.280115491940101 ], [ -123.128625915599443, 49.279448737786488 ], [ -123.128647908154235, 49.279434093375492 ], [ -123.129182792023855, 49.279077893360068 ], [ -123.131214196393287, 49.280383898280014 ], [ -123.13335257663833, 49.281806207975727 ], [ -123.134916299206225, 49.282810483443022 ], [ -123.136303687873735, 49.28371199513996 ], [ -123.137481189666687, 49.284453003854843 ], [ -123.138670603120318, 49.285223101079836 ], [ -123.140236416067893, 49.286241802865128 ], [ -123.140346925017511, 49.286313484260361 ], [ -123.141822312650262, 49.287270102416407 ], [ -123.141361078955825, 49.287572194055393 ], [ -123.14077388708553, 49.28795659813823 ], [ -123.140279577422334, 49.288285583829797 ], [ -123.139697506847469, 49.28867299576077 ], [ -123.139189851812418, 49.289004982445 ], [ -123.139117933589077, 49.289052026576982 ], [ -123.138616105026983, 49.289380188191799 ], [ -123.138078612449775, 49.289728101065123 ], [ -123.138042067187385, 49.289751725619219 ], [ -123.137549393356323, 49.290070600623324 ], [ -123.137057603467525, 49.290410721375743 ], [ -123.137028608545094, 49.290430766903079 ], [ -123.136527088105112, 49.290777588448208 ], [ -123.136032057993077, 49.291108155396714 ], [ -123.13600508697499, 49.291126150006484 ], [ -123.135476217326186, 49.291479300144168 ], [ -123.134398395292095, 49.292192908748518 ], [ -123.133718800915062, 49.292623388910997 ], [ -123.133440862166154, 49.292812879537699 ], [ -123.133094488860564, 49.29304900140032 ], [ -123.132780299496673, 49.293262704991598 ], [ -123.132513292346474, 49.293444307379701 ], [ -123.132573517199759, 49.293475380630646 ], [ -123.132452863575637, 49.293566378660621 ], [ -123.132137243195487, 49.293804443738736 ], [ -123.131891447065783, 49.293948537852941 ], [ -123.131879758187296, 49.293955780862959 ], [ -123.131456459449012, 49.294218477080697 ], [ -123.135388365684662, 49.296143014571477 ], [ -123.135145096515828, 49.296492406394535 ], [ -123.134951605691839, 49.296617695122123 ], [ -123.134442595997328, 49.296644787416511 ], [ -123.134458102715783, 49.296717398628786 ], [ -123.13401728323619, 49.296763000121373 ], [ -123.133907098578391, 49.296906900465594 ], [ -123.1336339047308, 49.296960989817734 ], [ -123.132959699347126, 49.296925401456029 ], [ -123.132422504112299, 49.296810006387041 ], [ -123.132160200540909, 49.296864099946298 ], [ -123.131034804627689, 49.297522099049679 ], [ -123.130484592804379, 49.297621793111198 ], [ -123.130003310509423, 49.297496492876355 ] ] ] } },
{ "type": "Feature", "properties": { "nbhd": "North False Creek" }, "geometry": { "type": "Polygon", "coordinates": [ [ [ -123.117180612616835, 49.275533062778912 ], [ -123.117146252955536, 49.275512744527845 ], [ -123.117084497373, 49.275555190252085 ], [ -123.116905792818599, 49.275446891253225 ], [ -123.115980207377419, 49.274885291035282 ], [ -123.115365997776607, 49.274486113966823 ], [ -123.115017019356713, 49.27417681697662 ], [ -123.114874871742799, 49.274031598960384 ], [ -123.114814072866025, 49.273860644259607 ], [ -123.114892097836687, 49.273533961249754 ], [ -123.114831951136836, 49.273352191157855 ], [ -123.114711361293104, 49.273391316105467 ], [ -123.114721907514536, 49.2731772157412 ], [ -123.114737907408056, 49.272559726405362 ], [ -123.114742834667396, 49.272369555407025 ], [ -123.114889534044849, 49.272320443356051 ], [ -123.115918568575864, 49.271975960730096 ], [ -123.116236839884394, 49.271880194000282 ], [ -123.116254888835087, 49.271875012076528 ], [ -123.116255461061911, 49.27187484034215 ], [ -123.11661471710697, 49.271773648239595 ], [ -123.117712103549636, 49.271464473154133 ], [ -123.117818402095523, 49.2714343138733 ], [ -123.118772226975992, 49.271167570921506 ], [ -123.120419727325611, 49.270706796448579 ], [ -123.121210550202804, 49.270482047151724 ], [ -123.122823547160692, 49.26993453297063 ], [ -123.123010449740377, 49.269872782318792 ], [ -123.125194420384403, 49.269623737960877 ], [ -123.126958025289539, 49.269460594298181 ], [ -123.128250846510454, 49.269522035391446 ], [ -123.130648405986321, 49.269665603188351 ], [ -123.130727098405217, 49.26978140821052 ], [ -123.130961710509638, 49.269959418432173 ], [ -123.130968893438663, 49.269965419990527 ], [ -123.131554806107985, 49.270409409605953 ], [ -123.131731540657, 49.270691679945195 ], [ -123.131858915476073, 49.270895094705395 ], [ -123.132113165650949, 49.270956137198681 ], [ -123.132406792577967, 49.271159564935651 ], [ -123.13287131769961, 49.271682898359948 ], [ -123.13335345968224, 49.272356712966776 ], [ -123.133427686575871, 49.272436804819201 ], [ -123.135071261287678, 49.273595444158282 ], [ -123.135789253253265, 49.273978850646508 ], [ -123.13712990616979, 49.275369921661905 ], [ -123.13718702464881, 49.275429199786117 ], [ -123.136833732518937, 49.275542798165034 ], [ -123.136187090143139, 49.27575073795817 ], [ -123.134216824213624, 49.276384303121795 ], [ -123.134204583769545, 49.276388415579127 ], [ -123.133214792141729, 49.276721611983405 ], [ -123.1330425285079, 49.276777316997368 ], [ -123.132653909231152, 49.276903063733364 ], [ -123.132468356819345, 49.276992711001434 ], [ -123.132340430434681, 49.277061355386479 ], [ -123.132228715047603, 49.277089927100882 ], [ -123.131816565300312, 49.27736089926389 ], [ -123.131347787554148, 49.277669088569617 ], [ -123.130786303670661, 49.278036992236572 ], [ -123.13028811059047, 49.278359704842529 ], [ -123.130027540767585, 49.278529001851908 ], [ -123.129703463647388, 49.278739587345193 ], [ -123.129182792023855, 49.279077893360068 ], [ -123.128647908154235, 49.279434093375492 ], [ -123.128625915599443, 49.279448737786488 ], [ -123.127624717164167, 49.280115491940101 ], [ -123.127425050422573, 49.28024851152275 ], [ -123.127232239623268, 49.280376941599364 ], [ -123.127078592675403, 49.28047928751095 ], [ -123.126524600741362, 49.280860125304272 ], [ -123.126037889927161, 49.281194702033844 ], [ -123.124983413310673, 49.280536105823487 ], [ -123.12403969088389, 49.279909292886778 ], [ -123.123533938480591, 49.279576760308977 ], [ -123.123040207332451, 49.279252097132535 ], [ -123.122495068295564, 49.278907308945413 ], [ -123.122011399176927, 49.278601408261373 ], [ -123.12156285149095, 49.278302841241079 ], [ -123.121081009545577, 49.27798209563845 ], [ -123.120698856342244, 49.277736559318178 ], [ -123.120593137209738, 49.277668625585868 ], [ -123.120093897592255, 49.27734778912199 ], [ -123.119511565607652, 49.276965681750433 ], [ -123.118973243885421, 49.276628865682724 ], [ -123.118217634069012, 49.276155432050444 ], [ -123.118162447866183, 49.276120821477221 ], [ -123.118031642381027, 49.276036265614373 ], [ -123.117180612616835, 49.275533062778912 ] ] ] } },
{ "type": "Feature", "properties": { "nbhd": "Downtown North" }, "geometry": { "type": "Polygon", "coordinates": [ [ [ -123.108728011070653, 49.284967171155444 ], [ -123.108675617730029, 49.284644694570908 ], [ -123.108822899215781, 49.284310796955992 ], [ -123.110891352802483, 49.284703094309776 ], [ -123.11091879992766, 49.28470830652838 ], [ -123.111433169869471, 49.284364352828703 ], [ -123.111908411892429, 49.284046600571102 ], [ -123.112429539860116, 49.283703130380076 ], [ -123.112864412492527, 49.283416500917902 ], [ -123.112426105600775, 49.283112675068473 ], [ -123.112376988416003, 49.283078617865058 ], [ -123.112237229422405, 49.282981752859655 ], [ -123.111922398661406, 49.282763485509072 ], [ -123.110956395320628, 49.282119799988749 ], [ -123.110066313994423, 49.281560906345206 ], [ -123.109758005900673, 49.281458102660245 ], [ -123.108458990795867, 49.281220605579996 ], [ -123.10758360141611, 49.281065705652303 ], [ -123.106212538730603, 49.280820238011373 ], [ -123.105595220060607, 49.280709738350588 ], [ -123.105774153685431, 49.280277952809044 ], [ -123.105849218707178, 49.280096848682362 ], [ -123.106113108703369, 49.279457192501255 ], [ -123.105039185357612, 49.279306982354498 ], [ -123.104910117214203, 49.279288914278631 ], [ -123.104464696563753, 49.279226586369198 ], [ -123.102544386845508, 49.279211102101193 ], [ -123.102155012085603, 49.279286205033621 ], [ -123.102119208831638, 49.279044711256553 ], [ -123.102118604265442, 49.278580307732703 ], [ -123.102117510117438, 49.277734754270128 ], [ -123.102117414896028, 49.277643999533524 ], [ -123.102119534021782, 49.277609835993502 ], [ -123.102120643441154, 49.277591832348143 ], [ -123.102125998298547, 49.277506490760011 ], [ -123.102127712284116, 49.277325511835713 ], [ -123.102139008598812, 49.277123098212243 ], [ -123.10213859986537, 49.276975408062853 ], [ -123.101789854109128, 49.276932331783634 ], [ -123.101299908461598, 49.27687181418063 ], [ -123.101187532812816, 49.276862864969893 ], [ -123.099929802481839, 49.27676291032207 ], [ -123.099781689156103, 49.276758006120517 ], [ -123.099809735457583, 49.276014705091548 ], [ -123.099830591643538, 49.275460858165644 ], [ -123.099836226775324, 49.275311115263605 ], [ -123.099850503700139, 49.274932305854641 ], [ -123.099872919361417, 49.27437246157794 ], [ -123.099923017506512, 49.273122061120858 ], [ -123.099924466489057, 49.273086091574974 ], [ -123.099927345589521, 49.273014188743417 ], [ -123.099933714644905, 49.272855588115135 ], [ -123.100099417882205, 49.27288530342625 ], [ -123.101181602135298, 49.273049495451019 ], [ -123.101483444155619, 49.273047439962355 ], [ -123.101635200149815, 49.273046396099971 ], [ -123.101631384106497, 49.273012822519419 ], [ -123.101621890710575, 49.27292981979955 ], [ -123.101835435524961, 49.272988784356244 ], [ -123.101992001099219, 49.273032018226566 ], [ -123.10234105946914, 49.272864848692507 ], [ -123.102925796243767, 49.272696689816897 ], [ -123.110353307761386, 49.273338176173716 ], [ -123.111039563146278, 49.273376443072756 ], [ -123.114462387822186, 49.272448456248057 ], [ -123.114742834667396, 49.272369555407025 ], [ -123.114737907408056, 49.272559726405362 ], [ -123.114721907514536, 49.2731772157412 ], [ -123.114711361293104, 49.273391316105467 ], [ -123.114831951136836, 49.273352191157855 ], [ -123.114892097836687, 49.273533961249754 ], [ -123.114814072866025, 49.273860644259607 ], [ -123.114874871742799, 49.274031598960384 ], [ -123.115017019356713, 49.27417681697662 ], [ -123.115365997776607, 49.274486113966823 ], [ -123.115980207377419, 49.274885291035282 ], [ -123.116905792818599, 49.275446891253225 ], [ -123.117084497373, 49.275555190252085 ], [ -123.117146252955536, 49.275512744527845 ], [ -123.117180612616835, 49.275533062778912 ], [ -123.118031642381027, 49.276036265614373 ], [ -123.118162447866183, 49.276120821477221 ], [ -123.118217634069012, 49.276155432050444 ], [ -123.118973243885421, 49.276628865682724 ], [ -123.119511565607652, 49.276965681750433 ], [ -123.120093897592255, 49.27734778912199 ], [ -123.120593137209738, 49.277668625585868 ], [ -123.120698856342244, 49.277736559318178 ], [ -123.121081009545577, 49.27798209563845 ], [ -123.12156285149095, 49.278302841241079 ], [ -123.122011399176927, 49.278601408261373 ], [ -123.122495068295564, 49.278907308945413 ], [ -123.123040207332451, 49.279252097132535 ], [ -123.123533938480591, 49.279576760308977 ], [ -123.12403969088389, 49.279909292886778 ], [ -123.124983413310673, 49.280536105823487 ], [ -123.126037889927161, 49.281194702033844 ], [ -123.125430660236148, 49.281584223056093 ], [ -123.124968827365393, 49.281880500026887 ], [ -123.124422378584811, 49.282225303173966 ], [ -123.123359824317305, 49.282918998326494 ], [ -123.122803896513858, 49.283281891889274 ], [ -123.124848301302052, 49.284599193202254 ], [ -123.126958091764863, 49.285973100272734 ], [ -123.128536904232874, 49.287001381404217 ], [ -123.129948015610438, 49.287918903875408 ], [ -123.129344165381511, 49.288294301283578 ], [ -123.128861582326024, 49.288594295478966 ], [ -123.12822451868611, 49.289005200993387 ], [ -123.127761013152337, 49.289340949369304 ], [ -123.127447314268608, 49.289568201891903 ], [ -123.126870285937429, 49.28994045095434 ], [ -123.126792983212283, 49.289990298939806 ], [ -123.126632323116965, 49.290099437247918 ], [ -123.126463591658819, 49.290214026586703 ], [ -123.126204707075431, 49.290389903032654 ], [ -123.12638960102214, 49.290483249784913 ], [ -123.126420808495112, 49.290508905302076 ], [ -123.126602374183705, 49.290638130675923 ], [ -123.126717583118889, 49.290754824486712 ], [ -123.126633436129609, 49.290874192061736 ], [ -123.126614622712609, 49.290900848675342 ], [ -123.126509624927252, 49.29105277885251 ], [ -123.123772194151854, 49.293083884241483 ], [ -123.123768748214403, 49.293086431613595 ], [ -123.123331618115685, 49.293409255477656 ], [ -123.113203973873297, 49.298588263623294 ], [ -123.109457740423736, 49.300579584959515 ], [ -123.108768494547235, 49.300238172999649 ], [ -123.106982433556624, 49.29923157950234 ], [ -123.10437215930969, 49.297859963381462 ], [ -123.102471837106521, 49.297782380857946 ], [ -123.104453266400085, 49.294096224626252 ], [ -123.108297188941847, 49.286943366423607 ], [ -123.108872903936074, 49.286043291972938 ], [ -123.108842324385492, 49.285816197818122 ], [ -123.108812582963068, 49.285595254624091 ], [ -123.108785852693487, 49.285396912816147 ], [ -123.108757437184408, 49.285185714703225 ], [ -123.108728011070653, 49.284967171155444 ] ] ] } },
{ "type": "Feature", "properties": { "nbhd": "South False Creek" }, "geometry": { "type": "Polygon", "coordinates": [ [ [ -123.128250846510454, 49.269522035391446 ], [ -123.126958025289539, 49.269460594298181 ], [ -123.125194420384403, 49.269623737960877 ], [ -123.123010449740377, 49.269872782318792 ], [ -123.122823547160692, 49.26993453297063 ], [ -123.121210550202804, 49.270482047151724 ], [ -123.120419727325611, 49.270706796448579 ], [ -123.118772226975992, 49.271167570921506 ], [ -123.117818402095523, 49.2714343138733 ], [ -123.117712103549636, 49.271464473154133 ], [ -123.11661471710697, 49.271773648239595 ], [ -123.116255461061911, 49.27187484034215 ], [ -123.116254888835087, 49.271875012076528 ], [ -123.116236839884394, 49.271880194000282 ], [ -123.115918568575864, 49.271975960730096 ], [ -123.114889534044849, 49.272320443356051 ], [ -123.114742834667396, 49.272369555407025 ], [ -123.114462387822186, 49.272448456248057 ], [ -123.111039563146278, 49.273376443072756 ], [ -123.110353307761386, 49.273338176173716 ], [ -123.102925796243767, 49.272696689816897 ], [ -123.10234105946914, 49.272864848692507 ], [ -123.101992001099219, 49.273032018226566 ], [ -123.101835435524961, 49.272988784356244 ], [ -123.101621890710575, 49.27292981979955 ], [ -123.101631384106497, 49.273012822519419 ], [ -123.101635200149815, 49.273046396099971 ], [ -123.101483444155619, 49.273047439962355 ], [ -123.101181602135298, 49.273049495451019 ], [ -123.100099417882205, 49.27288530342625 ], [ -123.099933714644905, 49.272855588115135 ], [ -123.099937299821207, 49.272782475795601 ], [ -123.099937831623834, 49.272771236483408 ], [ -123.099939091960181, 49.272745890582577 ], [ -123.100020029268975, 49.271891499161349 ], [ -123.100212325333644, 49.271488227787628 ], [ -123.100269833681494, 49.271367609953991 ], [ -123.100586193375108, 49.270704188134061 ], [ -123.100591598538173, 49.270507108179231 ], [ -123.100596078436467, 49.270342053682747 ], [ -123.100602011808931, 49.270121896929204 ], [ -123.100736233587128, 49.270128152854682 ], [ -123.100756152830215, 49.269631215487962 ], [ -123.100775581593183, 49.269146495068767 ], [ -123.100785676860355, 49.269051303142362 ], [ -123.100823282134769, 49.26822992634871 ], [ -123.100825889045723, 49.268144441950199 ], [ -123.100745355978816, 49.268047689465241 ], [ -123.10075691460159, 49.267313001789617 ], [ -123.100783097797191, 49.266609301911878 ], [ -123.100728811706233, 49.266488114098372 ], [ -123.100731081748975, 49.266407997347251 ], [ -123.100735258915051, 49.266310036836039 ], [ -123.100769715594382, 49.26550379522628 ], [ -123.100773724775493, 49.265439605709879 ], [ -123.100826476543915, 49.264595497681626 ], [ -123.100833040533715, 49.264490316131116 ], [ -123.100842058720843, 49.264302298846694 ], [ -123.100860573897165, 49.26374007287653 ], [ -123.100888014734167, 49.262908296451045 ], [ -123.101045501081543, 49.262916113837186 ], [ -123.10296150158139, 49.262966700239097 ], [ -123.104885891447651, 49.263014694868716 ], [ -123.106831716913192, 49.263048907208407 ], [ -123.109484228148176, 49.263120009121025 ], [ -123.110952498428944, 49.263145813707787 ], [ -123.112891609886077, 49.263179692393159 ], [ -123.114778989162616, 49.26320399913822 ], [ -123.114849598540587, 49.263205875065282 ], [ -123.114925715489548, 49.263207891686768 ], [ -123.117520915107704, 49.263250289376145 ], [ -123.119894810264057, 49.263294698371041 ], [ -123.121819419319237, 49.263317296211063 ], [ -123.124176295892525, 49.263368410390662 ], [ -123.126619296647036, 49.263406509742012 ], [ -123.129003200832258, 49.263443784246235 ], [ -123.131367696017463, 49.263484185054466 ], [ -123.133720223846453, 49.263519592964563 ], [ -123.136088794688106, 49.263559999572884 ], [ -123.137859379502999, 49.263581187425778 ], [ -123.138562512435442, 49.263589609100869 ], [ -123.138529489467274, 49.264502992962584 ], [ -123.138499706722342, 49.265342606405639 ], [ -123.138468496554452, 49.266182985783438 ], [ -123.138455402710861, 49.266772586308534 ], [ -123.138451898382939, 49.266874312131229 ], [ -123.138481785332431, 49.267235400501093 ], [ -123.138466474446744, 49.267622422708143 ], [ -123.138457117594726, 49.267858960641306 ], [ -123.138452140928052, 49.267939877504453 ], [ -123.138445448479189, 49.268092837405035 ], [ -123.138372056120474, 49.268190874095446 ], [ -123.138337033502495, 49.26838439296818 ], [ -123.138317880522322, 49.268490259650314 ], [ -123.138191755259797, 49.26877515583454 ], [ -123.138224895008946, 49.268833030409787 ], [ -123.13841096305373, 49.269157916329121 ], [ -123.139462172497545, 49.269688020507147 ], [ -123.140417877551897, 49.269705478401107 ], [ -123.140791112281079, 49.269712287118764 ], [ -123.140774902181803, 49.270043390360151 ], [ -123.140790435849695, 49.270128119444422 ], [ -123.140812881155369, 49.270250597797393 ], [ -123.140929314494301, 49.270434804184731 ], [ -123.141079417588372, 49.270564006558438 ], [ -123.141849721147864, 49.270594299424999 ], [ -123.143129498830874, 49.270628100901227 ], [ -123.145483497201994, 49.270666093831323 ], [ -123.145464301102677, 49.271648285820717 ], [ -123.145516304574471, 49.272299109795497 ], [ -123.145393093446728, 49.272537207821067 ], [ -123.145319517831723, 49.272662304229293 ], [ -123.14506478885481, 49.272848295116162 ], [ -123.144191298513562, 49.273176402222262 ], [ -123.143892262830192, 49.273272598983105 ], [ -123.142563922222962, 49.273699877773524 ], [ -123.142545986459993, 49.27370563681653 ], [ -123.14198446215228, 49.273886256849423 ], [ -123.141966683594489, 49.273891990668339 ], [ -123.141900425655777, 49.273913284271345 ], [ -123.138784092680069, 49.274915574801305 ], [ -123.13718702464881, 49.275429199786117 ], [ -123.13712990616979, 49.275369921661905 ], [ -123.135789253253265, 49.273978850646508 ], [ -123.135071261287678, 49.273595444158282 ], [ -123.133427686575871, 49.272436804819201 ], [ -123.13335345968224, 49.272356712966776 ], [ -123.13287131769961, 49.271682898359948 ], [ -123.132406792577967, 49.271159564935651 ], [ -123.132113165650949, 49.270956137198681 ], [ -123.131858915476073, 49.270895094705395 ], [ -123.131731540657, 49.270691679945195 ], [ -123.131554806107985, 49.270409409605953 ], [ -123.130968893438663, 49.269965419990527 ], [ -123.130961710509638, 49.269959418432173 ], [ -123.130727098405217, 49.26978140821052 ], [ -123.130648405986321, 49.269665603188351 ], [ -123.128250846510454, 49.269522035391446 ] ] ] } },
{ "type": "Feature", "properties": { "nbhd": "South Granville" }, "geometry": { "type": "Polygon", "coordinates": [ [ [ -123.115030033250221, 49.258283900591493 ], [ -123.115037818050496, 49.257827188981473 ], [ -123.115046130161815, 49.257339290955265 ], [ -123.115053399329085, 49.256913296353545 ], [ -123.116003414454468, 49.256922497775406 ], [ -123.118128210375758, 49.256946002610434 ], [ -123.119384994780745, 49.256968823806936 ], [ -123.120128578850441, 49.256982302871677 ], [ -123.120745907401883, 49.256997010233228 ], [ -123.122030991433277, 49.257027589336147 ], [ -123.123713632080154, 49.257057690585427 ], [ -123.12438408969247, 49.257069717360615 ], [ -123.127210695327818, 49.257116992472902 ], [ -123.127637517258634, 49.257034710542555 ], [ -123.127821324243868, 49.257036435438621 ], [ -123.130304796796892, 49.257059810647036 ], [ -123.130831475454684, 49.257061852144318 ], [ -123.131775717107729, 49.25710681958877 ], [ -123.131789479297879, 49.257106809035378 ], [ -123.131803189385749, 49.257106789101201 ], [ -123.132103893240583, 49.257237365481707 ], [ -123.132698126106078, 49.257495402807372 ], [ -123.133611294135108, 49.25778810387051 ], [ -123.133918985984536, 49.257854797421139 ], [ -123.134268831278689, 49.257892717520434 ], [ -123.134403411484655, 49.257907306766405 ], [ -123.135620644864318, 49.257929790401768 ], [ -123.136070262443781, 49.257938105164023 ], [ -123.136307800361124, 49.257942511131425 ], [ -123.137031886497567, 49.257783390672508 ], [ -123.137619411642831, 49.257545001583139 ], [ -123.137868999561391, 49.257392325584092 ], [ -123.138247498418124, 49.257160799581413 ], [ -123.13852919122661, 49.257069210797319 ], [ -123.138793889706548, 49.257053704916324 ], [ -123.141293678360071, 49.25709929150073 ], [ -123.14359877873531, 49.257140489007114 ], [ -123.145979482223183, 49.257179193536679 ], [ -123.145975944657607, 49.257646234595327 ], [ -123.14597250770332, 49.258096788339664 ], [ -123.145955525052869, 49.258554482995734 ], [ -123.145937107792903, 49.259051598761914 ], [ -123.145921348647875, 49.25946335606352 ], [ -123.145903113745931, 49.259940600573749 ], [ -123.145886205655643, 49.26039920618139 ], [ -123.14586621544565, 49.260941189931842 ], [ -123.145848180867986, 49.261361770346717 ], [ -123.145828196946169, 49.261827407637327 ], [ -123.145811895218714, 49.262297325348008 ], [ -123.145796196260804, 49.262749792304461 ], [ -123.145778056580284, 49.263188003339799 ], [ -123.145756781779383, 49.263701794399026 ], [ -123.143414294420367, 49.263662304757595 ], [ -123.141026905670131, 49.263614401622306 ], [ -123.138562512435442, 49.263589609100869 ], [ -123.137859379502999, 49.263581187425778 ], [ -123.136088794688106, 49.263559999572884 ], [ -123.133720223846453, 49.263519592964563 ], [ -123.131367696017463, 49.263484185054466 ], [ -123.129003200832258, 49.263443784246235 ], [ -123.126619296647036, 49.263406509742012 ], [ -123.124176295892525, 49.263368410390662 ], [ -123.121819419319237, 49.263317296211063 ], [ -123.119894810264057, 49.263294698371041 ], [ -123.117520915107704, 49.263250289376145 ], [ -123.114925715489548, 49.263207891686768 ], [ -123.114849598540587, 49.263205875065282 ], [ -123.114778989162616, 49.26320399913822 ], [ -123.114779715899672, 49.263194965962185 ], [ -123.114856923403408, 49.26223781043165 ], [ -123.11485724500028, 49.262228772975092 ], [ -123.114922018922158, 49.260395729070012 ], [ -123.114936865378851, 49.259893085451679 ], [ -123.114943119449876, 49.259681109186843 ], [ -123.115010424824206, 49.259592822262874 ], [ -123.115012782901829, 49.259444274676305 ], [ -123.115022309535433, 49.258738287478053 ], [ -123.115030033250221, 49.258283900591493 ] ] ] } },
{ "type": "Feature", "properties": { "nbhd": "South Cambie" }, "geometry": { "type": "Polygon", "coordinates": [ [ [ -123.132103893240583, 49.257237365481707 ], [ -123.131803189385749, 49.257106789101201 ], [ -123.131789479297879, 49.257106809035378 ], [ -123.131775717107729, 49.25710681958877 ], [ -123.130831475454684, 49.257061852144318 ], [ -123.130304796796892, 49.257059810647036 ], [ -123.127821324243868, 49.257036435438621 ], [ -123.127637517258634, 49.257034710542555 ], [ -123.127210695327818, 49.257116992472902 ], [ -123.12438408969247, 49.257069717360615 ], [ -123.123713632080154, 49.257057690585427 ], [ -123.122030991433277, 49.257027589336147 ], [ -123.120745907401883, 49.256997010233228 ], [ -123.120128578850441, 49.256982302871677 ], [ -123.119384994780745, 49.256968823806936 ], [ -123.118128210375758, 49.256946002610434 ], [ -123.116003414454468, 49.256922497775406 ], [ -123.115053399329085, 49.256913296353545 ], [ -123.115114191917613, 49.255869218740777 ], [ -123.115160501867152, 49.254903914258811 ], [ -123.115210794946663, 49.253984698095685 ], [ -123.115245485187998, 49.253006495209867 ], [ -123.115273396742168, 49.252092994137946 ], [ -123.115325288822874, 49.251214289525642 ], [ -123.115360527934854, 49.250095650694931 ], [ -123.115383732316957, 49.249236038678646 ], [ -123.115289532281324, 49.249138931293338 ], [ -123.115295119802383, 49.249049015270238 ], [ -123.115298933150754, 49.248921223137359 ], [ -123.115236492153684, 49.247959326448274 ], [ -123.115272600834828, 49.247025295855288 ], [ -123.115306796104434, 49.246099286967549 ], [ -123.11530748690889, 49.246090267080881 ], [ -123.115378912855448, 49.245159998339069 ], [ -123.115381842261598, 49.245151156559089 ], [ -123.115437990560096, 49.244983189414576 ], [ -123.115683381549644, 49.244614107379839 ], [ -123.116152698284978, 49.244198807182229 ], [ -123.11720188651941, 49.243600805684885 ], [ -123.117764985573785, 49.243224087519685 ], [ -123.118150373610462, 49.242656097451885 ], [ -123.118242636878335, 49.242160790057618 ], [ -123.118247218286285, 49.242136202582728 ], [ -123.118335929615526, 49.241099540009444 ], [ -123.11833748639593, 49.241081116016325 ], [ -123.118536086837253, 49.241089111633727 ], [ -123.119291852960515, 49.241117739370175 ], [ -123.120634828022062, 49.241168594439763 ], [ -123.123629393462735, 49.241281801339738 ], [ -123.124975106589247, 49.241323998518503 ], [ -123.127110439748833, 49.241409221472694 ], [ -123.127824184479749, 49.241437698296721 ], [ -123.1285260903135, 49.241464982193015 ], [ -123.129432908151784, 49.241500211773776 ], [ -123.130111779385032, 49.241526603592291 ], [ -123.130806802327115, 49.241553076918059 ], [ -123.132310485993003, 49.241610303685192 ], [ -123.13459819408601, 49.241697204072302 ], [ -123.136861520105626, 49.241780700953356 ], [ -123.13834626099711, 49.241845210377313 ], [ -123.138553260686336, 49.241854219896325 ], [ -123.139312796140516, 49.241887213536117 ], [ -123.139257311697023, 49.242186607362285 ], [ -123.139234596896728, 49.242821890259997 ], [ -123.139206396983312, 49.243680495573678 ], [ -123.139172705668585, 49.245273888088505 ], [ -123.139161997750406, 49.245446594423875 ], [ -123.139173694713733, 49.246482805676543 ], [ -123.139171152481467, 49.246923521491752 ], [ -123.139168306618643, 49.24741670403322 ], [ -123.139148880550621, 49.248332190412441 ], [ -123.139126477465766, 49.248776954635261 ], [ -123.139099577414584, 49.249310892878526 ], [ -123.139093997080025, 49.249513511507956 ], [ -123.139074959982551, 49.250180278579101 ], [ -123.13905608997166, 49.250841096089822 ], [ -123.139035598501749, 49.251538391379945 ], [ -123.139024800751997, 49.251905785707642 ], [ -123.138938388211585, 49.25315099996336 ], [ -123.138912506849906, 49.254506003813994 ], [ -123.138910307774097, 49.25460860979296 ], [ -123.138907840102021, 49.254660611313078 ], [ -123.1388198070008, 49.256521207129133 ], [ -123.138812330322679, 49.256674670298658 ], [ -123.138793889706548, 49.257053704916324 ], [ -123.13852919122661, 49.257069210797319 ], [ -123.138247498418124, 49.257160799581413 ], [ -123.137868999561391, 49.257392325584092 ], [ -123.137619411642831, 49.257545001583139 ], [ -123.137031886497567, 49.257783390672508 ], [ -123.136307800361124, 49.257942511131425 ], [ -123.136070262443781, 49.257938105164023 ], [ -123.135620644864318, 49.257929790401768 ], [ -123.134403411484655, 49.257907306766405 ], [ -123.134268831278689, 49.257892717520434 ], [ -123.133918985984536, 49.257854797421139 ], [ -123.133611294135108, 49.25778810387051 ], [ -123.132698126106078, 49.257495402807372 ], [ -123.132103893240583, 49.257237365481707 ] ] ] } },
{ "type": "Feature", "properties": { "nbhd": "Kitsilano/Point Grey North" }, "geometry": { "type": "Polygon", "coordinates": [ [ [ -123.138393815113275, 49.278372199952187 ], [ -123.138104791153779, 49.277859514582047 ], [ -123.137826413128693, 49.277737199289746 ], [ -123.13767690022776, 49.277671489638337 ], [ -123.137374680016705, 49.277688599520602 ], [ -123.136880198775302, 49.277142061997651 ], [ -123.136838613065876, 49.277096098335811 ], [ -123.136502687167066, 49.276977111163603 ], [ -123.136384391620552, 49.276935209944376 ], [ -123.136382271596489, 49.276593205207611 ], [ -123.136381090311886, 49.276403911282607 ], [ -123.136349110287753, 49.276331274251419 ], [ -123.136252465936238, 49.276111741435763 ], [ -123.136230612620324, 49.276062103299246 ], [ -123.13623646065281, 49.276040538685216 ], [ -123.136284314806332, 49.275864200212844 ], [ -123.136187090143139, 49.27575073795817 ], [ -123.136833732518937, 49.275542798165034 ], [ -123.13718702464881, 49.275429199786117 ], [ -123.138784092680069, 49.274915574801305 ], [ -123.141900425655777, 49.273913284271345 ], [ -123.141966683594489, 49.273891990668339 ], [ -123.14198446215228, 49.273886256849423 ], [ -123.142545986459993, 49.27370563681653 ], [ -123.142563922222962, 49.273699877773524 ], [ -123.143892262830192, 49.273272598983105 ], [ -123.144191298513562, 49.273176402222262 ], [ -123.14506478885481, 49.272848295116162 ], [ -123.145319517831723, 49.272662304229293 ], [ -123.145393093446728, 49.272537207821067 ], [ -123.145516304574471, 49.272299109795497 ], [ -123.145464301102677, 49.271648285820717 ], [ -123.145483497201994, 49.270666093831323 ], [ -123.143129498830874, 49.270628100901227 ], [ -123.141849721147864, 49.270594299424999 ], [ -123.141079417588372, 49.270564006558438 ], [ -123.140929314494301, 49.270434804184731 ], [ -123.140812881155369, 49.270250597797393 ], [ -123.140790435849695, 49.270128119444422 ], [ -123.140774902181803, 49.270043390360151 ], [ -123.140791112281079, 49.269712287118764 ], [ -123.140417877551897, 49.269705478401107 ], [ -123.139462172497545, 49.269688020507147 ], [ -123.13841096305373, 49.269157916329121 ], [ -123.138224895008946, 49.268833030409787 ], [ -123.138191755259797, 49.26877515583454 ], [ -123.138317880522322, 49.268490259650314 ], [ -123.138337033502495, 49.26838439296818 ], [ -123.138372056120474, 49.268190874095446 ], [ -123.138445448479189, 49.268092837405035 ], [ -123.138452140928052, 49.267939877504453 ], [ -123.138457117594726, 49.267858960641306 ], [ -123.138466474446744, 49.267622422708143 ], [ -123.138481785332431, 49.267235400501093 ], [ -123.138451898382939, 49.266874312131229 ], [ -123.138455402710861, 49.266772586308534 ], [ -123.138468496554452, 49.266182985783438 ], [ -123.138499706722342, 49.265342606405639 ], [ -123.138529489467274, 49.264502992962584 ], [ -123.138562512435442, 49.263589609100869 ], [ -123.141026905670131, 49.263614401622306 ], [ -123.143414294420367, 49.263662304757595 ], [ -123.145756781779383, 49.263701794399026 ], [ -123.148141915758259, 49.26374229289484 ], [ -123.15054359580634, 49.263782302449648 ], [ -123.150496393829741, 49.264706093237947 ], [ -123.150486944451274, 49.265115984369189 ], [ -123.150477400749693, 49.265529789081334 ], [ -123.150458859522232, 49.265940446561025 ], [ -123.150457437489109, 49.265971929310112 ], [ -123.150439207078747, 49.26637550604422 ], [ -123.150436406131689, 49.2664924876483 ], [ -123.150419184529369, 49.267216196090388 ], [ -123.150403513419249, 49.267671421615155 ], [ -123.150389410767602, 49.26808189714307 ], [ -123.152773600617081, 49.268116897297482 ], [ -123.15514141148401, 49.268152304814109 ], [ -123.157502393358143, 49.268186606206299 ], [ -123.15984511338084, 49.268250103402472 ], [ -123.162256903967474, 49.268285613402696 ], [ -123.164539219473824, 49.268325808605361 ], [ -123.166346910099847, 49.268353407654899 ], [ -123.168279587822923, 49.268380807978815 ], [ -123.171072888419104, 49.268422498411397 ], [ -123.17381501379019, 49.268448392253156 ], [ -123.174468725008978, 49.268453326002934 ], [ -123.175751296452489, 49.268463001825218 ], [ -123.177690200398814, 49.268502098411538 ], [ -123.179710499794695, 49.268535994521308 ], [ -123.181736819699594, 49.268561901199043 ], [ -123.183636791559834, 49.268585307290714 ], [ -123.185686595222904, 49.268607295442919 ], [ -123.185677153030966, 49.269111928228682 ], [ -123.185669412248131, 49.269525611505621 ], [ -123.185655482971342, 49.270002578758451 ], [ -123.185643888415967, 49.270398615806982 ], [ -123.185627585790215, 49.270906418262427 ], [ -123.185614404810039, 49.271315593213416 ], [ -123.185593543234191, 49.27181087304988 ], [ -123.185574005775081, 49.272274694409724 ], [ -123.185555601989876, 49.272873182624544 ], [ -123.185549789889976, 49.273059490974134 ], [ -123.185688082833011, 49.273276639608703 ], [ -123.185699988205471, 49.273297851422292 ], [ -123.185519316340574, 49.282335950626816 ], [ -123.185086492765322, 49.282334424097066 ], [ -123.181661727728397, 49.282332480921326 ], [ -123.175509828405794, 49.282317684420605 ], [ -123.168520311166233, 49.282309168666217 ], [ -123.166510545415377, 49.282307530209572 ], [ -123.164248546207475, 49.282302967611528 ], [ -123.164236108134034, 49.284477152453952 ], [ -123.160198586072099, 49.282605488747294 ], [ -123.157384782327895, 49.281337390830686 ], [ -123.157065642348456, 49.281193940802346 ], [ -123.15706374151334, 49.281193089910786 ], [ -123.154653366671624, 49.280111500514892 ], [ -123.152510898193725, 49.279149037810392 ], [ -123.14978436577934, 49.277903961414495 ], [ -123.149884652799358, 49.283977106275088 ], [ -123.149886473684447, 49.284022625797178 ], [ -123.149920697700125, 49.28589129772319 ], [ -123.149934050258508, 49.287239225646019 ], [ -123.149948100807862, 49.288659682380484 ], [ -123.149986438209268, 49.289380721375508 ], [ -123.146065813915257, 49.289767919046056 ], [ -123.145329501707778, 49.289391293645927 ], [ -123.14528705990385, 49.28937503388687 ], [ -123.144835961002471, 49.289202287897396 ], [ -123.144626579879443, 49.289122094366448 ], [ -123.144421480127022, 49.288975282704513 ], [ -123.143773014171188, 49.288511103359085 ], [ -123.143666346417717, 49.288173191349706 ], [ -123.143591403566816, 49.287935789891563 ], [ -123.143593396030127, 49.287760593750633 ], [ -123.143601613818348, 49.287032707742668 ], [ -123.143602077349016, 49.28699149534836 ], [ -123.143603428415219, 49.286968470651011 ], [ -123.143606899505471, 49.286910012656854 ], [ -123.143618250617408, 49.286716775641985 ], [ -123.143639461637875, 49.286357081460615 ], [ -123.143671228761306, 49.285817180470588 ], [ -123.143685881181881, 49.285568550608637 ], [ -123.143696466929171, 49.285389089616515 ], [ -123.143734511479792, 49.284742689578202 ], [ -123.14381410131567, 49.284658728023366 ], [ -123.144007289407384, 49.284454993825008 ], [ -123.144007402595108, 49.284301202176984 ], [ -123.143909112529997, 49.284242106407106 ], [ -123.143860364552779, 49.284212798160475 ], [ -123.143784766830052, 49.284167311628693 ], [ -123.143188168700419, 49.283808547554273 ], [ -123.143098004795348, 49.283754307821674 ], [ -123.142776253413373, 49.283301723499413 ], [ -123.142774493613743, 49.283299247698267 ], [ -123.142487467507422, 49.282895444333448 ], [ -123.142416077493493, 49.282795007918203 ], [ -123.142022841774491, 49.282241850087416 ], [ -123.141850232289272, 49.281999031178522 ], [ -123.141770216651977, 49.281886475522668 ], [ -123.141744743125457, 49.28185061902105 ], [ -123.141621903900258, 49.281677798615462 ], [ -123.140877959606129, 49.280996571657155 ], [ -123.140876896899172, 49.280995601214947 ], [ -123.140851462000199, 49.280906459337046 ], [ -123.140850406479743, 49.280902773290691 ], [ -123.140793532342471, 49.280703430439281 ], [ -123.14074990116913, 49.280550442246103 ], [ -123.140709875833309, 49.280410194301297 ], [ -123.140708990992778, 49.28040884117469 ], [ -123.140488216536966, 49.280078402908657 ], [ -123.140205602057009, 49.27986841443547 ], [ -123.139811585702034, 49.279575658567559 ], [ -123.13925966797801, 49.279165548249665 ], [ -123.139021714140696, 49.278988750359986 ], [ -123.13879569621858, 49.278820812201246 ], [ -123.138773035317215, 49.278795523324689 ], [ -123.138676349643191, 49.278687586582826 ], [ -123.138393815113275, 49.278372199952187 ] ] ] } },
{ "type": "Feature", "properties": { "nbhd": "Kitsilano/Point Grey South" }, "geometry": { "type": "Polygon", "coordinates": [ [ [ -123.145975944657607, 49.257646234595327 ], [ -123.145979482223183, 49.257179193536679 ], [ -123.148371007715284, 49.257221690213356 ], [ -123.150768691158632, 49.257253510369758 ], [ -123.151734668448285, 49.25726773923153 ], [ -123.15246489007815, 49.257278514796418 ], [ -123.152892605832676, 49.257292505027941 ], [ -123.153575900370384, 49.257303334526775 ], [ -123.155543784866069, 49.257334502668357 ], [ -123.155949215215045, 49.257329805843327 ], [ -123.156030404950414, 49.257305004887797 ], [ -123.157913469618691, 49.257326925952384 ], [ -123.160286808717842, 49.257376507894868 ], [ -123.160300528687188, 49.257376713684955 ], [ -123.162661973193693, 49.257416495055004 ], [ -123.162661931871185, 49.257466197098047 ], [ -123.163483210331478, 49.257465108347517 ], [ -123.163995010193233, 49.2574965853644 ], [ -123.164444803842542, 49.257552499702157 ], [ -123.164926593685607, 49.257649005417136 ], [ -123.165491195621442, 49.257691710409482 ], [ -123.166494994679496, 49.257719896422913 ], [ -123.167510680245385, 49.257734390154297 ], [ -123.168368298253853, 49.257746594997371 ], [ -123.170462104992794, 49.25778350206788 ], [ -123.172276208691656, 49.257812082016649 ], [ -123.173000927242043, 49.257820699911278 ], [ -123.174222509366004, 49.25783519830339 ], [ -123.174277499736121, 49.257836149267391 ], [ -123.174866799054087, 49.257846354247171 ], [ -123.176149009374882, 49.257868496102901 ], [ -123.176162781446465, 49.257868710685223 ], [ -123.178090786133453, 49.257897707437053 ], [ -123.178104595934329, 49.25789796657731 ], [ -123.179990985267423, 49.257933917882262 ], [ -123.180696619109625, 49.257944102321687 ], [ -123.181785832679836, 49.257959805502544 ], [ -123.18207010544981, 49.257963889595118 ], [ -123.18401350905738, 49.257989408423803 ], [ -123.185113903957898, 49.258009085456756 ], [ -123.186091200918455, 49.25802108151305 ], [ -123.186073042373295, 49.258497589527742 ], [ -123.186056519660269, 49.258931706235479 ], [ -123.18603807006096, 49.259415206721677 ], [ -123.186021611128325, 49.259846792064536 ], [ -123.186003870299771, 49.260287641261563 ], [ -123.185986403457406, 49.260722296236473 ], [ -123.185990779151155, 49.260809884081922 ], [ -123.18594416107949, 49.261389308218078 ], [ -123.185930779774992, 49.261562888553577 ], [ -123.185915216462732, 49.26166880094339 ], [ -123.18591812880085, 49.262113636126401 ], [ -123.185920987240095, 49.262547197518892 ], [ -123.185910115828534, 49.263003995007381 ], [ -123.185907363390484, 49.263118630312235 ], [ -123.185898694648017, 49.263481501321436 ], [ -123.18588858860106, 49.263939724051582 ], [ -123.185879118561346, 49.264370000088334 ], [ -123.1858520972376, 49.26483941582751 ], [ -123.185828702412635, 49.265246887177987 ], [ -123.185811633523926, 49.265666698735565 ], [ -123.185795280592515, 49.26606840156191 ], [ -123.185778011379483, 49.266502877245991 ], [ -123.185761085322881, 49.266927602640799 ], [ -123.185746160712768, 49.267294601646164 ], [ -123.185727518873975, 49.267752702799427 ], [ -123.185686595222904, 49.268607295442919 ], [ -123.183636791559834, 49.268585307290714 ], [ -123.181736819699594, 49.268561901199043 ], [ -123.179710499794695, 49.268535994521308 ], [ -123.177690200398814, 49.268502098411538 ], [ -123.175751296452489, 49.268463001825218 ], [ -123.174468725008978, 49.268453326002934 ], [ -123.17381501379019, 49.268448392253156 ], [ -123.171072888419104, 49.268422498411397 ], [ -123.168279587822923, 49.268380807978815 ], [ -123.166346910099847, 49.268353407654899 ], [ -123.164539219473824, 49.268325808605361 ], [ -123.162256903967474, 49.268285613402696 ], [ -123.15984511338084, 49.268250103402472 ], [ -123.157502393358143, 49.268186606206299 ], [ -123.15514141148401, 49.268152304814109 ], [ -123.152773600617081, 49.268116897297482 ], [ -123.150389410767602, 49.26808189714307 ], [ -123.150403513419249, 49.267671421615155 ], [ -123.150419184529369, 49.267216196090388 ], [ -123.150436406131689, 49.2664924876483 ], [ -123.150439207078747, 49.26637550604422 ], [ -123.150457437489109, 49.265971929310112 ], [ -123.150458859522232, 49.265940446561025 ], [ -123.150477400749693, 49.265529789081334 ], [ -123.150486944451274, 49.265115984369189 ], [ -123.150496393829741, 49.264706093237947 ], [ -123.15054359580634, 49.263782302449648 ], [ -123.148141915758259, 49.26374229289484 ], [ -123.145756781779383, 49.263701794399026 ], [ -123.145778056580284, 49.263188003339799 ], [ -123.145796196260804, 49.262749792304461 ], [ -123.145811895218714, 49.262297325348008 ], [ -123.145828196946169, 49.261827407637327 ], [ -123.145848180867986, 49.261361770346717 ], [ -123.14586621544565, 49.260941189931842 ], [ -123.145886205655643, 49.26039920618139 ], [ -123.145903113745931, 49.259940600573749 ], [ -123.145921348647875, 49.25946335606352 ], [ -123.145937107792903, 49.259051598761914 ], [ -123.145955525052869, 49.258554482995734 ], [ -123.14597250770332, 49.258096788339664 ], [ -123.145975944657607, 49.257646234595327 ] ] ] } },
{ "type": "Feature", "properties": { "nbhd": "Point Grey" }, "geometry": { "type": "Polygon", "coordinates": [ [ [ -123.192890271724508, 49.282412076056843 ], [ -123.187943684239471, 49.282328618595557 ], [ -123.187866129087723, 49.282328813147579 ], [ -123.185519316340574, 49.282335950626816 ], [ -123.185699988205471, 49.273297851422292 ], [ -123.185688082833011, 49.273276639608703 ], [ -123.185549789889976, 49.273059490974134 ], [ -123.185555601989876, 49.272873182624544 ], [ -123.185574005775081, 49.272274694409724 ], [ -123.185593543234191, 49.27181087304988 ], [ -123.185614404810039, 49.271315593213416 ], [ -123.185627585790215, 49.270906418262427 ], [ -123.185643888415967, 49.270398615806982 ], [ -123.185655482971342, 49.270002578758451 ], [ -123.185669412248131, 49.269525611505621 ], [ -123.185677153030966, 49.269111928228682 ], [ -123.185686595222904, 49.268607295442919 ], [ -123.185727518873975, 49.267752702799427 ], [ -123.185746160712768, 49.267294601646164 ], [ -123.185761085322881, 49.266927602640799 ], [ -123.185778011379483, 49.266502877245991 ], [ -123.185795280592515, 49.26606840156191 ], [ -123.185811633523926, 49.265666698735565 ], [ -123.185828702412635, 49.265246887177987 ], [ -123.1858520972376, 49.26483941582751 ], [ -123.185879118561346, 49.264370000088334 ], [ -123.18588858860106, 49.263939724051582 ], [ -123.185898694648017, 49.263481501321436 ], [ -123.185907363390484, 49.263118630312235 ], [ -123.185910115828534, 49.263003995007381 ], [ -123.185920987240095, 49.262547197518892 ], [ -123.18591812880085, 49.262113636126401 ], [ -123.185915216462732, 49.26166880094339 ], [ -123.185930779774992, 49.261562888553577 ], [ -123.18594416107949, 49.261389308218078 ], [ -123.185990779151155, 49.260809884081922 ], [ -123.185986403457406, 49.260722296236473 ], [ -123.186003870299771, 49.260287641261563 ], [ -123.186021611128325, 49.259846792064536 ], [ -123.18603807006096, 49.259415206721677 ], [ -123.186056519660269, 49.258931706235479 ], [ -123.186073042373295, 49.258497589527742 ], [ -123.186091200918455, 49.25802108151305 ], [ -123.1880079030025, 49.258033193065337 ], [ -123.190788513996978, 49.258106433947027 ], [ -123.19107570269837, 49.25811399178216 ], [ -123.193576432786301, 49.258146563569866 ], [ -123.194125287255233, 49.258153699858333 ], [ -123.196498943459702, 49.258187229026213 ], [ -123.19658655435272, 49.258188470195378 ], [ -123.19715559486437, 49.258196496461004 ], [ -123.200003880440818, 49.25822673887869 ], [ -123.200150709175688, 49.258228302504342 ], [ -123.200164446212995, 49.258228467837078 ], [ -123.203215493227148, 49.258267207863248 ], [ -123.203229267095409, 49.258267417753565 ], [ -123.206271685791236, 49.258313094091228 ], [ -123.206285444388129, 49.258313396028164 ], [ -123.209310407021377, 49.258374600659224 ], [ -123.209324149448562, 49.258374879144405 ], [ -123.212321659566726, 49.25843632876591 ], [ -123.212335401095615, 49.258436606664446 ], [ -123.215374557110351, 49.258512343340378 ], [ -123.215388317503866, 49.258512701559283 ], [ -123.215368723450879, 49.259388604025993 ], [ -123.215362014832351, 49.259849858827607 ], [ -123.215355622420788, 49.26029340187025 ], [ -123.215312385607831, 49.261196592627265 ], [ -123.215306452235396, 49.261423997718346 ], [ -123.215300809018771, 49.261639799958537 ], [ -123.215289016834035, 49.262090409871682 ], [ -123.215266787124037, 49.262986922826222 ], [ -123.2152551072287, 49.263448324553778 ], [ -123.215244838586699, 49.263855520144077 ], [ -123.215240331738926, 49.263999496023587 ], [ -123.215214777364025, 49.264402198433068 ], [ -123.215189060394053, 49.264807907148885 ], [ -123.215145045640099, 49.265255893599267 ], [ -123.215132505158707, 49.265383777686345 ], [ -123.21512211075256, 49.265498297257174 ], [ -123.215112200538357, 49.265607537843501 ], [ -123.215102746668308, 49.265673036121299 ], [ -123.215101245583469, 49.265744147149142 ], [ -123.215086877928812, 49.26612809123322 ], [ -123.215071623636973, 49.266535086508874 ], [ -123.215056713399875, 49.26693761230031 ], [ -123.215040775490095, 49.267368290691493 ], [ -123.217018297112162, 49.26738149551575 ], [ -123.218666560131467, 49.267288946780724 ], [ -123.219568505507638, 49.267238311467494 ], [ -123.219537298034666, 49.268011190424801 ], [ -123.219540449324683, 49.268792019098306 ], [ -123.219540494240476, 49.268804789196444 ], [ -123.219598760766402, 49.268979195135877 ], [ -123.220243010928598, 49.268911193656997 ], [ -123.221523470432899, 49.268776045040852 ], [ -123.221931186994269, 49.268733027251137 ], [ -123.221973707849941, 49.270117578212449 ], [ -123.224734411279414, 49.272675048122707 ], [ -123.224899156912642, 49.274712347757728 ], [ -123.224220806702235, 49.27654315847969 ], [ -123.223865691890651, 49.277386008369987 ], [ -123.223801870182953, 49.277816048177236 ], [ -123.223754228031879, 49.278205748258443 ], [ -123.22149815231495, 49.28290433033429 ], [ -123.22142334061806, 49.282903383369359 ], [ -123.210743978077616, 49.282765637867968 ], [ -123.208567237075016, 49.28270715906902 ], [ -123.205438891827299, 49.282623993933441 ], [ -123.204799263497236, 49.282611965768297 ], [ -123.192890271724508, 49.282412076056843 ] ] ] } },
{ "type": "Feature", "properties": { "nbhd": "Kerrisdale" }, "geometry": { "type": "Polygon", "coordinates": [ [ [ -123.155206047963659, 49.236430812674321 ], [ -123.155267966141224, 49.234581126477202 ], [ -123.154989996849608, 49.234578806017389 ], [ -123.152071410915696, 49.234531505215209 ], [ -123.150603791015214, 49.234507986774894 ], [ -123.149229577937987, 49.23448519566815 ], [ -123.14850704768358, 49.234473618567883 ], [ -123.147668791064447, 49.234460189081268 ], [ -123.147023652468405, 49.234450360536563 ], [ -123.146299917573231, 49.234439307234126 ], [ -123.145526684607574, 49.234426766390257 ], [ -123.144722597206894, 49.234413694698077 ], [ -123.144015490127614, 49.234402800347738 ], [ -123.143334593193401, 49.234392305448758 ], [ -123.142353146914573, 49.234375584698014 ], [ -123.141428205565433, 49.23435980597268 ], [ -123.140565918114092, 49.234352002833944 ], [ -123.139623915062771, 49.234343502262199 ], [ -123.139592696809999, 49.232466308852921 ], [ -123.13966312203334, 49.230631505012589 ], [ -123.139701909490668, 49.229691196518566 ], [ -123.139736309576165, 49.228775209079494 ], [ -123.139773993004027, 49.227897011695646 ], [ -123.139791055604533, 49.227464999182651 ], [ -123.139810705353042, 49.226966597350106 ], [ -123.140832404241465, 49.226986109577837 ], [ -123.141634209921335, 49.227001391999821 ], [ -123.143582709671506, 49.227012490379103 ], [ -123.144984603435915, 49.227028888027604 ], [ -123.145859935323486, 49.227041239499478 ], [ -123.146586492725277, 49.227051495431027 ], [ -123.147288559357492, 49.22706076988414 ], [ -123.147944316938492, 49.227069397840161 ], [ -123.148676047737993, 49.227080242768707 ], [ -123.149489930368546, 49.227092304419664 ], [ -123.150159520208305, 49.22710318160928 ], [ -123.150910616888694, 49.227115412211482 ], [ -123.151533073023813, 49.227121583243743 ], [ -123.152329108824603, 49.227129498989193 ], [ -123.153112614923856, 49.227137282735903 ], [ -123.154514381127512, 49.227151197030707 ], [ -123.154742410377523, 49.22715372962201 ], [ -123.154802545399278, 49.227154387849332 ], [ -123.155104307469514, 49.227157704798678 ], [ -123.15580630313481, 49.227172107184828 ], [ -123.15633131990937, 49.227182893425336 ], [ -123.15764838306653, 49.227193293057887 ], [ -123.158810485938915, 49.227203192271723 ], [ -123.160072214671217, 49.22722110753233 ], [ -123.160213600513785, 49.22722209545865 ], [ -123.161294405852928, 49.227236199805567 ], [ -123.161965000009147, 49.227245710645711 ], [ -123.162437844428638, 49.227252199628282 ], [ -123.163034803680986, 49.227260391666881 ], [ -123.163779301337328, 49.227273704606731 ], [ -123.164447208632552, 49.227283996862532 ], [ -123.165297207130777, 49.227301890974303 ], [ -123.165721111333582, 49.227304627126721 ], [ -123.167430800253683, 49.227315600480729 ], [ -123.167446912436617, 49.229302181495939 ], [ -123.167425590923358, 49.231001414253235 ], [ -123.167418510402271, 49.231904714518912 ], [ -123.167407506040064, 49.232760993170494 ], [ -123.167413416954631, 49.232888107384937 ], [ -123.167394978135093, 49.233752396298016 ], [ -123.167394661029789, 49.234301678630274 ], [ -123.167394378958818, 49.234729695508385 ], [ -123.165832092797032, 49.234729188715853 ], [ -123.165794883679652, 49.236574692592377 ], [ -123.165780083037035, 49.237091945005453 ], [ -123.165766910141727, 49.237550392798326 ], [ -123.165749802625427, 49.238027494326069 ], [ -123.165733688645858, 49.238477290463806 ], [ -123.164053599214412, 49.238447597833712 ], [ -123.162606695362683, 49.238420294674754 ], [ -123.16121881172343, 49.238395508852747 ], [ -123.15979240922313, 49.238369693085303 ], [ -123.158396308693995, 49.23834369606891 ], [ -123.15608698803355, 49.23830259314164 ], [ -123.15544758697726, 49.238291194652632 ], [ -123.155135845522523, 49.238286507746118 ], [ -123.15517163170847, 49.237497806078053 ], [ -123.155179726427519, 49.237319054096595 ], [ -123.155200785632729, 49.236855022640427 ], [ -123.155207491556311, 49.236599770253598 ], [ -123.155206056048499, 49.236430984532049 ], [ -123.155206047963659, 49.236430812674321 ] ] ] } },
{ "type": "Feature", "properties": { "nbhd": "Westside/Kerrisdale Remainder" }, "geometry": { "type": "Polygon", "coordinates": [ [ [ -123.163995010193233, 49.2574965853644 ], [ -123.163483210331478, 49.257465108347517 ], [ -123.162661931871185, 49.257466197098047 ], [ -123.162661973193693, 49.257416495055004 ], [ -123.160300528687188, 49.257376713684955 ], [ -123.160286808717842, 49.257376507894868 ], [ -123.157913469618691, 49.257326925952384 ], [ -123.156030404950414, 49.257305004887797 ], [ -123.155949215215045, 49.257329805843327 ], [ -123.155543784866069, 49.257334502668357 ], [ -123.153575900370384, 49.257303334526775 ], [ -123.152892605832676, 49.257292505027941 ], [ -123.15246489007815, 49.257278514796418 ], [ -123.151734668448285, 49.25726773923153 ], [ -123.150768691158632, 49.257253510369758 ], [ -123.148371007715284, 49.257221690213356 ], [ -123.145979482223183, 49.257179193536679 ], [ -123.14359877873531, 49.257140489007114 ], [ -123.141293678360071, 49.25709929150073 ], [ -123.138793889706548, 49.257053704916324 ], [ -123.138812330322679, 49.256674670298658 ], [ -123.1388198070008, 49.256521207129133 ], [ -123.138907840102021, 49.254660611313078 ], [ -123.138910307774097, 49.25460860979296 ], [ -123.138912506849906, 49.254506003813994 ], [ -123.138938388211585, 49.25315099996336 ], [ -123.139024800751997, 49.251905785707642 ], [ -123.139035598501749, 49.251538391379945 ], [ -123.13905608997166, 49.250841096089822 ], [ -123.139074959982551, 49.250180278579101 ], [ -123.139093997080025, 49.249513511507956 ], [ -123.139099577414584, 49.249310892878526 ], [ -123.139126477465766, 49.248776954635261 ], [ -123.139148880550621, 49.248332190412441 ], [ -123.139168306618643, 49.24741670403322 ], [ -123.139171152481467, 49.246923521491752 ], [ -123.139173694713733, 49.246482805676543 ], [ -123.139161997750406, 49.245446594423875 ], [ -123.139172705668585, 49.245273888088505 ], [ -123.139206396983312, 49.243680495573678 ], [ -123.139234596896728, 49.242821890259997 ], [ -123.139257311697023, 49.242186607362285 ], [ -123.139312796140516, 49.241887213536117 ], [ -123.138553260686336, 49.241854219896325 ], [ -123.13834626099711, 49.241845210377313 ], [ -123.136861520105626, 49.241780700953356 ], [ -123.13459819408601, 49.241697204072302 ], [ -123.132310485993003, 49.241610303685192 ], [ -123.130806802327115, 49.241553076918059 ], [ -123.130111779385032, 49.241526603592291 ], [ -123.129432908151784, 49.241500211773776 ], [ -123.1285260903135, 49.241464982193015 ], [ -123.127824184479749, 49.241437698296721 ], [ -123.127110439748833, 49.241409221472694 ], [ -123.124975106589247, 49.241323998518503 ], [ -123.123629393462735, 49.241281801339738 ], [ -123.120634828022062, 49.241168594439763 ], [ -123.119291852960515, 49.241117739370175 ], [ -123.118536086837253, 49.241089111633727 ], [ -123.11833748639593, 49.241081116016325 ], [ -123.118255090223116, 49.240638399717284 ], [ -123.118177999500389, 49.240487713022993 ], [ -123.118166974476921, 49.240477547855306 ], [ -123.117152018343035, 49.239541503010628 ], [ -123.11664730978211, 49.239110995263673 ], [ -123.116214707192412, 49.23871480740118 ], [ -123.116011605293195, 49.238448105174584 ], [ -123.115892103309292, 49.238051297901841 ], [ -123.115918005332176, 49.237259306120094 ], [ -123.115918417658875, 49.237249946774234 ], [ -123.115926544717269, 49.237062963012775 ], [ -123.115959885689037, 49.236296597456331 ], [ -123.116002793718579, 49.235385294735586 ], [ -123.116003205146967, 49.235376314537447 ], [ -123.116043410145835, 49.234467595682609 ], [ -123.116017889008617, 49.233595788784008 ], [ -123.116025513908738, 49.233473491628764 ], [ -123.116070118855859, 49.232534305998009 ], [ -123.116116816877621, 49.231627606739153 ], [ -123.116161103821099, 49.230738785465483 ], [ -123.116205097913834, 49.229809385525016 ], [ -123.116205561444517, 49.229800358556531 ], [ -123.116253584481285, 49.228806296677639 ], [ -123.116335509038578, 49.227002508995064 ], [ -123.116357023689631, 49.226547475066795 ], [ -123.116379490554891, 49.226072190445336 ], [ -123.1163806197372, 49.226054006660675 ], [ -123.116434502484566, 49.225186390355063 ], [ -123.116444120746337, 49.224590301807666 ], [ -123.116486216698846, 49.223848715993178 ], [ -123.116487397085123, 49.223827598502744 ], [ -123.116499600698262, 49.223490291806414 ], [ -123.116563686510645, 49.221714595827123 ], [ -123.116664079531844, 49.219058104672101 ], [ -123.116834160259529, 49.219059439531712 ], [ -123.116904199207269, 49.219059999292611 ], [ -123.117178908512756, 49.219062979989978 ], [ -123.120405679471176, 49.219097797220954 ], [ -123.120680361827198, 49.219101389897318 ], [ -123.122252903156237, 49.219121888038437 ], [ -123.123868389345716, 49.219142500000608 ], [ -123.126122800484424, 49.219173809583516 ], [ -123.128282187832411, 49.219203360070779 ], [ -123.128556880968162, 49.219207102947408 ], [ -123.129331787495218, 49.219215911233427 ], [ -123.130444241380133, 49.219228546298083 ], [ -123.134040109427545, 49.219269304832956 ], [ -123.137008405434344, 49.219312073534553 ], [ -123.137746605002235, 49.21932269602781 ], [ -123.139424909481249, 49.219329186050878 ], [ -123.140129951333677, 49.219331909149545 ], [ -123.140841196951442, 49.219349894153275 ], [ -123.143806505161606, 49.219424891055581 ], [ -123.145305703539265, 49.219417699882172 ], [ -123.146803182541476, 49.219436699340285 ], [ -123.147499796399913, 49.219444251947024 ], [ -123.148250208564079, 49.219452406554865 ], [ -123.148969267728191, 49.219466104157227 ], [ -123.149703285638438, 49.219480117425363 ], [ -123.14995039780004, 49.219479420370547 ], [ -123.150099578324344, 49.219479748948586 ], [ -123.150224240231253, 49.219480045842303 ], [ -123.150287275014733, 49.219480181380767 ], [ -123.150510308733502, 49.219480698891132 ], [ -123.151063212807713, 49.219483587443953 ], [ -123.151757416486234, 49.219506891833518 ], [ -123.151798534173423, 49.219508270686973 ], [ -123.152451991168974, 49.219530206773513 ], [ -123.152949617412176, 49.219539708535478 ], [ -123.154515009948184, 49.219571102358046 ], [ -123.156462093953465, 49.219555918558278 ], [ -123.157374630466848, 49.219580462706539 ], [ -123.158037819810204, 49.219598303280534 ], [ -123.158542613711063, 49.219535102580927 ], [ -123.158557577847063, 49.22148830446428 ], [ -123.158668487445325, 49.221738991636698 ], [ -123.158806100363662, 49.221890310512933 ], [ -123.158925217868685, 49.22196279299817 ], [ -123.159199310929836, 49.22210520543814 ], [ -123.159679090343303, 49.22231599595964 ], [ -123.159946202596416, 49.222391515814884 ], [ -123.160379603788385, 49.222441596345156 ], [ -123.160833207192795, 49.222409405244669 ], [ -123.161332879798209, 49.222452290917964 ], [ -123.161595800512202, 49.222529483275935 ], [ -123.162459594438261, 49.222880991300194 ], [ -123.162762581810554, 49.22306641002907 ], [ -123.16398399505124, 49.224215499677165 ], [ -123.165607902946533, 49.225044597528949 ], [ -123.166002306475391, 49.225217090070203 ], [ -123.166162894705465, 49.225255959843459 ], [ -123.166440603485668, 49.225323201885864 ], [ -123.167575911409727, 49.225500805154056 ], [ -123.168090809560908, 49.225632297619953 ], [ -123.168416218882712, 49.225788604776675 ], [ -123.168669404553938, 49.225417785291924 ], [ -123.168781861949412, 49.225066709508859 ], [ -123.168784723083604, 49.225057797836541 ], [ -123.168800004324879, 49.224784402319656 ], [ -123.168720600440309, 49.224435491607331 ], [ -123.168700386549773, 49.224346692245298 ], [ -123.168374004352557, 49.223351786089971 ], [ -123.168306195023334, 49.222952274280253 ], [ -123.168298251221259, 49.222905729170137 ], [ -123.168350507119655, 49.221507776611382 ], [ -123.168354777710533, 49.221393927104216 ], [ -123.16825233024224, 49.220307069822312 ], [ -123.16798750779482, 49.216152657075781 ], [ -123.168043624652313, 49.21575013140145 ], [ -123.168237302325863, 49.214460055664318 ], [ -123.170131770208343, 49.214694955338956 ], [ -123.172187682415355, 49.214961195488904 ], [ -123.180354919738477, 49.215698493200684 ], [ -123.191295976792574, 49.21943970641852 ], [ -123.20026419963375, 49.221386009853134 ], [ -123.202841226333703, 49.221942122367025 ], [ -123.207319990981716, 49.222817512592556 ], [ -123.22594391196111, 49.228871505891441 ], [ -123.22160238383735, 49.236965740186292 ], [ -123.221300914617913, 49.237323772767759 ], [ -123.22097244563426, 49.237793112013826 ], [ -123.220068179909688, 49.239126365431083 ], [ -123.209441879954781, 49.235470421184495 ], [ -123.209397384602084, 49.23545512906454 ], [ -123.208566282165862, 49.235052721305365 ], [ -123.208537254005776, 49.235083853637924 ], [ -123.208443881318487, 49.235183926744504 ], [ -123.208321598150448, 49.235315003378879 ], [ -123.208155266990772, 49.235434919832393 ], [ -123.20783080718823, 49.235668889843083 ], [ -123.207455798286361, 49.235899703685007 ], [ -123.207417960348295, 49.235931830861063 ], [ -123.207194242113275, 49.236121739918161 ], [ -123.207166494052487, 49.236145299821594 ], [ -123.205910309722114, 49.236943306242807 ], [ -123.205490088611953, 49.237218804662724 ], [ -123.205314017019674, 49.237338545812761 ], [ -123.20522360607788, 49.237312805155838 ], [ -123.199995477599643, 49.235860564259603 ], [ -123.199672406592541, 49.235770792983061 ], [ -123.197081197290885, 49.235052311885354 ], [ -123.196924593987404, 49.235259916709929 ], [ -123.196906347407364, 49.235311767335695 ], [ -123.196833407799545, 49.235518685972323 ], [ -123.196831690220733, 49.235638501043958 ], [ -123.196835709283306, 49.236480796859084 ], [ -123.19839802419115, 49.23648989416531 ], [ -123.198329430632683, 49.238590464822785 ], [ -123.196822122264621, 49.238639490796075 ], [ -123.196816371250193, 49.239112676211008 ], [ -123.196810673236328, 49.239578692313223 ], [ -123.196800398306124, 49.24054488765352 ], [ -123.196799777570263, 49.241028792284197 ], [ -123.196799185580488, 49.241474399388686 ], [ -123.196792300892128, 49.241964475819273 ], [ -123.1967859102772, 49.242421606908295 ], [ -123.196780054159873, 49.2428916243448 ], [ -123.196779629256753, 49.242926939705079 ], [ -123.196774201635805, 49.243365289212015 ], [ -123.196767739155646, 49.243880464826233 ], [ -123.196762281890287, 49.244313397612487 ], [ -123.19676970017791, 49.244824572573563 ], [ -123.196776084504634, 49.245265808701269 ], [ -123.19676357097272, 49.245778443406977 ], [ -123.196752781307865, 49.24621999413332 ], [ -123.198343231450366, 49.246283248665954 ], [ -123.198913196328519, 49.246305911765262 ], [ -123.199047970570547, 49.246371993939619 ], [ -123.199778181420598, 49.24673006271523 ], [ -123.199894726150646, 49.246787228359295 ], [ -123.199989319648367, 49.246833604952471 ], [ -123.200200459672772, 49.246937146972577 ], [ -123.201215305313852, 49.247434800788952 ], [ -123.203173606582084, 49.248412409224095 ], [ -123.204606804837525, 49.249127774554339 ], [ -123.204318694464646, 49.249350880122478 ], [ -123.204013223250598, 49.249430273986249 ], [ -123.20105418887438, 49.249958574113471 ], [ -123.200555007647409, 49.250047706830856 ], [ -123.200011106488958, 49.250054021594309 ], [ -123.199116188633241, 49.250064388852095 ], [ -123.198832182662898, 49.250149790228072 ], [ -123.196760999994396, 49.250240767355514 ], [ -123.196791313643658, 49.251960177736315 ], [ -123.196789212484205, 49.251968708698548 ], [ -123.196672234766197, 49.252906766636031 ], [ -123.196480988832107, 49.253934304773125 ], [ -123.196533003982012, 49.255200692144911 ], [ -123.196538210617391, 49.255616090943668 ], [ -123.196541835319564, 49.256087205829672 ], [ -123.196545197713689, 49.25652330434783 ], [ -123.198021296812115, 49.256609275579102 ], [ -123.201010306172762, 49.256729988709935 ], [ -123.202923586573903, 49.25669442231645 ], [ -123.203022046420585, 49.256920171916001 ], [ -123.203207122725317, 49.257825953666142 ], [ -123.203236288327659, 49.257968732345894 ], [ -123.203226377215131, 49.25813329764545 ], [ -123.203222444390832, 49.258182166439333 ], [ -123.203215493227148, 49.258267207863248 ], [ -123.200164446212995, 49.258228467837078 ], [ -123.200150709175688, 49.258228302504342 ], [ -123.200003880440818, 49.25822673887869 ], [ -123.19715559486437, 49.258196496461004 ], [ -123.19658655435272, 49.258188470195378 ], [ -123.196498943459702, 49.258187229026213 ], [ -123.194125287255233, 49.258153699858333 ], [ -123.193576432786301, 49.258146563569866 ], [ -123.19107570269837, 49.25811399178216 ], [ -123.190788513996978, 49.258106433947027 ], [ -123.1880079030025, 49.258033193065337 ], [ -123.186091200918455, 49.25802108151305 ], [ -123.185113903957898, 49.258009085456756 ], [ -123.18401350905738, 49.257989408423803 ], [ -123.18207010544981, 49.257963889595118 ], [ -123.181785832679836, 49.257959805502544 ], [ -123.180696619109625, 49.257944102321687 ], [ -123.179990985267423, 49.257933917882262 ], [ -123.178104595934329, 49.25789796657731 ], [ -123.178090786133453, 49.257897707437053 ], [ -123.176162781446465, 49.257868710685223 ], [ -123.176149009374882, 49.257868496102901 ], [ -123.174866799054087, 49.257846354247171 ], [ -123.174277499736121, 49.257836149267391 ], [ -123.174222509366004, 49.25783519830339 ], [ -123.173000927242043, 49.257820699911278 ], [ -123.172276208691656, 49.257812082016649 ], [ -123.170462104992794, 49.25778350206788 ], [ -123.168368298253853, 49.257746594997371 ], [ -123.167510680245385, 49.257734390154297 ], [ -123.166494994679496, 49.257719896422913 ], [ -123.165491195621442, 49.257691710409482 ], [ -123.164926593685607, 49.257649005417136 ], [ -123.164444803842542, 49.257552499702157 ], [ -123.163995010193233, 49.2574965853644 ] ], [ [ -123.165794883679652, 49.236574692592377 ], [ -123.165832092797032, 49.234729188715853 ], [ -123.167394378958818, 49.234729695508385 ], [ -123.167394661029789, 49.234301678630274 ], [ -123.167394978135093, 49.233752396298016 ], [ -123.167413416954631, 49.232888107384937 ], [ -123.167407506040064, 49.232760993170494 ], [ -123.167418510402271, 49.231904714518912 ], [ -123.167425590923358, 49.231001414253235 ], [ -123.167446912436617, 49.229302181495939 ], [ -123.167430800253683, 49.227315600480729 ], [ -123.165721111333582, 49.227304627126721 ], [ -123.165297207130777, 49.227301890974303 ], [ -123.164447208632552, 49.227283996862532 ], [ -123.163779301337328, 49.227273704606731 ], [ -123.163034803680986, 49.227260391666881 ], [ -123.162437844428638, 49.227252199628282 ], [ -123.161965000009147, 49.227245710645711 ], [ -123.161294405852928, 49.227236199805567 ], [ -123.160213600513785, 49.22722209545865 ], [ -123.160072214671217, 49.22722110753233 ], [ -123.158810485938915, 49.227203192271723 ], [ -123.15764838306653, 49.227193293057887 ], [ -123.15633131990937, 49.227182893425336 ], [ -123.15580630313481, 49.227172107184828 ], [ -123.155104307469514, 49.227157704798678 ], [ -123.154802545399278, 49.227154387849332 ], [ -123.154742410377523, 49.22715372962201 ], [ -123.154514381127512, 49.227151197030707 ], [ -123.153112614923856, 49.227137282735903 ], [ -123.152329108824603, 49.227129498989193 ], [ -123.151533073023813, 49.227121583243743 ], [ -123.150910616888694, 49.227115412211482 ], [ -123.150159520208305, 49.22710318160928 ], [ -123.149489930368546, 49.227092304419664 ], [ -123.148676047737993, 49.227080242768707 ], [ -123.147944316938492, 49.227069397840161 ], [ -123.147288559357492, 49.22706076988414 ], [ -123.146586492725277, 49.227051495431027 ], [ -123.145859935323486, 49.227041239499478 ], [ -123.144984603435915, 49.227028888027604 ], [ -123.143582709671506, 49.227012490379103 ], [ -123.141634209921335, 49.227001391999821 ], [ -123.140832404241465, 49.226986109577837 ], [ -123.139810705353042, 49.226966597350106 ], [ -123.139791055604533, 49.227464999182651 ], [ -123.139773993004027, 49.227897011695646 ], [ -123.139736309576165, 49.228775209079494 ], [ -123.139701909490668, 49.229691196518566 ], [ -123.13966312203334, 49.230631505012589 ], [ -123.139592696809999, 49.232466308852921 ], [ -123.139623915062771, 49.234343502262199 ], [ -123.140565918114092, 49.234352002833944 ], [ -123.141428205565433, 49.23435980597268 ], [ -123.142353146914573, 49.234375584698014 ], [ -123.143334593193401, 49.234392305448758 ], [ -123.144015490127614, 49.234402800347738 ], [ -123.144722597206894, 49.234413694698077 ], [ -123.145526684607574, 49.234426766390257 ], [ -123.146299917573231, 49.234439307234126 ], [ -123.147023652468405, 49.234450360536563 ], [ -123.147668791064447, 49.234460189081268 ], [ -123.14850704768358, 49.234473618567883 ], [ -123.149229577937987, 49.23448519566815 ], [ -123.150603791015214, 49.234507986774894 ], [ -123.152071410915696, 49.234531505215209 ], [ -123.154989996849608, 49.234578806017389 ], [ -123.155267966141224, 49.234581126477202 ], [ -123.155206047963659, 49.236430812674321 ], [ -123.155206056048499, 49.236430984532049 ], [ -123.155207491556311, 49.236599770253598 ], [ -123.155200785632729, 49.236855022640427 ], [ -123.155179726427519, 49.237319054096595 ], [ -123.15517163170847, 49.237497806078053 ], [ -123.155135845522523, 49.238286507746118 ], [ -123.15544758697726, 49.238291194652632 ], [ -123.15608698803355, 49.23830259314164 ], [ -123.158396308693995, 49.23834369606891 ], [ -123.15979240922313, 49.238369693085303 ], [ -123.16121881172343, 49.238395508852747 ], [ -123.162606695362683, 49.238420294674754 ], [ -123.164053599214412, 49.238447597833712 ], [ -123.165733688645858, 49.238477290463806 ], [ -123.165749802625427, 49.238027494326069 ], [ -123.165766910141727, 49.237550392798326 ], [ -123.165780083037035, 49.237091945005453 ], [ -123.165794883679652, 49.236574692592377 ] ] ] } },
{ "type": "Feature", "properties": { "nbhd": "Marpole South" }, "geometry": { "type": "Polygon", "coordinates": [ [ [ -123.117197318586179, 49.208965348871303 ], [ -123.117246544467122, 49.207440613176985 ], [ -123.117291850100159, 49.206071750409656 ], [ -123.117291153905796, 49.205998306742899 ], [ -123.117290400219275, 49.205913568519883 ], [ -123.117249405601285, 49.205859881124731 ], [ -123.117259262814912, 49.205714182132198 ], [ -123.117161621333409, 49.205012967152072 ], [ -123.117059432579964, 49.204279640857351 ], [ -123.117027740915049, 49.203874610908464 ], [ -123.117322099070719, 49.203800304122005 ], [ -123.121907167654498, 49.201852724179147 ], [ -123.125831138172941, 49.200124719223872 ], [ -123.125909682369794, 49.20006255429265 ], [ -123.126544988006742, 49.199559588776197 ], [ -123.126812078700269, 49.199348089564999 ], [ -123.130380656827668, 49.198846105276097 ], [ -123.130811762824109, 49.198771824392274 ], [ -123.132422890387872, 49.198534897886901 ], [ -123.135856440049963, 49.19905551871441 ], [ -123.135988199545977, 49.199075488073618 ], [ -123.136629531081795, 49.199134886597271 ], [ -123.14022721103116, 49.200197313456499 ], [ -123.14085237199356, 49.201913482863787 ], [ -123.140876282451501, 49.202383145006721 ], [ -123.140841059509214, 49.202645017671252 ], [ -123.140660553832646, 49.203986489947106 ], [ -123.140639821614201, 49.204066066493652 ], [ -123.140572671648414, 49.204316219890288 ], [ -123.140561142670037, 49.204341380248479 ], [ -123.140467208535753, 49.204546129612154 ], [ -123.1402724690535, 49.204971133364694 ], [ -123.140274702265287, 49.204975337463239 ], [ -123.140350884791289, 49.20511794029828 ], [ -123.140382401284683, 49.205135697468023 ], [ -123.140528400874572, 49.205282792675206 ], [ -123.140629208917417, 49.205495386922131 ], [ -123.140631482553431, 49.205791817925068 ], [ -123.140585792441456, 49.207069804498978 ], [ -123.140556413938384, 49.207900759323067 ], [ -123.140553263546693, 49.207990413392963 ], [ -123.1405450241989, 49.20822290004152 ], [ -123.140533992887214, 49.208534912109634 ], [ -123.13987744299213, 49.20856569787599 ], [ -123.13982277511721, 49.208568255481737 ], [ -123.139210186975504, 49.208596998899992 ], [ -123.138538018072595, 49.208596360379246 ], [ -123.138515353577972, 49.208596350402367 ], [ -123.137836811128125, 49.208595697796618 ], [ -123.137644913915437, 49.208591511025276 ], [ -123.137121392835851, 49.208582108688155 ], [ -123.13679823559049, 49.208576140160361 ], [ -123.136123599015448, 49.208563693694259 ], [ -123.135801519748441, 49.208557896532085 ], [ -123.134595397630562, 49.208535702045282 ], [ -123.134382905641672, 49.20853190906297 ], [ -123.133290283863261, 49.208515407855138 ], [ -123.133009281859245, 49.208511496322153 ], [ -123.132420158611055, 49.20850300480263 ], [ -123.131606790715168, 49.208491303651797 ], [ -123.130978594345422, 49.2084829770412 ], [ -123.13095113823708, 49.208482604374275 ], [ -123.130257772686704, 49.208473450265473 ], [ -123.129522818731942, 49.208461876460042 ], [ -123.129481690264981, 49.208461223852474 ], [ -123.128855399221933, 49.20845139952575 ], [ -123.128218543991139, 49.208442533568025 ], [ -123.127511913917303, 49.208432705129418 ], [ -123.126831998841681, 49.208422280421075 ], [ -123.126749692500411, 49.208421020394539 ], [ -123.126154700558502, 49.208411895031325 ], [ -123.125624754727994, 49.208397338110473 ], [ -123.124979378078407, 49.208379599718384 ], [ -123.124218266080916, 49.208373718611057 ], [ -123.124122251448384, 49.208372946866021 ], [ -123.123857024759076, 49.20833524872188 ], [ -123.121699960454436, 49.208269553467382 ], [ -123.120946511086316, 49.20860433543227 ], [ -123.120380583237093, 49.208856796927947 ], [ -123.118961792162196, 49.209453902144766 ], [ -123.118299529880218, 49.209733498164596 ], [ -123.117225047782355, 49.210176784288663 ], [ -123.11705316413591, 49.210248733481819 ], [ -123.117072747409111, 49.210088017991474 ], [ -123.117077688143183, 49.209964744211952 ], [ -123.117166438998268, 49.209860817164646 ], [ -123.117176885506737, 49.20954569134544 ], [ -123.117197318586179, 49.208965348871303 ] ] ] } },
{ "type": "Feature", "properties": { "nbhd": "Marpole Remainder" }, "geometry": { "type": "Polygon", "coordinates": [ [ [ -123.161332879798209, 49.222452290917964 ], [ -123.160833207192795, 49.222409405244669 ], [ -123.160379603788385, 49.222441596345156 ], [ -123.159946202596416, 49.222391515814884 ], [ -123.159679090343303, 49.22231599595964 ], [ -123.159199310929836, 49.22210520543814 ], [ -123.158925217868685, 49.22196279299817 ], [ -123.158806100363662, 49.221890310512933 ], [ -123.158668487445325, 49.221738991636698 ], [ -123.158557577847063, 49.22148830446428 ], [ -123.158542613711063, 49.219535102580927 ], [ -123.158037819810204, 49.219598303280534 ], [ -123.157374630466848, 49.219580462706539 ], [ -123.156462093953465, 49.219555918558278 ], [ -123.154515009948184, 49.219571102358046 ], [ -123.152949617412176, 49.219539708535478 ], [ -123.152451991168974, 49.219530206773513 ], [ -123.151798534173423, 49.219508270686973 ], [ -123.151757416486234, 49.219506891833518 ], [ -123.151063212807713, 49.219483587443953 ], [ -123.150510308733502, 49.219480698891132 ], [ -123.150287275014733, 49.219480181380767 ], [ -123.150224240231253, 49.219480045842303 ], [ -123.150099578324344, 49.219479748948586 ], [ -123.14995039780004, 49.219479420370547 ], [ -123.149703285638438, 49.219480117425363 ], [ -123.148969267728191, 49.219466104157227 ], [ -123.148250208564079, 49.219452406554865 ], [ -123.147499796399913, 49.219444251947024 ], [ -123.146803182541476, 49.219436699340285 ], [ -123.145305703539265, 49.219417699882172 ], [ -123.143806505161606, 49.219424891055581 ], [ -123.140841196951442, 49.219349894153275 ], [ -123.140129951333677, 49.219331909149545 ], [ -123.139424909481249, 49.219329186050878 ], [ -123.137746605002235, 49.21932269602781 ], [ -123.137008405434344, 49.219312073534553 ], [ -123.134040109427545, 49.219269304832956 ], [ -123.130444241380133, 49.219228546298083 ], [ -123.129331787495218, 49.219215911233427 ], [ -123.128556880968162, 49.219207102947408 ], [ -123.128282187832411, 49.219203360070779 ], [ -123.126122800484424, 49.219173809583516 ], [ -123.123868389345716, 49.219142500000608 ], [ -123.122252903156237, 49.219121888038437 ], [ -123.120680361827198, 49.219101389897318 ], [ -123.120405679471176, 49.219097797220954 ], [ -123.117178908512756, 49.219062979989978 ], [ -123.116904199207269, 49.219059999292611 ], [ -123.116834160259529, 49.219059439531712 ], [ -123.116664079531844, 49.219058104672101 ], [ -123.116709660947677, 49.217821753357946 ], [ -123.116710191851993, 49.217807307759529 ], [ -123.11673780786046, 49.216942298054036 ], [ -123.116738112389328, 49.216933297486811 ], [ -123.11677502775764, 49.215927623552318 ], [ -123.116778340744389, 49.215837666422608 ], [ -123.116809117026051, 49.214998498945683 ], [ -123.116841025184939, 49.214108401483394 ], [ -123.116841309052575, 49.214099320593881 ], [ -123.116872617136835, 49.21320130011437 ], [ -123.116872956700007, 49.213192287129537 ], [ -123.116907502312571, 49.212308588818061 ], [ -123.116944240712755, 49.211451943967766 ], [ -123.116973485366827, 49.210769947538033 ], [ -123.116981212674915, 49.210590029013531 ], [ -123.11705316413591, 49.210248733481819 ], [ -123.117225047782355, 49.210176784288663 ], [ -123.118299529880218, 49.209733498164596 ], [ -123.118961792162196, 49.209453902144766 ], [ -123.120380583237093, 49.208856796927947 ], [ -123.120946511086316, 49.20860433543227 ], [ -123.121699960454436, 49.208269553467382 ], [ -123.123857024759076, 49.20833524872188 ], [ -123.124122251448384, 49.208372946866021 ], [ -123.124218266080916, 49.208373718611057 ], [ -123.124979378078407, 49.208379599718384 ], [ -123.125624754727994, 49.208397338110473 ], [ -123.126154700558502, 49.208411895031325 ], [ -123.126749692500411, 49.208421020394539 ], [ -123.126831998841681, 49.208422280421075 ], [ -123.127511913917303, 49.208432705129418 ], [ -123.128218543991139, 49.208442533568025 ], [ -123.128855399221933, 49.20845139952575 ], [ -123.129481690264981, 49.208461223852474 ], [ -123.129522818731942, 49.208461876460042 ], [ -123.130257772686704, 49.208473450265473 ], [ -123.13095113823708, 49.208482604374275 ], [ -123.130978594345422, 49.2084829770412 ], [ -123.131606790715168, 49.208491303651797 ], [ -123.132420158611055, 49.20850300480263 ], [ -123.133009281859245, 49.208511496322153 ], [ -123.133290283863261, 49.208515407855138 ], [ -123.134382905641672, 49.20853190906297 ], [ -123.134595397630562, 49.208535702045282 ], [ -123.135801519748441, 49.208557896532085 ], [ -123.136123599015448, 49.208563693694259 ], [ -123.13679823559049, 49.208576140160361 ], [ -123.137121392835851, 49.208582108688155 ], [ -123.137644913915437, 49.208591511025276 ], [ -123.137836811128125, 49.208595697796618 ], [ -123.138515353577972, 49.208596350402367 ], [ -123.138538018072595, 49.208596360379246 ], [ -123.139210186975504, 49.208596998899992 ], [ -123.13982277511721, 49.208568255481737 ], [ -123.13987744299213, 49.20856569787599 ], [ -123.140533992887214, 49.208534912109634 ], [ -123.1405450241989, 49.20822290004152 ], [ -123.140553263546693, 49.207990413392963 ], [ -123.140556413938384, 49.207900759323067 ], [ -123.140585792441456, 49.207069804498978 ], [ -123.140631482553431, 49.205791817925068 ], [ -123.140629208917417, 49.205495386922131 ], [ -123.140528400874572, 49.205282792675206 ], [ -123.140382401284683, 49.205135697468023 ], [ -123.140350884791289, 49.20511794029828 ], [ -123.140274702265287, 49.204975337463239 ], [ -123.1402724690535, 49.204971133364694 ], [ -123.140467208535753, 49.204546129612154 ], [ -123.140561142670037, 49.204341380248479 ], [ -123.140572671648414, 49.204316219890288 ], [ -123.140639821614201, 49.204066066493652 ], [ -123.140660553832646, 49.203986489947106 ], [ -123.140841059509214, 49.202645017671252 ], [ -123.140876282451501, 49.202383145006721 ], [ -123.14085237199356, 49.201913482863787 ], [ -123.141205514104783, 49.201987119836026 ], [ -123.147422942832421, 49.20454060489849 ], [ -123.150727395605045, 49.205347661414564 ], [ -123.153550113331832, 49.207400998126552 ], [ -123.155281058188208, 49.209299012250554 ], [ -123.15562372684154, 49.209544879711949 ], [ -123.156924776630433, 49.210478327474512 ], [ -123.163543540287634, 49.213587635743572 ], [ -123.168237302325863, 49.214460055664318 ], [ -123.168043624652313, 49.21575013140145 ], [ -123.16798750779482, 49.216152657075781 ], [ -123.16825233024224, 49.220307069822312 ], [ -123.168354777710533, 49.221393927104216 ], [ -123.168350507119655, 49.221507776611382 ], [ -123.168298251221259, 49.222905729170137 ], [ -123.168306195023334, 49.222952274280253 ], [ -123.168374004352557, 49.223351786089971 ], [ -123.168700386549773, 49.224346692245298 ], [ -123.168720600440309, 49.224435491607331 ], [ -123.168800004324879, 49.224784402319656 ], [ -123.168784723083604, 49.225057797836541 ], [ -123.168781861949412, 49.225066709508859 ], [ -123.168669404553938, 49.225417785291924 ], [ -123.168416218882712, 49.225788604776675 ], [ -123.168090809560908, 49.225632297619953 ], [ -123.167575911409727, 49.225500805154056 ], [ -123.166440603485668, 49.225323201885864 ], [ -123.166162894705465, 49.225255959843459 ], [ -123.166002306475391, 49.225217090070203 ], [ -123.165607902946533, 49.225044597528949 ], [ -123.16398399505124, 49.224215499677165 ], [ -123.162762581810554, 49.22306641002907 ], [ -123.162459594438261, 49.222880991300194 ], [ -123.161595800512202, 49.222529483275935 ], [ -123.161332879798209, 49.222452290917964 ] ] ] } },
{ "type": "Feature", "properties": { "nbhd": "Mount Pleasant" }, "geometry": { "type": "Polygon", "coordinates": [ [ [ -123.084848645641856, 49.270282982215114 ], [ -123.083745633948894, 49.27009135700537 ], [ -123.082497272148004, 49.269874446979067 ], [ -123.082372236541914, 49.269808911489655 ], [ -123.081787394664389, 49.269718333254581 ], [ -123.081759755299743, 49.269714059636016 ], [ -123.081660589377222, 49.269698699576196 ], [ -123.081410943068178, 49.269691957091666 ], [ -123.080718774073773, 49.269684329519329 ], [ -123.080265267687423, 49.269679323796133 ], [ -123.080058918378455, 49.269677033120757 ], [ -123.07983904223795, 49.269674602941507 ], [ -123.07881869441573, 49.269663297272395 ], [ -123.078450748068633, 49.269659712375969 ], [ -123.077365888632599, 49.269649108325773 ], [ -123.077385201512897, 49.268754287325201 ], [ -123.077382984470759, 49.268348437552781 ], [ -123.077380309287875, 49.267849796428756 ], [ -123.077408300792115, 49.266925501760944 ], [ -123.077412189598974, 49.266296889757903 ], [ -123.077415110920271, 49.266105095483169 ], [ -123.077418955709689, 49.265853148609523 ], [ -123.077419316832433, 49.265830397175066 ], [ -123.077421718029214, 49.265673276462444 ], [ -123.077429305200084, 49.265174987575627 ], [ -123.077461734381842, 49.264647808164341 ], [ -123.077474417695313, 49.264441726172358 ], [ -123.077487209704998, 49.264234411095835 ], [ -123.077527579993856, 49.263332009891961 ], [ -123.077539640774845, 49.262876478767964 ], [ -123.077547494745374, 49.262579513713689 ], [ -123.077480720275375, 49.2624840206892 ], [ -123.07748098527837, 49.262392172700793 ], [ -123.077479931554549, 49.26140580115208 ], [ -123.077479962097271, 49.261341442154944 ], [ -123.077480369932417, 49.260989353027441 ], [ -123.077480405865003, 49.260977882975872 ], [ -123.077480890056947, 49.260527656870181 ], [ -123.077480884667068, 49.260518590959997 ], [ -123.077481457792217, 49.260060346428226 ], [ -123.077482001272955, 49.259628586485753 ], [ -123.07748263997513, 49.259160814925984 ], [ -123.077483074759726, 49.258810235739908 ], [ -123.077483208608712, 49.258736891544729 ], [ -123.077478477182112, 49.258484596905689 ], [ -123.07738181935585, 49.258231501868742 ], [ -123.077144492542644, 49.257963893112873 ], [ -123.076930042226422, 49.257822811145694 ], [ -123.076920322455052, 49.257816413536382 ], [ -123.076257917340968, 49.257429129731499 ], [ -123.076098541836487, 49.257298702777788 ], [ -123.075903739472182, 49.257011357015401 ], [ -123.075852194141191, 49.256935325471609 ], [ -123.075806330654373, 49.256595404760283 ], [ -123.075807918875768, 49.256504466900168 ], [ -123.075870302380679, 49.256430493688207 ], [ -123.075880738109333, 49.256220891178948 ], [ -123.077839096869752, 49.256248702207728 ], [ -123.079794786735476, 49.256275601509529 ], [ -123.081706610967544, 49.256302089207622 ], [ -123.083600388943864, 49.256329895500144 ], [ -123.085551999559854, 49.256355601033484 ], [ -123.087466587908054, 49.256381097827699 ], [ -123.08918618883898, 49.256404096936748 ], [ -123.089834617065605, 49.256403592711862 ], [ -123.090634443756912, 49.25641729590054 ], [ -123.091844675667232, 49.256438000771169 ], [ -123.093630447400344, 49.256467861994054 ], [ -123.093787709168907, 49.256470482201031 ], [ -123.096477096246304, 49.256515901640405 ], [ -123.09750016776043, 49.256531234729977 ], [ -123.097775114221136, 49.256535352946543 ], [ -123.098439486645688, 49.256545308428791 ], [ -123.100658901217557, 49.256572492513676 ], [ -123.101238098980176, 49.25657911366681 ], [ -123.102039830099855, 49.256590191915834 ], [ -123.103243192593226, 49.256606805473716 ], [ -123.104947380230527, 49.256635394312141 ], [ -123.105169708771754, 49.256639598706847 ], [ -123.107107501502085, 49.256688002867534 ], [ -123.109699502219485, 49.256753805550282 ], [ -123.111183300778237, 49.256791793334045 ], [ -123.112486790391486, 49.256814999216694 ], [ -123.113172814011037, 49.256827892020475 ], [ -123.11354048816861, 49.256834201226219 ], [ -123.114383101616923, 49.256896163435115 ], [ -123.114541399143022, 49.256907809153326 ], [ -123.115053399329085, 49.256913296353545 ], [ -123.115046130161815, 49.257339290955265 ], [ -123.115037818050496, 49.257827188981473 ], [ -123.115030033250221, 49.258283900591493 ], [ -123.115022309535433, 49.258738287478053 ], [ -123.115012782901829, 49.259444274676305 ], [ -123.115010424824206, 49.259592822262874 ], [ -123.114943119449876, 49.259681109186843 ], [ -123.114936865378851, 49.259893085451679 ], [ -123.114922018922158, 49.260395729070012 ], [ -123.11485724500028, 49.262228772975092 ], [ -123.114856923403408, 49.26223781043165 ], [ -123.114779715899672, 49.263194965962185 ], [ -123.114778989162616, 49.26320399913822 ], [ -123.112891609886077, 49.263179692393159 ], [ -123.110952498428944, 49.263145813707787 ], [ -123.109484228148176, 49.263120009121025 ], [ -123.106831716913192, 49.263048907208407 ], [ -123.104885891447651, 49.263014694868716 ], [ -123.10296150158139, 49.262966700239097 ], [ -123.101045501081543, 49.262916113837186 ], [ -123.100888014734167, 49.262908296451045 ], [ -123.100860573897165, 49.26374007287653 ], [ -123.100842058720843, 49.264302298846694 ], [ -123.100833040533715, 49.264490316131116 ], [ -123.100826476543915, 49.264595497681626 ], [ -123.100773724775493, 49.265439605709879 ], [ -123.100769715594382, 49.26550379522628 ], [ -123.100735258915051, 49.266310036836039 ], [ -123.100731081748975, 49.266407997347251 ], [ -123.100728811706233, 49.266488114098372 ], [ -123.100783097797191, 49.266609301911878 ], [ -123.10075691460159, 49.267313001789617 ], [ -123.100745355978816, 49.268047689465241 ], [ -123.100825889045723, 49.268144441950199 ], [ -123.100823282134769, 49.26822992634871 ], [ -123.100785676860355, 49.269051303142362 ], [ -123.100775581593183, 49.269146495068767 ], [ -123.100756152830215, 49.269631215487962 ], [ -123.100736233587128, 49.270128152854682 ], [ -123.100602011808931, 49.270121896929204 ], [ -123.100596078436467, 49.270342053682747 ], [ -123.100591598538173, 49.270507108179231 ], [ -123.100586193375108, 49.270704188134061 ], [ -123.100269833681494, 49.271367609953991 ], [ -123.100212325333644, 49.271488227787628 ], [ -123.100020029268975, 49.271891499161349 ], [ -123.099939091960181, 49.272745890582577 ], [ -123.099937831623834, 49.272771236483408 ], [ -123.099937299821207, 49.272782475795601 ], [ -123.099933714644905, 49.272855588115135 ], [ -123.09925275932018, 49.272745548878177 ], [ -123.098616897626115, 49.272642797737277 ], [ -123.098429668957948, 49.272610025688024 ], [ -123.098106367982155, 49.272553411590501 ], [ -123.097701696709578, 49.272482571198687 ], [ -123.095467678226129, 49.27209140806994 ], [ -123.094441515609091, 49.271911712815722 ], [ -123.093319113780723, 49.271734588241159 ], [ -123.090801394754152, 49.271308798198056 ], [ -123.089483480892412, 49.271085862796603 ], [ -123.087421089137223, 49.270737010684989 ], [ -123.084848645641856, 49.270282982215114 ] ] ] } },
{ "type": "Feature", "properties": { "nbhd": "Riley Park" }, "geometry": { "type": "Polygon", "coordinates": [ [ [ -123.09036078098876, 49.240850596760879 ], [ -123.090377308193354, 49.240302515679396 ], [ -123.093159053760019, 49.240354433737494 ], [ -123.093406153345242, 49.24035905886538 ], [ -123.093914437200993, 49.240368540200265 ], [ -123.096896079477958, 49.240424093888933 ], [ -123.098823101408001, 49.240459806313062 ], [ -123.099410790944958, 49.240471056504319 ], [ -123.10011219731544, 49.240484507230093 ], [ -123.100798216443408, 49.24049427181891 ], [ -123.101467710163405, 49.240503810018033 ], [ -123.102117668220927, 49.240516686554606 ], [ -123.102739014936645, 49.240528991253676 ], [ -123.103418477261343, 49.240531906727938 ], [ -123.104090396432625, 49.240546411371049 ], [ -123.104447247687659, 49.240554948411031 ], [ -123.104713419404675, 49.240561353536052 ], [ -123.105058962666902, 49.240569620198734 ], [ -123.10536268216616, 49.240576901546824 ], [ -123.106087888501762, 49.240618894640988 ], [ -123.10662981246827, 49.240779396492449 ], [ -123.107799295898985, 49.241834031463299 ], [ -123.109102604950877, 49.243009316700679 ], [ -123.110304814905703, 49.24404113846483 ], [ -123.110885800315714, 49.244539808463514 ], [ -123.111116097811845, 49.244700909235931 ], [ -123.111359901478281, 49.244821789302975 ], [ -123.111586796156104, 49.244927914137605 ], [ -123.112132510114805, 49.245073089384576 ], [ -123.11236400686181, 49.245104489856047 ], [ -123.112867702123083, 49.245131511932669 ], [ -123.114478323935344, 49.245149787804237 ], [ -123.115378912855448, 49.245159998339069 ], [ -123.11530748690889, 49.246090267080881 ], [ -123.115306796104434, 49.246099286967549 ], [ -123.115272600834828, 49.247025295855288 ], [ -123.115236492153684, 49.247959326448274 ], [ -123.115298933150754, 49.248921223137359 ], [ -123.115295119802383, 49.249049015270238 ], [ -123.115289532281324, 49.249138931293338 ], [ -123.115383732316957, 49.249236038678646 ], [ -123.115360527934854, 49.250095650694931 ], [ -123.115325288822874, 49.251214289525642 ], [ -123.115273396742168, 49.252092994137946 ], [ -123.115245485187998, 49.253006495209867 ], [ -123.115210794946663, 49.253984698095685 ], [ -123.115160501867152, 49.254903914258811 ], [ -123.115114191917613, 49.255869218740777 ], [ -123.115053399329085, 49.256913296353545 ], [ -123.114541399143022, 49.256907809153326 ], [ -123.114383101616923, 49.256896163435115 ], [ -123.11354048816861, 49.256834201226219 ], [ -123.113172814011037, 49.256827892020475 ], [ -123.112486790391486, 49.256814999216694 ], [ -123.111183300778237, 49.256791793334045 ], [ -123.109699502219485, 49.256753805550282 ], [ -123.107107501502085, 49.256688002867534 ], [ -123.105169708771754, 49.256639598706847 ], [ -123.104947380230527, 49.256635394312141 ], [ -123.103243192593226, 49.256606805473716 ], [ -123.102039830099855, 49.256590191915834 ], [ -123.101238098980176, 49.25657911366681 ], [ -123.100658901217557, 49.256572492513676 ], [ -123.098439486645688, 49.256545308428791 ], [ -123.097775114221136, 49.256535352946543 ], [ -123.09750016776043, 49.256531234729977 ], [ -123.096477096246304, 49.256515901640405 ], [ -123.093787709168907, 49.256470482201031 ], [ -123.093630447400344, 49.256467861994054 ], [ -123.091844675667232, 49.256438000771169 ], [ -123.090634443756912, 49.25641729590054 ], [ -123.089834617065605, 49.256403592711862 ], [ -123.089913908660776, 49.255532899476783 ], [ -123.089952598201748, 49.254632295732847 ], [ -123.089961414267933, 49.253725496708391 ], [ -123.089992174379887, 49.252794898640254 ], [ -123.090059488737396, 49.251896795027086 ], [ -123.090078200644768, 49.251008293923263 ], [ -123.090117792094276, 49.250092399201506 ], [ -123.090140288603962, 49.249185901453636 ], [ -123.090155285977616, 49.248662104819587 ], [ -123.0901661951184, 49.247611105416219 ], [ -123.090194197402482, 49.246618303871671 ], [ -123.090210816235228, 49.245542396625432 ], [ -123.090270627863447, 49.244741408076258 ], [ -123.090274690045177, 49.244566702416918 ], [ -123.090305271392396, 49.243531690731345 ], [ -123.0903199956782, 49.242595304387557 ], [ -123.090333716545857, 49.2417200944857 ], [ -123.09036078098876, 49.240850596760879 ] ] ] } },
{ "type": "Feature", "properties": { "nbhd": "Cedar Cottage" }, "geometry": { "type": "Polygon", "coordinates": [ [ [ -123.06598931485405, 49.25772238464765 ], [ -123.066008120186211, 49.256816700082005 ], [ -123.065357497375388, 49.256831395180548 ], [ -123.063073050166835, 49.256745241409362 ], [ -123.062529066363368, 49.256704630463823 ], [ -123.061499466792071, 49.256693253811441 ], [ -123.061489225099493, 49.256693364036735 ], [ -123.05898800632805, 49.25678770679928 ], [ -123.05827719279992, 49.25677639583207 ], [ -123.05749944490168, 49.256764099285725 ], [ -123.056616679455104, 49.256750102455086 ], [ -123.056619696896163, 49.256442994352682 ], [ -123.056633502205457, 49.255078701192431 ], [ -123.056592901049555, 49.253488591988813 ], [ -123.056590397444864, 49.252878709216397 ], [ -123.056596377529715, 49.25235010552872 ], [ -123.056594418304087, 49.252230195550688 ], [ -123.056595286076643, 49.252048665948692 ], [ -123.056597884902743, 49.251525909996147 ], [ -123.056600482830532, 49.250682795945977 ], [ -123.056600631052547, 49.250636454046287 ], [ -123.05660068225653, 49.250616205875133 ], [ -123.05662030236067, 49.249700596486583 ], [ -123.056625971628435, 49.249296112859739 ], [ -123.056626233936456, 49.249276723790459 ], [ -123.056632811400988, 49.248810999166388 ], [ -123.056640728253598, 49.248639862077951 ], [ -123.056651623919663, 49.248406090732225 ], [ -123.056653200463003, 49.24809809684546 ], [ -123.056654284729547, 49.247107295397484 ], [ -123.056652687524959, 49.246699203373311 ], [ -123.05665619993772, 49.246275918312818 ], [ -123.056656700299328, 49.245792209361547 ], [ -123.056660095931136, 49.245413010272863 ], [ -123.056658708034007, 49.244612204942385 ], [ -123.056652889645918, 49.243989595508893 ], [ -123.056659480585139, 49.24373389616634 ], [ -123.056684782533438, 49.243443702753261 ], [ -123.056759604111775, 49.24323848580849 ], [ -123.056921195760026, 49.242963705961095 ], [ -123.057325399908635, 49.242587389947175 ], [ -123.058123403918245, 49.241870508225126 ], [ -123.058342084401119, 49.241669306843107 ], [ -123.058373999746536, 49.241619177182869 ], [ -123.058570900575361, 49.241309806114998 ], [ -123.058644513919603, 49.241123488140452 ], [ -123.058679402688597, 49.240854193134112 ], [ -123.058688172940734, 49.240649995313454 ], [ -123.058699690240999, 49.240218928910501 ], [ -123.05871108537039, 49.239791315607413 ], [ -123.062889776780864, 49.239786200694347 ], [ -123.064214087545764, 49.239798001180944 ], [ -123.064690088645136, 49.23987975583649 ], [ -123.064743896832354, 49.239889013805282 ], [ -123.06536750460765, 49.240059109099057 ], [ -123.065765005527624, 49.240091495735882 ], [ -123.065956591923197, 49.240091726817546 ], [ -123.066598382498142, 49.240092501586346 ], [ -123.067344230322377, 49.240095249346894 ], [ -123.068015219737319, 49.240097698577912 ], [ -123.068523199064188, 49.240098000039765 ], [ -123.070175188295252, 49.240122029007154 ], [ -123.070875996387755, 49.240132193074984 ], [ -123.071246500238473, 49.240135985978498 ], [ -123.07148140699033, 49.240145427474154 ], [ -123.07221618038372, 49.240174895040184 ], [ -123.072908280207841, 49.240179606987013 ], [ -123.073629921130092, 49.240184504854099 ], [ -123.074009992038597, 49.240188498336778 ], [ -123.074240967762762, 49.240189949339218 ], [ -123.074917306645219, 49.240194212611684 ], [ -123.075995354156433, 49.240207364884142 ], [ -123.076367594450616, 49.240211902050753 ], [ -123.077692172913459, 49.240218095493674 ], [ -123.078982980111533, 49.240216989354231 ], [ -123.080155600459207, 49.240239693360273 ], [ -123.08124429839647, 49.240242211204603 ], [ -123.081551983059356, 49.240241500953154 ], [ -123.082372699174286, 49.240248405816743 ], [ -123.082859921129895, 49.240252601636669 ], [ -123.083474777517679, 49.240256598046358 ], [ -123.084115684150376, 49.240261299428383 ], [ -123.0845822888719, 49.240264885874048 ], [ -123.085728390952411, 49.240272488082354 ], [ -123.08605367451004, 49.24027499360858 ], [ -123.086840092049144, 49.240280917840309 ], [ -123.087931295387691, 49.240287791027363 ], [ -123.088528522338024, 49.240283958253571 ], [ -123.089144297702362, 49.240279987065577 ], [ -123.089752037636458, 49.240291098883951 ], [ -123.090377308193354, 49.240302515679396 ], [ -123.09036078098876, 49.240850596760879 ], [ -123.090333716545857, 49.2417200944857 ], [ -123.0903199956782, 49.242595304387557 ], [ -123.090305271392396, 49.243531690731345 ], [ -123.090274690045177, 49.244566702416918 ], [ -123.090270627863447, 49.244741408076258 ], [ -123.090210816235228, 49.245542396625432 ], [ -123.090194197402482, 49.246618303871671 ], [ -123.0901661951184, 49.247611105416219 ], [ -123.090155285977616, 49.248662104819587 ], [ -123.090140288603962, 49.249185901453636 ], [ -123.090117792094276, 49.250092399201506 ], [ -123.090078200644768, 49.251008293923263 ], [ -123.090059488737396, 49.251896795027086 ], [ -123.089992174379887, 49.252794898640254 ], [ -123.089961414267933, 49.253725496708391 ], [ -123.089952598201748, 49.254632295732847 ], [ -123.089913908660776, 49.255532899476783 ], [ -123.089834617065605, 49.256403592711862 ], [ -123.08918618883898, 49.256404096936748 ], [ -123.087466587908054, 49.256381097827699 ], [ -123.085551999559854, 49.256355601033484 ], [ -123.083600388943864, 49.256329895500144 ], [ -123.081706610967544, 49.256302089207622 ], [ -123.079794786735476, 49.256275601509529 ], [ -123.077839096869752, 49.256248702207728 ], [ -123.075880738109333, 49.256220891178948 ], [ -123.075870302380679, 49.256430493688207 ], [ -123.075807918875768, 49.256504466900168 ], [ -123.075806330654373, 49.256595404760283 ], [ -123.075852194141191, 49.256935325471609 ], [ -123.075903739472182, 49.257011357015401 ], [ -123.076098541836487, 49.257298702777788 ], [ -123.076257917340968, 49.257429129731499 ], [ -123.076920322455052, 49.257816413536382 ], [ -123.076930042226422, 49.257822811145694 ], [ -123.077144492542644, 49.257963893112873 ], [ -123.07738181935585, 49.258231501868742 ], [ -123.077478477182112, 49.258484596905689 ], [ -123.077483208608712, 49.258736891544729 ], [ -123.077483074759726, 49.258810235739908 ], [ -123.07748263997513, 49.259160814925984 ], [ -123.077482001272955, 49.259628586485753 ], [ -123.077481457792217, 49.260060346428226 ], [ -123.077480884667068, 49.260518590959997 ], [ -123.077480890056947, 49.260527656870181 ], [ -123.077480405865003, 49.260977882975872 ], [ -123.077480369932417, 49.260989353027441 ], [ -123.077479962097271, 49.261341442154944 ], [ -123.077479931554549, 49.26140580115208 ], [ -123.07748098527837, 49.262392172700793 ], [ -123.075584763884478, 49.262376813292676 ], [ -123.074831142039798, 49.262370060427713 ], [ -123.073646097093416, 49.262359406153081 ], [ -123.071787188123167, 49.262343728407828 ], [ -123.069794705958344, 49.262326894010727 ], [ -123.069106245209454, 49.262319972888697 ], [ -123.067924088346686, 49.262308035914877 ], [ -123.067530458267299, 49.26230408056788 ], [ -123.06729199149197, 49.262301661750193 ], [ -123.066838814787317, 49.262297060368411 ], [ -123.06612362736206, 49.262295086505063 ], [ -123.065915820985722, 49.262294483852401 ], [ -123.065917524191477, 49.26216724482957 ], [ -123.06591842520173, 49.262100547140413 ], [ -123.06592136089607, 49.261886000888587 ], [ -123.065923049728795, 49.261761420603221 ], [ -123.065926970875026, 49.261470671859598 ], [ -123.065928180007376, 49.26138235120338 ], [ -123.065930569526046, 49.261008934477587 ], [ -123.065931402264312, 49.260877190875512 ], [ -123.065934211296209, 49.260440306545412 ], [ -123.065941926926186, 49.259995789863815 ], [ -123.065949814134385, 49.259540893360082 ], [ -123.065965007340793, 49.258649497596977 ], [ -123.06598931485405, 49.25772238464765 ] ] ] } },
{ "type": "Feature", "properties": { "nbhd": "Renfrew" }, "geometry": { "type": "Polygon", "coordinates": [ [ [ -123.023759307633384, 49.262316390976146 ], [ -123.023698890540629, 49.26154538908613 ], [ -123.023527509950753, 49.261540700869283 ], [ -123.023538305005502, 49.261265406729144 ], [ -123.023546106873738, 49.261099803068035 ], [ -123.023543794610205, 49.260793499406063 ], [ -123.023530812157716, 49.260096790378718 ], [ -123.023524307456768, 49.259876786066428 ], [ -123.023520989080097, 49.259823301508831 ], [ -123.023477092005422, 49.259113514216402 ], [ -123.023482697492796, 49.258212792883498 ], [ -123.023495607181744, 49.257327710417805 ], [ -123.023498485383911, 49.256426109865494 ], [ -123.023501073430268, 49.255523389392351 ], [ -123.023501689674532, 49.255304693296566 ], [ -123.023504501401362, 49.254725496750133 ], [ -123.023506614238926, 49.254201303308896 ], [ -123.023508801636623, 49.253310504167246 ], [ -123.023508904942901, 49.253283248510776 ], [ -123.023509590357449, 49.253136132555838 ], [ -123.023512911429066, 49.252410701294977 ], [ -123.023515008096922, 49.251500997060241 ], [ -123.023518146810531, 49.250666963206314 ], [ -123.02351820699765, 49.250657908385143 ], [ -123.023526585584293, 49.249735699982516 ], [ -123.023532264733547, 49.248841335880762 ], [ -123.023532289886361, 49.248832293039094 ], [ -123.023539194337616, 49.247911887753226 ], [ -123.023543737118047, 49.247056306289537 ], [ -123.023543799101787, 49.247047308861617 ], [ -123.023551316204106, 49.246180898658444 ], [ -123.023554439646333, 49.245356153264062 ], [ -123.02355621292071, 49.244898188439805 ], [ -123.023556388990514, 49.244844185653996 ], [ -123.023556463550676, 49.244828044330987 ], [ -123.023557995178209, 49.244428098029459 ], [ -123.023714701787981, 49.244426111722433 ], [ -123.024587712428854, 49.244432207286124 ], [ -123.024968810111716, 49.24446428375537 ], [ -123.025428911030573, 49.244463504950026 ], [ -123.025442959783319, 49.24446157318426 ], [ -123.025611555595816, 49.244438384365601 ], [ -123.025707386972016, 49.244425212107743 ], [ -123.025893098385652, 49.244355598651737 ], [ -123.026226596138258, 49.24446569064844 ], [ -123.026269604779102, 49.244465975076601 ], [ -123.027371478306591, 49.244472898702313 ], [ -123.027890919238175, 49.244475287311928 ], [ -123.028367091017458, 49.244477450138298 ], [ -123.028549390629635, 49.2444782946258 ], [ -123.029209729618586, 49.244485832262498 ], [ -123.029942319207521, 49.244494192686645 ], [ -123.031491392049745, 49.244493609755892 ], [ -123.033112189977558, 49.244505637832887 ], [ -123.033331964608436, 49.244507287514793 ], [ -123.034091189245544, 49.244512902766502 ], [ -123.034513172850254, 49.244512830633248 ], [ -123.035527597181485, 49.2445126928177 ], [ -123.036658780041776, 49.244518601879818 ], [ -123.036981396501332, 49.244520201713101 ], [ -123.039130004964179, 49.244530584207716 ], [ -123.040589000139633, 49.244541791833726 ], [ -123.041163100861297, 49.244544426748504 ], [ -123.042163698323634, 49.244548992839107 ], [ -123.044199834119695, 49.244575235829672 ], [ -123.044523802543736, 49.244579399027344 ], [ -123.044832195079096, 49.244583728189568 ], [ -123.045044592744887, 49.24458673432396 ], [ -123.045601248183729, 49.244594535845799 ], [ -123.045875304413968, 49.24459841168224 ], [ -123.04617189398482, 49.244599398674559 ], [ -123.046480519183831, 49.244601280586821 ], [ -123.046617925489699, 49.244602122726413 ], [ -123.047002706265232, 49.244604473210622 ], [ -123.047121675548183, 49.244605198646973 ], [ -123.048898441670545, 49.244616046176986 ], [ -123.049647598888257, 49.244620598186195 ], [ -123.050327164519231, 49.244617108820755 ], [ -123.050423329170414, 49.244616617963779 ], [ -123.051090088418675, 49.24461319603958 ], [ -123.051770000799337, 49.244616075499366 ], [ -123.052062084420712, 49.244617307040166 ], [ -123.052614006636333, 49.244619697988597 ], [ -123.05424381376811, 49.244622807922042 ], [ -123.054517840353952, 49.244621597493513 ], [ -123.056001625437986, 49.244615081469981 ], [ -123.056658708034007, 49.244612204942385 ], [ -123.056660095931136, 49.245413010272863 ], [ -123.056656700299328, 49.245792209361547 ], [ -123.05665619993772, 49.246275918312818 ], [ -123.056652687524959, 49.246699203373311 ], [ -123.056654284729547, 49.247107295397484 ], [ -123.056653200463003, 49.24809809684546 ], [ -123.056651623919663, 49.248406090732225 ], [ -123.056640728253598, 49.248639862077951 ], [ -123.056632811400988, 49.248810999166388 ], [ -123.056626233936456, 49.249276723790459 ], [ -123.056625971628435, 49.249296112859739 ], [ -123.05662030236067, 49.249700596486583 ], [ -123.05660068225653, 49.250616205875133 ], [ -123.056600631052547, 49.250636454046287 ], [ -123.056600482830532, 49.250682795945977 ], [ -123.056597884902743, 49.251525909996147 ], [ -123.056595286076643, 49.252048665948692 ], [ -123.056594418304087, 49.252230195550688 ], [ -123.056596377529715, 49.25235010552872 ], [ -123.056590397444864, 49.252878709216397 ], [ -123.056592901049555, 49.253488591988813 ], [ -123.056633502205457, 49.255078701192431 ], [ -123.056619696896163, 49.256442994352682 ], [ -123.056616679455104, 49.256750102455086 ], [ -123.05749944490168, 49.256764099285725 ], [ -123.05827719279992, 49.25677639583207 ], [ -123.05898800632805, 49.25678770679928 ], [ -123.061489225099493, 49.256693364036735 ], [ -123.061499466792071, 49.256693253811441 ], [ -123.062529066363368, 49.256704630463823 ], [ -123.063073050166835, 49.256745241409362 ], [ -123.065357497375388, 49.256831395180548 ], [ -123.066008120186211, 49.256816700082005 ], [ -123.06598931485405, 49.25772238464765 ], [ -123.065965007340793, 49.258649497596977 ], [ -123.065949814134385, 49.259540893360082 ], [ -123.065941926926186, 49.259995789863815 ], [ -123.065934211296209, 49.260440306545412 ], [ -123.065931402264312, 49.260877190875512 ], [ -123.065930569526046, 49.261008934477587 ], [ -123.065928180007376, 49.26138235120338 ], [ -123.065926970875026, 49.261470671859598 ], [ -123.065923049728795, 49.261761420603221 ], [ -123.06592136089607, 49.261886000888587 ], [ -123.06591842520173, 49.262100547140413 ], [ -123.065917524191477, 49.26216724482957 ], [ -123.065915820985722, 49.262294483852401 ], [ -123.063968993898598, 49.262274898222451 ], [ -123.062030111511859, 49.262260806225321 ], [ -123.058275420423882, 49.262243261864953 ], [ -123.058157198539249, 49.262242707869468 ], [ -123.057396745006827, 49.262225089636587 ], [ -123.057350258089173, 49.262224016819495 ], [ -123.057073500624881, 49.262217606883397 ], [ -123.056591300251725, 49.262131505896022 ], [ -123.055860144373966, 49.262026652664623 ], [ -123.055846616644132, 49.262024702826359 ], [ -123.055513034449888, 49.262022720744724 ], [ -123.054980449369069, 49.262019544489533 ], [ -123.054705399602128, 49.262017895392759 ], [ -123.053006711451005, 49.262006698768765 ], [ -123.0522099893373, 49.262006493584273 ], [ -123.050523582952735, 49.26200676266911 ], [ -123.049586019375553, 49.262006907470706 ], [ -123.047040698713545, 49.26200211025683 ], [ -123.044314387284729, 49.261948202977031 ], [ -123.043555204868426, 49.261941637650899 ], [ -123.041577899740346, 49.261924502960554 ], [ -123.040130084996946, 49.261901002255193 ], [ -123.039083413841965, 49.261899299806387 ], [ -123.037891193153087, 49.261895386049872 ], [ -123.036518593450083, 49.261897393931292 ], [ -123.035143765026874, 49.261898178324074 ], [ -123.034003023193662, 49.261898805017537 ], [ -123.033821704541765, 49.261898884160289 ], [ -123.033660553068003, 49.261898627386003 ], [ -123.033645927596851, 49.261898603936288 ], [ -123.03332808747966, 49.261884493658123 ], [ -123.033055981491898, 49.261895192003507 ], [ -123.031871013800611, 49.261941688653963 ], [ -123.031539983720108, 49.262009149257949 ], [ -123.030432392415804, 49.261923637666726 ], [ -123.030430743108965, 49.261922813996101 ], [ -123.030430224781043, 49.261923052596799 ], [ -123.028501416101903, 49.261785906851337 ], [ -123.028269922948127, 49.261958303341707 ], [ -123.027254476334107, 49.26242895963631 ], [ -123.02571102694553, 49.26296358384009 ], [ -123.025623399882846, 49.262993931202928 ], [ -123.025438969466791, 49.263058554779086 ], [ -123.02521154029138, 49.262978853958657 ], [ -123.02377685981574, 49.262467640086598 ], [ -123.023756441109327, 49.262466517444714 ], [ -123.023759126173715, 49.262325460073463 ], [ -123.023759307633384, 49.262316390976146 ] ] ] } },
{ "type": "Feature", "properties": { "nbhd": "Downtown Eastside/Strathcona" }, "geometry": { "type": "Polygon", "coordinates": [ [ [ -123.077994523380227, 49.284397007490902 ], [ -123.077091879114761, 49.283807695535891 ], [ -123.077092925652082, 49.283753910525171 ], [ -123.077096463217629, 49.283565038451464 ], [ -123.077105811984808, 49.283064063016639 ], [ -123.077089761785615, 49.282393253179549 ], [ -123.077086504494403, 49.282258280967191 ], [ -123.077096538676116, 49.281772172138282 ], [ -123.077100155293465, 49.281344408321097 ], [ -123.077131897264024, 49.280840187229025 ], [ -123.077162298948167, 49.280358012461093 ], [ -123.077178325791152, 49.279922472085197 ], [ -123.077194995827909, 49.279468892084758 ], [ -123.077212309058368, 49.278987066081939 ], [ -123.077227781640829, 49.278555598917201 ], [ -123.077236807912811, 49.278132392453465 ], [ -123.077246699262375, 49.277668004953256 ], [ -123.077255827942309, 49.277223915397485 ], [ -123.077265422847859, 49.276759604322947 ], [ -123.077276111003115, 49.276333252827918 ], [ -123.077288100817185, 49.2758550128721 ], [ -123.077297605891218, 49.274941005742285 ], [ -123.077298581461605, 49.27445282620765 ], [ -123.077299396233585, 49.27404031014273 ], [ -123.077315509314843, 49.273130091990964 ], [ -123.07733849181308, 49.271501194713245 ], [ -123.077346275715001, 49.271016560072411 ], [ -123.077349334478555, 49.270823401447856 ], [ -123.077353490085045, 49.27056489866316 ], [ -123.077359816919582, 49.270099056610604 ], [ -123.077365888632599, 49.269649108325773 ], [ -123.078450748068633, 49.269659712375969 ], [ -123.07881869441573, 49.269663297272395 ], [ -123.07983904223795, 49.269674602941507 ], [ -123.080058918378455, 49.269677033120757 ], [ -123.080265267687423, 49.269679323796133 ], [ -123.080718774073773, 49.269684329519329 ], [ -123.081410943068178, 49.269691957091666 ], [ -123.081660589377222, 49.269698699576196 ], [ -123.081759755299743, 49.269714059636016 ], [ -123.081787394664389, 49.269718333254581 ], [ -123.082372236541914, 49.269808911489655 ], [ -123.082497272148004, 49.269874446979067 ], [ -123.083745633948894, 49.27009135700537 ], [ -123.084848645641856, 49.270282982215114 ], [ -123.087421089137223, 49.270737010684989 ], [ -123.089483480892412, 49.271085862796603 ], [ -123.090801394754152, 49.271308798198056 ], [ -123.093319113780723, 49.271734588241159 ], [ -123.094441515609091, 49.271911712815722 ], [ -123.095467678226129, 49.27209140806994 ], [ -123.097701696709578, 49.272482571198687 ], [ -123.098106367982155, 49.272553411590501 ], [ -123.098429668957948, 49.272610025688024 ], [ -123.098616897626115, 49.272642797737277 ], [ -123.09925275932018, 49.272745548878177 ], [ -123.099933714644905, 49.272855588115135 ], [ -123.099927345589521, 49.273014188743417 ], [ -123.099924466489057, 49.273086091574974 ], [ -123.099923017506512, 49.273122061120858 ], [ -123.099872919361417, 49.27437246157794 ], [ -123.099850503700139, 49.274932305854641 ], [ -123.099836226775324, 49.275311115263605 ], [ -123.099830591643538, 49.275460858165644 ], [ -123.099809735457583, 49.276014705091548 ], [ -123.099781689156103, 49.276758006120517 ], [ -123.099929802481839, 49.27676291032207 ], [ -123.101187532812816, 49.276862864969893 ], [ -123.101299908461598, 49.27687181418063 ], [ -123.101789854109128, 49.276932331783634 ], [ -123.10213859986537, 49.276975408062853 ], [ -123.102139008598812, 49.277123098212243 ], [ -123.102127712284116, 49.277325511835713 ], [ -123.102125998298547, 49.277506490760011 ], [ -123.102120643441154, 49.277591832348143 ], [ -123.102119534021782, 49.277609835993502 ], [ -123.102117414896028, 49.277643999533524 ], [ -123.102117510117438, 49.277734754270128 ], [ -123.102118604265442, 49.278580307732703 ], [ -123.102119208831638, 49.279044711256553 ], [ -123.102155012085603, 49.279286205033621 ], [ -123.102544386845508, 49.279211102101193 ], [ -123.104464696563753, 49.279226586369198 ], [ -123.104910117214203, 49.279288914278631 ], [ -123.105039185357612, 49.279306982354498 ], [ -123.106113108703369, 49.279457192501255 ], [ -123.105849218707178, 49.280096848682362 ], [ -123.105774153685431, 49.280277952809044 ], [ -123.105595220060607, 49.280709738350588 ], [ -123.106212538730603, 49.280820238011373 ], [ -123.10758360141611, 49.281065705652303 ], [ -123.108458990795867, 49.281220605579996 ], [ -123.109758005900673, 49.281458102660245 ], [ -123.110066313994423, 49.281560906345206 ], [ -123.110956395320628, 49.282119799988749 ], [ -123.111922398661406, 49.282763485509072 ], [ -123.112237229422405, 49.282981752859655 ], [ -123.112376988416003, 49.283078617865058 ], [ -123.112426105600775, 49.283112675068473 ], [ -123.112864412492527, 49.283416500917902 ], [ -123.112429539860116, 49.283703130380076 ], [ -123.111908411892429, 49.284046600571102 ], [ -123.111433169869471, 49.284364352828703 ], [ -123.11091879992766, 49.28470830652838 ], [ -123.110891352802483, 49.284703094309776 ], [ -123.108822899215781, 49.284310796955992 ], [ -123.108675617730029, 49.284644694570908 ], [ -123.108728011070653, 49.284967171155444 ], [ -123.108757437184408, 49.285185714703225 ], [ -123.108785852693487, 49.285396912816147 ], [ -123.108812582963068, 49.285595254624091 ], [ -123.108842324385492, 49.285816197818122 ], [ -123.108872903936074, 49.286043291972938 ], [ -123.108297188941847, 49.286943366423607 ], [ -123.104453266400085, 49.294096224626252 ], [ -123.102471837106521, 49.297782380857946 ], [ -123.098047561568691, 49.297686793115972 ], [ -123.092286282071015, 49.297426323340325 ], [ -123.09035421610065, 49.29731485152174 ], [ -123.089351219238154, 49.297279941797768 ], [ -123.08569281587053, 49.297192816471721 ], [ -123.083420359374401, 49.297127839834296 ], [ -123.081604890236321, 49.297077375162814 ], [ -123.079882199999119, 49.297029479283594 ], [ -123.077514693661087, 49.296968395244718 ], [ -123.077867584244046, 49.289580414094871 ], [ -123.077994523380227, 49.284397007490902 ] ] ] } },
{ "type": "Feature", "properties": { "nbhd": "Hastings/Sunrise/Grandview/Woodlands" }, "geometry": { "type": "Polygon", "coordinates": [ [ [ -123.023496000643831, 49.263058984484921 ], [ -123.023508569871296, 49.262452992978886 ], [ -123.023511620549982, 49.262305716757815 ], [ -123.023527509950753, 49.261540700869283 ], [ -123.023698890540629, 49.26154538908613 ], [ -123.023759307633384, 49.262316390976146 ], [ -123.023759126173715, 49.262325460073463 ], [ -123.023756441109327, 49.262466517444714 ], [ -123.02377685981574, 49.262467640086598 ], [ -123.02521154029138, 49.262978853958657 ], [ -123.025438969466791, 49.263058554779086 ], [ -123.025623399882846, 49.262993931202928 ], [ -123.02571102694553, 49.26296358384009 ], [ -123.027254476334107, 49.26242895963631 ], [ -123.028269922948127, 49.261958303341707 ], [ -123.028501416101903, 49.261785906851337 ], [ -123.030430224781043, 49.261923052596799 ], [ -123.030430743108965, 49.261922813996101 ], [ -123.030432392415804, 49.261923637666726 ], [ -123.031539983720108, 49.262009149257949 ], [ -123.031871013800611, 49.261941688653963 ], [ -123.033055981491898, 49.261895192003507 ], [ -123.03332808747966, 49.261884493658123 ], [ -123.033645927596851, 49.261898603936288 ], [ -123.033660553068003, 49.261898627386003 ], [ -123.033821704541765, 49.261898884160289 ], [ -123.034003023193662, 49.261898805017537 ], [ -123.035143765026874, 49.261898178324074 ], [ -123.036518593450083, 49.261897393931292 ], [ -123.037891193153087, 49.261895386049872 ], [ -123.039083413841965, 49.261899299806387 ], [ -123.040130084996946, 49.261901002255193 ], [ -123.041577899740346, 49.261924502960554 ], [ -123.043555204868426, 49.261941637650899 ], [ -123.044314387284729, 49.261948202977031 ], [ -123.047040698713545, 49.26200211025683 ], [ -123.049586019375553, 49.262006907470706 ], [ -123.050523582952735, 49.26200676266911 ], [ -123.0522099893373, 49.262006493584273 ], [ -123.053006711451005, 49.262006698768765 ], [ -123.054705399602128, 49.262017895392759 ], [ -123.054980449369069, 49.262019544489533 ], [ -123.055513034449888, 49.262022720744724 ], [ -123.055846616644132, 49.262024702826359 ], [ -123.055860144373966, 49.262026652664623 ], [ -123.056591300251725, 49.262131505896022 ], [ -123.057073500624881, 49.262217606883397 ], [ -123.057350258089173, 49.262224016819495 ], [ -123.057396745006827, 49.262225089636587 ], [ -123.058157198539249, 49.262242707869468 ], [ -123.058275420423882, 49.262243261864953 ], [ -123.062030111511859, 49.262260806225321 ], [ -123.063968993898598, 49.262274898222451 ], [ -123.065915820985722, 49.262294483852401 ], [ -123.06612362736206, 49.262295086505063 ], [ -123.066838814787317, 49.262297060368411 ], [ -123.06729199149197, 49.262301661750193 ], [ -123.067530458267299, 49.26230408056788 ], [ -123.067924088346686, 49.262308035914877 ], [ -123.069106245209454, 49.262319972888697 ], [ -123.069794705958344, 49.262326894010727 ], [ -123.071787188123167, 49.262343728407828 ], [ -123.073646097093416, 49.262359406153081 ], [ -123.074831142039798, 49.262370060427713 ], [ -123.075584763884478, 49.262376813292676 ], [ -123.07748098527837, 49.262392172700793 ], [ -123.077480720275375, 49.2624840206892 ], [ -123.077547494745374, 49.262579513713689 ], [ -123.077539640774845, 49.262876478767964 ], [ -123.077527579993856, 49.263332009891961 ], [ -123.077487209704998, 49.264234411095835 ], [ -123.077474417695313, 49.264441726172358 ], [ -123.077461734381842, 49.264647808164341 ], [ -123.077429305200084, 49.265174987575627 ], [ -123.077421718029214, 49.265673276462444 ], [ -123.077419316832433, 49.265830397175066 ], [ -123.077418955709689, 49.265853148609523 ], [ -123.077415110920271, 49.266105095483169 ], [ -123.077412189598974, 49.266296889757903 ], [ -123.077408300792115, 49.266925501760944 ], [ -123.077380309287875, 49.267849796428756 ], [ -123.077382984470759, 49.268348437552781 ], [ -123.077385201512897, 49.268754287325201 ], [ -123.077365888632599, 49.269649108325773 ], [ -123.077359816919582, 49.270099056610604 ], [ -123.077353490085045, 49.27056489866316 ], [ -123.077349334478555, 49.270823401447856 ], [ -123.077346275715001, 49.271016560072411 ], [ -123.07733849181308, 49.271501194713245 ], [ -123.077315509314843, 49.273130091990964 ], [ -123.077299396233585, 49.27404031014273 ], [ -123.077298581461605, 49.27445282620765 ], [ -123.077297605891218, 49.274941005742285 ], [ -123.077288100817185, 49.2758550128721 ], [ -123.077276111003115, 49.276333252827918 ], [ -123.077265422847859, 49.276759604322947 ], [ -123.077255827942309, 49.277223915397485 ], [ -123.077246699262375, 49.277668004953256 ], [ -123.077236807912811, 49.278132392453465 ], [ -123.077227781640829, 49.278555598917201 ], [ -123.077212309058368, 49.278987066081939 ], [ -123.077194995827909, 49.279468892084758 ], [ -123.077178325791152, 49.279922472085197 ], [ -123.077162298948167, 49.280358012461093 ], [ -123.077131897264024, 49.280840187229025 ], [ -123.077100155293465, 49.281344408321097 ], [ -123.077096538676116, 49.281772172138282 ], [ -123.077086504494403, 49.282258280967191 ], [ -123.077089761785615, 49.282393253179549 ], [ -123.077105811984808, 49.283064063016639 ], [ -123.077096463217629, 49.283565038451464 ], [ -123.077092925652082, 49.283753910525171 ], [ -123.077091879114761, 49.283807695535891 ], [ -123.077994523380227, 49.284397007490902 ], [ -123.077867584244046, 49.289580414094871 ], [ -123.077514693661087, 49.296968395244718 ], [ -123.070484217736151, 49.296675290981199 ], [ -123.066565544582957, 49.296497970037429 ], [ -123.064994206098064, 49.296425622126506 ], [ -123.061008736016959, 49.296283988726906 ], [ -123.06048017808358, 49.296264906933899 ], [ -123.055800407305895, 49.296112620228762 ], [ -123.054481415465801, 49.296069270676561 ], [ -123.052363936322479, 49.296006088735524 ], [ -123.051695672396121, 49.295984160835452 ], [ -123.049160035572868, 49.295887589497632 ], [ -123.039009062082528, 49.295464214835661 ], [ -123.038734847748771, 49.295454251973716 ], [ -123.026325787213594, 49.294578940548945 ], [ -123.026143772367377, 49.294566082800785 ], [ -123.024522764233808, 49.294509929781881 ], [ -123.024293149457307, 49.2945019803118 ], [ -123.023817172612425, 49.294471110999865 ], [ -123.023697922156757, 49.29446335192663 ], [ -123.02309527477199, 49.294434913893461 ], [ -123.023085097758155, 49.293400613919474 ], [ -123.023082976835781, 49.293306773530531 ], [ -123.023081606006627, 49.293290551386782 ], [ -123.023061489134165, 49.293057487763924 ], [ -123.023076911410953, 49.292994078744591 ], [ -123.02312476466615, 49.292788201874323 ], [ -123.023151420375569, 49.292653896722015 ], [ -123.023159676791352, 49.292314493331631 ], [ -123.023223623364856, 49.291966657885389 ], [ -123.02322926298821, 49.291637932284985 ], [ -123.023231110822749, 49.291531195433215 ], [ -123.023238706976784, 49.291089691477794 ], [ -123.023246101009903, 49.29069538784082 ], [ -123.023251388493648, 49.290184797471689 ], [ -123.02325258684624, 49.289738997856205 ], [ -123.023268189684416, 49.289281791673204 ], [ -123.023273625390203, 49.288805661213772 ], [ -123.023274653062884, 49.288714921576954 ], [ -123.023275286375167, 49.288660925126855 ], [ -123.023278611040041, 49.288369706198289 ], [ -123.023281294307765, 49.287906107670928 ], [ -123.023283593096593, 49.287500585974584 ], [ -123.023288214030401, 49.287051556974269 ], [ -123.023292796336662, 49.286607291752908 ], [ -123.023293102662166, 49.286598266377467 ], [ -123.02330884743418, 49.286152062835747 ], [ -123.023326190309049, 49.285659717341694 ], [ -123.023332679738658, 49.285216538850761 ], [ -123.023339611139406, 49.28474400273987 ], [ -123.023339671326497, 49.284734945966889 ], [ -123.023342607020865, 49.284308018255658 ], [ -123.023345641529886, 49.283865959146333 ], [ -123.023345701717034, 49.283856903384105 ], [ -123.023349211434848, 49.28339952252599 ], [ -123.023352543286222, 49.282965318119011 ], [ -123.023352620541331, 49.282956285045032 ], [ -123.023367090603941, 49.282509073444793 ], [ -123.023381716973375, 49.282058281411423 ], [ -123.023382021502272, 49.282049198361044 ], [ -123.023392197617795, 49.281148702885872 ], [ -123.023392293737544, 49.281139692919687 ], [ -123.023392541672564, 49.28068295960891 ], [ -123.023392808472195, 49.280241667925822 ], [ -123.023392814760385, 49.28023260094951 ], [ -123.023395335433079, 49.27980145293327 ], [ -123.023398102244172, 49.27933649862937 ], [ -123.023402417750788, 49.279054706150824 ], [ -123.023398406773055, 49.278475392171906 ], [ -123.023406604798339, 49.278240509155211 ], [ -123.023404438960185, 49.277731841578806 ], [ -123.023403690663557, 49.277557699246969 ], [ -123.023409614154545, 49.276652494755126 ], [ -123.023408389750813, 49.276393096524593 ], [ -123.023412371084135, 49.276202674813661 ], [ -123.023421695596795, 49.275756597567131 ], [ -123.023417695398848, 49.274941274170445 ], [ -123.02341708634107, 49.274822401948214 ], [ -123.02342398630077, 49.274116388596127 ], [ -123.023423705128081, 49.273905596983404 ], [ -123.023428602743024, 49.273186906461902 ], [ -123.023431592336266, 49.272991499222179 ], [ -123.023435508092589, 49.272116095506696 ], [ -123.023457192525242, 49.271199696839112 ], [ -123.023467581541524, 49.270288406969328 ], [ -123.023461398437405, 49.2695287978284 ], [ -123.023459187683486, 49.269391893029145 ], [ -123.023451601410926, 49.268461117891704 ], [ -123.023451626563769, 49.268452074540953 ], [ -123.023458004602247, 49.266627313082978 ], [ -123.023479901935644, 49.265644293072086 ], [ -123.023480094175085, 49.265555105276341 ], [ -123.02348349340015, 49.263660846237848 ], [ -123.023496000643831, 49.263058984484921 ] ] ] } },
{ "type": "Feature", "properties": { "nbhd": "Sunset" }, "geometry": { "type": "Polygon", "coordinates": [ [ [ -123.089752037636458, 49.240291098883951 ], [ -123.089144297702362, 49.240279987065577 ], [ -123.088528522338024, 49.240283958253571 ], [ -123.087931295387691, 49.240287791027363 ], [ -123.086840092049144, 49.240280917840309 ], [ -123.08605367451004, 49.24027499360858 ], [ -123.085728390952411, 49.240272488082354 ], [ -123.0845822888719, 49.240264885874048 ], [ -123.084115684150376, 49.240261299428383 ], [ -123.083474777517679, 49.240256598046358 ], [ -123.082859921129895, 49.240252601636669 ], [ -123.082372699174286, 49.240248405816743 ], [ -123.081551983059356, 49.240241500953154 ], [ -123.08124429839647, 49.240242211204603 ], [ -123.080155600459207, 49.240239693360273 ], [ -123.078982980111533, 49.240216989354231 ], [ -123.077692172913459, 49.240218095493674 ], [ -123.076367594450616, 49.240211902050753 ], [ -123.075995354156433, 49.240207364884142 ], [ -123.074917306645219, 49.240194212611684 ], [ -123.074240967762762, 49.240189949339218 ], [ -123.074009992038597, 49.240188498336778 ], [ -123.074035906637903, 49.239777672905575 ], [ -123.074062899215562, 49.239349504461892 ], [ -123.074078202914734, 49.238914870662981 ], [ -123.074092376533301, 49.238511594300476 ], [ -123.074109527168687, 49.238060399024462 ], [ -123.074120437207839, 49.237772748307989 ], [ -123.074123598379302, 49.237689197728088 ], [ -123.074154892988886, 49.236799988718069 ], [ -123.074166492035815, 49.236405458077819 ], [ -123.074214746837924, 49.234762229934979 ], [ -123.074274353650281, 49.233112795613287 ], [ -123.074288578472803, 49.232719419845481 ], [ -123.074291577049237, 49.232628523059233 ], [ -123.074136491898585, 49.232627008482858 ], [ -123.073996624208874, 49.232668270993038 ], [ -123.072905772111568, 49.232658477873777 ], [ -123.071514108361612, 49.232629709731519 ], [ -123.0715261439898, 49.232206004904597 ], [ -123.071572691094573, 49.230568392336764 ], [ -123.071650895728254, 49.228937408420776 ], [ -123.071660396310676, 49.228525993107674 ], [ -123.071681583974993, 49.227689690370696 ], [ -123.071696506788484, 49.227127097220858 ], [ -123.07174627704849, 49.225674832599182 ], [ -123.071761896056316, 49.225219188031971 ], [ -123.071775493854801, 49.224819899592333 ], [ -123.07182628729592, 49.223326505158354 ], [ -123.071890718061312, 49.222040740050922 ], [ -123.07190562111191, 49.221743201936825 ], [ -123.071952492508473, 49.220368904787001 ], [ -123.071969890180569, 49.219961296483284 ], [ -123.072003135032617, 49.219487336166793 ], [ -123.072037704001374, 49.21899480998804 ], [ -123.072029254447827, 49.218550597819245 ], [ -123.072020499467058, 49.218092589209888 ], [ -123.071736795330665, 49.218088696037526 ], [ -123.071251138240299, 49.218082006938879 ], [ -123.071011217990844, 49.218078706983221 ], [ -123.071159982595148, 49.21791935359888 ], [ -123.071533783262979, 49.217519008079265 ], [ -123.071551030916424, 49.217491371802517 ], [ -123.071619007332259, 49.217382585094853 ], [ -123.071628283335897, 49.217367766181397 ], [ -123.071710803476222, 49.217235613314514 ], [ -123.071719783934114, 49.217214484783256 ], [ -123.071899283497558, 49.216793010710589 ], [ -123.071900666903119, 49.216783956132559 ], [ -123.071975209105389, 49.216286105524254 ], [ -123.071993139478465, 49.215878724082387 ], [ -123.072013213231784, 49.215422293249809 ], [ -123.072027991416533, 49.214577804031357 ], [ -123.072030287510401, 49.213736401114041 ], [ -123.072032555756479, 49.213556423554444 ], [ -123.072036872161419, 49.21321251778371 ], [ -123.072041209227606, 49.212866507026497 ], [ -123.072046027790805, 49.211963100472801 ], [ -123.07207348389916, 49.211091010304834 ], [ -123.071303616920858, 49.211070098040736 ], [ -123.071303086016542, 49.211013239055127 ], [ -123.071302612604384, 49.210956503828967 ], [ -123.071303756159736, 49.210878450093468 ], [ -123.07130749584627, 49.210626602204556 ], [ -123.071316114283093, 49.210046106924516 ], [ -123.071317200346286, 49.209466033240112 ], [ -123.071317944151346, 49.209043254214691 ], [ -123.071318078898642, 49.208969692892481 ], [ -123.07131849661522, 49.208872304446878 ], [ -123.071318682566499, 49.208818342086467 ], [ -123.071319182029811, 49.208690493388445 ], [ -123.071249750343185, 49.20813312138754 ], [ -123.071212281612688, 49.208022931975471 ], [ -123.070988414257371, 49.2075505069214 ], [ -123.071269052443697, 49.207644646616906 ], [ -123.07214846447927, 49.207899918905248 ], [ -123.073131996646197, 49.208134777566165 ], [ -123.074463287320839, 49.208330784921664 ], [ -123.076258677315678, 49.208282214218563 ], [ -123.077215095632397, 49.208108193603081 ], [ -123.077398518138665, 49.208070251114172 ], [ -123.080642816126613, 49.207398675216375 ], [ -123.083335274543941, 49.206792638428787 ], [ -123.088642047830376, 49.205787388522829 ], [ -123.091259593939526, 49.205299391215895 ], [ -123.091742974698988, 49.205239614492591 ], [ -123.093452077019208, 49.204831511074929 ], [ -123.093592038133707, 49.204817528282064 ], [ -123.097819427215768, 49.204196455634928 ], [ -123.097901028379553, 49.204184455305445 ], [ -123.100041221424831, 49.204033257126177 ], [ -123.101429054758412, 49.204080909350409 ], [ -123.101560442351868, 49.204084495488182 ], [ -123.101846353648924, 49.204096679550688 ], [ -123.109128538414822, 49.204534237361528 ], [ -123.113506054845459, 49.204760959087658 ], [ -123.115105927417034, 49.204310439250996 ], [ -123.115710804420303, 49.20414013693545 ], [ -123.115970268417087, 49.20408914924986 ], [ -123.116132985654403, 49.204057179793963 ], [ -123.116563381083424, 49.203977142492654 ], [ -123.116729861363467, 49.203946185420065 ], [ -123.117027740915049, 49.203874610908464 ], [ -123.117059432579964, 49.204279640857351 ], [ -123.117161621333409, 49.205012967152072 ], [ -123.117259262814912, 49.205714182132198 ], [ -123.117249405601285, 49.205859881124731 ], [ -123.117290400219275, 49.205913568519883 ], [ -123.117291153905796, 49.205998306742899 ], [ -123.117291850100159, 49.206071750409656 ], [ -123.117246544467122, 49.207440613176985 ], [ -123.117197318586179, 49.208965348871303 ], [ -123.117176885506737, 49.20954569134544 ], [ -123.117166438998268, 49.209860817164646 ], [ -123.117077688143183, 49.209964744211952 ], [ -123.117072747409111, 49.210088017991474 ], [ -123.11705316413591, 49.210248733481819 ], [ -123.116981212674915, 49.210590029013531 ], [ -123.116973485366827, 49.210769947538033 ], [ -123.116944240712755, 49.211451943967766 ], [ -123.116907502312571, 49.212308588818061 ], [ -123.116872956700007, 49.213192287129537 ], [ -123.116872617136835, 49.21320130011437 ], [ -123.116841309052575, 49.214099320593881 ], [ -123.116841025184939, 49.214108401483394 ], [ -123.116809117026051, 49.214998498945683 ], [ -123.116778340744389, 49.215837666422608 ], [ -123.11677502775764, 49.215927623552318 ], [ -123.116738112389328, 49.216933297486811 ], [ -123.11673780786046, 49.216942298054036 ], [ -123.116710191851993, 49.217807307759529 ], [ -123.116709660947677, 49.217821753357946 ], [ -123.116664079531844, 49.219058104672101 ], [ -123.116563686510645, 49.221714595827123 ], [ -123.116499600698262, 49.223490291806414 ], [ -123.116487397085123, 49.223827598502744 ], [ -123.116486216698846, 49.223848715993178 ], [ -123.116444120746337, 49.224590301807666 ], [ -123.116434502484566, 49.225186390355063 ], [ -123.1163806197372, 49.226054006660675 ], [ -123.116379490554891, 49.226072190445336 ], [ -123.116357023689631, 49.226547475066795 ], [ -123.116335509038578, 49.227002508995064 ], [ -123.116253584481285, 49.228806296677639 ], [ -123.116205561444517, 49.229800358556531 ], [ -123.116205097913834, 49.229809385525016 ], [ -123.116161103821099, 49.230738785465483 ], [ -123.116116816877621, 49.231627606739153 ], [ -123.116070118855859, 49.232534305998009 ], [ -123.116025513908738, 49.233473491628764 ], [ -123.116017889008617, 49.233595788784008 ], [ -123.116043410145835, 49.234467595682609 ], [ -123.116003205146967, 49.235376314537447 ], [ -123.116002793718579, 49.235385294735586 ], [ -123.115959885689037, 49.236296597456331 ], [ -123.115926544717269, 49.237062963012775 ], [ -123.115918417658875, 49.237249946774234 ], [ -123.115918005332176, 49.237259306120094 ], [ -123.115892103309292, 49.238051297901841 ], [ -123.116011605293195, 49.238448105174584 ], [ -123.116214707192412, 49.23871480740118 ], [ -123.11664730978211, 49.239110995263673 ], [ -123.117152018343035, 49.239541503010628 ], [ -123.118166974476921, 49.240477547855306 ], [ -123.118177999500389, 49.240487713022993 ], [ -123.118255090223116, 49.240638399717284 ], [ -123.11833748639593, 49.241081116016325 ], [ -123.118335929615526, 49.241099540009444 ], [ -123.118247218286285, 49.242136202582728 ], [ -123.118242636878335, 49.242160790057618 ], [ -123.118150373610462, 49.242656097451885 ], [ -123.117764985573785, 49.243224087519685 ], [ -123.11720188651941, 49.243600805684885 ], [ -123.116152698284978, 49.244198807182229 ], [ -123.115683381549644, 49.244614107379839 ], [ -123.115437990560096, 49.244983189414576 ], [ -123.115381842261598, 49.245151156559089 ], [ -123.115378912855448, 49.245159998339069 ], [ -123.114478323935344, 49.245149787804237 ], [ -123.112867702123083, 49.245131511932669 ], [ -123.11236400686181, 49.245104489856047 ], [ -123.112132510114805, 49.245073089384576 ], [ -123.111586796156104, 49.244927914137605 ], [ -123.111359901478281, 49.244821789302975 ], [ -123.111116097811845, 49.244700909235931 ], [ -123.110885800315714, 49.244539808463514 ], [ -123.110304814905703, 49.24404113846483 ], [ -123.109102604950877, 49.243009316700679 ], [ -123.107799295898985, 49.241834031463299 ], [ -123.10662981246827, 49.240779396492449 ], [ -123.106087888501762, 49.240618894640988 ], [ -123.10536268216616, 49.240576901546824 ], [ -123.105058962666902, 49.240569620198734 ], [ -123.104713419404675, 49.240561353536052 ], [ -123.104447247687659, 49.240554948411031 ], [ -123.104090396432625, 49.240546411371049 ], [ -123.103418477261343, 49.240531906727938 ], [ -123.102739014936645, 49.240528991253676 ], [ -123.102117668220927, 49.240516686554606 ], [ -123.101467710163405, 49.240503810018033 ], [ -123.100798216443408, 49.24049427181891 ], [ -123.10011219731544, 49.240484507230093 ], [ -123.099410790944958, 49.240471056504319 ], [ -123.098823101408001, 49.240459806313062 ], [ -123.096896079477958, 49.240424093888933 ], [ -123.093914437200993, 49.240368540200265 ], [ -123.093406153345242, 49.24035905886538 ], [ -123.093159053760019, 49.240354433737494 ], [ -123.090377308193354, 49.240302515679396 ], [ -123.089752037636458, 49.240291098883951 ] ] ] } },
{ "type": "Feature", "properties": { "nbhd": "Fraser View/Killarny" }, "geometry": { "type": "Polygon", "coordinates": [ [ [ -123.054066976811171, 49.240009495099699 ], [ -123.05258179664348, 49.239331200637153 ], [ -123.051889802820568, 49.239006883749234 ], [ -123.051564288395909, 49.238854500563505 ], [ -123.050316305684092, 49.238270198879974 ], [ -123.048809398862957, 49.237566901322964 ], [ -123.047628990121751, 49.237064402962822 ], [ -123.046693599569224, 49.236702805258787 ], [ -123.045898599525927, 49.236422402201732 ], [ -123.045570703667437, 49.236332403779798 ], [ -123.045295478729003, 49.23625460303321 ], [ -123.044846340849872, 49.236192949247631 ], [ -123.044434336629664, 49.236136388387834 ], [ -123.044311401284716, 49.236119508099627 ], [ -123.042334795944242, 49.235939187384894 ], [ -123.042321165806442, 49.23593791691529 ], [ -123.040751588917843, 49.235789498156365 ], [ -123.039546004890767, 49.235641112971656 ], [ -123.039034819476655, 49.235497301893922 ], [ -123.038735789183207, 49.235384614328709 ], [ -123.037803592141515, 49.235038294821216 ], [ -123.036889596764112, 49.234623219106624 ], [ -123.035930205922128, 49.23416620705521 ], [ -123.035853200539364, 49.234126309577576 ], [ -123.034910290189572, 49.233626499111722 ], [ -123.034899526575856, 49.233620933067883 ], [ -123.034070288143823, 49.233191692354197 ], [ -123.033232015354997, 49.232774990936861 ], [ -123.032496508038022, 49.232403409107995 ], [ -123.032116306873789, 49.232229892822616 ], [ -123.03177117414161, 49.232127240333362 ], [ -123.031745804819678, 49.232119695530933 ], [ -123.031251409816548, 49.23201599104317 ], [ -123.030602097647701, 49.231971112783789 ], [ -123.029267191254064, 49.232041590157507 ], [ -123.028143295527343, 49.232098008470395 ], [ -123.026482000648258, 49.232163006271129 ], [ -123.0259313926679, 49.23218559431406 ], [ -123.025077593397668, 49.232226015428857 ], [ -123.024843501417777, 49.232237616519662 ], [ -123.023614202765543, 49.232288325285673 ], [ -123.02360038308322, 49.232288896628646 ], [ -123.023476486540915, 49.232294507403701 ], [ -123.023476511693758, 49.232285465637844 ], [ -123.02347669045848, 49.230857602573018 ], [ -123.023494789714832, 49.230769108645262 ], [ -123.023498386569244, 49.230751446914638 ], [ -123.023530690885167, 49.230593389748144 ], [ -123.023518192624621, 49.229679877583195 ], [ -123.023514984740729, 49.22944601471621 ], [ -123.023512086775611, 49.229234394608881 ], [ -123.023509794275029, 49.228093006985233 ], [ -123.023511001610757, 49.227944031980684 ], [ -123.023523693907407, 49.226376411004821 ], [ -123.023479799527678, 49.225198685966383 ], [ -123.023481145203974, 49.225029499306153 ], [ -123.023484175221427, 49.224637596874892 ], [ -123.023494714256358, 49.22325239950964 ], [ -123.023495437400143, 49.223243230534727 ], [ -123.023509814037951, 49.223059995008178 ], [ -123.023500812020501, 49.222729991693029 ], [ -123.023611099984564, 49.221951111461202 ], [ -123.023612194132568, 49.221926223500432 ], [ -123.023652889611569, 49.22097851554944 ], [ -123.023650749824554, 49.220149680395743 ], [ -123.023650607890758, 49.220086877036969 ], [ -123.023648558833585, 49.219307286840277 ], [ -123.023648417798071, 49.219253283649394 ], [ -123.023646266332975, 49.218418047358526 ], [ -123.023646094754753, 49.218355370886421 ], [ -123.023646021092901, 49.218328064836527 ], [ -123.023644738298685, 49.21783764474349 ], [ -123.02364452809293, 49.21774765060303 ], [ -123.023643811237321, 49.217473794514568 ], [ -123.023641828655485, 49.216701997192452 ], [ -123.023641582517087, 49.216612016827241 ], [ -123.023639297203005, 49.215730824808077 ], [ -123.023636953498439, 49.214828853105459 ], [ -123.023636908582674, 49.21480360536912 ], [ -123.02363688253152, 49.214794610867301 ], [ -123.023634293586881, 49.213868950633284 ], [ -123.023634189382307, 49.213832972522631 ], [ -123.023634104042358, 49.213803631251118 ], [ -123.023633506662691, 49.213589382696036 ], [ -123.023631425266174, 49.212851139837987 ], [ -123.023631323756561, 49.212813907527071 ], [ -123.023630298778826, 49.21244409685503 ], [ -123.023667127908837, 49.212035217835208 ], [ -123.023710323399257, 49.209247288083468 ], [ -123.023702857500936, 49.209225216561599 ], [ -123.023699906535214, 49.209216398865813 ], [ -123.023623139205995, 49.208726141310436 ], [ -123.023537304282286, 49.208177687950524 ], [ -123.023412605544451, 49.207595902107975 ], [ -123.023348227779579, 49.20695391337847 ], [ -123.023341506584643, 49.206886798347945 ], [ -123.023386380128031, 49.205500710218118 ], [ -123.023386082785677, 49.205482748933846 ], [ -123.023383501925849, 49.205331263027865 ], [ -123.023382572169538, 49.204532153194727 ], [ -123.023434795728591, 49.204423700099362 ], [ -123.023425626624473, 49.204288327374989 ], [ -123.023401771862098, 49.20393271007223 ], [ -123.023376713357237, 49.203445553736856 ], [ -123.02320416855072, 49.202991249051323 ], [ -123.022936527189927, 49.202607289921161 ], [ -123.023253323464772, 49.202437694882818 ], [ -123.023385682137032, 49.20223498818347 ], [ -123.02342759393494, 49.201474004807672 ], [ -123.023417358530608, 49.201358907643971 ], [ -123.023139507816595, 49.199744471035011 ], [ -123.024168068935438, 49.200016775937321 ], [ -123.029777017517134, 49.201290139763607 ], [ -123.03987596777273, 49.20377511648956 ], [ -123.042148140401267, 49.204132666507974 ], [ -123.042325623246882, 49.204157662619643 ], [ -123.047312026760252, 49.204645874269502 ], [ -123.047524924787652, 49.20464367448367 ], [ -123.050669463066654, 49.204571358523403 ], [ -123.055044845100198, 49.204570760448412 ], [ -123.056355443082296, 49.204653579975371 ], [ -123.056444481398316, 49.204659681621116 ], [ -123.058769046469124, 49.204656411289342 ], [ -123.059389302630095, 49.204755832330655 ], [ -123.063222941258516, 49.205354057018646 ], [ -123.066604178428364, 49.205938534385979 ], [ -123.066882380383674, 49.205980220041354 ], [ -123.06752708060182, 49.206147242264954 ], [ -123.068297904285856, 49.206478479046865 ], [ -123.068521362907731, 49.206572897213256 ], [ -123.069240141797479, 49.206827000067811 ], [ -123.070139280836713, 49.207199081775421 ], [ -123.070988414257371, 49.2075505069214 ], [ -123.071212281612688, 49.208022931975471 ], [ -123.071249750343185, 49.20813312138754 ], [ -123.071319182029811, 49.208690493388445 ], [ -123.071318682566499, 49.208818342086467 ], [ -123.07131849661522, 49.208872304446878 ], [ -123.071318078898642, 49.208969692892481 ], [ -123.071317944151346, 49.209043254214691 ], [ -123.071317200346286, 49.209466033240112 ], [ -123.071316114283093, 49.210046106924516 ], [ -123.07130749584627, 49.210626602204556 ], [ -123.071303756159736, 49.210878450093468 ], [ -123.071302612604384, 49.210956503828967 ], [ -123.071303086016542, 49.211013239055127 ], [ -123.071303616920858, 49.211070098040736 ], [ -123.07207348389916, 49.211091010304834 ], [ -123.072046027790805, 49.211963100472801 ], [ -123.072041209227606, 49.212866507026497 ], [ -123.072036872161419, 49.21321251778371 ], [ -123.072032555756479, 49.213556423554444 ], [ -123.072030287510401, 49.213736401114041 ], [ -123.072027991416533, 49.214577804031357 ], [ -123.072013213231784, 49.215422293249809 ], [ -123.071993139478465, 49.215878724082387 ], [ -123.071975209105389, 49.216286105524254 ], [ -123.071900666903119, 49.216783956132559 ], [ -123.071899283497558, 49.216793010710589 ], [ -123.071719783934114, 49.217214484783256 ], [ -123.071710803476222, 49.217235613314514 ], [ -123.071628283335897, 49.217367766181397 ], [ -123.071619007332259, 49.217382585094853 ], [ -123.071551030916424, 49.217491371802517 ], [ -123.071533783262979, 49.217519008079265 ], [ -123.071159982595148, 49.21791935359888 ], [ -123.071011217990844, 49.218078706983221 ], [ -123.071251138240299, 49.218082006938879 ], [ -123.071736795330665, 49.218088696037526 ], [ -123.072020499467058, 49.218092589209888 ], [ -123.072029254447827, 49.218550597819245 ], [ -123.072037704001374, 49.21899480998804 ], [ -123.072003135032617, 49.219487336166793 ], [ -123.071969890180569, 49.219961296483284 ], [ -123.071952492508473, 49.220368904787001 ], [ -123.07190562111191, 49.221743201936825 ], [ -123.071890718061312, 49.222040740050922 ], [ -123.07182628729592, 49.223326505158354 ], [ -123.071775493854801, 49.224819899592333 ], [ -123.071761896056316, 49.225219188031971 ], [ -123.07174627704849, 49.225674832599182 ], [ -123.071696506788484, 49.227127097220858 ], [ -123.071681583974993, 49.227689690370696 ], [ -123.071660396310676, 49.228525993107674 ], [ -123.071650895728254, 49.228937408420776 ], [ -123.071572691094573, 49.230568392336764 ], [ -123.0715261439898, 49.232206004904597 ], [ -123.071514108361612, 49.232629709731519 ], [ -123.072905772111568, 49.232658477873777 ], [ -123.073996624208874, 49.232668270993038 ], [ -123.074136491898585, 49.232627008482858 ], [ -123.074291577049237, 49.232628523059233 ], [ -123.074288578472803, 49.232719419845481 ], [ -123.074274353650281, 49.233112795613287 ], [ -123.074214746837924, 49.234762229934979 ], [ -123.074166492035815, 49.236405458077819 ], [ -123.074154892988886, 49.236799988718069 ], [ -123.074123598379302, 49.237689197728088 ], [ -123.074120437207839, 49.237772748307989 ], [ -123.074109527168687, 49.238060399024462 ], [ -123.074092376533301, 49.238511594300476 ], [ -123.074078202914734, 49.238914870662981 ], [ -123.074062899215562, 49.239349504461892 ], [ -123.074035906637903, 49.239777672905575 ], [ -123.074009992038597, 49.240188498336778 ], [ -123.073629921130092, 49.240184504854099 ], [ -123.072908280207841, 49.240179606987013 ], [ -123.07221618038372, 49.240174895040184 ], [ -123.07148140699033, 49.240145427474154 ], [ -123.071246500238473, 49.240135985978498 ], [ -123.070875996387755, 49.240132193074984 ], [ -123.070175188295252, 49.240122029007154 ], [ -123.068523199064188, 49.240098000039765 ], [ -123.068015219737319, 49.240097698577912 ], [ -123.067344230322377, 49.240095249346894 ], [ -123.066598382498142, 49.240092501586346 ], [ -123.065956591923197, 49.240091726817546 ], [ -123.065765005527624, 49.240091495735882 ], [ -123.06536750460765, 49.240059109099057 ], [ -123.064743896832354, 49.239889013805282 ], [ -123.064690088645136, 49.23987975583649 ], [ -123.064214087545764, 49.239798001180944 ], [ -123.062889776780864, 49.239786200694347 ], [ -123.05871108537039, 49.239791315607413 ], [ -123.058699690240999, 49.240218928910501 ], [ -123.058688172940734, 49.240649995313454 ], [ -123.058679402688597, 49.240854193134112 ], [ -123.058644513919603, 49.241123488140452 ], [ -123.058570900575361, 49.241309806114998 ], [ -123.058373999746536, 49.241619177182869 ], [ -123.058342084401119, 49.241669306843107 ], [ -123.058123403918245, 49.241870508225126 ], [ -123.057506896426929, 49.241590207230495 ], [ -123.057292534145645, 49.241492747578491 ], [ -123.054535802168047, 49.240239398350766 ], [ -123.054066976811171, 49.240009495099699 ] ] ] } },
{ "type": "Feature", "properties": { "nbhd": "Collingwood" }, "geometry": { "type": "Polygon", "coordinates": [ [ [ -123.051770000799337, 49.244616075499366 ], [ -123.051090088418675, 49.24461319603958 ], [ -123.050423329170414, 49.244616617963779 ], [ -123.050327164519231, 49.244617108820755 ], [ -123.049647598888257, 49.244620598186195 ], [ -123.048898441670545, 49.244616046176986 ], [ -123.047121675548183, 49.244605198646973 ], [ -123.047002706265232, 49.244604473210622 ], [ -123.046617925489699, 49.244602122726413 ], [ -123.046480519183831, 49.244601280586821 ], [ -123.04617189398482, 49.244599398674559 ], [ -123.045875304413968, 49.24459841168224 ], [ -123.045601248183729, 49.244594535845799 ], [ -123.045044592744887, 49.24458673432396 ], [ -123.044832195079096, 49.244583728189568 ], [ -123.044523802543736, 49.244579399027344 ], [ -123.044199834119695, 49.244575235829672 ], [ -123.042163698323634, 49.244548992839107 ], [ -123.041163100861297, 49.244544426748504 ], [ -123.040589000139633, 49.244541791833726 ], [ -123.039130004964179, 49.244530584207716 ], [ -123.036981396501332, 49.244520201713101 ], [ -123.036658780041776, 49.244518601879818 ], [ -123.035527597181485, 49.2445126928177 ], [ -123.034513172850254, 49.244512830633248 ], [ -123.034091189245544, 49.244512902766502 ], [ -123.033331964608436, 49.244507287514793 ], [ -123.033112189977558, 49.244505637832887 ], [ -123.031491392049745, 49.244493609755892 ], [ -123.029942319207521, 49.244494192686645 ], [ -123.029209729618586, 49.244485832262498 ], [ -123.028549390629635, 49.2444782946258 ], [ -123.028367091017458, 49.244477450138298 ], [ -123.027890919238175, 49.244475287311928 ], [ -123.027371478306591, 49.244472898702313 ], [ -123.026269604779102, 49.244465975076601 ], [ -123.026226596138258, 49.24446569064844 ], [ -123.025893098385652, 49.244355598651737 ], [ -123.025707386972016, 49.244425212107743 ], [ -123.025611555595816, 49.244438384365601 ], [ -123.025442959783319, 49.24446157318426 ], [ -123.025428911030573, 49.244463504950026 ], [ -123.024968810111716, 49.24446428375537 ], [ -123.024587712428854, 49.244432207286124 ], [ -123.023714701787981, 49.244426111722433 ], [ -123.023557995178209, 49.244428098029459 ], [ -123.02355988343696, 49.242985004701495 ], [ -123.023565006528997, 49.242570343546113 ], [ -123.0235651358864, 49.242561264954062 ], [ -123.023571315397248, 49.242057501350317 ], [ -123.023571289346108, 49.242048505943899 ], [ -123.023570600338303, 49.241530297272789 ], [ -123.023570531168005, 49.241490806312761 ], [ -123.023569778379809, 49.240967492247485 ], [ -123.023554873532589, 49.24039346109975 ], [ -123.023554542952581, 49.240380812678865 ], [ -123.023550785299733, 49.240236390778747 ], [ -123.023448739378438, 49.239579395536119 ], [ -123.023446798119096, 49.23956690174488 ], [ -123.023429490278517, 49.23776030391469 ], [ -123.023426814197279, 49.236988196994595 ], [ -123.02343127433268, 49.236211794446014 ], [ -123.023448239915126, 49.234924218987111 ], [ -123.023450493788175, 49.234751823683723 ], [ -123.023450844131133, 49.234726291669141 ], [ -123.023452380250262, 49.234609252952026 ], [ -123.023453805876628, 49.234501314562934 ], [ -123.023456092987345, 49.234325296299154 ], [ -123.023476486540915, 49.232294507403701 ], [ -123.02360038308322, 49.232288896628646 ], [ -123.023614202765543, 49.232288325285673 ], [ -123.024843501417777, 49.232237616519662 ], [ -123.025077593397668, 49.232226015428857 ], [ -123.0259313926679, 49.23218559431406 ], [ -123.026482000648258, 49.232163006271129 ], [ -123.028143295527343, 49.232098008470395 ], [ -123.029267191254064, 49.232041590157507 ], [ -123.030602097647701, 49.231971112783789 ], [ -123.031251409816548, 49.23201599104317 ], [ -123.031745804819678, 49.232119695530933 ], [ -123.03177117414161, 49.232127240333362 ], [ -123.032116306873789, 49.232229892822616 ], [ -123.032496508038022, 49.232403409107995 ], [ -123.033232015354997, 49.232774990936861 ], [ -123.034070288143823, 49.233191692354197 ], [ -123.034899526575856, 49.233620933067883 ], [ -123.034910290189572, 49.233626499111722 ], [ -123.035853200539364, 49.234126309577576 ], [ -123.035930205922128, 49.23416620705521 ], [ -123.036889596764112, 49.234623219106624 ], [ -123.037803592141515, 49.235038294821216 ], [ -123.038735789183207, 49.235384614328709 ], [ -123.039034819476655, 49.235497301893922 ], [ -123.039546004890767, 49.235641112971656 ], [ -123.040751588917843, 49.235789498156365 ], [ -123.042321165806442, 49.23593791691529 ], [ -123.042334795944242, 49.235939187384894 ], [ -123.044311401284716, 49.236119508099627 ], [ -123.044434336629664, 49.236136388387834 ], [ -123.044846340849872, 49.236192949247631 ], [ -123.045295478729003, 49.23625460303321 ], [ -123.045570703667437, 49.236332403779798 ], [ -123.045898599525927, 49.236422402201732 ], [ -123.046693599569224, 49.236702805258787 ], [ -123.047628990121751, 49.237064402962822 ], [ -123.048809398862957, 49.237566901322964 ], [ -123.050316305684092, 49.238270198879974 ], [ -123.051564288395909, 49.238854500563505 ], [ -123.051889802820568, 49.239006883749234 ], [ -123.05258179664348, 49.239331200637153 ], [ -123.054066976811171, 49.240009495099699 ], [ -123.054535802168047, 49.240239398350766 ], [ -123.057292534145645, 49.241492747578491 ], [ -123.057506896426929, 49.241590207230495 ], [ -123.058123403918245, 49.241870508225126 ], [ -123.057325399908635, 49.242587389947175 ], [ -123.056921195760026, 49.242963705961095 ], [ -123.056759604111775, 49.24323848580849 ], [ -123.056684782533438, 49.243443702753261 ], [ -123.056659480585139, 49.24373389616634 ], [ -123.056652889645918, 49.243989595508893 ], [ -123.056658708034007, 49.244612204942385 ], [ -123.056001625437986, 49.244615081469981 ], [ -123.054517840353952, 49.244621597493513 ], [ -123.05424381376811, 49.244622807922042 ], [ -123.052614006636333, 49.244619697988597 ], [ -123.052062084420712, 49.244617307040166 ], [ -123.051770000799337, 49.244616075499366 ] ] ] } }
]
}
