,Unnamed: 0,project_value,nlp_x,nlp_y,cluster,permit_id
0,0,26818.668706962515,0.3905339857429368,-0.1276931006832827,0,R2018-00000
1,1,221995.6300072833,0.1885611676764691,0.1159124370311024,1,R2021-00001
2,2,119794.94190020506,0.3731326006190823,-0.0609669102185512,0,R2022-00002
3,3,60961.19529411765,0.390556281897767,0.4164073516848586,3,R2017-00003
4,4,58828.84195193007,0.2727427086419813,0.0884369916068665,0,R2021-00004
5,5,11660.290742157616,0.3503279821792073,-0.0050081457833181,0,R2018-00005
6,6,679851.3011152416,0.3008099350666209,0.1066721570661453,2,R2020-00006
7,7,151591.51193633952,0.2660159931139506,0.5326512321400035,3,R2023-00007
8,8,200000.0,0.3385143451748285,-0.0178460233458582,0,R2024-00008
9,9,5856.941176470588,0.385644281524274,-0.0387288810407282,0,R2017-00009
10,10,5856.941176470588,0.4176692621532499,-0.0754013955523827,0,R2017-00010
11,11,9911.247130833974,0.4658387897187228,-0.0576261123809331,0,R2018-00011
12,12,101600.0,0.3677202337766364,-0.082324178134297,0,R2017-00012
13,13,41667.8058783322,0.2453139853427857,0.098966342533458,1,R2022-00013
14,14,160000.0,0.3422306142983041,0.4984327074838298,3,R2024-00014
15,15,75000.0,0.4019266841461718,-0.2058947319500453,0,R2024-00015
16,16,39865.470852017934,0.4207269502782403,0.0788677459429381,0,R2019-00016
17,17,61048.79825200291,0.3566501004893591,0.1802230690574708,0,R2021-00017
18,18,34170.40358744394,0.3303788620754712,-0.1171199990298138,0,R2019-00018
19,19,32859.479553903344,0.2640740347217837,0.0135433708783483,0,R2020-00019
20,20,13098.654708520178,0.3252280800879065,-0.1372828742067534,0,R2019-00020
21,21,332993.44501092494,0.2684415591886484,0.1069661578935656,2,R2021-00021
22,22,16649.67225054625,0.098854460630275,0.0881839517568583,1,R2021-00022
23,23,180000.0,0.0650503243066533,0.0076695393957139,1,R2024-00023
24,24,69961.74445294568,0.4482768426840463,0.0960571632542148,0,R2018-00024
25,25,195317.84005468216,0.3357744075127286,0.4615471689214094,3,R2022-00025
26,26,35692.19330855019,0.3222165491842951,0.0206730326726137,0,R2020-00026
27,27,94997.3474801061,0.2558129613212245,0.2556968546590143,3,R2023-00027
28,28,277494.5375091041,0.293997104530215,-0.0402238080344706,0,R2021-00028
29,29,55498.90750182082,0.1983903389860732,0.0886224672532206,0,R2021-00029
30,30,55498.90750182082,0.15058685148338,0.0894465451227508,1,R2021-00030
31,31,55498.90750182082,0.1693789643771292,0.0583388274567859,1,R2021-00031
32,32,34980.87222647284,0.3924963112424042,0.0175914345270969,0,R2018-00032
33,33,277494.5375091041,0.18365915246207,0.0701250567642808,1,R2021-00033
34,34,56654.2750929368,0.1044479576758144,0.0331231773700028,1,R2020-00034
35,35,84981.4126394052,0.1292798961113291,0.0608545844423574,1,R2020-00035
36,36,56950.67264573991,0.3014554745137852,0.1281332214852528,0,R2019-00036
37,37,84981.4126394052,0.1120064641109516,0.0295861188686271,1,R2020-00037
38,38,23487.529411764703,0.1477623010836296,0.0461430333607105,1,R2017-00038
39,39,15150.35294117647,0.292215134801658,0.0589181297134377,0,R2017-00039
40,40,151591.51193633952,0.2893160311603411,0.3516260356378031,3,R2023-00040
41,41,104942.61667941854,0.4061403228800748,0.0427060792580441,0,R2018-00041
42,42,194246.17625637288,0.328335400802295,0.0272863840513198,0,R2021-00042
43,43,349643.1172614712,0.2693143300724758,0.2973431430311165,2,R2021-00043
44,44,243613.38289962825,0.3459519122677242,0.1846475856575487,1,R2020-00044
45,45,38849.23525127458,0.4844851423500781,-0.0669567900630811,0,R2021-00045
46,46,55498.90750182082,0.2006131759914806,0.078576373870129,0,R2021-00046
47,47,52084.75734791524,0.1751224220614786,0.0816130517095621,1,R2022-00047
48,48,84981.4126394052,0.1320562524260676,0.0278740608041037,1,R2020-00048
49,49,303167.559296098,0.2514496364827459,0.5478435903503351,3,R2018-00049
50,50,46876.28161312372,0.2843159873981568,0.0998278138333853,1,R2022-00050
51,51,166496.72250546247,0.4531502594219082,-0.0638578856827587,0,R2021-00051
52,52,102511.21076233184,0.4337616375585807,-0.0541801359063181,0,R2019-00052
53,53,125505.88235294116,0.368827293218523,0.4053557439147349,3,R2017-00053
54,54,25000.0,0.1777018379432088,-0.0801971505541254,0,R2024-00054
55,55,75795.75596816976,0.1367092663878151,0.0211121264927264,1,R2023-00055
56,56,75000.0,0.2450014666133126,-0.1889078361248905,0,R2024-00056
57,57,19722.352941176472,0.2494729784583212,-0.0363601210622109,0,R2017-00057
58,58,4004.2352941176473,0.1921645438450765,0.0487436054203215,1,R2017-00058
59,59,75000.0,0.3408866199280523,0.1278979393173678,1,R2024-00059
60,60,210000.0,0.497676707184441,-0.4037060403283553,5,R2024-00060
61,61,166496.72250546247,0.4334006044517551,-0.1331701175163339,0,R2021-00061
62,62,142376.68161434977,0.4496643472252645,-0.1461854811491099,0,R2019-00062
63,63,339925.6505576208,0.4574852440405288,0.0798075376897433,1,R2020-00063
64,64,99807.0588235294,0.393438193911301,0.1064877501168122,0,R2017-00064
65,65,404244.0318302387,0.5586854892871276,-0.5485444782752502,5,R2023-00065
66,66,101600.0,0.51470900604232,-0.3184369089799678,0,R2017-00066
67,67,101600.0,0.2520779911617789,0.105351720937475,0,R2017-00067
68,68,142376.68161434977,0.4609027102075259,-0.0342998540601226,0,R2019-00068
69,69,131482.35294117648,0.3431002280685709,0.0816891724447249,0,R2017-00069
70,70,182242.1524663677,0.4418810287401029,-0.0085861608367801,0,R2019-00070
71,71,71717.64705882352,0.3893351535601935,-0.2025115337596328,0,R2017-00071
72,72,126326.2599469496,0.5586854892871276,-0.5485444782752502,5,R2023-00072
73,73,49949.016751638745,0.3068068682654348,-0.0539456994829249,0,R2021-00073
74,74,85901.85676392572,0.0723940202317534,0.0624250384658011,1,R2023-00074
75,75,59764.705882352944,0.2900761881294638,0.1396680045294581,1,R2017-00075
76,76,161364.70588235295,0.3725706343834832,-0.1048187457360945,0,R2017-00076
77,77,39865.470852017934,0.3171280986515237,-0.0640750442719492,0,R2019-00077
78,78,155396.9410050983,0.4080991849912616,-0.0215382797383811,0,R2021-00078
79,79,11952.94117647059,0.1899707758733672,0.1848098325612651,1,R2017-00079
80,80,45560.53811659192,0.2991623415981703,-0.100370671166699,0,R2019-00080
81,81,2390.5882352941176,0.3251211520706208,-0.0357999372040865,0,R2017-00081
82,82,937525.6322624744,0.2717359228497245,0.0244458685058513,2,R2022-00082
83,83,22661.71003717472,0.3887489843402006,-0.0563640460728179,0,R2020-00083
84,84,55498.90750182082,0.2603360330992819,0.3022556094474437,1,R2021-00084
85,85,7377.453580901856,0.1497169507872534,0.0771076911255876,1,R2023-00085
86,86,251011.76470588235,0.3392486060557461,0.4085379481173271,3,R2017-00086
87,87,116602.90742157616,0.184922096822778,0.0774809170153782,1,R2018-00087
88,88,4995.134117647059,0.1969947078104672,0.0842639063923564,1,R2017-00088
89,89,185270.58823529413,0.1597175237280255,0.0249552627443847,1,R2017-00089
90,90,67985.13011152417,0.4506275240671712,0.042908540182187,0,R2020-00090
91,91,105447.92425345955,0.3484288023654197,0.1866648822834928,0,R2021-00091
92,92,2266.171003717472,0.2060983108650198,0.4541762644734363,3,R2020-00092
93,93,4562.437647058824,0.3194108672138092,-0.0341118471881559,0,R2017-00093
94,94,5378.823529411765,0.2115405660179937,0.2238536547785787,1,R2017-00094
95,95,15625.427204374571,0.3013599111063892,-0.0693342124251764,0,R2022-00095
96,96,476905.8913542465,0.2338065486316207,0.1274865033948981,2,R2018-00096
97,97,71717.64705882352,0.222959197016142,0.2856286940806814,3,R2017-00097
98,98,5830.145371078807,0.3264025493364342,0.1072452457569411,0,R2018-00098
99,99,83248.36125273124,0.4901590345884792,0.0388233285517919,0,R2021-00099
100,100,46641.16296863046,0.4185460924685298,-0.0922078697379192,0,R2018-00100
101,101,151583.779648049,0.4180794144132671,0.0401862441917783,0,R2018-00101
102,102,18527.058823529413,0.3430288991331335,-0.0145448548630012,0,R2017-00102
103,103,124310.58823529413,0.4719142131649663,0.1337062125992328,0,R2017-00103
104,104,71717.64705882352,0.1259740733962629,0.160763221250252,1,R2017-00104
105,105,54672.64573991031,0.3684178806293581,0.0709317526539652,0,R2019-00105
106,106,17085.20179372197,0.2849163570044414,0.5249232168175046,3,R2019-00106
107,107,11390.13452914798,0.3548938450163689,-0.0905653279392018,0,R2019-00107
108,108,90646.84014869887,0.4193659265313687,0.075036559395558,0,R2020-00108
109,109,170852.01793721973,0.296416726630233,0.0759467905905297,0,R2019-00109
110,110,17490.43611323642,0.4827585920384485,-0.2358006396305023,0,R2018-00110
111,111,107576.4705882353,0.3429797122472636,0.0848434676635937,0,R2017-00111
112,112,9681.614349775784,0.2759458923935833,-0.0271273839027955,0,R2019-00112
113,113,15625.427204374571,0.3475232133462785,-0.0213136162310158,0,R2022-00113
114,114,15625.427204374571,0.3503303410013148,-0.0257895805901904,0,R2022-00114
115,115,18224.21524663677,0.3577553205309286,0.5698915840472147,3,R2019-00115
116,116,5549.890750182082,0.2121057687369628,-0.0859816700454006,0,R2021-00116
117,117,11084.377757847533,0.2300563831058996,-0.0297446214146337,1,R2019-00117
118,118,20000.0,0.3784060102933165,-0.3160763102307648,5,R2024-00118
119,119,15625.427204374571,0.3545563721003695,-0.0106317834405871,0,R2022-00119
120,120,5208.475734791525,0.3103175828403758,-0.0914172771854553,0,R2022-00120
121,121,11099.781500364164,0.3763899854723507,-0.1046307094658018,0,R2021-00121
122,122,11099.781500364164,0.3763899854723507,-0.1046307094658018,0,R2021-00122
123,123,56654.2750929368,0.347647172804686,0.053489708422074,0,R2020-00123
124,124,51255.60538116592,0.3154952243988001,0.0153465445109738,0,R2019-00124
125,125,62319.70260223048,0.3543328099273125,-0.0527565861737143,0,R2020-00125
126,126,113308.5501858736,0.2704377526946411,-0.1131815998515913,0,R2020-00126
127,127,21663.81946188341,0.2011915993278457,-0.0224922196587567,1,R2019-00127
128,128,455605.3811659192,0.361988922389493,0.037366008864951,2,R2019-00128
129,129,113901.3452914798,0.2504294872847895,0.0088955406992893,0,R2019-00129
130,130,22780.26905829596,0.4958392173783473,-0.1116631768571753,0,R2019-00130
131,131,11099.781500364164,0.3763899854723507,-0.1046307094658018,0,R2021-00131
132,132,60636.60477453581,0.1188268518359825,0.1231687648389803,1,R2023-00132
133,133,70000.0,0.1811676772619149,0.3024508115831277,3,R2025-00133
134,134,20000.0,0.3207186940445808,-0.1105243067412008,0,R2025-00134
135,135,97919.34381408064,0.3054609118137061,0.4543127415169542,1,R2022-00135
136,136,21811.89591078067,0.2855114721928581,0.3485352136326576,3,R2020-00136
137,137,17490.43611323642,0.2911963256505275,0.6626379515369105,3,R2018-00137
138,138,4781.176470588235,0.2018841779717851,0.2218429992208475,1,R2017-00138
139,139,6000.0,0.1987634876377567,0.3754170620363118,3,R2024-00139
140,140,6250.170881749829,0.2543768899789614,-0.1321757141769495,0,R2022-00140
141,141,91121.07623318383,0.3250732018725191,0.3248834261884737,3,R2019-00141
142,142,52084.75734791524,0.4833860901010668,-0.1859458868784579,0,R2022-00142
143,143,52084.75734791524,0.3076888317867591,0.0871116973317968,0,R2022-00143
144,144,163244.07039020662,0.4185138299144036,0.2079223175113663,1,R2018-00144
145,145,2278.026905829596,0.1582071349167531,0.0932754109524154,1,R2019-00145
146,146,84865.88235294117,0.242893808300109,0.176116824617121,1,R2017-00146
147,147,349808.72226472845,0.3686894055050113,0.001703960566297,0,R2018-00147
148,148,7171.764705882353,0.1307981190540504,0.090665948657549,1,R2017-00148
149,149,23905.88235294118,0.243217473800051,0.0658757826136332,1,R2017-00149
150,150,2390.5882352941176,0.2829476516229667,-0.0917888560761741,0,R2017-00150
151,151,3498.0872226472848,0.4044502830999881,-0.0954740441662071,0,R2018-00151
152,152,15159.151193633952,0.3191939511275098,-0.0115085193506825,1,R2023-00152
153,153,22199.56300072833,0.3184542083684704,0.1218281694351682,1,R2021-00153
154,154,5378.823529411765,0.1273648160389605,-0.0083127694013616,1,R2017-00154
155,155,5208.475734791525,0.253077563735082,0.2177240556852847,1,R2022-00155
156,156,53562.33421750663,0.5147074810392294,-0.4112742596114948,5,R2023-00156
157,157,90000.0,0.497676707184441,-0.4037060403283553,5,R2024-00157
158,158,71717.64705882352,0.2658979990887401,0.0206400754384072,0,R2017-00158
159,159,217543.5294117647,0.3730883118442582,0.190644818719679,1,R2017-00159
160,160,73650.55762081784,0.4014699131119797,0.0283179510563014,0,R2020-00160
161,161,227802.6905829596,0.427154158972283,-0.0875366673157184,0,R2019-00161
162,162,5596.939556235655,0.3626542894320981,0.5264295732443768,3,R2018-00162
163,163,30775.0053557766,0.2443555953359525,0.1037179560731365,0,R2018-00163
164,164,18656.465187452184,0.2236005707029494,-0.0294779760314204,0,R2018-00164
165,165,39302.46588235294,0.3553272203785215,-0.1094876783087697,0,R2017-00165
166,166,11952.94117647059,0.2593553964469173,0.1687658196920415,1,R2017-00166
167,167,25058.29596412556,0.2411000955391517,0.5616981514163433,3,R2019-00167
168,168,9112.107623318385,0.420414172413668,-0.0542983514470709,0,R2019-00168
169,169,69631.03448275862,0.2470768038871745,0.0875963821279544,1,R2023-00169
170,170,17085.20179372197,0.4468107281100051,-0.0071638663957238,0,R2019-00170
171,171,77698.47050254916,0.3151301919853854,0.0860090902138409,1,R2021-00171
172,172,59625.99469496021,0.2100302376760158,-0.1173732994690816,1,R2023-00172
173,173,849.814126394052,0.2685844195236829,0.0434620809195734,0,R2020-00173
174,174,313228.6995515695,0.3318481442935708,0.1266795562268043,2,R2019-00174
175,175,149847.05025491622,0.3773236465566626,0.2579248214069339,1,R2021-00175
176,176,59764.705882352944,0.3911411951443997,-0.2203537585034702,0,R2017-00176
177,177,41667.8058783322,0.105720521069945,0.1391933909199209,1,R2022-00177
178,178,9429.26438455936,0.4218782957498069,-0.2553705867209936,0,R2021-00178
179,179,5695.067264573991,0.3846142020733007,-0.0359857676261113,0,R2019-00179
180,180,13668.161434977575,0.3494963184620345,-0.1151374151177071,0,R2019-00180
181,181,36094.73684210527,0.3117510587013458,-0.160800530859081,0,R2022-00181
182,182,27519.25647058824,0.2117826014797755,0.0121673840625378,1,R2017-00182
183,183,21515.29411764706,0.3697757652485648,-0.1111992021319389,0,R2017-00183
184,184,94348.1427530954,0.2887790100198023,0.5509065263355514,3,R2021-00184
185,185,22199.56300072833,0.3251459629004233,0.379465666859746,3,R2021-00185
186,186,44190.33457249071,0.2876585569372037,0.1202826072849852,1,R2020-00186
187,187,2021.2201591511937,0.1735763515648207,0.2724225886576299,3,R2023-00187
188,188,50000.0,0.4257197520411613,0.0525019076551159,1,R2024-00188
189,189,226617.1003717472,0.2814523889805153,0.0841301061591764,2,R2020-00189
190,190,179816.46030589947,0.5161356002824997,-0.1625090849089633,0,R2021-00190
191,191,391083.1306352941,0.3607900282692901,0.420213451291122,3,R2017-00191
192,192,10000.0,0.2209988005570284,-0.0033532426673912,0,R2025-00192
193,193,70000.0,0.1257587668578168,0.0794467758964555,1,R2024-00193
194,194,95458.12090313184,0.397696115058486,0.0026925904796545,0,R2021-00194
195,195,11390.13452914798,0.2964730088075709,0.5838963634895884,3,R2019-00195
196,196,227375.6694720735,0.3086889355077081,0.0301022011180368,0,R2018-00196
197,197,35759.77964804898,0.1134740741279405,0.0641282836045828,1,R2018-00197
198,198,16649.67225054625,0.2372320816932974,0.4475603434430056,3,R2021-00198
199,199,11952.94117647059,0.4654455609097198,-0.2094039277417708,0,R2017-00199
200,200,95623.52941176471,0.1843802539781982,0.1830262264283497,1,R2017-00200
201,201,5000.0,0.0664512120570824,0.0898352127070908,1,R2025-00201
202,202,151045.79630895422,0.3557912737669689,-0.0181963512070741,0,R2022-00202
203,203,6413.159908186688,0.3048941261248549,0.5942277527188172,3,R2018-00203
204,204,130000.0,0.3010084913936378,0.136234071310227,1,R2024-00204
205,205,33299.3445010925,0.2261722596037234,0.0845366008266803,1,R2021-00205
206,206,87452.18056618211,0.2680366869596937,0.0020830932674121,0,R2018-00206
207,207,23320.58148431523,0.1608932607869024,0.1944325605316337,1,R2018-00207
208,208,108293.64705882352,0.3132007352561569,0.6326529865746731,3,R2017-00208
209,209,55583.55437665783,0.436135650153148,-0.0620292132450397,0,R2023-00209
210,210,5596.939556235655,0.2851290627850798,0.2325329933060161,1,R2018-00210
211,211,59764.705882352944,0.369947562781354,-0.0248091177958709,0,R2017-00211
212,212,139923.48890589137,0.2222095148205425,0.0866937611329637,0,R2018-00212
213,213,47811.76470588236,0.1359515828555282,0.2225906255780134,1,R2017-00213
214,214,23320.58148431523,0.4183877368936818,-0.1265033592354874,0,R2018-00214
215,215,50000.0,0.3621454928753249,-0.0244357362302634,0,R2024-00215
216,216,22780.26905829596,0.3258596078951191,0.4218806983532946,3,R2019-00216
217,217,22199.56300072833,0.2407342876503359,0.3347172030042096,3,R2021-00217
218,218,56950.67264573991,0.4492320461070618,-0.0504398036377458,0,R2019-00218
219,219,67985.13011152417,0.3638475700523086,0.2032193398649574,1,R2020-00219
220,220,11390.13452914798,0.2500196952198464,0.2259530180957031,1,R2019-00220
221,221,15000.0,0.3861804028560007,-0.1929792356304771,0,R2025-00221
222,222,29150.72685539404,0.3201390296168915,-0.1126459294124188,0,R2018-00222
223,223,150000.0,0.3734244219683164,0.1612694923038018,1,R2025-00223
224,224,59764.705882352944,0.2966672025619364,0.1164080742316296,1,R2017-00224
225,225,5830.145371078807,0.2815275944576575,0.3781129090367728,3,R2018-00225
226,226,2278.026905829596,0.2178756748740171,0.2299722106247913,1,R2019-00226
227,227,56950.67264573991,0.3346088889413536,-0.0515347230940872,0,R2019-00227
228,228,44399.12600145666,0.4608611350490854,0.0182256740423802,0,R2021-00228
229,229,35858.82352941176,0.2745739229619444,-0.0554338981973143,0,R2017-00229
230,230,651000.0,0.3777782790227122,-0.1274470983521706,2,R2024-00230
231,231,75795.75596816976,0.1319999411387562,0.147845151909161,1,R2023-00231
232,232,226617.1003717472,0.255725042375908,0.234023553296224,2,R2020-00232
233,233,130211.89336978811,0.318507855049125,0.1005287046620895,1,R2022-00233
234,234,5689.372197309417,0.2376444692879329,0.1706683802207678,1,R2019-00234
235,235,55969.39556235656,0.3190288182256847,0.2149819587702766,1,R2018-00235
236,236,28475.33632286996,0.1477247714168341,0.1011599057030563,1,R2019-00236
237,237,303183.02387267904,0.2547211864574697,-0.0019889616367173,2,R2023-00237
238,238,5247.130833970927,0.2001245179923651,0.3910364472725181,3,R2018-00238
239,239,1195.2941176470588,0.2461308432317414,0.2117808810271573,1,R2017-00239
240,240,55498.90750182082,0.5243924380830451,-0.3534706908120554,5,R2021-00240
241,241,9328.232593726092,0.2347476168963835,0.1515337912721981,1,R2018-00241
242,242,15625.427204374571,0.26352165229512,0.5676428917688057,3,R2022-00242
243,243,40000.0,0.1496106245938612,0.1068736530143763,1,R2024-00243
244,244,45560.53811659192,0.4735630703385329,0.0449663339067104,0,R2019-00244
245,245,3498.0872226472848,0.2464794971231913,0.1240615962271254,1,R2018-00245
246,246,5053.050397877984,0.3853141604698264,-0.0919931866172056,0,R2023-00246
247,247,5830.145371078807,0.2406998952962403,0.361536682550664,3,R2018-00247
248,248,199796.0670065549,0.4254755720539516,0.4621505751805174,3,R2021-00248
249,249,11952.94117647059,0.2087006265451043,0.1404067211262889,1,R2017-00249
250,250,85426.00896860987,0.3331946009420806,0.3830391428852805,3,R2019-00250
251,251,4556.053811659192,0.2751121699014413,0.1688889183503685,1,R2019-00251
252,252,3417.0403587443943,0.3147485563671685,0.6497474411247172,3,R2019-00252
253,253,5976.470588235295,0.2051832018081072,0.2788067607934862,1,R2017-00253
254,254,52084.75734791524,0.4374341913410177,-0.0762837690999209,0,R2022-00254
255,255,79730.94170403587,0.4991477709971831,-0.1132097922743012,0,R2019-00255
256,256,116602.90742157616,0.3985301746150799,0.173313204248427,1,R2018-00256
257,257,2278.026905829596,0.1658597543839851,0.2004105206274253,1,R2019-00257
258,258,4664.116296863046,0.1959637614093673,0.1183706389773875,1,R2018-00258
259,259,906.4684014869888,0.173615253362954,0.2386152311794003,1,R2020-00259
260,260,167341.17647058822,0.3048887705002092,-0.0290809622258609,0,R2017-00260
261,261,3329.9344501092496,0.2597478257205468,0.163519012865046,1,R2021-00261
262,262,11099.781500364164,0.3434976546070951,0.2764636218824016,0,R2021-00262
263,263,10416.95146958305,0.2852575923309594,0.2234670792093629,0,R2022-00263
264,264,11390.13452914798,0.2901656115676456,0.375211564591999,1,R2019-00264
265,265,50530.50397877984,0.1466528008942594,0.0690151964627351,1,R2023-00265
266,266,5830.145371078807,0.2842509342248945,0.6279730825898788,3,R2018-00266
267,267,53788.23529411765,0.2756455210074534,0.1848939585154705,1,R2017-00267
268,268,40000.0,0.1757904039493846,0.1021454090993109,1,R2024-00268
269,269,34559.10780669145,0.3425145575298864,0.641612193689826,3,R2020-00269
270,270,56654.2750929368,0.4106562397435355,-0.0211324423543258,0,R2020-00270
271,271,226617.1003717472,0.4544583848248791,-0.0436786492979595,0,R2020-00271
272,272,174904.36113236425,0.4711428375549792,-0.1039677812730283,0,R2018-00272
273,273,113308.5501858736,0.3035821358083789,-0.0645267795880841,0,R2020-00273
274,274,339925.6505576208,0.3714126912947026,0.041118004900719,0,R2020-00274
275,275,111623.3183856502,0.4083429965430224,-0.0439346505880448,0,R2019-00275
276,276,169962.8252788104,0.4001912839932686,-0.0028001279299407,0,R2020-00276
277,277,46876.28161312372,0.2382412779669223,0.1277632149667774,1,R2022-00277
278,278,74000.0,0.1916210576999282,0.2113372459924659,3,R2024-00278
279,279,5976.470588235295,0.3430715579243861,-0.0429527447262041,0,R2017-00279
280,280,87452.18056618211,0.2094117129990951,0.1659554612249748,1,R2018-00280
281,281,520.8475734791524,0.1033099749517585,0.1288432100636495,1,R2022-00281
282,282,15159.151193633952,0.5635071259061387,-0.3759986783578334,5,R2023-00282
283,283,4664.116296863046,0.2924698335612629,0.6416345066060709,3,R2018-00283
284,284,25000.0,0.2862166127042858,0.2689036645419257,3,R2025-00284
285,285,31077.64705882353,0.3781572634355132,0.0177378545641183,0,R2017-00285
286,286,29882.352941176472,0.262762037957278,0.0108443607152569,1,R2017-00286
287,287,45560.53811659192,0.140952787814167,0.1170579132358339,1,R2019-00287
288,288,16996.28252788104,0.267533206251252,-0.0020858984009603,0,R2020-00288
289,289,4439.912600145666,0.2532875373859031,0.2149513275340808,1,R2021-00289
290,290,59764.705882352944,0.2667062777336041,0.6263966268237381,3,R2017-00290
291,291,5125.560538116592,0.2532560604953516,0.1681290914481125,1,R2019-00291
292,292,2266.171003717472,0.1725914306475107,0.0003572075394634,1,R2020-00292
293,293,78127.13602187287,0.3702736250429541,0.468367397401876,3,R2022-00293
294,294,57374.117647058825,0.350927480292974,0.2137920861987853,1,R2017-00294
295,295,22199.56300072833,0.196108527524196,-0.0531124054844616,1,R2021-00295
296,296,11330.85501858736,0.3170739310771467,0.2431364635748444,1,R2020-00296
297,297,133197.37800437,0.4282914711226631,-0.0034578386547339,0,R2021-00297
298,298,5976.470588235295,0.2746802739072489,0.2421227007846459,1,R2017-00298
299,299,303183.02387267904,0.5220821383498334,-0.4830135984515536,5,R2023-00299
300,300,59467.48278500384,0.4015772004425589,-0.0496563905774664,0,R2018-00300
301,301,716017.2413793104,0.12965184133877,0.0271867101400221,2,R2023-00301
302,302,52078.0,0.1796628722065144,0.0150263274666172,0,R2024-00302
303,303,2083390.2939166096,0.2150017917236563,-0.0280668185359775,4,R2022-00303
304,304,35858.82352941176,0.2318734460841308,0.0921263872771868,1,R2017-00304
305,305,1000.0,0.2004491568019503,-0.0452078068166958,1,R2025-00305
306,306,300656.49867374,0.2578984246544685,-0.1096057910353803,2,R2023-00306
307,307,478117.6470588236,0.2983133947232,-0.1064721297460149,2,R2017-00307
308,308,569506.7264573991,0.2756262844184273,-0.0734039293353843,2,R2019-00308
309,309,18000.0,0.1659442770862349,0.1124995855847613,1,R2024-00309
310,310,22199.56300072833,0.2830961310374181,0.1908610499315396,1,R2021-00310
311,311,34980.87222647284,0.3376315649980856,-0.1352465385308273,0,R2018-00311
312,312,206630.6203448276,0.269852947688577,-0.0208159949524841,0,R2023-00312
313,313,70000.0,0.2920426109379131,-0.1155616483930296,0,R2024-00313
314,314,59764.705882352944,0.2675231514282407,-0.0088310528151228,0,R2017-00314
315,315,40000.0,0.3386891350488504,-0.1576810822210422,0,R2024-00315
316,316,4500.0,0.2164259567084788,-0.0467704787395849,1,R2024-00316
317,317,22661.71003717472,0.1162618577806184,0.12215834348096,1,R2020-00317
318,318,116602.90742157616,0.3835795197836401,-0.1662870385309643,0,R2018-00318
319,319,16649.67225054625,0.2504689567351593,-0.0312465537727435,0,R2021-00319
320,320,34980.87222647284,0.2893810548423161,0.0621333121720866,0,R2018-00320
321,321,21089.58485069192,0.377470260552163,0.2413179931669379,3,R2021-00321
322,322,34980.87222647284,0.4303936072416316,-0.08819895442323,0,R2018-00322
323,323,44399.12600145666,0.4426338682639484,0.2835176511075694,3,R2021-00323
324,324,56950.67264573991,0.2007662797576109,0.0811794887607462,0,R2019-00324
325,325,190000.0,0.1885866711729345,0.0570375745624242,1,R2025-00325
326,326,60000.0,0.3301887618247708,0.0568081246773296,1,R2024-00326
327,327,202122.0159151193,0.1138518276714683,0.0083400030839632,1,R2023-00327
328,328,8333.561175666438,0.3913787433191969,0.0991016324675903,1,R2022-00328
329,329,74785.14588859417,0.3758988365956392,0.1487509352125613,1,R2023-00329
330,330,66598.689002185,0.3392965832982366,0.5302516937513908,3,R2021-00330
331,331,468762.8161312372,0.3454668785703116,0.185799665812049,2,R2022-00331
332,332,9989.80335032775,0.1729475054907613,0.0522912138361556,1,R2021-00332
333,333,27905.82959641256,0.1348700519867587,0.1961383481740493,1,R2019-00333
334,334,149411.76470588235,0.3920845975455538,-0.1593801414668905,0,R2017-00334
335,335,9562.35294117647,0.1882605606233705,0.0338808539080137,1,R2017-00335
336,336,110997.81500364163,0.5361581206242495,-0.4629842789947891,5,R2021-00336
337,337,46641.16296863046,0.320940233034813,0.012663997561514,0,R2018-00337
338,338,5230.0,0.2009987821737527,0.0324227926937104,0,R2025-00338
339,339,18000.0,0.2271847931569149,0.1497438107358777,1,R2024-00339
340,340,53788.23529411765,0.347157458999112,0.1895983455051728,1,R2017-00340
341,341,19979.6067006555,0.1022101174108108,0.0839790282915342,1,R2021-00341
342,342,8879.825200291332,0.1452853703133467,0.1704582896541842,1,R2021-00342
343,343,126326.2599469496,0.3756721947458105,0.0111337895272153,0,R2023-00343
344,344,199922.13260423788,0.1422239683254591,0.0497541652451762,1,R2022-00344
345,345,22209.62331838565,0.2773231883426208,0.6079239585817335,3,R2019-00345
346,346,22661.71003717472,0.1342555269007965,0.1682841540507795,1,R2020-00346
347,347,21528.624535315983,0.2892199302756788,0.5509496550249356,3,R2020-00347
348,348,77698.47050254916,0.2223543307729792,0.2473031361632375,1,R2021-00348
349,349,20000.0,0.5633116860740127,-0.4951128207760194,5,R2024-00349
350,350,85000.0,0.4141371492249694,-0.3510308695110845,5,R2024-00350
351,351,340536.63,0.13361512966603,0.0461608828957254,2,R2024-00351
352,352,750000.0,0.138424674677025,0.0501638766129593,2,R2024-00352
353,353,245000.0,0.1896880290894416,-0.0451756669767247,1,R2024-00353
354,354,141485.41114058354,0.3188796346491444,0.1734815770883812,1,R2023-00354
355,355,4000.0,0.1014962822115582,0.0935965131558991,1,R2024-00355
356,356,510300.0,0.3492609930334186,-0.1433996650653184,2,R2025-00356
357,357,14125.0,0.1454450093948235,-0.145180429898097,1,R2024-00357
358,358,40000.0,0.1165240388412392,0.1326022756534357,1,R2024-00358
359,359,15000.0,0.1701194847097806,0.0645862192185809,1,R2024-00359
360,360,90000.0,0.5586854892871276,-0.5485444782752502,5,R2024-00360
361,361,60000.0,0.4623371691318262,-0.4352974175514421,5,R2024-00361
362,362,12000.0,0.2577736995303527,-0.1195753013743998,0,R2024-00362
363,363,250000.0,0.2128944463086696,-0.0812888582925863,2,R2024-00363
364,364,100000.0,0.2959266232812657,0.4997603401556995,3,R2024-00364
365,365,677072.0,0.2823089181284592,-0.0369254938277343,2,R2024-00365
366,366,481845.05,0.2575186936065307,-0.0186264342338717,2,R2024-00366
367,367,180000.0,0.4789212306391256,-0.1706815169580645,0,R2024-00367
368,368,19000.0,0.2199281558273791,0.0806754642208324,1,R2025-00368
369,369,1500.0,0.2097292896217977,-0.0457740111245581,0,R2024-00369
370,370,20000.0,0.548065608547164,-0.4036533377701106,5,R2025-00370
371,371,101061.00795755968,0.2998280644468499,0.0297127260270773,0,R2023-00371
372,372,18000.0,0.5093031221512434,-0.3395548892354806,5,R2024-00372
373,373,125000.0,0.4623371691318262,-0.4352974175514421,5,R2024-00373
374,374,85000.0,0.5586854892871276,-0.5485444782752502,5,R2024-00374
375,375,4000.0,0.316342128913901,0.0705192614536356,0,R2024-00375
376,376,7171.764705882353,0.2438233607818234,0.0199695754087315,0,R2017-00376
377,377,5976.470588235295,0.1861770248254936,0.0380965537437029,1,R2017-00377
378,378,116602.90742157616,0.1229019429460138,0.079661825457821,1,R2018-00378
379,379,114995.0,0.156901950552614,0.0376504813432741,1,R2024-00379
380,380,19000.0,0.226369372812024,-0.1240139439076976,1,R2024-00380
381,381,73000.0,0.2722544509550892,0.0696242847711011,1,R2024-00381
382,382,85000.0,0.2532286335433513,0.1095152068786403,1,R2024-00382
383,383,200000.0,0.1253363776883144,0.0554241190187626,1,R2024-00383
384,384,15000.0,0.2230920304933403,0.4916702214863424,3,R2024-00384
385,385,9500.0,0.2121500468324835,0.449418207811318,3,R2024-00385
386,386,85000.0,0.5023989993731854,-0.4968382727215955,5,R2024-00386
387,387,25000.0,0.3757838995477624,-0.3241302691686496,5,R2024-00387
388,388,275000.0,0.3129458959469921,0.1113796982949864,0,R2024-00388
389,389,11200.0,0.1500071358813679,0.1495695929561414,1,R2024-00389
390,390,7000.0,0.3643210306984716,-0.0643824529269975,0,R2024-00390
391,391,240000.0,0.3210758759829122,0.246012595861172,1,R2024-00391
392,392,50000.0,0.5586854892871276,-0.5485444782752502,5,R2024-00392
393,393,210000.0,0.2891020856487002,0.327390630898243,2,R2024-00393
394,394,100000.0,0.1450944610224098,0.1449352705820022,1,R2024-00394
395,395,19950.0,0.1557988694397351,-0.0304457100051847,1,R2024-00395
396,396,85000.0,0.3435834633720329,-0.301300508917113,0,R2024-00396
397,397,90000.0,0.1283004422940575,-0.1005799133263788,1,R2024-00397
398,398,10000.0,0.5586854892871276,-0.5485444782752502,5,R2024-00398
399,399,80000.0,0.5586854892871276,-0.5485444782752502,5,R2024-00399
400,400,20000.0,0.2582023407755743,0.3372679146454954,1,R2024-00400
401,401,6000.0,0.2897326688730773,-0.1746415225481281,0,R2024-00401
402,402,28327.1375464684,0.2915796673597811,-0.0205092827139533,0,R2020-00402
403,403,18000.0,0.224802425262227,0.1863985772801072,1,R2024-00403
404,404,300000.0,0.1762706225165737,0.0933198114670746,1,R2025-00404
405,405,10000.0,0.3571744692209856,-0.2991854194086827,0,R2024-00405
406,406,25000.0,0.5098446110227626,-0.4685375803354233,5,R2024-00406
407,407,100012.5,0.5586854892871276,-0.5485444782752502,5,R2024-00407
408,408,406000.0,0.2764142864463467,0.002974999157956,2,R2025-00408
409,409,200000.0,0.2785783091550728,0.1014308206278078,2,R2025-00409
410,410,17500.0,0.4031445337262311,-0.3296626220585169,5,R2024-00410
411,411,10000.0,0.5586854892871276,-0.5485444782752502,5,R2024-00411
412,412,500000.0,0.3802311445519201,-0.2839337759794569,0,R2024-00412
413,413,62100.0,0.2598735419115018,-0.0132426295733361,0,R2025-00413
414,414,116500.0,0.2764142864463467,0.002974999157956,0,R2025-00414
415,415,500000.0,0.134162045657296,0.0530268549577538,2,R2025-00415
416,416,18000.0,0.3246700512614371,0.0871074639268003,1,R2025-00416
417,417,50000.0,0.3923632115808081,-0.3315149700760364,5,R2024-00417
418,418,50000.0,0.1985244063013525,0.1500553967216928,1,R2025-00418
419,419,26980.0,0.1406802507143756,-0.0344440961689753,1,R2025-00419
420,420,24000.0,0.5443720552841478,-0.4663309379970129,5,R2024-00420
421,421,240000.0,0.5062248777555781,-0.1823485293417963,0,R2025-00421
422,422,23485.0,0.0283935415562536,0.0313221642584643,1,R2025-00422
423,423,1000000.0,0.3533774997180647,-0.2908602149723626,2,R2025-00423
424,424,19000.0,0.4652834806713883,-0.1467671192244598,0,R2025-00424
425,425,250000.0,0.2458942695811445,0.1079859843743264,2,R2025-00425
426,426,5000.0,0.5586854892871276,-0.5485444782752502,5,R2025-00426
427,427,250000.0,0.5586854892871276,-0.5485444782752502,5,R2024-00427
428,428,232440.31830238728,0.2634741867474285,-0.0088515208621172,1,R2023-00428
429,429,50000.0,0.5586854892871276,-0.5485444782752502,5,R2024-00429
430,430,5000.0,0.0663308294210388,0.0910032248015677,1,R2024-00430
431,431,2021.2201591511937,0.2422734824582859,-0.1079426741300386,0,R2023-00431
432,432,484685.1264524949,0.2868042852578358,0.4037840048233098,3,R2022-00432
433,433,93282.32593726092,0.3082515386923884,-0.0436335486415206,0,R2018-00433
434,434,46641.16296863046,0.3245091068790465,0.60433315645328,3,R2018-00434
435,435,118812.23529411764,0.3927267457922127,-0.003386167075013,0,R2017-00435
436,436,15159.151193633952,0.1598161227202758,0.1177281535123476,1,R2023-00436
437,437,24488.78923766816,0.2165242665385098,0.1239450108408971,1,R2019-00437
438,438,99112.47130833972,0.4590048305739278,-0.1423445019556348,0,R2018-00438
439,439,956.2352941176472,0.2675693140559525,0.6235288629272479,3,R2017-00439
440,440,121273.20954907162,0.3320621283873444,-0.1580973564369794,0,R2023-00440
441,441,28019.730941704034,0.3411488037210967,0.1879589753675258,1,R2019-00441
442,442,124639.40520446096,0.3376132760395602,0.0666923905646618,0,R2020-00442
443,443,155388.23529411765,0.4156329512364454,-0.0535356809080658,0,R2017-00443
444,444,20988.523335883707,0.3982949495437008,-0.2095394559167668,0,R2018-00444
445,445,41835.294117647056,0.4776066459797355,-0.1000738143444985,0,R2017-00445
446,446,41835.294117647056,0.3413152378051756,0.1960420059035435,1,R2017-00446
447,447,68340.80717488789,0.2684997243806418,0.1053955212115131,0,R2019-00447
448,448,116602.90742157616,0.2729793165225571,-0.0358995483237355,0,R2018-00448
449,449,209176.4705882353,0.2280330666679097,0.0027185743758103,0,R2017-00449
450,450,3750.102529049898,0.2727547927689724,0.3763038837430197,3,R2022-00450
451,451,22780.26905829596,0.2843296472180687,0.4017105063757303,1,R2019-00451
452,452,52471.30833970927,0.3120219160113788,0.0727982602172848,1,R2018-00452
453,453,45560.53811659192,0.4428454557488404,0.0425055746728477,0,R2019-00453
454,454,17929.41176470588,0.4215377103188112,-0.1558560502878802,0,R2017-00454
455,455,138747.26875455206,0.26330357295963,0.2155636222907543,1,R2021-00455
456,456,597.6470588235294,0.2261868046729542,0.0297384117887265,0,R2017-00456
457,457,58301.45371078808,0.1679371458700937,0.1020157568241659,1,R2018-00457
458,458,9479.425837320574,0.3731641158554794,-0.2169168361893501,0,R2022-00458
459,459,87452.18056618211,0.2424069850013446,-0.0569565487394624,1,R2018-00459
460,460,8367.058823529413,0.268968169530009,-0.006184578130592,0,R2017-00460
461,461,239058.8235294117,0.2752365196194861,-0.0632554978181978,2,R2017-00461
462,462,256526.39632746755,0.3355747364024537,-0.1244002515403848,0,R2018-00462
463,463,443091.0482019894,0.2508935843562633,-0.1231302920618737,2,R2018-00463
464,464,17929.41176470588,0.3864878651088595,-0.2876147009766422,0,R2017-00464
465,465,95623.52941176471,0.3376315649980856,-0.1352465385308273,0,R2017-00465
466,466,31250.854408749143,0.3017607332303784,0.4744110379584795,3,R2022-00466
467,467,5000.0,0.0923705528824668,0.0906304533147909,1,R2025-00467
468,468,2390.5882352941176,0.2716592097145312,-0.0510075089466741,0,R2017-00468
469,469,30318.302387267904,0.3105267561030133,0.0759183692876071,0,R2023-00469
470,470,25265.25198938992,0.4404158116447433,-0.2653503946729083,0,R2023-00470
471,471,12127.320954907162,0.3303602919273272,-0.0214688713564322,0,R2023-00471
472,472,80848.80636604775,0.5899328654438512,-0.4423211598477445,5,R2023-00472
473,473,1664.9672250546248,0.3537241662211458,0.0156565017471986,0,R2021-00473
474,474,131379.3103448276,0.2495554358698595,-0.0142856364083731,0,R2023-00474
475,475,85901.85676392572,0.1969081729164777,0.0120629347012561,0,R2023-00475
476,476,25265.25198938992,0.3207516254733251,-0.10083061007031,0,R2023-00476
477,477,10106.100795755969,0.2538283164072751,-0.1043574022066855,1,R2023-00477
478,478,8000.0,0.2647407714419218,-0.0144668747134484,0,R2025-00478
479,479,95000.0,0.5586854892871276,-0.5485444782752502,5,R2024-00479
480,480,65689.6551724138,0.2825103203756274,-0.1983441857787671,0,R2023-00480
481,481,83248.36125273124,0.3704279301853631,0.0565959426900871,0,R2021-00481
482,482,10106.100795755969,0.2004822429047466,-0.2262704596822947,1,R2023-00482
483,483,8893.368700265251,0.246673657480774,-0.0796961575651497,0,R2023-00483
484,484,230000.0,0.3106400611740165,0.3423619851145634,3,R2024-00484
485,485,75795.75596816976,0.3910046202857692,0.3325350168215671,3,R2023-00485
486,486,505.3050397877984,0.1338487091923309,0.0852434506011309,1,R2023-00486
487,487,1562.542720437457,0.3168708259556116,-0.0467969298384475,0,R2022-00487
488,488,20212.201591511937,0.3685484979972093,-0.0465741871948608,0,R2023-00488
489,489,6996.1744452945695,0.1614968535164437,0.1035283907549989,1,R2018-00489
490,490,110997.81500364163,0.0971954729727576,0.1473541149498895,1,R2021-00490
491,491,18000.0,0.3587419183665637,-0.0664435628828421,0,R2024-00491
492,492,215000.0,0.2898244085509736,0.4331564793317626,3,R2024-00492
493,493,202122.0159151193,0.2832598373698043,-0.1038340349555889,1,R2023-00493
494,494,202122.0159151193,0.103526890259807,0.0159131326483264,1,R2023-00494
495,495,35371.352785145886,0.2423889421746858,-0.0026894379103411,0,R2023-00495
496,496,96007.9575596817,0.5586854892871276,-0.5485444782752502,5,R2023-00496
497,497,252652.5198938992,0.3521235804782515,-0.0226639178801512,0,R2023-00497
498,498,5432.029177718833,0.321334302947258,-0.1118585444585078,0,R2023-00498
499,499,174904.36113236425,0.5213884737648664,-0.3002793171778607,0,R2018-00499
500,500,3031.8302387267904,0.1941000284386256,0.1407814537116885,1,R2023-00500
501,501,111167.10875331564,0.454365710805433,-0.2698800224461155,0,R2023-00501
502,502,70742.70557029177,0.4141371492249694,-0.3510308695110845,5,R2023-00502
503,503,220450.0,0.255154804856505,0.1561203337698407,2,R2024-00503
504,504,145753.6342769702,0.4352774876536838,0.0172623669973039,0,R2018-00504
505,505,1178287.95,0.2882934358657065,-0.0182987276797135,2,R2025-00505
506,506,20212.201591511937,0.4195183213548275,-0.3015891715094889,0,R2023-00506
507,507,29300.0,0.3396313767636587,-0.1822689516529871,0,R2024-00507
508,508,8200.0,0.4349943585043789,-0.349647641951155,5,R2024-00508
509,509,42445.623342175066,0.1263563496426062,0.0365413146336787,1,R2023-00509
510,510,606366.0477453581,0.3828926479738874,-0.14949591232118,2,R2023-00510
511,511,2326.95,0.3636091357229827,-0.0829227346799676,0,R2024-00511
512,512,15159.151193633952,0.4156976423545553,-0.2347277266422534,0,R2023-00512
513,513,3415.862068965517,0.2453490047116733,0.1647161250736882,1,R2023-00513
514,514,101061.00795755968,0.2819926410667885,0.0631765926945634,1,R2023-00514
515,515,12127.320954907162,0.4315003447564739,-0.3456045554365258,5,R2023-00515
516,516,68000.0,0.2614870663303081,0.1721136032531035,1,R2024-00516
517,517,15159.151193633952,0.4650245324218923,-0.4197490704091128,5,R2023-00517
518,518,88933.68700265251,0.4520828574052331,0.3092190500522934,3,R2023-00518
519,519,56000.0,0.1798944231502369,-0.0223273321868993,1,R2024-00519
520,520,798381.9628647214,0.2484323019245678,0.2034914232817294,2,R2023-00520
521,521,2021.2201591511937,0.1958732344579134,0.0180429565015652,1,R2023-00521
522,522,18190.981432360742,0.2523549983218806,-0.074312705654163,0,R2023-00522
523,523,156254.27204374573,0.2180495045440281,0.0788367816325597,1,R2022-00523
524,524,115000.0,0.3065824587958559,0.1331235031472416,0,R2024-00524
525,525,18190.981432360742,0.5094793434224739,-0.4335660892416188,5,R2023-00525
526,526,7579.575596816976,0.2177369168655033,0.0447076154317955,1,R2023-00526
527,527,300000.0,0.5586854892871276,-0.5485444782752502,5,R2024-00527
528,528,19000.0,0.497676707184441,-0.4037060403283553,5,R2025-00528
529,529,175000.0,0.1850554133729375,0.036156754100465,1,R2024-00529
530,530,5000.0,0.5586854892871276,-0.5485444782752502,5,R2024-00530
531,531,120000.0,0.2924947883857504,0.4930980347482722,3,R2025-00531
532,532,25265.25198938992,0.5098446110227626,-0.4685375803354233,5,R2023-00532
533,533,50530.50397877984,0.4623371691318262,-0.4352974175514421,5,R2023-00533
534,534,70742.70557029177,0.1185385431327954,0.1328365359540503,1,R2023-00534
535,535,40000.0,0.1912836356002841,0.1727650265163396,1,R2024-00535
536,536,5000.0,0.5586854892871276,-0.5485444782752502,5,R2024-00536
537,537,85901.85676392572,0.2429510992361855,0.0249923733210711,0,R2023-00537
538,538,15411.87969924812,0.1689510937473657,-0.0098552101595359,1,R2022-00538
539,539,16996.28252788104,0.1386560893384163,0.1847538272412644,1,R2020-00539
540,540,121273.20954907162,0.1505898067936827,0.1960763076172054,1,R2023-00540
541,541,89647.05882352941,0.3397814085467186,-0.0001482905248898,0,R2017-00541
542,542,21641.255605381164,0.2770983990416188,0.2145313517319867,1,R2019-00542
543,543,12127.320954907162,0.2419936176308419,0.1447148736209405,1,R2023-00543
544,544,57374.117647058825,0.2406929070138529,0.1214471680592463,1,R2017-00544
545,545,47811.76470588236,0.4203567798064086,-0.0333507256452006,0,R2017-00545
546,546,2390.5882352941176,0.1948051827178678,0.1297784020822297,1,R2017-00546
547,547,3551.9300801165327,0.1864030971072618,0.1005595807098727,1,R2021-00547
548,548,73650.55762081784,0.3101644865074369,0.190756802349372,3,R2020-00548
549,549,5000.136705399864,0.2979448105484315,0.4288106066314673,3,R2022-00549
550,550,2266.171003717472,0.1498476248716165,0.1373474051684569,1,R2020-00550
551,551,2988.235294117648,0.290543733768864,0.6400800940776535,3,R2017-00551
552,552,82693.37217771303,0.1609385947744711,0.1523015877016636,1,R2021-00552
553,553,25353.0,0.1608631569153069,-0.0177055772123772,1,R2024-00553
554,554,34170.40358744394,0.301646218318197,0.5894485071582624,3,R2019-00554
555,555,29969.41005098325,0.2136271933082521,0.060935016601799,0,R2021-00555
556,556,73650.55762081784,0.2596529859932666,-0.0353675336892635,0,R2020-00556
557,557,166671.2235133288,0.0545039698491296,0.0062524561521445,1,R2022-00557
558,558,16535.602122015916,0.1472067508755659,-0.0937020487244898,1,R2023-00558
559,559,20678.6,0.1472067508755659,-0.0937020487244898,1,R2024-00559
560,560,29882.352941176472,0.2543464643019522,0.4736907430436736,3,R2017-00560
561,561,94348.1427530954,0.3589235461826446,-0.0095939609639263,0,R2021-00561
562,562,116547.70575382374,0.3110339856246211,-0.0363064970176952,0,R2021-00562
563,563,2050.2242152466365,0.2335268393733709,0.3511053135578452,3,R2019-00563
564,564,35440.470588235294,0.2388494449108802,0.1103060255191111,1,R2017-00564
565,565,13668.161434977575,0.1445128911809686,0.1657812036986963,1,R2019-00565
566,566,18750.512645249488,0.1680828200266986,0.1709708194154329,1,R2022-00566
567,567,3900000.0,0.2363360899815201,0.0730220233566028,4,R2024-00567
568,568,200000.0,0.4854738257927934,-0.0893648439742193,0,R2024-00568
569,569,65435.0,0.4584879353001453,-0.3900563900597911,5,R2024-00569
570,570,2000.0,0.213318844120991,0.0355347312242939,1,R2024-00570
571,571,500000.0,0.2743860836248727,0.1073487973212333,2,R2024-00571
572,572,5000.0,0.1501759739114075,-0.163772850367322,1,R2024-00572
573,573,200000.0,0.5586854892871276,-0.5485444782752502,5,R2024-00573
574,574,18000.0,0.4869024478566738,-0.3866861308263751,5,R2024-00574
575,575,82138.38310269482,0.3049979071842681,-0.1610641891879055,0,R2021-00575
576,576,19000.0,0.3510429897364869,-0.1842116668148567,0,R2024-00576
577,577,176856.76392572944,0.2158459486061174,0.1061951146152033,1,R2023-00577
578,578,15000.0,0.5586854892871276,-0.5485444782752502,5,R2024-00578
579,579,60000.0,0.4650245324218923,-0.4197490704091128,5,R2024-00579
580,580,180000.0,0.5586854892871276,-0.5485444782752502,5,R2024-00580
581,581,250000.0,0.5586854892871276,-0.5485444782752502,5,R2024-00581
582,582,65000.0,0.3013045113107985,0.0583425451516432,1,R2024-00582
583,583,15000.0,0.4650245324218923,-0.4197490704091128,5,R2024-00583
584,584,375000.0,0.2915313664781186,0.1024094524987729,0,R2024-00584
585,585,18500.0,0.2922399618595792,-0.0306481000780235,0,R2024-00585
586,586,25000.0,0.2842456555178823,0.3113086030987327,3,R2024-00586
587,587,25000.0,0.5586854892871276,-0.5485444782752502,5,R2024-00587
588,588,101061.00795755968,0.4435037189452251,-0.3597231982105351,5,R2023-00588
589,589,24400.0,0.5586854892871276,-0.5485444782752502,5,R2024-00589
590,590,150000.0,0.2314735800527238,0.15332074107673,1,R2024-00590
591,591,5000.0,0.4804428086664737,-0.3545378240275683,5,R2024-00591
592,592,10000.0,0.253158950649766,-0.0776733029517391,0,R2024-00592
593,593,90000.0,0.1817130477755361,-0.1059742979786845,1,R2024-00593
594,594,3000.0,0.2738973155328404,0.0796025610185046,1,R2024-00594
595,595,98961.03896103895,0.1484801170573502,0.3356364658084458,3,R2022-00595
596,596,20231.7,0.2306174306635676,0.1437592008761914,3,R2025-00596
597,597,500000.0,0.0592248409269023,0.0412160366429215,2,R2024-00597
598,598,115000.0,0.3404068572193721,-0.1923291244990357,0,R2024-00598
599,599,50000.0,0.3815508379274944,-0.1908123023048765,0,R2024-00599
600,600,40000.0,0.4578535252250663,-0.3293078109285994,5,R2024-00600
601,601,17356.34276970161,0.3242262158498158,0.1592899814676852,0,R2018-00601
602,602,35000.0,0.1377558231069707,0.1457276496369964,1,R2024-00602
603,603,27012.97,0.1611784340112119,-0.0083931320844795,1,R2025-00603
604,604,156254.27204374573,0.1565897042642546,0.1537317058886937,1,R2022-00604
605,605,60000.0,0.2844437903835183,0.0652678667740446,1,R2024-00605
606,606,35000.0,0.4623371691318262,-0.4352974175514421,5,R2024-00606
607,607,8000.0,0.1411897836236801,0.0943572833658469,1,R2025-00607
608,608,8000.0,0.1993699465460836,0.1681862782408241,3,R2024-00608
609,609,15000.0,0.2827490754962147,-0.198273001013929,0,R2024-00609
610,610,68000.0,0.2763398455459661,0.4925184946760967,3,R2024-00610
611,611,38000.0,0.3387879805992123,-0.0047481137099911,0,R2024-00611
612,612,7812.713602187287,0.3917472493762165,-0.1002477648352324,0,R2022-00612
613,613,203010.3421750663,0.2387263251796667,0.0100477710011655,0,R2023-00613
614,614,40424.40318302388,0.5633116860740127,-0.4951128207760194,5,R2023-00614
615,615,52084.75734791524,0.370179182852439,0.0224203175155559,0,R2022-00615
616,616,74000.0,0.5586854892871276,-0.5485444782752502,5,R2024-00616
617,617,174999.8574709501,0.4216989474301853,-0.0180970782672668,0,R2022-00617
618,618,150000.0,0.2074857168410267,0.092309701749455,1,R2024-00618
619,619,55583.55437665783,0.1562537910498902,0.1143656026422667,1,R2023-00619
620,620,105000.0,0.5586854892871276,-0.5485444782752502,5,R2024-00620
621,621,85000.0,0.5549938058662975,-0.4432090249051825,5,R2024-00621
622,622,78127.13602187287,0.2457255137950266,0.0746638613961805,1,R2022-00622
623,623,67710.18455228982,0.1968113049070238,0.0563056151951421,1,R2022-00623
624,624,20833.9029391661,0.2438545114348786,0.0455697380012844,1,R2022-00624
625,625,212228.11671087533,0.2331119809058705,0.0932536541437576,0,R2023-00625
626,626,209901.5721120984,0.3730813252362475,0.0377115307701826,0,R2022-00626
627,627,39089.37716180371,0.2574020823254235,0.2432008856597359,1,R2023-00627
628,628,40424.40318302388,0.2130746048873723,0.2088043381009299,1,R2023-00628
629,629,70000.0,0.1772640673774697,0.1364342439844467,1,R2025-00629
630,630,30318.302387267904,0.5586854892871276,-0.5485444782752502,5,R2023-00630
631,631,45477.453580901856,0.3582043496313109,-0.1597906305312183,0,R2023-00631
632,632,318342.175066313,0.4380931011430043,-0.1416316628137997,0,R2023-00632
633,633,151591.51193633952,0.4180825121570297,0.4543883606767568,3,R2023-00633
634,634,73000.0,0.5586854892871276,-0.5485444782752502,5,R2024-00634
635,635,10000.0,0.2344548084044901,0.1249606010393759,1,R2024-00635
636,636,2083.3902939166096,0.5815421422288932,-0.3291901316704147,5,R2022-00636
637,637,505305.0397877984,0.3449273388726643,0.1885712921812504,2,R2023-00637
638,638,252652.5198938992,0.1310189277522718,0.1959549393901923,1,R2023-00638
639,639,49519.893899204246,0.2383374894989028,0.0889808571050889,1,R2023-00639
640,640,25770.55702917772,0.3249435493390937,0.3620614987668067,1,R2023-00640
641,641,20212.201591511937,0.2409100414233634,0.3870333154815896,3,R2023-00641
642,642,100000.0,0.2734711281891799,0.0773247404756562,1,R2024-00642
643,643,5053.050397877984,0.1988275026353547,0.1393614610440788,1,R2023-00643
644,644,25000.0,0.2664347715369501,0.1793954108228504,1,R2024-00644
645,645,505305.0397877984,0.3148281896679423,0.2104510692702912,2,R2023-00645
646,646,13542.036910457964,0.3039419692125824,0.0149887396733186,0,R2022-00646
647,647,52084.75734791524,0.309471033470386,0.1245006144928052,1,R2022-00647
648,648,630000.0,0.4262713165301321,-0.3650838761806753,0,R2024-00648
649,649,56654.2750929368,0.3975532010169846,0.0510478743151124,0,R2020-00649
650,650,74785.14588859417,0.3834346552304061,-0.0521023153828992,0,R2023-00650
651,651,37895.94491201225,0.2872791459540194,-0.0855523984852702,0,R2018-00651
652,652,153915.8377964805,0.3572496992955335,-0.1078387792925178,0,R2018-00652
653,653,126863.96327467484,0.2872791459540194,-0.0855523984852702,0,R2018-00653
654,654,116602.90742157616,0.2872791459540194,-0.0855523984852702,0,R2018-00654
655,655,125519.28251121075,0.3840004396816745,-0.16251442269299,0,R2019-00655
656,656,107857.68936495794,0.371432135686693,-0.1486492772201285,0,R2018-00656
657,657,36729.915837796485,0.3675755415666887,-0.1437807840871382,0,R2018-00657
658,658,29882.352941176472,0.3441547168952312,-0.0876105968033254,0,R2017-00658
659,659,191247.05882352943,0.4206759467742365,-0.1335527838778202,0,R2017-00659
660,660,6798.513011152416,0.3507512411748056,0.278530000748427,3,R2020-00660
661,661,50202.35294117647,0.2613917671495762,0.1141873363045393,1,R2017-00661
662,662,83670.58823529411,0.4891913621667703,-0.0937643173273193,0,R2017-00662
663,663,53190.58823529412,0.3376315649980856,-0.1352465385308273,0,R2017-00663
664,664,187661.17647058825,0.3051215275006995,-0.1102785755894123,0,R2017-00664
665,665,63350.58823529412,0.3051215275006995,-0.1102785755894123,0,R2017-00665
666,666,116541.17647058824,0.2872791459540194,-0.0855523984852702,0,R2017-00666
667,667,44823.52941176471,0.2757074533391799,-0.0552573783003457,0,R2017-00667
668,668,41596.23529411765,0.2872791459540194,-0.0855523984852702,0,R2017-00668
669,669,37312.93037490437,0.4552954599342487,-0.201951323209353,0,R2018-00669
670,670,224460.5967865341,0.3268912676648438,-0.1109470480544162,0,R2018-00670
671,671,63948.23529411765,0.2987591730773262,-0.0779652008646055,0,R2017-00671
672,672,114853.86381025251,0.371432135686693,-0.1486492772201285,0,R2018-00672
673,673,100000.0,0.4825014557018259,-0.3741089723747359,5,R2024-00673
674,674,210000.0,0.1718770039101722,0.1084212644107281,1,R2024-00674
675,675,56950.67264573991,0.3349109257304957,0.3227559613061838,3,R2019-00675
676,676,7931.598513011152,0.3505963263994664,0.0410416660111249,0,R2020-00676
677,677,1699.628252788104,0.2407037948623946,-0.0342075566864434,0,R2020-00677
678,678,25729.87012987013,0.0671351874418634,0.0373432234949286,1,R2022-00678
679,679,4249.07063197026,0.2656770769963898,0.2232864687850577,1,R2020-00679
680,680,4879.0661710037175,0.2081286235776136,0.3541915829147321,3,R2020-00680
681,681,150000.0,0.2910039325680556,0.1200467183360275,1,R2024-00681
682,682,20212.201591511937,0.514912882942107,-0.4687303325914677,5,R2023-00682
683,683,15159.151193633952,0.2739284121708272,0.4396779387818404,3,R2023-00683
684,684,45323.42007434944,0.3453088437760926,-0.0958049032725274,0,R2020-00684
685,685,25600.0,0.5586854892871276,-0.5485444782752502,5,R2024-00685
686,686,83248.36125273124,0.2971778150151458,0.3475412223638766,3,R2021-00686
687,687,95026.2156133829,0.2179394882801605,0.2318254427983781,1,R2020-00687
688,688,11330.85501858736,0.4456916797358647,-0.0345901907164339,1,R2020-00688
689,689,16996.28252788104,0.2914762141755652,0.5687293335258753,3,R2020-00689
690,690,77000.0,0.4662835795144989,-0.3287362999847607,0,R2024-00690
691,691,83335.6117566644,0.3327598735752691,0.1523987725650849,1,R2022-00691
692,692,19403.71352785145,0.2752655997066041,0.5070404335023705,3,R2023-00692
693,693,70000.0,0.3272810129742758,0.0424818027674577,1,R2024-00693
694,694,39584.41558441558,0.1698281942720213,0.1590558785622055,1,R2022-00694
695,695,505305.0397877984,0.183988600499637,0.0752809772877809,2,R2023-00695
696,696,3000.0,0.1482705513557936,0.1429504782801716,1,R2024-00696
697,697,5500.0,0.2237380224569283,0.0652789342221655,1,R2025-00697
698,698,1359.7026022304833,0.2139117715498729,0.099132704289835,1,R2020-00698
699,699,84981.4126394052,0.2882030618088051,0.1189699874478937,1,R2020-00699
700,700,4679.246542750929,0.412358445177521,-0.1929268743950242,0,R2020-00700
701,701,9064.684014869888,0.4345416954224665,-0.0588989658737401,0,R2020-00701
702,702,35000.0,0.1425128816947306,0.1701699658544157,1,R2025-00702
703,703,19262.453531598512,0.2926121629107949,0.0271988846596777,0,R2020-00703
704,704,90646.84014869887,0.3544543545449417,-0.0257098328445345,0,R2020-00704
705,705,2266.171003717472,0.2367333859243201,0.1644077341046036,1,R2020-00705
706,706,20282.23048327137,0.3111654410173997,-0.081787825894829,0,R2020-00706
707,707,56950.67264573991,0.250759602716022,0.1166289905469308,1,R2019-00707
708,708,148820.5942304833,0.185651716864658,-0.0019778606720738,1,R2020-00708
709,709,11330.85501858736,0.2193189703137502,0.5263363027636873,3,R2020-00709
710,710,283271.375464684,0.47446494439749,0.030783940244373,0,R2020-00710
711,711,72148.57975236708,0.2199783518844472,-0.0611757978517705,0,R2021-00711
712,712,129171.74721189593,0.300519675690272,0.1466714507677365,1,R2020-00712
713,713,29882.352941176472,0.4920681931046138,0.0587330910196564,0,R2017-00713
714,714,202122.0159151193,0.5228848939070302,-0.3393197984439802,0,R2023-00714
715,715,13597.026022304832,0.2697435761115498,0.5751134458681598,3,R2020-00715
716,716,113308.5501858736,0.5029427258806892,-0.0197634135993054,0,R2020-00716
717,717,5665.4275092936805,0.2207208747902104,-0.0065835068689567,1,R2020-00717
718,718,3000.0,0.3472662036202594,-0.0991331629006282,0,R2024-00718
719,719,79500.0,0.3247856685280108,0.1825204341138748,1,R2024-00719
720,720,56594.16445623342,0.3622595739749268,-0.2217646896952188,0,R2023-00720
721,721,67458.22281167109,0.2928294900271701,0.1076030188380891,1,R2023-00721
722,722,10510.344827586208,0.3027911300441833,-0.0429327737474223,0,R2023-00722
723,723,2021.2201591511937,0.3802311445519201,-0.2839337759794569,0,R2023-00723
724,724,104169.51469583048,0.4069111021549053,-0.2387303103478726,0,R2022-00724
725,725,49519.893899204246,0.2441890103976632,-0.2158031564987308,0,R2023-00725
726,726,416678.05878332193,0.3248602059137492,0.200136405358279,2,R2022-00726
727,727,72918.66028708134,0.4446651935327201,0.0286508324500062,0,R2022-00727
728,728,16996.28252788104,0.357230345774747,0.024687883790422,0,R2020-00728
729,729,35000.0,0.5586854892871276,-0.5485444782752502,5,R2024-00729
730,730,15625.427204374571,0.3997284761672576,-0.0307049792322421,0,R2022-00730
731,731,312508.54408749146,0.4659415007955456,-0.1332675546997865,0,R2022-00731
732,732,10764.312267657991,0.4434912735344328,-0.2060110461464016,0,R2020-00732
733,733,19979.6067006555,0.3136851289627641,0.1964429578446257,1,R2021-00733
734,734,793159.8513011152,0.3079896497594458,0.1695821407112509,2,R2020-00734
735,735,28475.33632286996,0.5464343409790516,-0.1280215945458469,0,R2019-00735
736,736,2266.171003717472,0.3261189269844173,-0.0557552273537525,0,R2020-00736
737,737,66598.689002185,0.405923045524399,0.1999589038994826,1,R2021-00737
738,738,85426.00896860987,0.3396166996424849,0.6413825749015871,3,R2019-00738
739,739,33299.3445010925,0.4142208735533053,-0.035345015090844,0,R2021-00739
740,740,88798.25200291332,0.3496996605517445,0.1450739752185065,0,R2021-00740
741,741,45249.64675892206,0.362756095789136,-0.10786168737418,0,R2021-00741
742,742,13597.026022304832,0.428777717178807,-0.08990759646922,0,R2020-00742
743,743,55498.90750182082,0.2514938743676562,-0.0476200123321199,0,R2021-00743
744,744,25000.0,0.5586854892871276,-0.5485444782752502,5,R2024-00744
745,745,65000.0,0.6032832908162081,-0.5310683680445598,5,R2024-00745
746,746,15000.0,0.1688207062366412,0.0835015551242048,1,R2024-00746
747,747,455000.0,0.2807213201504844,0.1606865748966652,2,R2024-00747
748,748,52500.0,0.5586854892871276,-0.5485444782752502,5,R2024-00748
749,749,28500.0,0.4650245324218923,-0.4197490704091128,5,R2025-00749
750,750,2000.0,0.2511514669124952,0.0070884368656528,1,R2024-00750
751,751,577058.3554376657,0.2406478487513306,0.1691084290388312,2,R2023-00751
752,752,25265.25198938992,0.4247531097530693,-0.0370974244282881,0,R2023-00752
753,753,33350.132625994695,0.2837948411988975,0.254825827734175,1,R2023-00753
754,754,17685.676392572943,0.0984800414055732,0.1476246258876832,1,R2023-00754
755,755,11390.13452914798,0.4084219967603066,-0.1678974428235635,0,R2019-00755
756,756,96312.26765799256,0.4405121119537404,-0.0173820557725212,0,R2020-00756
757,757,12127.320954907162,0.2679005021498557,0.4315493515334429,3,R2023-00757
758,758,4166.780587833219,0.4258646299916093,0.0106463401248521,0,R2022-00758
759,759,16649.67225054625,0.3695314369864899,-0.169887474899339,0,R2021-00759
760,760,15625.427204374571,0.2791796706994801,-0.1004059996657955,0,R2022-00760
761,761,5208.475734791525,0.2376598769739886,0.5235009545855358,3,R2022-00761
762,762,41667.8058783322,0.3864641164199949,0.0364054156489152,0,R2022-00762
763,763,15625.427204374571,0.3388185637439854,-0.1098313127329171,0,R2022-00763
764,764,22199.56300072833,0.2903926369350164,0.4250932023074281,3,R2021-00764
765,765,107294.6001367054,0.2277735988784204,0.2285642162697105,1,R2022-00765
766,766,202437.05576208176,0.2470742034472262,0.2027954163518535,1,R2020-00766
767,767,55498.90750182082,0.4275479426722831,-0.2248713584397592,0,R2021-00767
768,768,4439.912600145666,0.3548603425678891,-0.0803746871192552,0,R2021-00768
769,769,22199.56300072833,0.3606259196035467,0.0161020273638791,0,R2021-00769
770,770,362587.3605947956,0.4135938899911899,0.0046821618021214,0,R2020-00770
771,771,5665.4275092936805,0.1574883633686302,0.1630003447427602,1,R2020-00771
772,772,318923.76681614347,0.2323866801573775,0.1504565704393302,2,R2019-00772
773,773,16996.28252788104,0.4997082101315083,-0.0907366860027847,0,R2020-00773
774,774,11330.85501858736,0.4189016875641823,0.0292625748556373,0,R2020-00774
775,775,1133.085501858736,0.2482888408863284,0.1335297157064565,1,R2020-00775
776,776,75002.05058099795,0.2153966366433987,0.1447335430942667,1,R2022-00776
777,777,62319.70260223048,0.3317472964135757,-0.1839580589784711,0,R2020-00777
778,778,5665.4275092936805,0.3375137158819722,0.0020991700019851,0,R2020-00778
779,779,56654.2750929368,0.2414095780384303,0.2978314905336381,3,R2020-00779
780,780,35000.0,0.1466667763219702,-0.1143548850094502,1,R2024-00780
781,781,19792.20779220779,0.2950864955140297,0.407218398459149,3,R2022-00781
782,782,56654.2750929368,0.4340361511441396,0.1464006279666971,0,R2020-00782
783,783,54832.920611798974,0.354673415104478,0.5064721860571694,3,R2021-00783
784,784,19979.6067006555,0.2072307877121221,0.1962089767317328,1,R2021-00784
785,785,312508.54408749146,0.2880366598169733,0.1583491755085181,2,R2022-00785
786,786,56654.2750929368,0.1394676397512613,0.0755261958576283,1,R2020-00786
787,787,420413.7931034483,0.2625674274280532,0.0464606419357016,2,R2023-00787
788,788,73650.55762081784,0.228764572906385,0.2297982716046218,3,R2020-00788
789,789,73650.55762081784,0.3481654329271447,0.3691925191694673,3,R2020-00789
790,790,35858.82352941176,0.1265105066229235,0.2126045581878392,1,R2017-00790
791,791,10197.769516728624,0.2656815887392963,0.4858777027835079,3,R2020-00791
792,792,28475.33632286996,0.4864940917892783,-0.0133819819978619,0,R2019-00792
793,793,50530.50397877984,0.1781802371206972,0.3170862359299037,1,R2023-00793
794,794,56654.2750929368,0.1623225074121184,0.0405449167600198,1,R2020-00794
795,795,101061.00795755968,0.1806043636842839,0.0360909114279167,0,R2023-00795
796,796,28475.33632286996,0.376388589978009,-0.031168945173695,0,R2019-00796
797,797,589204.4609665427,0.3296586106165182,0.5136262102213575,3,R2020-00797
798,798,13874.726875455206,0.3391170649601802,0.0126055208319007,0,R2021-00798
799,799,20000.0,0.4650245324218923,-0.4197490704091128,5,R2024-00799
800,800,135970.26022304833,0.4518489742437124,-0.0130675691731435,0,R2020-00800
801,801,22661.71003717472,0.2304650899370099,0.0562078513889139,1,R2020-00801
802,802,21422.57829570284,0.3346519188708394,0.566309537949803,3,R2021-00802
803,803,30593.30855018588,0.2437830305134558,0.5034457297850351,3,R2020-00803
804,804,277494.5375091041,0.2932917907244166,0.3894074923916937,3,R2021-00804
805,805,35000.0,0.3452244872953672,0.37157929706984,3,R2025-00805
806,806,88380.66914498141,0.3316270295295161,0.3756011771573105,3,R2020-00806
807,807,10106.100795755969,0.3275669467938567,-0.027732230139104,0,R2023-00807
808,808,10106.100795755969,0.4794065429660779,-0.2785500215538383,0,R2023-00808
809,809,67710.18455228982,0.3040517130876768,0.0236281737083516,1,R2022-00809
810,810,5098.884758364312,0.2455524139200023,-0.0215637366779651,0,R2020-00810
811,811,7769.847050254915,0.2651531811316874,0.5267506718885284,3,R2021-00811
812,812,10000.0,0.4708945459611221,-0.4193682927248248,5,R2025-00812
813,813,93232.9411764706,0.2341307497731336,0.0765279186669024,1,R2017-00813
814,814,90646.84014869887,0.1105392026016468,0.0647111812065735,1,R2020-00814
815,815,16996.28252788104,0.4611050758505002,-0.028812066977587,0,R2020-00815
816,816,7931.598513011152,0.4172284517941887,-0.1036049683778721,0,R2020-00816
817,817,15625.427204374571,0.3164356324251343,-0.0313347669534411,0,R2022-00817
818,818,88798.25200291332,0.3170399729090566,0.0277754279062142,0,R2021-00818
819,819,16649.67225054625,0.3881908005693095,0.0447456849267975,0,R2021-00819
820,820,6659.868900218499,0.2873625320581461,-0.0145109553408559,0,R2021-00820
821,821,1664.9672250546248,0.3383602691033332,-0.0581879387479803,0,R2021-00821
822,822,11330.85501858736,0.3028391598664782,0.0186169947446562,0,R2020-00822
823,823,33992.56505576208,0.16298974302611,0.1626431076884541,1,R2020-00823
824,824,124639.40520446096,0.3935795055819058,0.024921832291799,0,R2020-00824
825,825,122097.59650400582,0.4244906182999952,-0.0583345855572869,0,R2021-00825
826,826,70835.26999316474,0.1781637586657567,0.2597856532288496,3,R2022-00826
827,827,21415.31598513011,0.3621807334503253,0.329248019537143,1,R2020-00827
828,828,30000.0,0.2674151726630585,-0.1098242978347418,0,R2025-00828
829,829,11099.781500364164,0.333375933821285,0.0386238050630146,0,R2021-00829
830,830,8213.838310269482,0.0953875448942849,0.0823129424600715,1,R2021-00830
831,831,131437.91821561338,0.3598382227099423,-0.0034857302256452,0,R2020-00831
832,832,20000.0,0.3654782971248738,0.5534845882430581,3,R2024-00832
833,833,311598.5130111524,0.3262120571423132,0.2106270551628906,2,R2020-00833
834,834,2774.945375091041,0.1962778656414776,0.1573402606420281,1,R2021-00834
835,835,19979.6067006555,0.3119469585971334,-0.0822600392838731,0,R2021-00835
836,836,83248.36125273124,0.3087791079075419,0.0881461251845775,1,R2021-00836
837,837,5665.4275092936805,0.3164959766899277,0.317662465903866,1,R2020-00837
838,838,5549.890750182082,0.3870719752958932,0.3294129195463758,3,R2021-00838
839,839,67985.13011152417,0.1154054566237346,0.0482616029900137,1,R2020-00839
840,840,13597.026022304832,0.2654632909372915,0.0534577646242896,0,R2020-00840
841,841,44399.12600145666,0.37127603196061,0.2040402656942295,3,R2021-00841
842,842,22199.56300072833,0.2134507254483851,0.560082629815572,3,R2021-00842
843,843,96007.9575596817,0.3322774918232583,-0.1134111304269228,0,R2023-00843
844,844,44399.12600145666,0.3969100419737497,0.0483195008480676,0,R2021-00844
845,845,110997.81500364163,0.4512703888382022,-0.0939082262239835,0,R2021-00845
846,846,31079.38820101966,0.3150872506782933,0.3392968619655571,3,R2021-00846
847,847,80848.80636604775,0.2819158250078279,0.0084407519181347,0,R2023-00847
848,848,252652.5198938992,0.3152942568772351,0.2097488474579801,1,R2023-00848
849,849,235000.0,0.5586854892871276,-0.5485444782752502,5,R2024-00849
850,850,75208.87528691662,0.3553947974882618,0.1628176570333025,1,R2018-00850
851,851,221995.6300072833,0.3320885731612191,0.1281385944427539,1,R2021-00851
852,852,45323.42007434944,0.3951043226073363,-0.0753934405353408,0,R2020-00852
853,853,166496.72250546247,0.440237800531258,0.5602540172409564,1,R2021-00853
854,854,55498.90750182082,0.273460469483673,-0.0803934169823731,0,R2021-00854
855,855,56654.2750929368,0.317591744846172,0.0329008300337228,0,R2020-00855
856,856,13090.536802973977,0.2788026432958432,-0.0449045789323138,0,R2020-00856
857,857,70742.70557029177,0.5586854892871276,-0.5485444782752502,5,R2023-00857
858,858,56654.2750929368,0.4701996089906554,-0.1196935726370483,0,R2020-00858
859,859,252652.5198938992,0.2688954362381177,0.2048712473789909,2,R2023-00859
860,860,5549.890750182082,0.4106434759876278,0.0288598787721486,0,R2021-00860
861,861,499490.1675163874,0.1562125661739186,0.0344648568569419,2,R2021-00861
862,862,45323.42007434944,0.3112007026981599,-0.1084619677808853,0,R2020-00862
863,863,53278.951201748,0.2737814925410846,0.1835979356487594,1,R2021-00863
864,864,41069.19155134741,0.4615577991839402,-0.0201928344885256,0,R2021-00864
865,865,5549.890750182082,0.2143709145773732,0.1719227493594077,1,R2021-00865
866,866,450000.0,0.5586854892871276,-0.5485444782752502,5,R2024-00866
867,867,38849.23525127458,0.262524225910066,-0.0283183939890533,0,R2021-00867
868,868,8382.554989075017,0.339061106731335,-0.0604607051005552,0,R2021-00868
869,869,41667.8058783322,0.3275331132211723,-0.0308400833980415,0,R2022-00869
870,870,166496.72250546247,0.2771834494291206,-0.0440865496392408,0,R2021-00870
871,871,120000.0,0.5597516885366358,-0.4778045077359227,5,R2025-00871
872,872,129358.0901856764,0.5502923791409057,-0.4124221140085465,5,R2023-00872
873,873,60000.0,0.4430118615895175,-0.44551359204899,5,R2024-00873
874,874,260423.78673957623,0.4303088657186364,-0.0316468797415249,0,R2022-00874
875,875,45000.0,0.33217271001698,-0.210265137097806,0,R2024-00875
876,876,180000.0,0.2627668658695396,0.0266907498438312,2,R2024-00876
877,877,17000.0,0.4732320116860093,-0.3898308590587941,5,R2025-00877
878,878,55498.90750182082,0.4421770576344102,-0.0041430235140925,0,R2021-00878
879,879,9600.795755968167,0.1319608694389196,0.0229528118233384,1,R2023-00879
880,880,50000.0,0.4623371691318262,-0.4352974175514421,5,R2024-00880
881,881,226617.1003717472,0.2837378458936461,0.2035840921119571,2,R2020-00881
882,882,5000.0,0.1408516240246559,-0.1270530805800972,1,R2024-00882
883,883,31328.9124668435,0.4623371691318262,-0.4352974175514421,5,R2023-00883
884,884,45323.42007434944,0.3516952026229645,0.004941361878732,0,R2020-00884
885,885,63102.25782957028,0.4664655048789604,-0.2579494054542987,0,R2021-00885
886,886,226617.1003717472,0.310711772345586,0.2379095685882088,0,R2020-00886
887,887,73760.46691449815,0.4129062300679923,-0.0439447194819207,0,R2020-00887
888,888,132295.28366370473,0.3985587739170113,-0.0473519921361855,0,R2022-00888
889,889,20833.9029391661,0.5083671269820352,-0.1442981673343731,0,R2022-00889
890,890,8879.825200291332,0.2823854138707291,0.3147953915584148,3,R2021-00890
891,891,101061.00795755968,0.23874977043618,0.1983464615927185,1,R2023-00891
892,892,22199.56300072833,0.1684542732720867,0.1605135464655282,1,R2021-00892
893,893,96568.09905316823,0.38885782241798,0.0360138622028685,0,R2021-00893
894,894,2774.945375091041,0.1576951975097027,0.1759265639414956,1,R2021-00894
895,895,312508.54408749146,0.310298945926667,0.3464994328365064,2,R2022-00895
896,896,61048.79825200291,0.4125265050289519,-0.055764708065614,0,R2021-00896
897,897,11654.770575382374,0.2908808730100143,-0.086077366541717,0,R2021-00897
898,898,40000.0,0.3772108855114395,-0.2748243235172437,0,R2024-00898
899,899,40514.20247632921,0.2795972044774536,0.0522625658722407,0,R2021-00899
900,900,5665.4275092936805,0.2539215522741618,-0.0711601702845619,0,R2020-00900
901,901,3965.799256505576,0.2510687711847991,0.03251370276897,0,R2020-00901
902,902,193755.2973342447,0.3584128635086053,0.4285773257067052,3,R2022-00902
903,903,166496.72250546247,0.5520299520259652,-0.1199314547473341,0,R2021-00903
904,904,28327.1375464684,0.4302481748930216,-0.1272252875132032,0,R2020-00904
905,905,11330.85501858736,0.3301071589211329,-0.0482007040793274,0,R2020-00905
906,906,277494.5375091041,0.2811499119888227,0.1914468546600079,2,R2021-00906
907,907,72918.66028708134,0.2984660005536056,-0.1083977514239888,0,R2022-00907
908,908,33299.3445010925,0.1827050266988034,0.0243466544016036,0,R2021-00908
909,909,110997.81500364163,0.3801813336204477,0.3967960299402154,1,R2021-00909
910,910,27749.45375091041,0.3305831898895606,0.2214716631094284,1,R2021-00910
911,911,27749.45375091041,0.3585681171738087,-0.0915294757465049,0,R2021-00911
912,912,353713.5278514589,0.5586854892871276,-0.5485444782752502,5,R2023-00912
913,913,104169.51469583048,0.3475559141786274,-0.0220130353169455,0,R2022-00913
914,914,208339.02939166097,0.2841195180783129,0.0250560757976816,0,R2022-00914
915,915,77698.47050254916,0.3851990579218635,0.1404136517118045,1,R2021-00915
916,916,28327.1375464684,0.3971234638474703,0.3087552950959873,3,R2020-00916
917,917,21644.573925710123,0.2503079839813306,0.1157544081770074,1,R2021-00917
918,918,45323.42007434944,0.4001848938697794,-0.0273595552010142,0,R2020-00918
919,919,216445.73925710123,0.4225135605287545,-0.1388872406845905,0,R2021-00919
920,920,32189.36635105608,0.3768168412760219,0.1840902435463614,1,R2021-00920
921,921,15625.427204374571,0.1659966693710189,0.0913964123247129,1,R2022-00921
922,922,4758.959107806692,0.2976566872294269,-0.053792952640913,0,R2020-00922
923,923,88798.25200291332,0.1304343056481168,0.190383518222754,1,R2021-00923
924,924,11099.781500364164,0.2521984396116278,0.0896897141612066,1,R2021-00924
925,925,110997.81500364163,0.2797146147633308,0.1967538791286402,1,R2021-00925
926,926,45000.0,0.5586854892871276,-0.5485444782752502,5,R2024-00926
927,927,13137.93103448276,0.3929531167202347,-0.1096903078424778,0,R2023-00927
928,928,26275.86206896552,0.4806639596978275,-0.4127172032170119,5,R2023-00928
929,929,20000.0,0.4431479563889096,-0.1931776886674675,0,R2025-00929
930,930,10000.0,0.057613260307431,0.0221497289821036,1,R2024-00930
931,931,11099.781500364164,0.2402738104739276,0.0724168793395112,1,R2021-00931
932,932,18190.981432360742,0.3240492761788316,-0.1310802644142064,0,R2023-00932
933,933,16649.67225054625,0.4993241993735116,-0.1725188151722109,0,R2021-00933
934,934,13319.737800436998,0.0551776155982053,0.0776602064030493,1,R2021-00934
935,935,99898.03350327747,0.391938968129775,0.1667117620184321,1,R2021-00935
936,936,42179.16970138383,0.1507052944873324,0.1556849871167988,1,R2021-00936
937,937,3537.1352785145887,0.1895310020271488,0.1364601257665321,1,R2023-00937
938,938,57293.23308270677,0.2718768107641977,0.2435435128794319,1,R2022-00938
939,939,221995.6300072833,0.5345907253802467,0.0054111086715933,0,R2021-00939
940,940,155396.9410050983,0.3827476525552816,0.1554745512185819,1,R2021-00940
941,941,13900.38004101162,0.2085826515148673,0.3661696513415373,3,R2022-00941
942,942,14912.907723855093,0.1465659961548271,0.1574736976316152,1,R2022-00942
943,943,14807.696514012305,0.1168533369018436,0.1475038746281299,1,R2022-00943
944,944,38849.23525127458,0.3032961494471856,-0.0391568005338979,0,R2021-00944
945,945,49949.016751638745,0.4031730469044992,-0.0819975931298633,0,R2021-00945
946,946,16649.67225054625,0.2606021073491133,-0.0041364541048976,1,R2021-00946
947,947,55498.90750182082,0.4162372126590284,0.478188599657303,1,R2021-00947
948,948,208339.02939166097,0.3105721718984185,0.0986988708775171,2,R2022-00948
949,949,17996.325358851675,0.2193750286984278,0.384987496519106,3,R2022-00949
950,950,25184.40318302387,0.2186271315363946,-0.0092576000139792,1,R2023-00950
951,951,13247.076923076922,0.1563348296675068,-0.0289646448575102,1,R2023-00951
952,952,30067.67108753316,0.1016297943497271,-0.0376678014541171,1,R2023-00952
953,953,20148.32337946103,0.1882215581993664,0.128130457440405,1,R2021-00953
954,954,38849.23525127458,0.37332048055528,-0.0912165356640733,0,R2021-00954
955,955,62501.70881749829,0.1494681377608298,0.1993511108326982,1,R2022-00955
956,956,72148.57975236708,0.4036858454641756,-0.1517494064263144,0,R2021-00956
957,957,19091.624180626364,0.3558023075534869,-0.0013506565715021,0,R2021-00957
958,958,44399.12600145666,0.2631852246851849,0.2040060853460282,0,R2021-00958
959,959,31250.854408749143,0.3494906647445069,0.010894996759874,0,R2022-00959
960,960,104942.61667941854,0.3548027541922873,0.2465957247445788,1,R2018-00960
961,961,104169.51469583048,0.348242549754846,-0.0229838834243206,0,R2022-00961
962,962,21089.58485069192,0.2877024717601995,0.0468335516966799,1,R2021-00962
963,963,68818.64530225782,0.247439069186885,0.1823491148100697,1,R2021-00963
964,964,72148.57975236708,0.2948081195199258,0.3254529342557545,3,R2021-00964
965,965,4772.906045156591,0.1676079357445062,0.150864102950163,1,R2021-00965
966,966,9434.81427530954,0.285956019716892,0.2520069621080174,1,R2021-00966
967,967,262356.5416985463,0.2703390278695041,0.2129356384901202,2,R2018-00967
968,968,72145.43851420247,0.2221844006231079,0.1600828059198164,1,R2021-00968
969,969,18000.0,0.2978649969962202,0.4603231947528095,3,R2024-00969
970,970,50530.50397877984,0.4991525234091152,-0.373482857133724,5,R2023-00970
971,971,108206.27802690584,0.4681333208008227,0.0061389049530214,0,R2019-00971
972,972,12209.75965040058,0.2974845395898043,0.0988670824612387,0,R2021-00972
973,973,554989.0750182082,0.4323153707591325,-0.1677606291942397,2,R2021-00973
974,974,44399.12600145666,0.3387720449690126,0.0356852162712949,0,R2021-00974
975,975,127647.4872541879,0.3878375464173604,-0.0078017675009582,0,R2021-00975
976,976,16649.67225054625,0.3190167308305088,-0.1575048548069219,0,R2021-00976
977,977,88798.25200291332,0.2353053700909204,0.0573159531380009,0,R2021-00977
978,978,133197.37800437,0.2786032838973276,0.0312859029002654,0,R2021-00978
979,979,61048.79825200291,0.2932885004832904,-0.0770420351152156,0,R2021-00979
980,980,55498.90750182082,0.3458250361588719,-0.1347230769966673,0,R2021-00980
981,981,84358.33940276765,0.3405133277172578,0.3489655383485697,3,R2021-00981
982,982,665.98689002185,0.2760994121926783,0.5153017729782523,3,R2021-00982
983,983,46096.48238892935,0.5361581206242495,-0.4629842789947891,5,R2021-00983
984,984,181909.81432360745,0.1399893047035713,0.1763795485260007,1,R2023-00984
985,985,105447.92425345955,0.4936953897031265,-0.0310415815092534,0,R2021-00985
986,986,83248.36125273124,0.3099505958752063,0.3294677786878334,3,R2021-00986
987,987,4439.912600145666,0.2839829510318837,-0.1383008710754906,0,R2021-00987
988,988,5053.050397877984,0.2220858929633091,0.0277679042732572,0,R2023-00988
989,989,15159.151193633952,0.4680654081706426,-0.3109105482829279,0,R2023-00989
990,990,225240.7320954907,0.272778858271735,-0.1248280175679303,0,R2023-00990
991,991,38849.23525127458,0.1915538077308759,0.4802215293118504,3,R2021-00991
992,992,454774.5358090185,0.347572019876732,-0.0040627817776407,2,R2023-00992
993,993,11099.781500364164,0.4348614093644946,-0.2799288546898099,0,R2021-00993
994,994,33299.3445010925,0.4368796583437693,-0.0940359608429817,0,R2021-00994
995,995,31250.854408749143,0.3991640124037114,0.0249929929973484,0,R2022-00995
996,996,5549.890750182082,0.2708880265101239,0.5616801494054007,3,R2021-00996
997,997,77698.47050254916,0.1146156147056518,0.0448678854834941,1,R2021-00997
998,998,44399.12600145666,0.4649059745298997,-0.0538983960358847,0,R2021-00998
999,999,3585.8823529411766,0.2779379050487908,0.124890741954642,1,R2017-00999
1000,1000,77698.47050254916,0.2282054330872288,0.1585463980916787,1,R2021-01000
1001,1001,5549.890750182082,0.1355601324521729,0.146945069127392,1,R2021-01001
1002,1002,29150.72685539404,0.2903434328489508,0.1852499286239133,0,R2018-01002
1003,1003,117138.82352941176,0.3327005673564135,0.3054690711755215,0,R2017-01003
1004,1004,34170.40358744394,0.1522838331410606,0.1727347973510427,1,R2019-01004
1005,1005,303183.02387267904,0.494737675422434,-0.3036739278718711,0,R2023-01005
1006,1006,54388.92935178441,0.3105546936657992,-0.0007511669107211,0,R2021-01006
1007,1007,30318.302387267904,0.1591633913919023,0.0135090497103267,1,R2023-01007
1008,1008,10000.0,0.2705264733796993,0.2232368976706171,1,R2024-01008
1009,1009,49855.76208178439,0.2457064117137008,0.0574373091707118,0,R2020-01009
1010,1010,10416.95146958305,0.1796836553752955,0.1800142242742275,1,R2022-01010
1011,1011,16649.67225054625,0.2631532221539792,0.0208589871159983,0,R2021-01011
1012,1012,22199.56300072833,0.1809881934079437,0.1282022163677901,1,R2021-01012
1013,1013,110997.81500364163,0.4606257084171323,-0.1383254070409725,0,R2021-01013
1014,1014,5549.890750182082,0.2063018072719766,0.0359166866987381,0,R2021-01014
1015,1015,2083.3902939166096,0.1457797499939757,0.1828551458412723,1,R2022-01015
1016,1016,1000000.0,0.2246892584992892,0.0648526822120619,2,R2024-01016
1017,1017,77698.47050254916,0.3676466859339569,-0.168220727022932,0,R2021-01017
1018,1018,5524.55,0.1953838012005434,0.1047205785112149,1,R2024-01018
1019,1019,101061.00795755968,0.3264622661954434,0.0886854070749182,1,R2023-01019
1020,1020,26084.486525855787,0.1144274073690993,0.1303853655361794,1,R2021-01020
1021,1021,5208.475734791525,0.3846437795548467,-0.160537060254509,0,R2022-01021
1022,1022,12209.75965040058,0.2769716123677938,0.1136650747855399,1,R2021-01022
1023,1023,887.9825200291332,0.2140225530388515,0.3412843991912013,3,R2021-01023
1024,1024,230000.0,0.2537228369782594,0.030875095675219,2,R2024-01024
1025,1025,10416.95146958305,0.3278527240101812,0.0964488902275071,1,R2022-01025
1026,1026,120000.0,0.1167150577481384,0.1708077215358436,1,R2024-01026
1027,1027,5053.050397877984,0.4766491738037096,-0.390706763603761,5,R2023-01027
1028,1028,156254.27204374573,0.2428770164732334,-0.0077145124038315,0,R2022-01028
1029,1029,4439.912600145666,0.2618060567747626,0.0118983145456516,0,R2021-01029
1030,1030,6659.868900218499,0.1861786071900343,0.1427434881717447,1,R2021-01030
1031,1031,145837.32057416267,0.2261423833430558,-0.0003505887699467,0,R2022-01031
1032,1032,20534.595775673704,0.4456694103590594,-0.2204713860823748,0,R2021-01032
1033,1033,20000.0,0.3356058524196257,-0.1761878393230351,0,R2024-01033
1034,1034,78127.13602187287,0.3003214163900312,0.2570694451203895,1,R2022-01034
1035,1035,20534.595775673704,0.3215627901762535,0.4925912197173049,3,R2021-01035
1036,1036,4042.4403183023874,0.4311742677993202,-0.0190196093645753,0,R2023-01036
1037,1037,111623.3183856502,0.4002095375454234,-0.1835677407100574,0,R2019-01037
1038,1038,83335.6117566644,0.3526821847524945,0.4114761940120707,3,R2022-01038
1039,1039,184125.0,0.2313985700422557,0.036876018645744,2,R2024-01039
1040,1040,41667.8058783322,0.3151858235618141,-0.0507563027380754,0,R2022-01040
1041,1041,74368.53605243991,0.306975529705948,0.1250856753030346,0,R2021-01041
1042,1042,332318.28615149204,0.308190550356834,0.1530092082241341,2,R2018-01042
1043,1043,291507.2685539404,0.3106038113338124,0.1222923392999598,2,R2018-01043
1044,1044,58615.38461538462,0.3336565052398875,-0.1456712421945978,0,R2023-01044
1045,1045,1515915.1193633953,0.2328970868800141,0.0258073300012058,4,R2023-01045
1046,1046,808.4880636604775,0.57548098533966,-0.3824519073254836,5,R2023-01046
1047,1047,554.9890750182083,0.2401810808631373,-0.0308195583361519,0,R2021-01047
1048,1048,50530.50397877984,0.1806681624928285,0.2691584530988584,3,R2023-01048
1049,1049,119529.41176470587,0.2861379067166677,0.2224022172615389,1,R2017-01049
1050,1050,93752.56322624744,0.316805269774131,0.1901961663480296,1,R2022-01050
1051,1051,78127.13602187287,0.1290835680743402,0.1345411473418555,1,R2022-01051
1052,1052,5208.475734791525,0.1090445603463097,0.1759265156818762,1,R2022-01052
1053,1053,60636.60477453581,0.2770872001033767,0.0516974147818071,1,R2023-01053
1054,1054,11654.770575382374,0.0541831285385414,-0.0038069443313702,1,R2021-01054
1055,1055,187505.12645249488,0.4053790199236337,0.2187029685607769,1,R2022-01055
1056,1056,3125.085440874914,0.1572999380625518,0.1083113911602465,1,R2022-01056
1057,1057,83248.36125273124,0.3302423556276775,-0.0176785111554799,0,R2021-01057
1058,1058,27749.45375091041,0.1803907962449229,0.1536291128413698,1,R2021-01058
1059,1059,2050.2242152466365,0.2329995591582339,0.0868754272931632,1,R2019-01059
1060,1060,70742.70557029177,0.0654534486203631,0.0543741929453891,1,R2023-01060
1061,1061,22199.56300072833,0.3969737518521407,-0.0582621297055407,0,R2021-01061
1062,1062,62501.70881749829,0.2691281864252853,0.0704496328987785,0,R2022-01062
1063,1063,347625.0,0.3175772258113838,-0.1390628354820641,2,R2024-01063
1064,1064,20212.201591511937,0.3239747621494525,-0.1031150175561661,0,R2023-01064
1065,1065,44399.12600145666,0.4619196817608587,-0.1103742009484664,0,R2021-01065
1066,1066,106691.66029074218,0.317697115378672,0.6317350800886866,3,R2018-01066
1067,1067,30318.302387267904,0.30933003286107,0.0342991769843093,0,R2023-01067
1068,1068,166496.72250546247,0.2744060209512731,-0.0249257954739785,0,R2021-01068
1069,1069,500000.0,0.376119226719963,0.1687304397140483,2,R2024-01069
1070,1070,66598.689002185,0.2649902491732829,0.0015323882123792,0,R2021-01070
1071,1071,8879.825200291332,0.2912208552548467,0.0455362426880601,0,R2021-01071
1072,1072,144297.15950473415,0.2039484523715064,-0.0001452572115707,0,R2021-01072
1073,1073,50000.0,0.5586854892871276,-0.5485444782752502,5,R2024-01073
1074,1074,2000.0,0.0873054975902754,0.0385829090631865,1,R2024-01074
1075,1075,202122.0159151193,0.3722913203643785,-0.0693815036091618,0,R2023-01075
1076,1076,14062.884483937116,0.2100528194848941,0.1046382735854364,1,R2022-01076
1077,1077,277494.5375091041,0.3712212555384939,-0.0730118628034624,0,R2021-01077
1078,1078,36459.33014354067,0.3337883253832135,0.0128426850613895,0,R2022-01078
1079,1079,72606.15174299385,0.2499812008944395,-0.0054189847401722,0,R2022-01079
1080,1080,18037.14493809177,0.4483964981124059,-0.1858206658977547,0,R2021-01080
1081,1081,52084.75734791524,0.3983650908927869,-0.0693974355507501,0,R2022-01081
1082,1082,52084.75734791524,0.35836264652999,0.088294292209513,1,R2022-01082
1083,1083,625.017088174983,0.2754061734323043,0.245157520150341,3,R2022-01083
1084,1084,40000.0,0.5586854892871276,-0.5485444782752502,5,R2024-01084
1085,1085,52084.75734791524,0.2892433625571252,0.563688597582002,3,R2022-01085
1086,1086,1800.0,0.2337910968624506,0.1920425649744091,3,R2024-01086
1087,1087,5830.145371078807,0.4311415703420891,-0.0461972512505843,0,R2018-01087
1088,1088,5695.067264573991,0.2421569016441621,0.1071365075719673,1,R2019-01088
1089,1089,40000.0,0.1078159678293489,0.0679240558997467,1,R2024-01089
1090,1090,284753.36322869954,0.1801792969378856,0.0985633412069342,2,R2019-01090
1091,1091,798381.9628647214,0.3716484324398452,0.1907446983429013,2,R2023-01091
1092,1092,7973.094170403587,0.3891818628965812,-0.1395377027243615,0,R2019-01092
1093,1093,5695.067264573991,0.308895422134571,0.4505866379641631,3,R2019-01093
1094,1094,13668.161434977575,0.3473103757583712,-0.1663642655540003,0,R2019-01094
1095,1095,17085.20179372197,0.271197620495291,0.6432965724226785,3,R2019-01095
1096,1096,7973.094170403587,0.2821158996764004,0.2376923539487011,1,R2019-01096
1097,1097,102511.21076233184,0.3067918948725586,0.134482945229685,1,R2019-01097
1098,1098,48973.22111706199,0.4214417849253978,-0.0049818727734776,0,R2018-01098
1099,1099,48973.22111706199,0.4626662762927228,-0.0686843041266513,0,R2018-01099
1100,1100,16996.28252788104,0.1349713209306154,0.0455173817891852,1,R2020-01100
1101,1101,5695.067264573991,0.1421069597818169,0.0756666894694409,1,R2019-01101
1102,1102,19201.59151193633,0.231181677736401,0.1758497904742647,1,R2023-01102
1103,1103,22661.71003717472,0.3900665654156575,-0.0295516318592274,0,R2020-01103
1104,1104,58301.45371078808,0.2661251668079906,0.6120723072079947,3,R2018-01104
1105,1105,39865.470852017934,0.3631435706796554,0.0508200921493804,0,R2019-01105
1106,1106,3884.9235251274577,0.4443858623774838,-0.1250464161918249,0,R2021-01106
1107,1107,38000.0,0.5469812818800569,-0.3703350854275563,5,R2024-01107
1108,1108,27689.514930808447,0.158676818830851,0.1679493023623518,1,R2021-01108
1109,1109,2278.026905829596,0.2860615210085189,0.5736726333911961,3,R2019-01109
1110,1110,38478.95944912013,0.4099260560045842,-0.0159365351244044,0,R2018-01110
1111,1111,23320.58148431523,0.3980472824377213,-0.077515983163424,0,R2018-01111
1112,1112,70000.0,0.419223573148873,-0.224759645856154,0,R2024-01112
1113,1113,3399.256505576208,0.2431386930854892,0.1772532292051045,1,R2020-01113
1114,1114,2332.058148431523,0.3331668320120451,-0.0472324615666704,0,R2018-01114
1115,1115,9112.107623318385,0.5274464296801502,-0.305542173327481,0,R2019-01115
1116,1116,85426.00896860987,0.3743794405601371,0.0226083337361155,0,R2019-01116
1117,1117,5695.067264573991,0.3813031579781843,0.0329833922899638,0,R2019-01117
1118,1118,202122.0159151193,0.1918339706104499,0.0907260247228361,1,R2023-01118
1119,1119,150000.0,0.5586854892871276,-0.5485444782752502,5,R2024-01119
1120,1120,80000.0,0.4698610909222184,-0.3354485043372655,5,R2025-01120
1121,1121,83248.36125273124,0.3974689349284985,-0.0361544861626878,0,R2021-01121
1122,1122,305243.99126001453,0.4177318870282663,0.0299474326438004,0,R2021-01122
1123,1123,19979.6067006555,0.2730144340214161,0.16899375304328,1,R2021-01123
1124,1124,74035.87443946188,0.1742452201902742,0.0958114396786106,1,R2019-01124
1125,1125,89400.44609665427,0.2563572648841111,0.4597599022768233,3,R2020-01125
1126,1126,3172.6394052044607,0.1010783661093931,0.1938846848597966,1,R2020-01126
1127,1127,17085.20179372197,0.3153064850480888,-0.0866413006818046,0,R2019-01127
1128,1128,45412.466367713,0.3637339475003756,-0.1074198398521396,0,R2019-01128
1129,1129,5695.067264573991,0.2542465001014666,0.5378576477050271,3,R2019-01129
1130,1130,854.2600896860986,0.1816953431505526,0.2059886984698238,1,R2019-01130
1131,1131,227802.6905829596,0.3516030773232934,0.0253878675080564,0,R2019-01131
1132,1132,45323.42007434944,0.3275208904680721,0.0730569160135503,0,R2020-01132
1133,1133,16515.695067264573,0.3840932511412228,-0.1951085826896963,0,R2019-01133
1134,1134,3872.6457399103138,0.3878176168777471,-0.0078754489796471,0,R2019-01134
1135,1135,56950.67264573991,0.3533651465760905,-0.0234450350956276,0,R2019-01135
1136,1136,68340.80717488789,0.3424697360018353,0.0052757931098632,0,R2019-01136
1137,1137,5665.4275092936805,0.1938869583464207,0.2176766183245909,1,R2020-01137
1138,1138,215286.24535315984,0.3266854642714367,0.0374869205571696,0,R2020-01138
1139,1139,30000.0,0.1715515887587805,-0.0537881685724485,1,R2024-01139
1140,1140,30000.0,0.1592381388295007,0.0111185796235056,1,R2024-01140
1141,1141,5689.372197309417,0.3191360250692691,0.5927192506192003,3,R2019-01141
1142,1142,3417.0403587443943,0.2358056951808401,0.1910545558804917,1,R2019-01142
1143,1143,101061.00795755968,0.472098930003858,-0.1942285272426499,0,R2023-01143
1144,1144,683.4080717488789,0.3047465712466881,0.3343705755153404,3,R2019-01144
1145,1145,3417.0403587443943,0.2376242068776386,0.0758478932178504,1,R2019-01145
1146,1146,16996.28252788104,0.2830609639875318,0.531289579692016,3,R2020-01146
1147,1147,72555.15695067264,0.393853864699195,0.4265939908577262,3,R2019-01147
1148,1148,174904.36113236425,0.4504227476844074,-0.0021119028551999,0,R2018-01148
1149,1149,10251.121076233185,0.4015739063411993,0.4974936934687836,3,R2019-01149
1150,1150,3417.0403587443943,0.3799223373457148,-0.0355565643684023,0,R2019-01150
1151,1151,227802.6905829596,0.2007034929096547,0.1003788708169645,2,R2019-01151
1152,1152,85198.2062780269,0.3118635142297457,0.274979845971185,1,R2019-01152
1153,1153,30318.302387267904,0.5899328654438512,-0.4423211598477445,5,R2023-01153
1154,1154,31250.854408749143,0.4397240264792659,-0.1154526851518999,0,R2022-01154
1155,1155,31250.854408749143,0.4524939863595963,-0.1001935193749347,0,R2022-01155
1156,1156,31250.854408749143,0.4524939863595963,-0.1001935193749347,0,R2022-01156
1157,1157,31250.854408749143,0.4646645465871733,-0.105014898002678,0,R2022-01157
1158,1158,31250.854408749143,0.4739027010470229,-0.1509235181960644,0,R2022-01158
1159,1159,30318.302387267904,0.5536911930133273,-0.3856968138178486,5,R2023-01159
1160,1160,70742.70557029177,0.4030524171199122,0.0015058596054436,0,R2023-01160
1161,1161,104169.51469583048,0.2475337156932902,0.0272485650873735,0,R2022-01161
1162,1162,62501.70881749829,0.4609212688829976,-0.3474289954138262,0,R2022-01162
1163,1163,22661.71003717472,0.2612911071707304,0.274288195105607,1,R2020-01163
1164,1164,6834.080717488789,0.2551268825411691,0.0404211573452802,0,R2019-01164
1165,1165,93282.32593726092,0.2733231490569761,-0.089994125144292,0,R2018-01165
1166,1166,93551.08170403588,0.3191371716761481,-0.1132060859531464,0,R2019-01166
1167,1167,40811.01759755165,0.3722638956863904,-0.1547079476841932,0,R2018-01167
1168,1168,23320.58148431523,0.3015779499638406,0.0206564672264526,0,R2018-01168
1169,1169,424329.4117647059,0.2401339156425604,0.1821209373092453,2,R2017-01169
1170,1170,91121.07623318383,0.4134046186907554,-0.0003416013697598,0,R2019-01170
1171,1171,51255.60538116592,0.1343203784817843,0.1480676507990501,1,R2019-01171
1172,1172,5053.050397877984,0.4996508300647609,-0.2463570257884871,0,R2023-01172
1173,1173,5000.0,0.3450731547284978,-0.057609139677478,0,R2024-01173
1174,1174,5053.050397877984,0.4273693724893634,0.0322649754211863,0,R2023-01174
1175,1175,5053.050397877984,0.4290663272653182,0.0359723698406364,0,R2023-01175
1176,1176,64131.59908186689,0.2595941447341641,0.1970538249850028,1,R2018-01176
1177,1177,172046.61325564457,0.3966430418507269,0.4941076387960183,3,R2021-01177
1178,1178,58301.45371078808,0.4476803137900614,-0.0254558270917291,0,R2018-01178
1179,1179,4556.053811659192,0.2044888070981293,0.3491299240023639,3,R2019-01179
1180,1180,5695.067264573991,0.125967627919278,0.1888997092455037,1,R2019-01180
1181,1181,2505.829596412556,0.2029586835560381,0.4236283230802389,3,R2019-01181
1182,1182,9112.107623318385,0.4029847049839842,-0.0830677844781351,0,R2019-01182
1183,1183,119596.4125560538,0.3815687933326144,-0.0346226979112424,0,R2019-01183
1184,1184,38128.47533632287,0.3637709792026986,-0.0174112093096359,0,R2019-01184
1185,1185,39865.470852017934,0.4087361740850537,-0.2777143289400117,0,R2019-01185
1186,1186,7500.0,0.35127030330012,0.2045932338240496,0,R2024-01186
1187,1187,6834.080717488789,0.2920703682765212,0.222383927394286,1,R2019-01187
1188,1188,3399.256505576208,0.16612010372032,0.1299219546876285,1,R2020-01188
1189,1189,5000.0,0.1706624346732528,0.1438797588563384,1,R2024-01189
1190,1190,29000.0,0.2269835323276018,0.2115797619703226,1,R2024-01190
1191,1191,22780.26905829596,0.2217160629831993,0.1261295589679073,1,R2019-01191
1192,1192,932.8232593726092,0.3592817215155525,-0.094192730214678,0,R2018-01192
1193,1193,33992.56505576208,0.3035379146043089,0.0336705432672452,0,R2020-01193
1194,1194,312508.54408749146,0.2568985954532252,0.1662180811845406,2,R2022-01194
1195,1195,55811.65919282511,0.3478458311945671,0.5433519119875749,3,R2019-01195
1196,1196,39865.470852017934,0.1798919461670994,0.0962772809219863,1,R2019-01196
1197,1197,138747.26875455206,0.3372214551957193,-0.1349527104547391,0,R2021-01197
1198,1198,113901.3452914798,0.3365500118566691,0.0444867113726598,0,R2019-01198
1199,1199,28475.33632286996,0.4505537152564879,-0.0091493714213702,0,R2019-01199
1200,1200,30215.748878923765,0.3575317788373528,-0.1600044484398767,0,R2019-01200
1201,1201,54758.4134529148,0.4517376388289618,-0.0837202048266035,0,R2019-01201
1202,1202,93282.32593726092,0.2749264712184178,0.1936290607379965,1,R2018-01202
1203,1203,5208.475734791525,0.2884400150425847,0.3105043320723254,3,R2022-01203
1204,1204,69961.74445294568,0.4359294864335534,0.0454508479412166,0,R2018-01204
1205,1205,44399.12600145666,0.2535376714274113,0.1951404352086393,1,R2021-01205
1206,1206,307533.63228699553,0.3925548130352667,0.0382792586937252,0,R2019-01206
1207,1207,39865.470852017934,0.2747853199420706,0.0091512922273352,1,R2019-01207
1208,1208,227802.6905829596,0.2598576577266734,0.1901539186145439,2,R2019-01208
1209,1209,66598.689002185,0.3282008261535867,0.0193080152461378,0,R2021-01209
1210,1210,104760.76233183856,0.4670251515354497,-0.1097422291513578,0,R2019-01210
1211,1211,5830.145371078807,0.1865884211903744,0.181065326519963,1,R2018-01211
1212,1212,45323.42007434944,0.1785457290694033,0.2177539924382844,1,R2020-01212
1213,1213,13542.036910457964,0.4031505959657086,0.0986536666626703,1,R2022-01213
1214,1214,28303.836336295284,0.3007856663649,0.1529516878489471,1,R2022-01214
1215,1215,69961.74445294568,0.1274102012408234,0.1375022290648783,1,R2018-01215
1216,1216,9562.35294117647,0.1657129987100187,0.1211518862935319,1,R2017-01216
1217,1217,5665.4275092936805,0.2202116584733417,0.2959889533744335,1,R2020-01217
1218,1218,17187.96992481203,0.2896176321716106,0.4805721384703494,3,R2022-01218
1219,1219,35858.82352941176,0.4188165485112401,-0.1979962699632065,0,R2017-01219
1220,1220,89647.05882352941,0.3087888299437805,0.0438712849644638,0,R2017-01220
1221,1221,96312.26765799256,0.4227540755276341,0.0502848601649703,0,R2020-01221
1222,1222,52471.30833970927,0.316290764977634,0.1208703839156418,0,R2018-01222
1223,1223,35858.82352941176,0.1503156581946685,0.221023306426428,1,R2017-01223
1224,1224,5976.470588235295,0.1908165186590374,0.3225493814697199,3,R2017-01224
1225,1225,239058.8235294117,0.3224054713152144,0.5800432608162488,3,R2017-01225
1226,1226,8367.058823529413,0.3968318564188214,-0.1008185826484617,0,R2017-01226
1227,1227,4042.4403183023874,0.0703784424411538,0.0267560967959117,1,R2023-01227
1228,1228,11390.13452914798,0.3245178800313428,0.0184550847099113,0,R2019-01228
1229,1229,11660.290742157616,0.3232848380347625,0.0156654051811734,0,R2018-01229
1230,1230,14237.668161434976,0.5741535042473027,-0.3828452816661538,5,R2019-01230
1231,1231,33824.553542600894,0.4990042180199578,-0.0378932881472651,0,R2019-01231
1232,1232,91121.07623318383,0.3253672564974821,0.4656724871731594,3,R2019-01232
1233,1233,58301.45371078808,0.3731160767903309,-0.2406232577754819,0,R2018-01233
1234,1234,5830.145371078807,0.4336197122515774,-0.1130142942051369,0,R2018-01234
1235,1235,56950.67264573991,0.3615655606461062,-0.0955654367702722,0,R2019-01235
1236,1236,136681.61434977577,0.3821478318629547,0.0963845774264255,0,R2019-01236
1237,1237,20502.24215246637,0.2329771039671265,0.5357079253435697,3,R2019-01237
1238,1238,170852.01793721973,0.1657519702192781,0.0080885434993979,1,R2019-01238
1239,1239,641315.9908186689,0.3164293392422185,0.1462990801796374,2,R2018-01239
1240,1240,75791.8898240245,0.343320677505835,-0.1420270968706529,0,R2018-01240
1241,1241,38849.23525127458,0.3732132439513352,-0.1151705020662147,0,R2021-01241
1242,1242,8500.0,0.2743568540580417,-0.2147564645925776,0,R2024-01242
1243,1243,349808.72226472845,0.4285549590897797,-0.0650374538023997,0,R2018-01243
1244,1244,11330.85501858736,0.3131735868147627,0.0060968209435404,0,R2020-01244
1245,1245,17490.43611323642,0.2433575334420382,0.1675733434135854,0,R2018-01245
1246,1246,69961.74445294568,0.3562677382624401,0.084204431362409,1,R2018-01246
1247,1247,34170.40358744394,0.3611102724233169,0.0741890991579944,1,R2019-01247
1248,1248,75791.8898240245,0.4182412443768546,0.0437595091481848,0,R2018-01248
1249,1249,205022.4215246637,0.276162177572125,0.195767842249847,2,R2019-01249
1250,1250,283271.375464684,0.390565435148309,-0.1067107815022526,0,R2020-01250
1251,1251,339925.6505576208,0.378401355745648,0.2916099937671809,2,R2020-01251
1252,1252,3417.0403587443943,0.2278274106894079,0.1394231735542994,1,R2019-01252
1253,1253,1562.542720437457,0.1208529620468684,0.0003783612825238,1,R2022-01253
1254,1254,15159.151193633952,0.1651210357546338,0.0929029504325307,1,R2023-01254
1255,1255,35858.82352941176,0.4135086398952677,-0.2299640270119226,0,R2017-01255
1256,1256,51255.60538116592,0.3151379676977641,0.6344157836737534,3,R2019-01256
1257,1257,45560.53811659192,0.1681418530293346,0.2377990896477999,1,R2019-01257
1258,1258,34170.40358744394,0.3674074904068377,-0.1045803104558589,0,R2019-01258
1259,1259,22154.55241009947,0.3447634879189623,-0.0097816120067214,0,R2018-01259
1260,1260,58301.45371078808,0.3587804811414453,-0.0839487878777862,0,R2018-01260
1261,1261,200000.0,0.5586854892871276,-0.5485444782752502,5,R2024-01261
1262,1262,5830.145371078807,0.1708001554035452,0.1914272402745834,1,R2018-01262
1263,1263,77698.47050254916,0.3507399740595348,0.0375360944086881,0,R2021-01263
1264,1264,110772.76205049736,0.2806464055505465,-0.0193666030382584,0,R2018-01264
1265,1265,200000.0,0.1966885147887797,0.1567530312468937,1,R2024-01265
1266,1266,18979.18215613383,0.3189019493287265,0.4927689258323396,3,R2020-01266
1267,1267,96816.14349775785,0.2888136633487789,0.0695955120918939,1,R2019-01267
1268,1268,1699.628252788104,0.3183648479162692,-0.0804479906432249,0,R2020-01268
1269,1269,67710.18455228982,0.2070274103305281,0.2042349025843377,1,R2022-01269
1270,1270,125000.0,0.4423328914787384,-0.0962780771479621,0,R2024-01270
1271,1271,1708.5201793721972,0.1747666435206188,0.245881940587399,1,R2019-01271
1272,1272,23087.37566947208,0.299471943940939,0.5901697093733383,3,R2018-01272
1273,1273,17490.43611323642,0.2746086260241698,0.3403816293224452,1,R2018-01273
1274,1274,25652.639632746752,0.4526580372544254,-0.0435296545643099,0,R2018-01274
1275,1275,1434.3529411764707,0.1107001249020903,0.0969394516968736,1,R2017-01275
1276,1276,41835.294117647056,0.3744835726793228,0.1920757573391172,1,R2017-01276
1277,1277,17490.43611323642,0.1553648342279658,0.0808677958236149,1,R2018-01277
1278,1278,58301.45371078808,0.3409504537479289,-0.0627355561297106,0,R2018-01278
1279,1279,23320.58148431523,0.2768105393882943,-0.0007393172042374,0,R2018-01279
1280,1280,88843.04932735425,0.338782403320518,0.2032109511717563,1,R2019-01280
1281,1281,10451.729442970822,0.1252829837156136,0.0278008192534748,1,R2023-01281
1282,1282,190000.0,0.2053472438494988,0.1035739729207438,1,R2024-01282
1283,1283,29150.72685539404,0.1632356232287823,-0.0416517134600135,0,R2018-01283
1284,1284,29150.72685539404,0.3722559803852276,0.0276843496495856,0,R2018-01284
1285,1285,29150.72685539404,0.2923708616733627,-0.0482480704603482,0,R2018-01285
1286,1286,116602.90742157616,0.2242703526788984,-0.0239335558434841,0,R2018-01286
1287,1287,1139.013452914798,0.2267726749774421,0.1413587998217925,1,R2019-01287
1288,1288,2266.171003717472,0.1941130845126597,0.0893791766051442,1,R2020-01288
1289,1289,5665.4275092936805,0.2142992201575478,-0.0787244764390715,0,R2020-01289
1290,1290,95614.38408569244,0.276298654966871,-0.0226827493519229,0,R2018-01290
1291,1291,58301.45371078808,0.3681853742057913,-0.1183543824574831,0,R2018-01291
1292,1292,69961.74445294568,0.3898018226007996,0.1551847193648765,1,R2018-01292
1293,1293,29150.72685539404,0.5741535042473027,-0.3828452816661538,5,R2018-01293
1294,1294,29150.72685539404,0.2923708616733627,-0.0482480704603482,0,R2018-01294
1295,1295,29150.72685539404,0.2923708616733627,-0.0482480704603482,0,R2018-01295
1296,1296,29150.72685539404,0.2923708616733627,-0.0482480704603482,0,R2018-01296
1297,1297,29150.72685539404,0.3439059875832128,-0.1247268736246036,0,R2018-01297
1298,1298,29150.72685539404,0.3209565838752877,-0.0737426898278838,0,R2018-01298
1299,1299,29150.72685539404,0.3288696987107522,-0.0894383659667963,0,R2018-01299
1300,1300,72148.57975236708,0.3368975301711911,0.0309409208894364,0,R2021-01300
1301,1301,33992.56505576208,0.3625354989961553,-0.0073637118234164,0,R2020-01301
1302,1302,198963.77306903625,0.2906161981700655,0.2172387698108296,2,R2022-01302
1303,1303,29150.72685539404,0.3288696987107522,-0.0894383659667963,0,R2018-01303
1304,1304,170282.5112107623,0.4870531135817799,-0.06262634036395,0,R2019-01304
1305,1305,104942.61667941854,0.3057715424074472,0.1151585511746282,1,R2018-01305
1306,1306,30318.302387267904,0.4588697102099013,-0.0987167327508997,0,R2023-01306
1307,1307,30000.0,0.5586854892871276,-0.5485444782752502,5,R2024-01307
1308,1308,30000.0,0.5586854892871276,-0.5485444782752502,5,R2024-01308
1309,1309,40000.0,0.5586854892871276,-0.5485444782752502,5,R2025-01309
1310,1310,40000.0,0.5586854892871276,-0.5485444782752502,5,R2025-01310
1311,1311,30318.302387267904,0.5399476147542216,-0.4375438658379126,5,R2023-01311
1312,1312,100000.0,0.3075324135356413,-0.1778979597370396,0,R2024-01312
1313,1313,30318.302387267904,0.3802311445519201,-0.2839337759794569,0,R2023-01313
1314,1314,40000.0,0.6032832908162081,-0.5310683680445598,5,R2024-01314
1315,1315,30000.0,0.5586854892871276,-0.5485444782752502,5,R2024-01315
1316,1316,31250.854408749143,0.4689922430397223,-0.0212783379099742,0,R2022-01316
1317,1317,40000.0,0.5586854892871276,-0.5485444782752502,5,R2024-01317
1318,1318,40000.0,0.5586854892871276,-0.5485444782752502,5,R2024-01318
1319,1319,34170.40358744394,0.4138156385256141,-0.0153752425372202,0,R2019-01319
1320,1320,34170.40358744394,0.4807868286868847,0.0053660227696028,0,R2019-01320
1321,1321,34170.40358744394,0.5049116935730197,-0.1322588938279263,0,R2019-01321
1322,1322,33992.56505576208,0.5170941648572405,-0.0161905341432146,0,R2020-01322
1323,1323,34170.40358744394,0.5294497733885839,-0.1661056036062243,0,R2019-01323
1324,1324,33299.3445010925,0.3172376260831555,0.0161817926078845,0,R2021-01324
1325,1325,34170.40358744394,0.5043452586120325,-0.1218689260901313,0,R2019-01325
1326,1326,33992.56505576208,0.2858103751651576,-0.0088882205428398,0,R2020-01326
1327,1327,33299.3445010925,0.4527643810201216,0.0150809883432378,0,R2021-01327
1328,1328,102511.21076233184,0.3310022471181755,-0.0707384980280785,0,R2019-01328
1329,1329,31250.854408749143,0.4872717345141907,-0.2667554788508056,0,R2022-01329
1330,1330,12529.14798206278,0.3644920771876572,-0.0697494189413365,0,R2019-01330
1331,1331,31250.854408749143,0.4739027010470229,-0.1509235181960644,0,R2022-01331
1332,1332,31250.854408749143,0.3630055888174582,-0.2042792510525036,0,R2022-01332
1333,1333,31250.854408749143,0.4601352781340732,-0.1159246053612737,0,R2022-01333
1334,1334,30318.302387267904,0.4031680806996759,-0.0958374394990838,0,R2023-01334
1335,1335,30318.302387267904,0.4630009065528003,-0.1486116686784793,0,R2023-01335
1336,1336,33299.3445010925,0.3600461164980316,0.0012783939001969,0,R2021-01336
1337,1337,34170.40358744394,0.5394285389441409,-0.1762692260914112,0,R2019-01337
1338,1338,33299.3445010925,0.2825648733665911,-0.0276218261785419,0,R2021-01338
1339,1339,33299.3445010925,0.4758787397869737,-0.2570039391210434,0,R2021-01339
1340,1340,34170.40358744394,0.5545982381793606,-0.1362928898472059,0,R2019-01340
1341,1341,33992.56505576208,0.4455548199290889,0.0160746538397642,0,R2020-01341
1342,1342,33299.3445010925,0.266561896241607,0.0459630647484808,0,R2021-01342
1343,1343,33299.3445010925,0.2339722002567774,0.0888586968013387,0,R2021-01343
1344,1344,33299.3445010925,0.2384855228927309,0.0910752763348463,0,R2021-01344
1345,1345,68340.80717488789,0.5644107423499503,-0.1502004216562385,0,R2019-01345
1346,1346,33992.56505576208,0.4635306771550149,0.020727786162453,0,R2020-01346
1347,1347,33992.56505576208,0.4760782402327053,0.0305891421062592,0,R2020-01347
1348,1348,33299.3445010925,0.4315174122452681,-0.0174949679996296,0,R2021-01348
1349,1349,30318.302387267904,0.5691158695047382,-0.4328448670977701,5,R2023-01349
1350,1350,30318.302387267904,0.4563940189109995,-0.2057602046220368,0,R2023-01350
1351,1351,30318.302387267904,0.5586854892871276,-0.5485444782752502,5,R2023-01351
1352,1352,30318.302387267904,0.5586854892871276,-0.5485444782752502,5,R2023-01352
1353,1353,30000.0,0.5586854892871276,-0.5485444782752502,5,R2024-01353
1354,1354,31250.854408749143,0.4653966529704908,-0.1589758353065586,0,R2022-01354
1355,1355,52084.75734791524,0.4030524171199122,0.0015058596054436,0,R2022-01355
1356,1356,30000.0,0.5691158695047382,-0.4328448670977701,5,R2024-01356
1357,1357,30318.302387267904,0.432685814403453,-0.2211435249510492,0,R2023-01357
1358,1358,30318.302387267904,0.5318468939321178,-0.3885469579619352,5,R2023-01358
1359,1359,30318.302387267904,0.6032832908162081,-0.5310683680445598,5,R2023-01359
1360,1360,30318.302387267904,0.5318468939321178,-0.3885469579619352,5,R2023-01360
1361,1361,30000.0,0.4886971425997148,-0.3664397844578283,5,R2024-01361
1362,1362,40000.0,0.5586854892871276,-0.5485444782752502,5,R2025-01362
1363,1363,30000.0,0.5586854892871276,-0.5485444782752502,5,R2024-01363
1364,1364,30000.0,0.5586854892871276,-0.5485444782752502,5,R2024-01364
1365,1365,30000.0,0.5597516885366358,-0.4778045077359227,5,R2025-01365
1366,1366,30318.302387267904,0.5624656232635086,-0.3727677481346123,5,R2023-01366
1367,1367,30318.302387267904,0.5586854892871276,-0.5485444782752502,5,R2023-01367
1368,1368,40000.0,0.6032832908162081,-0.5310683680445598,5,R2024-01368
1369,1369,500000.0,0.3336054129162532,-0.0552168319169392,2,R2025-01369
1370,1370,40000.0,0.5586854892871276,-0.5485444782752502,5,R2024-01370
1371,1371,34170.40358744394,0.5394285389441409,-0.1762692260914112,0,R2019-01371
1372,1372,33299.3445010925,0.4341218029984388,-0.1954294585907383,0,R2021-01372
1373,1373,33299.3445010925,0.2569845648723445,0.0542938709877197,0,R2021-01373
1374,1374,68340.80717488789,0.5091193064265939,-0.1372297269199218,0,R2019-01374
1375,1375,68340.80717488789,0.5771929219541821,-0.2458148982023539,0,R2019-01375
1376,1376,33992.56505576208,0.4539627712923892,0.0559899372167054,0,R2020-01376
1377,1377,67985.13011152417,0.3340131518558271,0.0729139539925229,0,R2020-01377
1378,1378,33299.3445010925,0.439439063727729,-0.0637967763540872,0,R2021-01378
1379,1379,33299.3445010925,0.4088570991856387,-0.0349788880519413,0,R2021-01379
1380,1380,569.506726457399,0.2068161931774763,0.1398822357355588,1,R2019-01380
1381,1381,39865.470852017934,0.3671817734546829,-0.1918713908273311,0,R2019-01381
1382,1382,221995.6300072833,0.3783787000413119,0.0006380680729438,0,R2021-01382
1383,1383,52490.123029861614,0.3916478872583737,-0.0489745752225484,0,R2021-01383
1384,1384,5000.0,0.3426010713372223,0.4234368376738084,1,R2025-01384
1385,1385,45560.53811659192,0.2608259833693409,-0.0353746260436055,0,R2019-01385
1386,1386,33992.56505576208,0.4585775799893384,0.0242023789084882,0,R2020-01386
1387,1387,31250.854408749143,0.2403326677162283,-0.0466173337569832,0,R2022-01387
1388,1388,31250.854408749143,0.3833903203149056,-0.0174130245137001,0,R2022-01388
1389,1389,31250.854408749143,0.3414686034332918,-0.0414543960536621,0,R2022-01389
1390,1390,33992.56505576208,0.3962082202101933,-0.1525009734139327,0,R2020-01390
1391,1391,31250.854408749143,0.4314809677843166,-0.0729611655700621,0,R2022-01391
1392,1392,33299.3445010925,0.4896695483152898,-0.1923079950028773,0,R2021-01392
1393,1393,33299.3445010925,0.4237609321161396,0.0053307324482252,0,R2021-01393
1394,1394,33299.3445010925,0.2199570637701871,0.0833932838077259,0,R2021-01394
1395,1395,33299.3445010925,0.4962424533816352,-0.0742022527829212,0,R2021-01395
1396,1396,33299.3445010925,0.4050481026464456,-0.236447285104295,0,R2021-01396
1397,1397,33299.3445010925,0.4259967652621155,-0.1880357703560318,0,R2021-01397
1398,1398,33299.3445010925,0.4398215064074159,0.0200901632161458,0,R2021-01398
1399,1399,33992.56505576208,0.3593641425877541,0.0429988978645666,0,R2020-01399
1400,1400,166496.72250546247,0.2116799727739655,0.018396977451151,0,R2021-01400
1401,1401,34170.40358744394,0.4824215145130684,-0.1575417232004667,0,R2019-01401
1402,1402,33992.56505576208,0.3310004791418266,0.0490540271303738,0,R2020-01402
1403,1403,34170.40358744394,0.4961438452564502,-0.1219815378649153,0,R2019-01403
1404,1404,34170.40358744394,0.5284374695581565,-0.1991447218569887,0,R2019-01404
1405,1405,33299.3445010925,0.4501031415781655,-0.1082490858047655,0,R2021-01405
1406,1406,33299.3445010925,0.5007375854748198,-0.1934205273064123,0,R2021-01406
1407,1407,33299.3445010925,0.2362587808679288,0.1864350286654686,0,R2021-01407
1408,1408,33992.56505576208,0.4518385091926635,-0.2199698943443859,0,R2020-01408
1409,1409,31250.854408749143,0.4993676087276286,-0.2130621278763255,0,R2022-01409
1410,1410,31250.854408749143,0.387102076645093,-0.2345120002153383,0,R2022-01410
1411,1411,30000.0,0.5586854892871276,-0.5485444782752502,5,R2024-01411
1412,1412,30000.0,0.5586854892871276,-0.5485444782752502,5,R2024-01412
1413,1413,31250.854408749143,0.5097216866285766,-0.2629827755766312,0,R2022-01413
1414,1414,30000.0,0.5023989993731854,-0.4968382727215955,5,R2024-01414
1415,1415,33992.56505576208,0.4574779904648965,-0.0328842197912567,0,R2020-01415
1416,1416,166496.72250546247,0.4680662827932352,-0.0958035119698857,0,R2021-01416
1417,1417,18224.21524663677,0.4418850701582641,-0.0555888918887434,0,R2019-01417
1418,1418,3417.0403587443943,0.3526694163851411,-0.0823625836446376,0,R2019-01418
1419,1419,72876.8171384851,0.4766543586766803,-0.0536864644686555,0,R2018-01419
1420,1420,68340.80717488789,0.5545982381793606,-0.1362928898472059,0,R2019-01420
1421,1421,33299.3445010925,0.4774058241028793,0.0126472249556345,0,R2021-01421
1422,1422,33299.3445010925,0.4576118469465096,0.0089895995552784,0,R2021-01422
1423,1423,33992.56505576208,0.4455548199290889,0.0160746538397642,0,R2020-01423
1424,1424,9112.107623318385,0.1702885114774642,0.2396193491620028,1,R2019-01424
1425,1425,66598.689002185,0.3582035618041833,-0.0367163165481056,0,R2021-01425
1426,1426,4500.0,0.1732820847915755,0.0145730386072322,1,R2024-01426
1427,1427,26275.86206896552,0.4989702694862555,-0.2373744219334689,0,R2023-01427
1428,1428,50530.50397877984,0.2660137452358965,-0.2909240024846469,0,R2023-01428
1429,1429,15000.0,0.221751014445616,0.0735142253390511,1,R2024-01429
1430,1430,166496.72250546247,0.4746411682408574,-0.1397517788436184,0,R2021-01430
1431,1431,41667.8058783322,0.3266897230118983,0.1665480685926328,1,R2022-01431
1432,1432,36459.33014354067,0.1333670568634137,0.0656766670141932,1,R2022-01432
1433,1433,27846.594668489408,0.1284173310967132,0.0765953432462613,1,R2022-01433
1434,1434,151591.51193633952,0.1694082980434366,0.0542835368801459,1,R2023-01434
1435,1435,5104.306220095694,0.1331197831797802,0.1505316476449701,1,R2022-01435
1436,1436,20833.9029391661,0.3545841742163548,0.0384200153143591,0,R2022-01436
1437,1437,88933.68700265251,0.2796981397502246,0.1339990892498895,0,R2023-01437
1438,1438,15000.0,0.278351304119977,0.1229596627643149,1,R2024-01438
1439,1439,15159.151193633952,0.4801744799009267,-0.1772887677890601,0,R2023-01439
1440,1440,38403.18302387268,0.3127720556314455,0.4550269985883672,3,R2023-01440
1441,1441,1500.0,0.1357613157230772,0.206179052377583,1,R2024-01441
1442,1442,5208.475734791525,0.290711041547093,0.4256720998048272,3,R2022-01442
1443,1443,110997.81500364163,0.2343607785836524,-0.0065781295557854,0,R2021-01443
1444,1444,2021.2201591511937,0.1572232965504992,0.0565248940245368,1,R2023-01444
1445,1445,12500.34176349966,0.072535930156358,0.0218517083996414,1,R2022-01445
1446,1446,230000.0,0.3400346455867298,0.3243432110456523,3,R2024-01446
1447,1447,31250.854408749143,0.4108379016991438,-0.2968009615442634,0,R2022-01447
1448,1448,208339.02939166097,0.4684459962594082,-0.0189079519430439,0,R2022-01448
1449,1449,116602.90742157616,0.3214768634945885,-0.0805762530860329,0,R2018-01449
1450,1450,394042.2432629279,0.3233076336417716,0.1673572819164324,2,R2021-01450
1451,1451,54949.419002050585,0.3448164388996633,-0.1610777852761751,0,R2022-01451
1452,1452,4166.780587833219,0.2669461352623168,0.6091376135144018,3,R2022-01452
1453,1453,75000.0,0.1116265793135536,0.1749641124132565,1,R2024-01453
1454,1454,31250.854408749143,0.3481267606991166,0.0121082151951213,0,R2022-01454
1455,1455,19000.0,0.3854420849215798,-0.2639691225491243,0,R2025-01455
1456,1456,55969.39556235656,0.4550603388492806,-0.1368761786364863,0,R2018-01456
1457,1457,221995.6300072833,0.2959995693047688,0.02130100233605,0,R2021-01457
1458,1458,83335.6117566644,0.381844219140342,-0.0489597524523164,0,R2022-01458
1459,1459,520.8475734791524,0.1480283494175495,0.0788184676049743,1,R2022-01459
1460,1460,2395.898838004101,0.091923418061829,0.1738723430023448,1,R2022-01460
1461,1461,72763.92572944297,0.4141371492249694,-0.3510308695110845,5,R2023-01461
1462,1462,51147.23171565277,0.2014956645750983,0.0234856844400016,1,R2022-01462
1463,1463,677101.8455228981,0.307807404432137,0.1549074194980945,2,R2022-01463
1464,1464,60000.0,0.3227580585557755,0.2735388305058588,3,R2024-01464
1465,1465,20833.9029391661,0.4646881151798713,-0.1434561082473799,0,R2022-01465
1466,1466,202122.0159151193,0.6032832908162081,-0.5310683680445598,5,R2023-01466
1467,1467,100000.0,0.4726787209816346,-0.2919851052820338,0,R2024-01467
1468,1468,141485.41114058354,0.5586854892871276,-0.5485444782752502,5,R2023-01468
1469,1469,35371.352785145886,0.2898990017509922,-0.2504571202444295,0,R2023-01469
1470,1470,260423.78673957623,0.4354441073069525,-0.2404601175984391,0,R2022-01470
1471,1471,24416.29254955571,0.0964030841479395,0.1301578485751953,1,R2022-01471
1472,1472,11787.624360902257,0.1525921168495366,0.1318110312986453,1,R2022-01472
1473,1473,10152.0,0.1591078283019774,-0.0825666386030665,1,R2024-01473
1474,1474,23571.0,0.1740601661805898,-0.0653562349511253,1,R2024-01474
1475,1475,192713.6021872864,0.358900508203333,0.181130667305163,0,R2022-01475
1476,1476,227802.6905829596,0.3545310496171698,-0.1078844645030732,0,R2019-01476
1477,1477,416678.05878332193,0.3808470144452187,0.0015003311331221,0,R2022-01477
1478,1478,64064.25153793575,0.3864878651088595,-0.2876147009766422,0,R2022-01478
1479,1479,1542140.0,0.1439639972949875,0.0434859730186828,4,R2024-01479
1480,1480,11979.155411140582,0.1336288747449532,-0.0290519082207585,1,R2023-01480
1481,1481,11862.308673740054,0.1114294808569496,-0.0093825244921678,1,R2023-01481
1482,1482,18453.6,0.1300874076268978,0.0395161028058404,1,R2024-01482
1483,1483,17189.71949602122,0.134310569622558,0.0419699109794428,1,R2023-01483
1484,1484,1675.0457963089543,0.121560048836633,0.1532797466488098,1,R2022-01484
1485,1485,25626.039787798407,0.1282811047537493,0.0097244224919109,1,R2023-01485
1486,1486,15515.0,0.1282789164060316,0.0161596862113653,1,R2024-01486
1487,1487,251641.9098143236,0.3120080518471315,0.0993710967685418,0,R2023-01487
1488,1488,424456.23342175066,0.1756326611010173,0.0529609130265945,2,R2023-01488
1489,1489,10106.100795755969,0.2195961125622819,-0.0193090506529136,0,R2023-01489
1490,1490,12000.0,0.1980100448863679,0.0946431546790788,1,R2024-01490
1491,1491,130211.89336978811,0.2505321866450528,-0.0111666146640916,0,R2022-01491
1492,1492,197922.077922078,0.2804026911065791,-0.0173292166407533,0,R2022-01492
1493,1493,12276.06,0.1545236543164108,-0.0232524393732958,1,R2025-01493
1494,1494,20000.0,0.2298021888430155,0.4849426713986267,3,R2024-01494
1495,1495,229172.93233082708,0.3530438781000125,0.1914792614429163,3,R2022-01495
1496,1496,1010.6100795755968,0.2280776816753773,0.5118137587790749,3,R2023-01496
1497,1497,67710.18455228982,0.3807630355703452,0.0091756674341253,0,R2022-01497
1498,1498,150000.0,0.5374700803970935,-0.0906864317808388,0,R2025-01498
1499,1499,32189.36635105608,0.3492381970253413,-0.0261674915020513,0,R2021-01499
1500,1500,18569.96021220159,0.2715511394099006,-0.0620195562949863,1,R2023-01500
1501,1501,16169.76127320955,0.1710860155861594,0.2027469680222434,1,R2023-01501
1502,1502,161697.6127320955,0.3216408925517126,0.4740434873863333,3,R2023-01502
1503,1503,312508.54408749146,0.3013859155343299,0.1371690247612616,2,R2022-01503
1504,1504,104169.51469583048,0.3754617270575326,0.0103630917799237,0,R2022-01504
1505,1505,52084.75734791524,0.3791092471712404,0.0031516544570756,0,R2022-01505
1506,1506,101061.00795755968,0.335489608992988,0.4512604179478199,3,R2023-01506
1507,1507,101061.00795755968,0.409494510457819,-0.0253859048261191,0,R2023-01507
1508,1508,520.8475734791524,0.140700592365485,0.140365293929192,1,R2022-01508
1509,1509,41667.8058783322,0.3806883116155625,-0.2136628641041968,0,R2022-01509
1510,1510,20625.563909774435,0.3264543315195992,-0.0137150259946912,0,R2022-01510
1511,1511,187505.12645249488,0.3620799624757915,0.1685569151604539,1,R2022-01511
1512,1512,13542.036910457964,0.3267388608998234,0.0042930623806972,0,R2022-01512
1513,1513,998980.3350327748,0.2420626007230961,-0.0197247204755058,2,R2021-01513
1514,1514,4081.101759755165,0.2708593649184999,0.6118583470511035,3,R2018-01514
1515,1515,5208.475734791525,0.3208301676573614,-0.1442008747636701,0,R2022-01515
1516,1516,5208.475734791525,0.3857223408774213,-0.1642574585815247,0,R2022-01516
1517,1517,5053.050397877984,0.5144356803703627,-0.3909371937271136,5,R2023-01517
1518,1518,20000.0,0.309232059089949,0.5586591311748432,3,R2024-01518
1519,1519,5208.475734791525,0.3669028568207327,-0.1693295990286249,0,R2022-01519
1520,1520,5208.475734791525,0.3857223408774213,-0.1642574585815247,0,R2022-01520
1521,1521,5208.475734791525,0.3857223408774213,-0.1642574585815247,0,R2022-01521
1522,1522,76500.0,0.3228091502951465,0.0631239515123455,1,R2024-01522
1523,1523,15521.257689678743,0.300959308651788,0.0248101582893229,0,R2022-01523
1524,1524,83335.6117566644,0.4039882113414605,0.241286176176071,1,R2022-01524
1525,1525,15159.151193633952,0.2242839521397523,0.4486502382184543,3,R2023-01525
1526,1526,34171.65412964312,0.2707502154457972,0.1535467601319088,0,R2021-01526
1527,1527,62501.70881749829,0.3309570672822614,-0.0276873844341833,0,R2022-01527
1528,1528,75000.0,0.4623371691318262,-0.4352974175514421,5,R2024-01528
1529,1529,250000.0,0.1733645707474931,0.1274835087257522,1,R2024-01529
1530,1530,50530.50397877984,0.3235990456980803,0.0630267485836687,1,R2023-01530
1531,1531,187505.12645249488,0.3099744781871886,0.0699294241890016,0,R2022-01531
1532,1532,5830.145371078807,0.2499338535118158,-0.0179726374598323,0,R2018-01532
1533,1533,65689.6551724138,0.5221676974563756,-0.4080594097649577,5,R2023-01533
1534,1534,104169.51469583048,0.3094910625755239,-0.1735496056596547,0,R2022-01534
1535,1535,500013.6705399864,0.4248549835946253,0.0329622435191187,0,R2022-01535
1536,1536,15159.151193633952,0.1877417398584759,0.1148573120436443,0,R2023-01536
1537,1537,10416.95146958305,0.2630033437532237,0.3753824430361583,3,R2022-01537
1538,1538,7000.0,0.4753693527510046,-0.2025264944068949,0,R2025-01538
1539,1539,2083.3902939166096,0.1293434604718994,0.1925091030872721,1,R2022-01539
1540,1540,31250.854408749143,0.4108379016991438,-0.2968009615442634,0,R2022-01540
1541,1541,72918.66028708134,0.3358648654261901,0.0277664556169232,1,R2022-01541
1542,1542,41667.8058783322,0.3607052850293613,-0.0131793285299781,0,R2022-01542
1543,1543,208339.02939166097,0.2590427538838895,0.462235071434349,3,R2022-01543
1544,1544,21349.542036910458,0.3705803682089885,-0.1930213985664804,0,R2022-01544
1545,1545,10106.100795755969,0.24251012431996,0.1764611752932708,1,R2023-01545
1546,1546,46876.28161312372,0.2889059457780267,0.0395497530839608,0,R2022-01546
1547,1547,114586.46616541354,0.3188007587796678,-0.0205813193355616,0,R2022-01547
1548,1548,31250.854408749143,0.473666456226527,-0.0472084631330779,0,R2022-01548
1549,1549,19100.53050397877,0.41480441994264,0.5288187253740128,3,R2023-01549
1550,1550,4042.4403183023874,0.1938622502041177,0.4567736581363445,3,R2023-01550
1551,1551,104169.51469583048,0.4285173027210043,-0.0198815280241548,0,R2022-01551
1552,1552,150000.0,0.5586854892871276,-0.5485444782752502,5,R2024-01552
1553,1553,20212.201591511937,0.2254880368196916,0.082939294576835,1,R2023-01553
1554,1554,74000.0,0.2438745888143929,0.4064296705989661,3,R2024-01554
1555,1555,177088.17498291182,0.4549202073768551,-0.0446636734267188,0,R2022-01555
1556,1556,92976.12732095493,0.3427700100429627,0.0895032974625291,1,R2023-01556
1557,1557,7000.0,0.1045217554481317,0.0084883297403988,1,R2025-01557
1558,1558,161697.6127320955,0.3156866559712765,-0.247897599446151,0,R2023-01558
1559,1559,89000.0,0.3551168015818586,0.2281848388644899,3,R2024-01559
1560,1560,20833.9029391661,0.3251377722125425,-0.0185128738288614,0,R2022-01560
1561,1561,26042.37867395762,0.0706552311352206,-0.0070988785937081,1,R2022-01561
1562,1562,18000.0,0.2498448025488281,0.4671004520040649,3,R2024-01562
1563,1563,18000.0,0.1814242130185676,-0.0829246120111444,1,R2025-01563
1564,1564,6000.0,0.2099635711770792,-0.2205597781873202,1,R2024-01564
1565,1565,3125.085440874914,0.2139397580601032,-0.051847703211815,1,R2022-01565
1566,1566,9794.873315649867,0.3454190716031974,-0.0720590854963797,0,R2023-01566
1567,1567,364593.3014354067,0.393094118820892,-0.0253537913567602,0,R2022-01567
1568,1568,8000.0,0.2728099765380395,0.5016923386030635,3,R2024-01568
1569,1569,312508.54408749146,0.2586391867123586,0.0672567868975106,2,R2022-01569
1570,1570,39916.8,0.1608631569153069,-0.0177055772123772,1,R2024-01570
1571,1571,13206.652519893898,0.120660558001511,-0.0543897014021386,1,R2023-01571
1572,1572,28224.0,0.1860853097926982,0.2089551674509976,3,R2024-01572
1573,1573,26611.2,0.1653815502288497,-0.0635401263725977,1,R2025-01573
1574,1574,126326.2599469496,0.2514742914469076,-0.1293011151402552,0,R2023-01574
1575,1575,14644.750663129971,0.0843023407147685,-3.630576756451232e-05,1,R2023-01575
1576,1576,12392.353448275862,0.1802002668001429,-0.1303217136069872,1,R2023-01576
1577,1577,300000.0,0.5389963613143496,-0.3908950236610403,5,R2025-01577
1578,1578,11099.781500364164,0.1698281942720213,0.1590558785622055,1,R2021-01578
1579,1579,2000000.0,0.1435818722694483,0.026000157643441,4,R2024-01579
1580,1580,5125.560538116592,0.2665133387824508,0.1426100276476481,0,R2019-01580
1581,1581,63543.4039644566,0.4285918341492243,0.5134330801676217,3,R2022-01581
1582,1582,138747.26875455206,0.4498300474275017,-0.1674366821922666,0,R2021-01582
1583,1583,5729.3233082706765,0.4047101409605191,0.0795890404107886,0,R2022-01583
1584,1584,104169.51469583048,0.5079940045307609,-0.0402763586426158,0,R2022-01584
1585,1585,166496.72250546247,0.3107234161868916,0.148447962238468,1,R2021-01585
1586,1586,10416.95146958305,0.3829769605376767,-0.0377095303952332,0,R2022-01586
1587,1587,10416.95146958305,0.2807385873710422,0.1183154637158667,1,R2022-01587
1588,1588,15159.151193633952,0.1316857965505084,-0.0511371243794152,1,R2023-01588
1589,1589,20000.0,0.3301739296301077,-0.2231387133312726,0,R2024-01589
1590,1590,100000.0,0.0640128499669487,0.0046476611856098,1,R2024-01590
1591,1591,45560.53811659192,0.3528716997375038,-0.0874118935106372,0,R2019-01591
1592,1592,93282.32593726092,0.2845275486433009,0.0711381041838044,0,R2018-01592
1593,1593,227802.6905829596,0.4480924292736793,-0.0105574445172839,0,R2019-01593
1594,1594,10000.0,0.3946385626317047,-0.3387886813906698,5,R2025-01594
1595,1595,20000.0,0.3347967508935953,-0.2636617977141888,0,R2024-01595
1596,1596,606.3660477453581,0.2182011256811326,0.082608705156714,1,R2023-01596
1597,1597,104169.51469583048,0.2166814762387288,-0.0781654817658854,1,R2022-01597
1598,1598,665986.8900218499,0.3607960980379396,-0.0822880301500288,2,R2021-01598
1599,1599,10353.279192825112,0.2378465121989537,-0.0072117958096955,1,R2019-01599
1600,1600,13376.072825112107,0.2378465121989537,-0.0072117958096955,1,R2019-01600
1601,1601,12404.00457399103,0.2378465121989537,-0.0072117958096955,1,R2019-01601
1602,1602,75000.0,0.1159689622331278,0.130725846159576,1,R2024-01602
1603,1603,221129.41176470587,0.3357010458932447,0.5895208082871284,3,R2017-01603
1604,1604,29150.72685539404,0.4670475670121548,-0.091852284823817,0,R2018-01604
1605,1605,51255.60538116592,0.222286618861541,0.1196364813690208,1,R2019-01605
1606,1606,15625.427204374571,0.3475232133462785,-0.0213136162310158,0,R2022-01606
1607,1607,208339.02939166097,0.2826304338427826,0.0484429531384253,0,R2022-01607
1608,1608,11099.781500364164,0.3763899854723507,-0.1046307094658018,0,R2021-01608
1609,1609,16432.09147982063,0.2300563831058996,-0.0297446214146337,1,R2019-01609
1610,1610,5461.216412556053,0.2300563831058996,-0.0297446214146337,1,R2019-01610
1611,1611,15625.427204374571,0.3196293793845751,-0.0100699077727083,0,R2022-01611
1612,1612,11099.781500364164,0.3763899854723507,-0.1046307094658018,0,R2021-01612
1613,1613,202122.0159151193,0.2593457326857339,0.0610596811111177,0,R2023-01613
1614,1614,100000.0,0.4335671258669581,-0.3038846096710695,0,R2025-01614
1615,1615,1000000.0,0.1794911014620754,0.0459414084763874,2,R2024-01615
1616,1616,200000.0,0.3179430916823683,-0.0818080979389243,0,R2024-01616
1617,1617,4664.116296863046,0.2737875531414587,0.5903411900548434,3,R2018-01617
1618,1618,18674.934260089685,0.2699840641539169,-0.0367678654112384,0,R2019-01618
1619,1619,72918.66028708134,0.2321820955638764,0.0807971322504445,1,R2022-01619
1620,1620,5000.0,0.3946385626317047,-0.3387886813906698,5,R2025-01620
1621,1621,50530.50397877984,0.2790737013532704,-0.0457510596920779,0,R2023-01621
1622,1622,10000.0,0.3784060102933165,-0.3160763102307648,5,R2024-01622
1623,1623,25265.25198938992,0.4076897672034344,-0.3316081929905756,0,R2023-01623
1624,1624,93752.56322624744,0.3067806787388089,0.3106572396533652,1,R2022-01624
1625,1625,17500.0,0.2547535250657463,-0.0381476522629843,1,R2024-01625
1626,1626,260423.78673957623,0.3740249388841028,0.0213318149876477,0,R2022-01626
1627,1627,174904.36113236425,0.2958081052307558,-0.1337970741876215,0,R2018-01627
1628,1628,468762.8161312372,0.4326497337413282,-0.0069143602341469,0,R2022-01628
1629,1629,91359.15119363397,0.3912299057281611,0.4778996677023704,3,R2023-01629
1630,1630,75694.6949602122,0.1613437817851178,0.0664171097203988,1,R2023-01630
1631,1631,20000.0,0.3722660813028736,-0.262751915251005,0,R2024-01631
1632,1632,10000.0,0.3946385626317047,-0.3387886813906698,0,R2025-01632
1633,1633,5976.470588235295,0.1316497332401652,-0.0025621783394923,1,R2017-01633
1634,1634,29882.352941176472,0.428225004954123,-0.1276002314747938,0,R2017-01634
1635,1635,29882.352941176472,0.2768848593469671,0.0538665228133693,0,R2017-01635
1636,1636,113901.3452914798,0.3163993430084458,0.1935700872459264,1,R2019-01636
1637,1637,22710.58823529412,0.2667993354847037,0.0140890004909527,0,R2017-01637
1638,1638,267668.16143497755,0.3724913588824365,-0.1222482804906165,0,R2019-01638
1639,1639,52471.30833970927,0.473497323072965,-0.1231629679738573,0,R2018-01639
1640,1640,20405.508798775827,0.2734403533114729,-0.088213739621499,0,R2018-01640
1641,1641,2604.2378673957624,0.1978223746002827,0.0307176673601657,0,R2022-01641
1642,1642,22199.56300072833,0.2041605338307995,0.0992763641494506,1,R2021-01642
1643,1643,70000.0,0.2572644487656561,0.0475963953125564,0,R2024-01643
1644,1644,11883.61411764706,0.2653387759733039,-0.038490517371832,0,R2017-01644
1645,1645,58301.45371078808,0.4855005479771465,-0.3020730280039502,0,R2018-01645
1646,1646,600000.0,0.3613774681062065,0.1570236133981988,2,R2024-01646
1647,1647,41835.294117647056,0.3152705999232781,-0.2008247839018138,0,R2017-01647
1648,1648,2000.0,0.3058854199661096,0.2480145547373776,3,R2024-01648
1649,1649,116602.90742157616,0.391967654554739,0.0229722010950999,0,R2018-01649
1650,1650,45210.11152416357,0.2405895518511274,0.1662738265835151,1,R2020-01650
1651,1651,35858.82352941176,0.377234622778135,0.0334595830751523,0,R2017-01651
1652,1652,59764.705882352944,0.3397961913394106,0.1727257485039902,1,R2017-01652
1653,1653,25265.25198938992,0.5361581206242495,-0.4629842789947891,5,R2023-01653
1654,1654,5976.470588235295,0.2744904721268635,0.5958957336737007,3,R2017-01654
1655,1655,57604.77453580902,0.3064618371926721,0.0354764263561739,0,R2023-01655
1656,1656,85426.00896860987,0.5127772667797993,0.166651791547436,1,R2019-01656
1657,1657,87452.18056618211,0.3503388300247698,0.1326503361122849,1,R2018-01657
1658,1658,29882.352941176472,0.3958870627780615,-0.02736839787263,0,R2017-01658
1659,1659,79315.98513011153,0.1990833517116892,0.1445169583089572,1,R2020-01659
1660,1660,1792.9411764705883,0.2448329408925849,0.2159267971457113,1,R2017-01660
1661,1661,161364.70588235295,0.4004469403368033,0.5510240638989432,3,R2017-01661
1662,1662,51255.60538116592,0.420295748538984,-0.2009500129389078,0,R2019-01662
1663,1663,52471.30833970927,0.2900090139727949,0.6266799092157213,3,R2018-01663
1664,1664,1792.9411764705883,0.3014130938797129,0.0005188190020111,0,R2017-01664
1665,1665,174904.36113236425,0.2921319085992999,0.0884028289083317,2,R2018-01665
1666,1666,12127.320954907162,0.264709871486795,0.4539547541390454,3,R2023-01666
1667,1667,4828.988235294118,0.2727623204256295,0.4572567238112096,3,R2017-01667
1668,1668,3498.0872226472848,0.2671006362478672,-0.0243158582157135,0,R2018-01668
1669,1669,56950.67264573991,0.5257496758319039,-0.273445962294499,0,R2019-01669
1670,1670,89647.05882352941,0.2884654647974943,0.2247601431678205,1,R2017-01670
1671,1671,227802.6905829596,0.4277259621221603,-0.0869661043192007,0,R2019-01671
1672,1672,46699.55156950672,0.3607392905727999,0.1791357645096503,1,R2019-01672
1673,1673,57861.88340807175,0.3626838585038551,0.4429626589117956,3,R2019-01673
1674,1674,204055.08798775828,0.3047624163221722,0.1597592324054468,1,R2018-01674
1675,1675,56654.2750929368,0.4000257449419926,-0.0354738043908403,0,R2020-01675
1676,1676,40811.01759755165,0.4531170433212577,0.0173979075452629,0,R2018-01676
1677,1677,58301.45371078808,0.3429065187660753,0.0567105000297081,0,R2018-01677
1678,1678,100000.0,0.2659614780077421,-0.0724824214116193,0,R2024-01678
1679,1679,59764.705882352944,0.2483028419334972,0.2416241012509432,1,R2017-01679
1680,1680,2332.058148431523,0.3878863699893727,-0.0773959323543035,0,R2018-01680
1681,1681,5976.470588235295,0.2546083050144494,0.1381263421111575,1,R2017-01681
1682,1682,131482.35294117648,0.2998202506455842,0.1943029408837519,0,R2017-01682
1683,1683,5053.050397877984,0.2230683185150279,0.2078085149202203,1,R2023-01683
1684,1684,119529.41176470587,0.3303248763872686,-0.1001062502403662,0,R2017-01684
1685,1685,594869.8884758364,0.2910389802253855,-0.1116886435187331,2,R2020-01685
1686,1686,5856.941176470588,0.1979339240845326,0.1653448329685048,1,R2017-01686
1687,1687,169962.8252788104,0.2049740689997193,0.2528266161382316,1,R2020-01687
1688,1688,11952.94117647059,0.1959051729800128,0.1498209418805999,1,R2017-01688
1689,1689,1195.2941176470588,0.2198699405239884,0.036522838844486,1,R2017-01689
1690,1690,111042.37918215612,0.2036817048803706,0.0603724378929347,0,R2020-01690
1691,1691,97177.41176470587,0.1318991698627399,0.1022444609489928,1,R2017-01691
1692,1692,212995.51569506727,0.3001049225256978,-0.0141862780427376,0,R2019-01692
1693,1693,3417.0403587443943,0.1031617054708824,0.1909269211624784,1,R2019-01693
1694,1694,22199.56300072833,0.4614086609461353,-0.0984870406258309,0,R2021-01694
1695,1695,239058.8235294117,0.178496374718222,0.0700458028635314,1,R2017-01695
1696,1696,442258.82352941175,0.4875503480511952,-0.0665222615751226,0,R2017-01696
1697,1697,358588.23529411765,0.3095876825715954,0.2275360714788713,2,R2017-01697
1698,1698,67785.93420045909,0.4553774632056836,-0.1411211068790177,0,R2018-01698
1699,1699,5239.461883408071,0.2972894963585014,0.5875655347366452,3,R2019-01699
1700,1700,202122.0159151193,0.2016813519995287,0.1443334671650835,1,R2023-01700
1701,1701,20534.595775673704,0.2382872874906826,0.1448299998775362,1,R2021-01701
1702,1702,101061.00795755968,0.315675797837482,0.4527560680904536,3,R2023-01702
1703,1703,32990.117647058825,0.1955108088164128,0.1552466883353468,1,R2017-01703
1704,1704,169962.8252788104,0.1860642864095375,0.0829354381596817,1,R2020-01704
1705,1705,149251.72149961747,0.2987898518712946,0.6426532975247975,3,R2018-01705
1706,1706,239058.8235294117,0.4405484220278917,-0.0517405447745214,0,R2017-01706
1707,1707,35371.352785145886,0.2421805162022237,0.1460574073603976,1,R2023-01707
1708,1708,19262.453531598512,0.3318267669782314,0.0882726199690903,0,R2020-01708
1709,1709,170852.01793721973,0.3914398052637982,-0.1121065118085747,0,R2019-01709
1710,1710,179294.11764705885,0.4083924730266958,-0.0975292060934073,0,R2017-01710
1711,1711,95623.52941176471,0.4513416635109944,-0.1214795393032356,0,R2017-01711
1712,1712,45000.0,0.4579892384571968,-0.2156604141298362,0,R2024-01712
1713,1713,119529.41176470587,0.4330754644619481,-0.0863499966207396,0,R2017-01713
1714,1714,138747.26875455206,0.0770321110150869,0.0025979460388391,1,R2021-01714
1715,1715,104169.51469583048,0.3372080279169156,0.2448699728701945,3,R2022-01715
1716,1716,169962.8252788104,0.1539096754997119,0.0658147125356823,1,R2020-01716
1717,1717,59764.705882352944,0.3376111233108642,-0.0394768590087191,0,R2017-01717
1718,1718,113308.5501858736,0.3924291580693994,0.0130247138183594,0,R2020-01718
1719,1719,341704.03587443946,0.3786415281389755,0.1093327869715387,1,R2019-01719
1720,1720,130304.83271375464,0.4486262713481574,-0.1886772199697391,0,R2020-01720
1721,1721,34170.40358744394,0.4274836011885006,-0.0475676601378029,0,R2019-01721
1722,1722,199327.3542600897,0.3999373031127221,0.2152097529153912,1,R2019-01722
1723,1723,9112.107623318385,0.3769694614195367,0.2171401161838495,3,R2019-01723
1724,1724,8879.825200291332,0.158690184363219,0.2671269707535685,3,R2021-01724
1725,1725,27336.322869955155,0.4515646954305338,-0.0924388941673186,0,R2019-01725
1726,1726,98961.03896103895,0.3210919461782904,-0.1414425654384485,0,R2022-01726
1727,1727,5549.890750182082,0.1281010506424438,0.1320153433774346,1,R2021-01727
1728,1728,5125.560538116592,0.276948040533138,0.588266672915985,3,R2019-01728
1729,1729,58301.45371078808,0.4561650117647988,0.03403871089319,0,R2018-01729
1730,1730,56950.67264573991,0.4193638326326496,-0.2032250409473265,0,R2019-01730
1731,1731,204055.08798775828,0.3924020592893484,-0.1796516436880179,0,R2018-01731
1732,1732,277494.5375091041,0.4408394991728416,-0.2811249303122805,0,R2021-01732
1733,1733,4422.588235294118,0.2922105882357831,0.1269249318854847,1,R2017-01733
1734,1734,2051045.1415455248,0.1964324897253162,0.1153103006680539,4,R2018-01734
1735,1735,123115.29411764706,0.3828566915143587,-0.1029881014276934,0,R2017-01735
1736,1736,104942.61667941854,0.3901694283734271,-0.1304260168452574,0,R2018-01736
1737,1737,139923.48890589137,0.2872533723856953,-0.0124106954608531,0,R2018-01737
1738,1738,56950.67264573991,0.4969283884963534,-0.0396949102962983,0,R2019-01738
1739,1739,170852.01793721973,0.4688923696385524,-0.0398638337533979,0,R2019-01739
1740,1740,59764.705882352944,0.1367438924169158,0.2129600899356762,1,R2017-01740
1741,1741,179294.11764705885,0.2839354773597454,-0.0310785753585452,0,R2017-01741
1742,1742,87452.18056618211,0.2802921795665343,0.108364653134007,0,R2018-01742
1743,1743,52471.30833970927,0.2090164474001201,0.105108062904784,1,R2018-01743
1744,1744,25000.0,0.3013913723711402,0.3923278383245865,3,R2024-01744
1745,1745,339925.6505576208,0.3576907501765455,-0.1161401287545664,2,R2020-01745
1746,1746,225000.0,0.3656597021959529,0.1214856546906172,1,R2024-01746
1747,1747,119529.41176470587,0.1838945049019753,0.172862294500911,1,R2017-01747
1748,1748,5830.145371078807,0.4566084678357957,-0.1884095640705719,0,R2018-01748
1749,1749,77049.81412639405,0.210279459547445,0.090301714979323,1,R2020-01749
1750,1750,72315.29411764706,0.3211398497467547,0.5763133592665702,3,R2017-01750
1751,1751,597.6470588235294,0.1348179837989536,0.202894005907636,1,R2017-01751
1752,1752,45560.53811659192,0.4427035254664621,0.2047491836177527,1,R2019-01752
1753,1753,212228.11671087533,0.4179322433624495,0.4819824115665677,3,R2023-01753
1754,1754,22780.26905829596,0.1397927673411184,0.0864989055938028,1,R2019-01754
1755,1755,23320.58148431523,0.2877940854491924,-0.0740975440774144,0,R2018-01755
1756,1756,83670.58823529411,0.407186080704993,0.2587193637108011,1,R2017-01756
1757,1757,98524.66367713004,0.3835204885545993,0.1174880897701185,1,R2019-01757
1758,1758,84666.41486988847,0.3704117558152953,0.1748300354502571,1,R2020-01758
1759,1759,19979.6067006555,0.3379932165104761,0.0762107870052455,1,R2021-01759
1760,1760,5830.145371078807,0.3114623627657735,0.5994388300206169,3,R2018-01760
1761,1761,5665.4275092936805,0.3318946612745325,0.5041986197805048,3,R2020-01761
1762,1762,101600.0,0.1521246853845083,0.0433752828978746,1,R2017-01762
1763,1763,5665.4275092936805,0.0749590497642784,0.0806081716253974,1,R2020-01763
1764,1764,212228.11671087533,0.2398771486639675,0.0953782791332629,2,R2023-01764
1765,1765,64131.59908186689,0.3118681726491832,0.6193429487056296,3,R2018-01765
1766,1766,27749.45375091041,0.3688299675814294,0.0044356702977996,0,R2021-01766
1767,1767,46641.16296863046,0.30911099918338,-0.1143818516695777,0,R2018-01767
1768,1768,4034.117647058824,0.2765007835949385,-0.010671685350285,0,R2017-01768
1769,1769,47401.77882352941,0.1409896772666054,0.0471663100735266,1,R2017-01769
1770,1770,41835.294117647056,0.3933877213864897,-0.0439084970713394,0,R2017-01770
1771,1771,50530.50397877984,0.497676707184441,-0.4037060403283553,5,R2023-01771
1772,1772,262964.7058823529,0.2821986069413035,0.1425864302042334,0,R2017-01772
1773,1773,75000.0,0.6032832908162081,-0.5310683680445598,5,R2024-01773
1774,1774,4081.101759755165,0.2641366836439824,-0.0143988517647321,1,R2018-01774
1775,1775,85426.00896860987,0.4434771872390777,0.1734039021307017,1,R2019-01775
1776,1776,21515.29411764706,0.3312218566164947,0.046825335973632,0,R2017-01776
1777,1777,11660.290742157616,0.112180533857578,0.0720449067001002,1,R2018-01777
1778,1778,69961.74445294568,0.3308502115286016,0.6046805683757119,3,R2018-01778
1779,1779,3498.0872226472848,0.1886574342118218,0.0551064311300239,1,R2018-01779
1780,1780,29150.72685539404,0.2815709611969522,-0.0746180859688177,0,R2018-01780
1781,1781,7171.764705882353,0.2746923209848924,0.055343533293147,0,R2017-01781
1782,1782,377013.45291479817,0.1674402553912458,0.0099946135551795,2,R2019-01782
1783,1783,205022.4215246637,0.2421586555995959,0.0605038058217508,0,R2019-01783
1784,1784,11952.94117647059,0.1812313362722913,0.2024523043052854,1,R2017-01784
1785,1785,3824.941176470588,0.217913342831838,0.1846852301295385,1,R2017-01785
1786,1786,3498.0872226472848,0.2808467846264668,0.3647493681209039,3,R2018-01786
1787,1787,113901.3452914798,0.2535271921338369,-0.0143211433578265,0,R2019-01787
1788,1788,10106.100795755969,0.1924939563024237,0.2897854805235924,1,R2023-01788
1789,1789,38847.05882352941,0.0899448275149275,0.0381293694359034,1,R2017-01789
1790,1790,35858.82352941176,0.4410294131175826,-0.264826962147468,0,R2017-01790
1791,1791,26978.98352941177,0.4367264395883078,-0.2478882872733286,0,R2017-01791
1792,1792,8964.70588235294,0.1466860070317553,0.1253761570928224,1,R2017-01792
1793,1793,5976.470588235295,0.1028725338148799,0.1043473525368872,1,R2017-01793
1794,1794,1195.2941176470588,0.3736819097112439,-0.1125931356995455,0,R2017-01794
1795,1795,46641.16296863046,0.3543532617422621,0.5976010366997303,3,R2018-01795
1796,1796,7171.764705882353,0.1389222497480939,0.2115024214420158,1,R2017-01796
1797,1797,1166.0290742157615,0.3219477052079032,0.0794403671627348,1,R2018-01797
1798,1798,23320.58148431523,0.1407689651597329,0.2135407000017963,1,R2018-01798
1799,1799,59764.705882352944,0.3572577703194821,0.0023760432093637,0,R2017-01799
1800,1800,5378.823529411765,0.2564208735943855,0.548841452185483,3,R2017-01800
1801,1801,3585.8823529411766,0.2376140668258025,0.5847980649060457,3,R2017-01801
1802,1802,50560.94117647059,0.2911803106504892,0.2028925180149586,0,R2017-01802
1803,1803,172572.3029839327,0.3507036306153839,0.3227868489512373,3,R2018-01803
1804,1804,9064.684014869888,0.2333979682503769,0.0007676828515154,1,R2020-01804
1805,1805,71717.64705882352,0.3094948215910509,-0.0160152760545557,0,R2017-01805
1806,1806,75795.75596816976,0.2223271560066943,0.2081481447427015,1,R2023-01806
1807,1807,18129.368029739777,0.1495722737466455,-0.0137437094588642,1,R2020-01807
1808,1808,11390.13452914798,0.1661827671986775,0.076677438699228,1,R2019-01808
1809,1809,56766.959449120135,0.3540775843501675,-0.1248396871616301,0,R2018-01809
1810,1810,37312.93037490437,0.1823730433279389,0.1759901602125547,1,R2018-01810
1811,1811,105185.88235294116,0.2760827400725167,0.2052599822967228,2,R2017-01811
1812,1812,47807.19204284623,0.2002130066742646,0.0283671393907947,0,R2018-01812
1813,1813,45421.17647058824,0.3172975059769199,0.1604074897536874,1,R2017-01813
1814,1814,71717.64705882352,0.2865559669123332,0.2538206452806721,1,R2017-01814
1815,1815,186564.65187452183,0.2640645230429098,0.1064808908620919,2,R2018-01815
1816,1816,47811.76470588236,0.4350113055268529,-0.0918632823324003,0,R2017-01816
1817,1817,93282.32593726092,0.3350901678616848,0.5964793305973949,3,R2018-01817
1818,1818,29882.352941176472,0.4546637824414806,-0.1069689476229992,0,R2017-01818
1819,1819,70000.0,0.5586854892871276,-0.5485444782752502,5,R2024-01819
1820,1820,23919.28251121076,0.3168205002901893,0.259199716271217,1,R2019-01820
1821,1821,35858.82352941176,0.1755581892732581,0.0761653872273276,1,R2017-01821
1822,1822,77694.11764705883,0.3170298148021433,-0.0515507521927837,0,R2017-01822
1823,1823,3537.1352785145887,0.2489082975793016,0.0655019411651482,1,R2023-01823
1824,1824,5976.470588235295,0.3887564513481852,-0.125382143981667,0,R2017-01824
1825,1825,5208.475734791525,0.120122942473776,0.0858370611384602,1,R2022-01825
1826,1826,8964.70588235294,0.089075312910371,0.0247565185651919,1,R2017-01826
1827,1827,50202.35294117647,0.3082049190839165,0.0795723818439879,0,R2017-01827
1828,1828,50530.50397877984,0.1367235466988053,0.1910380177321031,1,R2023-01828
1829,1829,21350.642352941177,0.2786619495407069,0.6355600771670612,3,R2017-01829
1830,1830,143435.29411764705,0.4837356364173757,-0.0972545323976109,0,R2017-01830
1831,1831,29150.72685539404,0.3854984866816892,-0.041212728299842,0,R2018-01831
1832,1832,50988.84758364312,0.3461229934482346,0.4873293114358741,3,R2020-01832
1833,1833,69961.74445294568,0.322581242632459,-0.0655032652309521,0,R2018-01833
1834,1834,38249.41176470588,0.446598892991101,-0.2392182372337798,0,R2017-01834
1835,1835,23905.88235294118,0.4069756465022779,-0.1879993274686343,0,R2017-01835
1836,1836,45875.38823529412,0.384120818236676,-0.009194623250462,0,R2017-01836
1837,1837,5830.145371078807,0.1350090267860571,0.0830033868257399,1,R2018-01837
1838,1838,31079.38820101966,0.3440849142096814,-0.0446707231023882,0,R2021-01838
1839,1839,45560.53811659192,0.3551752397511708,0.2062126370502682,1,R2019-01839
1840,1840,72148.57975236708,0.3221320115978962,0.4819047059488657,3,R2021-01840
1841,1841,29150.72685539404,0.4743162195091859,-0.125418864638953,0,R2018-01841
1842,1842,6834.080717488789,0.1854779105354184,0.1932399388373729,1,R2019-01842
1843,1843,16996.28252788104,0.338967899960693,0.1718901924457361,1,R2020-01843
1844,1844,378746.74435542605,0.2956208856600175,-0.1645752206012777,2,R2021-01844
1845,1845,66043.69992716679,0.4256604727719701,-0.0962788796808602,0,R2021-01845
1846,1846,96816.14349775785,0.4226188332392684,-0.0283576910696425,0,R2019-01846
1847,1847,2847.533632286996,0.0671355268328326,0.0950837901240275,1,R2019-01847
1848,1848,16734.117647058825,0.1449460401840995,0.2078840842709545,1,R2017-01848
1849,1849,202122.0159151193,0.6032832908162081,-0.5310683680445598,5,R2023-01849
1850,1850,40811.01759755165,0.3658635839391788,-0.1223398507497383,0,R2018-01850
1851,1851,74279.84084880636,0.3224116945538981,0.3842093346776044,3,R2023-01851
1852,1852,326488.14078041323,0.3889670449116742,-0.0403233246597501,2,R2018-01852
1853,1853,15285.323420074348,0.1456304741536935,0.1451307702753033,1,R2020-01853
1854,1854,9328.232593726092,0.1452531309203122,0.1150648101052813,1,R2018-01854
1855,1855,10251.121076233185,0.1256347757713617,0.0374276565487089,1,R2019-01855
1856,1856,797309.4170403588,0.2484461971106685,6.566942673360922e-05,2,R2019-01856
1857,1857,378746.74435542605,0.2956208856600175,-0.1645752206012777,2,R2021-01857
1858,1858,823916.1438408571,0.247321017169058,-0.0012718502773336,2,R2018-01858
1859,1859,285677.1231828616,0.2885443567839264,0.0393431646950143,0,R2018-01859
1860,1860,29882.352941176472,0.1560001594235677,0.0872373638173609,1,R2017-01860
1861,1861,85901.85676392572,0.3062775842712941,0.0849437488355808,1,R2023-01861
1862,1862,79730.94170403587,0.2791027706126368,0.2115492513638369,1,R2019-01862
1863,1863,81622.03519510331,0.3118257691042008,0.6341977024890759,3,R2018-01863
1864,1864,4556.053811659192,0.1938817297061113,0.1650992667697625,1,R2019-01864
1865,1865,174904.36113236425,0.2801412674473885,0.1953459004071041,2,R2018-01865
1866,1866,4081.101759755165,0.153908455027277,0.1219267683626674,1,R2018-01866
1867,1867,75002.05058099795,0.3879039172295146,0.2604114714456994,1,R2022-01867
1868,1868,50000.0,0.2919309623395265,0.1295738943576876,1,R2025-01868
1869,1869,140000.0,0.2120833285327164,0.0587644765530751,1,R2024-01869
1870,1870,174904.36113236425,0.3848317789171893,-0.0094860906616208,0,R2018-01870
1871,1871,28475.33632286996,0.228054422254206,0.0086810400379366,0,R2019-01871
1872,1872,44399.12600145666,0.2879287217905642,0.064531396637189,0,R2021-01872
1873,1873,5247.130833970927,0.2484023943776108,0.2948213431110794,1,R2018-01873
1874,1874,20833.9029391661,0.3254707113153663,0.0598946226091164,0,R2022-01874
1875,1875,5976.470588235295,0.2673853047603056,0.2232340918106242,1,R2017-01875
1876,1876,14343.529411764706,0.2985329509904398,0.6413813897491742,3,R2017-01876
1877,1877,71717.64705882352,0.368894695234793,0.056107574144818,0,R2017-01877
1878,1878,116602.90742157616,0.3376315649980856,-0.1352465385308273,0,R2018-01878
1879,1879,93282.32593726092,0.3376315649980856,-0.1352465385308273,0,R2018-01879
1880,1880,358588.23529411765,0.2197525381761837,0.0463760095458396,2,R2017-01880
1881,1881,13597.026022304832,0.3503559967559073,0.02311042094813,0,R2020-01881
1882,1882,45323.42007434944,0.352542713015517,0.0045041670136232,0,R2020-01882
1883,1883,7365.055762081784,0.3477328023757531,0.1810236637079001,0,R2020-01883
1884,1884,41835.294117647056,0.3810079199563608,-0.0396841435333991,0,R2017-01884
1885,1885,31250.854408749143,0.305223213099312,0.0102815589025381,0,R2022-01885
1886,1886,520847.57347915246,0.4071658398439799,0.3192279785189932,3,R2022-01886
1887,1887,47811.76470588236,0.3517214786461307,-0.1092874772434988,0,R2017-01887
1888,1888,360000.0,0.4315221330590554,-0.0550384338703863,0,R2024-01888
1889,1889,29882.352941176472,0.1216453755650656,0.0401655559297723,1,R2017-01889
1890,1890,57374.117647058825,0.2862714132656443,0.629302143504292,3,R2017-01890
1891,1891,23320.58148431523,0.3236060509965903,0.2265183167240037,1,R2018-01891
1892,1892,98578.43866171004,0.4052155166789907,0.2048582105383826,1,R2020-01892
1893,1893,597.6470588235294,0.3080546393297319,-0.0695019434090405,0,R2017-01893
1894,1894,75795.75596816976,0.2526914816610917,0.1735558018096971,1,R2023-01894
1895,1895,492000.0,0.1460787448065901,0.0625767203845309,2,R2024-01895
1896,1896,119529.41176470587,0.3911071460395008,-0.2040100520345305,0,R2017-01896
1897,1897,91121.07623318383,0.3714029198899834,0.0268258171619639,0,R2019-01897
1898,1898,22710.58823529412,0.5671070738551511,-0.367217426788599,5,R2017-01898
1899,1899,3585.8823529411766,0.3310880293670087,-0.1609186035684439,0,R2017-01899
1900,1900,9328.232593726092,0.3198616451920651,0.0490463802294389,0,R2018-01900
1901,1901,5596.939556235655,0.197333557173449,0.0917661755139595,1,R2018-01901
1902,1902,116602.90742157616,0.3130783677249756,0.1825200685022102,1,R2018-01902
1903,1903,11099.781500364164,0.2607497036808568,0.1125877009706612,0,R2021-01903
1904,1904,2083.3902939166096,0.2563109427962717,0.12050136081257,0,R2022-01904
1905,1905,11099.781500364164,0.2557311652617841,0.1130438731794722,0,R2021-01905
1906,1906,20000.0,0.5586854892871276,-0.5485444782752502,5,R2024-01906
1907,1907,29150.72685539404,0.3553341387743786,0.0253278148751912,0,R2018-01907
1908,1908,23905.88235294118,0.3289046152840477,0.4270690933209222,3,R2017-01908
1909,1909,9095.490716180371,0.3199366916807748,0.4772081907322645,3,R2023-01909
1910,1910,358588.23529411765,0.3458452772597998,-0.033910769778309,2,R2017-01910
1911,1911,2083.3902939166096,0.2563109427962717,0.12050136081257,0,R2022-01911
1912,1912,2219.956300072833,0.2697629756429986,0.1296776666347607,0,R2021-01912
1913,1913,3329.9344501092496,0.2206754615462732,0.1052596389942423,0,R2021-01913
1914,1914,11099.781500364164,0.2605058054722003,0.1107930175351525,0,R2021-01914
1915,1915,152966.54275092937,0.412802319325185,0.4076460876834389,1,R2020-01915
1916,1916,11099.781500364164,0.3633435908673537,-0.0869244876928034,0,R2021-01916
1917,1917,55969.39556235656,0.2981827730741798,0.0232844287608558,0,R2018-01917
1918,1918,14582.588235294115,0.3655883366790194,0.0148719463030551,0,R2017-01918
1919,1919,2390.5882352941176,0.2128661038472772,0.0659025721106305,1,R2017-01919
1920,1920,5125.560538116592,0.288570743842648,0.196240412588171,0,R2019-01920
1921,1921,14343.529411764706,0.369475799108889,-0.1212054688417391,0,R2017-01921
1922,1922,23905.88235294118,0.4092155886432218,-0.0767823329015674,0,R2017-01922
1923,1923,4439.912600145666,0.3331812411790799,0.5402842798789791,3,R2021-01923
1924,1924,1416.35687732342,0.2099525020601885,0.2044901362693111,1,R2020-01924
1925,1925,5053.050397877984,0.0677583173748537,0.0697300072298289,1,R2023-01925
1926,1926,47811.76470588236,0.3336761332085866,0.0080916573241744,0,R2017-01926
1927,1927,11952.94117647059,0.3153347390262199,0.6308297695312334,3,R2017-01927
1928,1928,23905.88235294118,0.4092155886432218,-0.0767823329015674,0,R2017-01928
1929,1929,25698.82352941177,0.3297951867003058,0.0443793257018296,1,R2017-01929
1930,1930,2390.5882352941176,0.2835962778766185,0.0217304237183517,0,R2017-01930
1931,1931,48000.0,0.2693305140590566,0.54758405589715,3,R2024-01931
1932,1932,15000.0,0.2145621628851127,0.2562263203492884,3,R2024-01932
1933,1933,60000.0,0.1471716701289492,0.191854014377878,1,R2025-01933
1934,1934,71717.64705882352,0.419293213867691,-0.1650580610828435,0,R2017-01934
1935,1935,583.0145371078808,0.1267564529582348,0.164303336865668,1,R2018-01935
1936,1936,277494.5375091041,0.1707285709875231,0.1368903178784717,1,R2021-01936
1937,1937,101600.0,0.2917276597137076,-0.0444267396982017,0,R2017-01937
1938,1938,3399.256505576208,0.2421494080755461,0.1377011818933678,0,R2020-01938
1939,1939,52084.75734791524,0.3709097288171342,0.1090867391936789,1,R2022-01939
1940,1940,80848.80636604775,0.3686587026817211,-0.2940570412495428,0,R2023-01940
1941,1941,43355.1724137931,0.32177827087603,0.5113008379742155,3,R2023-01941
1942,1942,46876.28161312372,0.3709717399243857,0.3880480021889693,3,R2022-01942
1943,1943,33992.56505576208,0.2611254321494239,0.1675883889222407,1,R2020-01943
1944,1944,276049.2139439508,0.3844350477446007,0.0108942850243944,0,R2022-01944
1945,1945,132438.58823529413,0.2246380013339465,0.1963600284843547,1,R2017-01945
1946,1946,47811.76470588236,0.2885887168078531,-0.0857354538248256,0,R2017-01946
1947,1947,2278.026905829596,0.2071507901468883,0.1998673225762406,1,R2019-01947
1948,1948,153766.81614349777,0.4174234320398102,-0.0871210677368439,0,R2019-01948
1949,1949,32858.635294117645,0.3743194091174973,-0.0312881223409113,0,R2017-01949
1950,1950,29882.352941176472,0.3776588546621605,0.4238957390768849,3,R2017-01950
1951,1951,71717.64705882352,0.3934253983503283,0.0438681034999042,0,R2017-01951
1952,1952,39657.99256505576,0.3211408855790726,0.6243230974606053,3,R2020-01952
1953,1953,3986.5470852017934,0.2006089325760316,0.1862031803687691,1,R2019-01953
1954,1954,312508.54408749146,0.2894036439644183,0.1321638322244156,2,R2022-01954
1955,1955,260423.78673957623,0.1592350078122109,0.0241406149080525,2,R2022-01955
1956,1956,59764.705882352944,0.493383411607874,-0.1676844329512287,0,R2017-01956
1957,1957,35822.964705882354,0.325830702867209,-0.0810389470327056,0,R2017-01957
1958,1958,116602.90742157616,0.2892024122011307,0.0875460445462026,1,R2018-01958
1959,1959,59764.705882352944,0.3815818019361222,-0.0282129490601254,0,R2017-01959
1960,1960,58569.41176470588,0.2353262431686666,0.136845889347869,1,R2017-01960
1961,1961,2332.058148431523,0.2879593245553332,0.5718511324229173,3,R2018-01961
1962,1962,333427.29411764705,0.3675755415666887,-0.1437807840871382,2,R2017-01962
1963,1963,468762.8161312372,0.3329147227238664,-0.1246211000438046,2,R2022-01963
1964,1964,27168.477429227245,0.343525793057517,0.4722331249441161,3,R2018-01964
1965,1965,85901.85676392572,0.5586854892871276,-0.5485444782752502,5,R2023-01965
1966,1966,111162.35294117648,0.345319726839654,0.4933651734920805,3,R2017-01966
1967,1967,5976.470588235295,0.2658986295876806,0.6365512289769023,3,R2017-01967
1968,1968,5638.116591928251,0.1674276158110098,0.1691351956285551,1,R2019-01968
1969,1969,47811.76470588236,0.357055156381608,-0.0109678817225877,0,R2017-01969
1970,1970,4781.176470588235,0.3338526358810413,-0.12443502585498,0,R2017-01970
1971,1971,329599.9623529412,0.2766227880146708,0.1881614125478532,2,R2017-01971
1972,1972,90646.84014869887,0.3134262450467531,0.1384991594849692,1,R2020-01972
1973,1973,70742.70557029177,0.3170581701969441,-0.2208366147611113,0,R2023-01973
1974,1974,2390.5882352941176,0.2517613594996182,0.4204034595880793,3,R2017-01974
1975,1975,28475.33632286996,0.4144469736154734,-0.0612794328207697,0,R2019-01975
1976,1976,29150.72685539404,0.4261734270244013,-0.1921949805482461,0,R2018-01976
1977,1977,62501.70881749829,0.4068252775983342,-0.0435255947761133,0,R2022-01977
1978,1978,17236.141176470588,0.2703545493869644,0.1685919839470853,1,R2017-01978
1979,1979,5976.470588235295,0.3714624896547128,-0.0071493138484032,0,R2017-01979
1980,1980,101600.0,0.2886278706806511,0.2836238204337517,1,R2017-01980
1981,1981,260423.78673957623,0.4752503826067396,-0.0486678438206423,0,R2022-01981
1982,1982,155388.23529411765,0.229648850625268,0.18629117546748,1,R2017-01982
1983,1983,112357.64705882352,0.2936593894622888,0.1916075601220664,2,R2017-01983
1984,1984,15030.823529411766,0.187482306557918,-0.0075033664330273,0,R2017-01984
1985,1985,2390.5882352941176,0.2652413565067736,0.0805301111964842,0,R2017-01985
1986,1986,23905.88235294118,0.2930478607482564,0.0365801500839454,0,R2017-01986
1987,1987,15159.151193633952,0.373117717099124,-0.2222963546791982,0,R2023-01987
1988,1988,28327.1375464684,0.3785197383579785,-0.0136337074285608,0,R2020-01988
1989,1989,179294.11764705885,0.3221393824707739,-0.0806650575318595,0,R2017-01989
1990,1990,23903.59602142312,0.187376905607415,0.2060113733469575,1,R2018-01990
1991,1991,83670.58823529411,0.5046634785586839,-0.3434522025401617,0,R2017-01991
1992,1992,5378.823529411765,0.2798892024036639,0.2132013022070082,1,R2017-01992
1993,1993,29882.352941176472,0.4554560181643777,-0.1316273552545906,0,R2017-01993
1994,1994,69961.74445294568,0.4076227310426939,0.2809058153021718,3,R2018-01994
1995,1995,76498.82352941176,0.375660653972069,-0.0851147984732497,0,R2017-01995
1996,1996,1195.2941176470588,0.2618582113449822,0.6008388703097575,3,R2017-01996
1997,1997,33299.3445010925,0.2627643065543259,0.1732870141915093,1,R2021-01997
1998,1998,85344.0,0.4088896301161133,0.1702885838173357,1,R2017-01998
1999,1999,210895.8485069192,0.3305424045680165,0.0313761495347415,0,R2021-01999
2000,2000,38249.41176470588,0.2927634449835525,0.0088427207525687,0,R2017-02000
2001,2001,4781.176470588235,0.3541123572350705,0.0111060641521188,0,R2017-02001
2002,2002,2278.026905829596,0.3609201015616309,0.3338534146739192,1,R2019-02002
2003,2003,96312.26765799256,0.5221562907700787,-0.0936411682217877,0,R2020-02003
2004,2004,2526.525198938992,0.2234909140182293,0.0629464477847796,1,R2023-02004
2005,2005,28475.33632286996,0.3336274468466664,0.6076202118153389,3,R2019-02005
2006,2006,89647.05882352941,0.3602400884100826,-0.0731600971501661,0,R2017-02006
2007,2007,183315.0870588236,0.2175362903188936,0.2292206189524839,1,R2017-02007
2008,2008,255663.8494117647,0.2831515129523668,0.2121064634968697,2,R2017-02008
2009,2009,209620.81784386616,0.2838608111223667,-0.072340524921096,0,R2020-02009
2010,2010,91121.07623318383,0.3270031407583995,0.0150532426910304,0,R2019-02010
2011,2011,25652.639632746752,0.1165466403831403,0.2127180473408361,1,R2018-02011
2012,2012,51255.60538116592,0.4005039281199424,-0.2003253239318821,0,R2019-02012
2013,2013,239058.8235294117,0.3624377399137777,0.0098554857567033,2,R2017-02013
2014,2014,21571.537872991583,0.2581203014575579,-0.0899254646472042,0,R2018-02014
2015,2015,101600.0,0.3675755415666887,-0.1437807840871382,0,R2017-02015
2016,2016,113552.9411764706,0.3675755415666887,-0.1437807840871382,0,R2017-02016
2017,2017,93282.32593726092,0.4022624644733973,-0.217106373263536,0,R2018-02017
2018,2018,4781.176470588235,0.2827558923767947,-0.0333773204082718,0,R2017-02018
2019,2019,78127.13602187287,0.0270305526199367,0.0522810467937217,1,R2022-02019
2020,2020,228883.27137546468,0.4868480847876814,-0.0139794643594475,0,R2020-02020
2021,2021,17929.41176470588,0.4304159178895211,0.1353553169460097,1,R2017-02021
2022,2022,59764.705882352944,0.3624543285139398,0.0112972861055053,0,R2017-02022
2023,2023,4556.053811659192,0.1921406333396657,0.1861905660196184,1,R2019-02023
2024,2024,89647.05882352941,0.4151714517611895,-0.0246893012242296,0,R2017-02024
2025,2025,657411.7647058824,0.2688749645650234,0.0800818824162997,2,R2017-02025
2026,2026,154071.44153110049,0.3785795719158459,-0.0175687136980156,0,R2022-02026
2027,2027,191247.05882352943,0.4217726486574816,0.2058954064135495,0,R2017-02027
2028,2028,2390.5882352941176,0.1743227405127315,0.0682318426532773,1,R2017-02028
2029,2029,29882.352941176472,0.3956782424902363,-0.1130365074842512,0,R2017-02029
2030,2030,23905.88235294118,0.2805138477455928,0.0090841600333851,0,R2017-02030
2031,2031,113901.3452914798,0.4359647221349904,-0.0598789426030799,0,R2019-02031
2032,2032,239058.8235294117,0.4297815061832312,-0.120023418385051,0,R2017-02032
2033,2033,124639.40520446096,0.4031538015250059,0.0424900898229327,0,R2020-02033
2034,2034,44399.12600145666,0.1658658418211913,0.2105194462253781,1,R2021-02034
2035,2035,188896.71002295337,0.3296194052595644,0.1716691473238177,0,R2018-02035
2036,2036,160000.0,0.2886090912088642,-0.0593725723702766,0,R2024-02036
2037,2037,200000.0,0.3264680941581865,0.4541858262462337,3,R2024-02037
2038,2038,16734.117647058825,0.2979730255385674,0.2015098044060658,1,R2017-02038
2039,2039,28687.058823529413,0.370911435513451,-0.0386298920832777,0,R2017-02039
2040,2040,28220.89411764705,0.1752755910253089,0.2883716719384788,3,R2017-02040
2041,2041,2988.235294117648,0.2548825142685811,0.5270023612107793,3,R2017-02041
2042,2042,15000.0,0.45290074447234,-0.3202134107870586,0,R2024-02042
2043,2043,45000.0,0.2020939541901029,0.2151655799372435,1,R2024-02043
2044,2044,239058.8235294117,0.2397337380814715,0.1636204901797514,1,R2017-02044
2045,2045,4303.058823529412,0.3233980153900864,0.4934353730103987,3,R2017-02045
2046,2046,141635.687732342,0.2888268813294358,-0.043767985551505,0,R2020-02046
2047,2047,425600.61208875297,0.3840251596360926,0.1514960692733832,2,R2018-02047
2048,2048,5247.130833970927,0.2054299419211776,0.2000305644394431,1,R2018-02048
2049,2049,104942.61667941854,0.3295516119827489,-0.0884197709972886,0,R2018-02049
2050,2050,2390.5882352941176,0.3110360961313803,0.3243495278091499,1,R2017-02050
2051,2051,179294.11764705885,0.3055393045945047,-0.0639960662637834,0,R2017-02051
2052,2052,406211.1524163568,0.3263352672547421,0.0126130038678591,2,R2020-02052
2053,2053,119529.41176470587,0.2321406635252313,0.0546455347929278,0,R2017-02053
2054,2054,107576.4705882353,0.3001936855724165,0.3746713327457235,1,R2017-02054
2055,2055,71717.64705882352,0.2056468488271118,0.2745260093188094,1,R2017-02055
2056,2056,4781.176470588235,0.1264303134008052,0.1475285506681192,1,R2017-02056
2057,2057,46641.16296863046,0.2153985114857935,0.1525907508629151,1,R2018-02057
2058,2058,179294.11764705885,0.2396895850638911,0.1248399384254417,2,R2017-02058
2059,2059,5856.941176470588,0.3113031590549918,0.115945420795146,1,R2017-02059
2060,2060,71717.64705882352,0.2725741795252094,-0.1400380394991038,0,R2017-02060
2061,2061,13604.06120887529,0.365250405675732,0.0010799749484692,0,R2018-02061
2062,2062,5976.470588235295,0.1755400098542537,0.1978474851866724,1,R2017-02062
2063,2063,5976.470588235295,0.2917038050291982,-0.0926308380457482,0,R2017-02063
2064,2064,1133.085501858736,0.2199816867144042,0.492196546828835,3,R2020-02064
2065,2065,94348.1427530954,0.3747020923295483,0.0456097411862722,0,R2021-02065
2066,2066,87452.18056618211,0.3595084845105388,-0.1055410052785881,0,R2018-02066
2067,2067,23320.58148431523,0.4566771285305738,-0.2345188090491239,0,R2018-02067
2068,2068,59764.705882352944,0.426604382535836,-0.0497935326358559,0,R2017-02068
2069,2069,20439.529411764703,0.2207011922229383,0.1189066029278069,1,R2017-02069
2070,2070,6813.176470588235,0.3085096353793344,-0.0363176535371293,0,R2017-02070
2071,2071,2419275.294117647,0.402277770531636,-0.0460687034634766,4,R2017-02071
2072,2072,128263.19816373376,0.4275567975363515,-0.0295750365883669,0,R2018-02072
2073,2073,55969.39556235656,0.3527378026442563,0.2682582695004095,0,R2018-02073
2074,2074,1749.0436113236424,0.0961269748826273,0.1621905921888565,1,R2018-02074
2075,2075,291507.2685539404,0.4342674826533323,-0.025686069316285,0,R2018-02075
2076,2076,5247.130833970927,0.3650222583740405,-0.009827166464062,0,R2018-02076
2077,2077,109998.83466860888,0.4612054320156742,-0.0673776160243934,0,R2021-02077
2078,2078,5378.823529411765,0.2004449645172796,0.1726653441344507,1,R2017-02078
2079,2079,6996.1744452945695,0.3116090589750284,-0.1064325880504541,0,R2018-02079
2080,2080,88798.25200291332,0.3869787520413323,-0.2139913849923165,0,R2021-02080
2081,2081,20395.539033457248,0.314646422769317,0.090572987223384,0,R2020-02081
2082,2082,111028.48,0.306377991765956,0.0598475305432277,0,R2017-02082
2083,2083,52471.30833970927,0.31557349241457,0.1518349857320974,1,R2018-02083
2084,2084,17929.41176470588,0.3187134640051223,0.602230595254756,3,R2017-02084
2085,2085,23320.58148431523,0.2194966565104047,0.1321912666506334,1,R2018-02085
2086,2086,84981.4126394052,0.354585304735461,0.031693123830264,0,R2020-02086
2087,2087,29150.72685539404,0.2558395051034937,0.6354534548750708,3,R2018-02087
2088,2088,34980.87222647284,0.4457258147929893,-0.0155127113658983,0,R2018-02088
2089,2089,11099.781500364164,0.1583753111249037,0.2437315535791167,1,R2021-02089
2090,2090,138959.64125560538,0.338493139717118,0.3631121285705848,3,R2019-02090
2091,2091,244866.1055853099,0.4358838987595891,0.1479960324251011,1,R2018-02091
2092,2092,29882.352941176472,0.3905329408160899,-0.0445998937930736,0,R2017-02092
2093,2093,206387.1461361897,0.3425921303028817,0.609060668445918,3,R2018-02093
2094,2094,85000.0,0.2333405059092555,0.4503956124895252,3,R2024-02094
2095,2095,14343.529411764706,0.2767562290961882,-0.0759819139633579,0,R2017-02095
2096,2096,29150.72685539404,0.3309166490204237,-0.064797267214735,0,R2018-02096
2097,2097,10416.95146958305,0.1595246408519013,0.1570782306503831,1,R2022-02097
2098,2098,7579.18898240245,0.2602920940692367,0.6171305428544642,3,R2018-02098
2099,2099,62501.70881749829,0.3063107016874657,-0.011142512211585,0,R2022-02099
2100,2100,55386.38102524867,0.2636998939735323,0.3441693801957602,3,R2018-02100
2101,2101,145753.6342769702,0.3357108845930049,-0.1280362527665397,0,R2018-02101
2102,2102,524713.0833970926,0.334245692529424,-0.0581927206874929,2,R2018-02102
2103,2103,8162.203519510331,0.2940831403499319,-0.0503941303953422,0,R2018-02103
2104,2104,170852.01793721973,0.4599923161766746,-0.0307471256435526,0,R2019-02104
2105,2105,233205.8148431523,0.4174414816959575,-0.1778245242252351,0,R2018-02105
2106,2106,354655.7620817844,0.3312359293318056,0.0575135550716399,0,R2020-02106
2107,2107,99898.03350327747,0.336020441848583,-0.0570369891776073,0,R2021-02107
2108,2108,23905.88235294118,0.3753651913176539,-0.1279282011763877,0,R2017-02108
2109,2109,17929.41176470588,0.115459971728844,0.1051313670766577,1,R2017-02109
2110,2110,218685.50185873604,0.281857589532866,0.0344797730200058,0,R2020-02110
2111,2111,5247.130833970927,0.1413686979647017,0.1224610700132873,1,R2018-02111
2112,2112,5247.130833970927,0.2225244574074852,0.1317924804719243,1,R2018-02112
2113,2113,116602.90742157616,0.1803218336332858,0.0566021577638244,1,R2018-02113
2114,2114,116602.90742157616,0.1459202692537896,0.0663760846474755,1,R2018-02114
2115,2115,116602.90742157616,0.3233400488542889,-0.1335776275421971,0,R2018-02115
2116,2116,58301.45371078808,0.3233400488542889,-0.1335776275421971,0,R2018-02116
2117,2117,116602.90742157616,0.3233400488542889,-0.1335776275421971,0,R2018-02117
2118,2118,455605.3811659192,0.2423848186948976,-0.0624339625859048,2,R2019-02118
2119,2119,68340.80717488789,0.2421567164375194,-0.0490877774640578,0,R2019-02119
2120,2120,40811.01759755165,0.4011214549609035,0.0213767481608209,0,R2018-02120
2121,2121,27749.45375091041,0.3047398092984349,0.0466167022490784,0,R2021-02121
2122,2122,233205.8148431523,0.3143935879388787,-0.1144491863810882,0,R2018-02122
2123,2123,116602.90742157616,0.1803218336332858,0.0566021577638244,1,R2018-02123
2124,2124,62645.739910313896,0.2421567164375194,-0.0490877774640578,0,R2019-02124
2125,2125,68340.80717488789,0.2421567164375194,-0.0490877774640578,0,R2019-02125
2126,2126,68340.80717488789,0.2421567164375194,-0.0490877774640578,0,R2019-02126
2127,2127,183747.52563121656,0.2565472935657492,0.0883020190277634,2,R2018-02127
2128,2128,50139.250191277744,0.2763904175072971,0.6292618236730564,3,R2018-02128
2129,2129,12826.319816373376,0.4115943204691539,-0.1441811092995285,0,R2018-02129
2130,2130,52084.75734791524,0.4099429535051536,-0.0907780600567979,0,R2022-02130
2131,2131,18750.512645249488,0.2521463772415854,0.4883794311627673,3,R2022-02131
2132,2132,66598.689002185,0.3648275296883829,0.171495345514113,0,R2021-02132
2133,2133,33992.56505576208,0.3312040470085549,0.4637919547447596,3,R2020-02133
2134,2134,750000.0,0.249702664830857,0.2859543459391318,2,R2025-02134
2135,2135,5000.0,0.2505916729952282,-0.0330501880227901,0,R2024-02135
2136,2136,75791.8898240245,0.3497490899603559,0.3218717553784238,1,R2018-02136
2137,2137,39657.99256505576,0.4696463648157157,-0.0205783613768373,0,R2020-02137
2138,2138,99112.47130833972,0.4460323530469097,-0.2179108048789641,0,R2018-02138
2139,2139,18656.465187452184,0.2724898353849253,-0.0106920500867375,0,R2018-02139
2140,2140,11390.13452914798,0.2027387206179322,0.1063979958852051,1,R2019-02140
2141,2141,29150.72685539404,0.3167938996391348,0.6307474177644209,3,R2018-02141
2142,2142,8162.203519510331,0.3243703775189944,-0.0116617378415007,0,R2018-02142
2143,2143,233205.8148431523,0.4738196414224069,-0.2710596845416756,0,R2018-02143
2144,2144,88798.25200291332,0.4694310005395679,-0.1001310205240194,0,R2021-02144
2145,2145,56654.2750929368,0.2280846376026144,0.4210557136707886,3,R2020-02145
2146,2146,81252.22146274778,0.2490446858123773,0.2403147156155279,1,R2022-02146
2147,2147,28475.33632286996,0.211202636799181,0.1400150919961545,1,R2019-02147
2148,2148,174904.36113236425,0.3692672252971229,0.0039853548327001,0,R2018-02148
2149,2149,170852.01793721973,0.3569661889960819,-0.0222622148570174,0,R2019-02149
2150,2150,49972.67127773528,0.2894033336556363,0.0162364248157815,0,R2018-02150
2151,2151,49972.67127773528,0.2894033336556363,0.0162364248157815,0,R2018-02151
2152,2152,49972.67127773528,0.2894033336556363,0.0162364248157815,0,R2018-02152
2153,2153,24787.44605967866,0.2181833629112455,0.0558138505715225,0,R2018-02153
2154,2154,13992.34889058914,0.3083538546550824,-0.1067412960380092,0,R2018-02154
2155,2155,104942.61667941854,0.3698392540691874,0.0286676223793493,0,R2018-02155
2156,2156,11660.290742157616,0.3425443785518212,-0.0987771988167366,0,R2018-02156
2157,2157,81622.03519510331,0.4673888527549701,-0.3217158329069539,0,R2018-02157
2158,2158,612165.2639632748,0.1703207014705155,-0.0446005497662569,2,R2018-02158
2159,2159,1749.0436113236424,0.2490592608222505,0.084173408956012,0,R2018-02159
2160,2160,5125.560538116592,0.1987030229452559,0.1122748817615763,1,R2019-02160
2161,2161,101977.69516728623,0.3533096726376539,0.2101065346524273,0,R2020-02161
2162,2162,55498.90750182082,0.2585827265494422,0.1529280559364842,1,R2021-02162
2163,2163,75000.0,0.4803429010216967,-0.3770810151464537,5,R2025-02163
2164,2164,10000.0,0.5571022919709916,-0.4980472496464517,5,R2024-02164
2165,2165,10000.0,0.5571022919709916,-0.4980472496464517,5,R2024-02165
2166,2166,63668.4350132626,0.3075388084348958,-0.1549653052556227,1,R2023-02166
2167,2167,50000.0,0.2530767520709918,0.0336048032361037,1,R2024-02167
2168,2168,200000.0,0.316918558666642,0.1108274598822326,1,R2024-02168
2169,2169,55583.55437665783,0.3696406297805529,0.3945858912591103,3,R2023-02169
2170,2170,46641.16296863046,0.4724611838435607,-0.080618979639371,0,R2018-02170
2171,2171,11660.290742157616,0.4221637682409498,-0.0422275102632924,0,R2018-02171
2172,2172,49972.67127773528,0.2894033336556363,0.0162364248157815,0,R2018-02172
2173,2173,2915.072685539404,0.2966734243195315,0.2547083889700042,3,R2018-02173
2174,2174,5247.130833970927,0.3161247439541167,0.1215400204632038,0,R2018-02174
2175,2175,5830.145371078807,0.2235559945517391,0.1523633071657578,0,R2018-02175
2176,2176,174904.36113236425,0.3434082948679514,0.190847964304607,1,R2018-02176
2177,2177,509888.4758364312,0.2093220377787408,0.0695582906412164,2,R2020-02177
2178,2178,3986.5470852017934,0.1511946097430472,0.2897327806218146,3,R2019-02178
2179,2179,260423.78673957623,0.3578130710830656,0.2169232578512975,1,R2022-02179
2180,2180,23320.58148431523,0.3274021918175051,0.2890480403726046,3,R2018-02180
2181,2181,125000.0,0.3680107688762898,-0.1534459343998677,0,R2024-02181
2182,2182,10000.0,0.4584879353001453,-0.3900563900597911,5,R2024-02182
2183,2183,33992.56505576208,0.4527373074626463,0.0268654148881346,0,R2020-02183
2184,2184,33299.3445010925,0.3794862120583288,-0.0061871477983266,0,R2021-02184
2185,2185,33299.3445010925,0.4500686872834873,-0.1290369761857547,0,R2021-02185
2186,2186,34170.40358744394,0.5098376375783022,-0.1042459189528005,0,R2019-02186
2187,2187,33992.56505576208,0.5023480801134793,-0.0754704081212284,0,R2020-02187
2188,2188,68340.80717488789,0.5127498393659503,-0.1060327445406856,0,R2019-02188
2189,2189,33299.3445010925,0.4620591499762466,-0.1249515480069594,0,R2021-02189
2190,2190,33299.3445010925,0.4748241759298783,-0.2268129953329885,0,R2021-02190
2191,2191,30318.302387267904,0.3490287420936266,0.041140586958657,0,R2023-02191
2192,2192,20212.201591511937,0.0724727803325563,0.0428176942336717,1,R2023-02192
2193,2193,116602.90742157616,0.3566127508972721,0.0591741974639661,1,R2018-02193
2194,2194,31250.854408749143,0.3140229770320265,-0.0284112095866204,0,R2022-02194
2195,2195,31250.854408749143,0.3475742065362465,-0.0348605179619453,0,R2022-02195
2196,2196,31250.854408749143,0.3833903203149056,-0.0174130245137001,0,R2022-02196
2197,2197,31250.854408749143,0.4424919896752247,-0.2250996237311164,0,R2022-02197
2198,2198,33299.3445010925,0.4664279975299345,-0.1591948151010068,0,R2021-02198
2199,2199,33299.3445010925,0.4867046616501971,-0.2945805589693105,0,R2021-02199
2200,2200,33299.3445010925,0.2286664008495713,0.1926539484691904,0,R2021-02200
2201,2201,33299.3445010925,0.4874139259449679,-0.1779980421905391,0,R2021-02201
2202,2202,33299.3445010925,0.4920080980095905,-0.2058571581043613,0,R2021-02202
2203,2203,31250.854408749143,0.4993676087276286,-0.2130621278763255,0,R2022-02203
2204,2204,34170.40358744394,0.466267817916683,-0.0011617256315841,0,R2019-02204
2205,2205,31250.854408749143,0.3160505117055435,-0.0294369425726564,0,R2022-02205
2206,2206,40000.0,0.4865198258885239,-0.4635399589655815,5,R2025-02206
2207,2207,5665.4275092936805,0.2622641967861013,0.5488055605933655,3,R2020-02207
2208,2208,30000.0,0.5023989993731854,-0.4968382727215955,5,R2024-02208
2209,2209,62645.739910313896,0.3640301044463328,0.1365907534295437,1,R2019-02209
2210,2210,25000.0,0.2735183184527381,0.4079702069157497,1,R2024-02210
2211,2211,20212.201591511937,0.1425427213420763,0.090516806129309,1,R2023-02211
2212,2212,136681.61434977577,0.4452987878210815,-0.2783810707042802,0,R2019-02212
2213,2213,25000.0,0.253087604732513,0.0895139713477709,1,R2024-02213
2214,2214,313228.6995515695,0.3691387452580972,0.2024563714640745,1,R2019-02214
2215,2215,5695.067264573991,0.4055924407138658,0.0556044490664227,0,R2019-02215
2216,2216,70742.70557029177,0.5144356803703627,-0.3909371937271136,5,R2023-02216
2217,2217,22199.56300072833,0.2886306256765981,0.0525554521143394,0,R2021-02217
2218,2218,3417.0403587443943,0.2826663969261855,0.6192118246319384,3,R2019-02218
2219,2219,2526.525198938992,0.5586854892871276,-0.5485444782752502,5,R2023-02219
2220,2220,71609.77578475336,0.1959639653836129,0.1438038467181374,1,R2019-02220
2221,2221,56950.67264573991,0.4548057680507413,-0.0283943785955002,0,R2019-02221
2222,2222,1133.085501858736,0.2106612515645785,0.1028496038443292,1,R2020-02222
2223,2223,16105.650224215246,0.3470061636340833,0.0024232188125866,0,R2019-02223
2224,2224,108000.0,0.3157883899124415,0.0302571659506253,0,R2024-02224
2225,2225,30753.36322869955,0.4324476839014018,-0.2445189452284361,0,R2019-02225
2226,2226,45560.53811659192,0.3083621768235394,0.5999679099523972,3,R2019-02226
2227,2227,5695.067264573991,0.2316388268351611,-0.0006136000113864,0,R2019-02227
2228,2228,5695.067264573991,0.3134861930482544,0.0191839907455018,0,R2019-02228
2229,2229,38849.23525127458,0.3808901564486582,-0.0365832232150832,0,R2021-02229
2230,2230,364484.3049327354,0.2531869108803644,-0.0407596745791891,2,R2019-02230
2231,2231,72918.66028708134,0.291344801432427,0.183604179884127,1,R2022-02231
2232,2232,78808.44865258558,0.3494110522189722,0.2157905413187004,0,R2021-02232
2233,2233,41667.8058783322,0.3402035519653128,-0.0353061290909088,0,R2022-02233
2234,2234,22199.56300072833,0.2346613106608081,-0.0167142156046042,0,R2021-02234
2235,2235,140628.84483937116,0.2664259095137548,0.5659580982123926,3,R2022-02235
2236,2236,85426.00896860987,0.2221130221478873,0.1020430585821163,1,R2019-02236
2237,2237,5665.4275092936805,0.1467429324787251,0.2166285118049422,1,R2020-02237
2238,2238,236686.99551569505,0.4327421026505139,-0.2955595302352198,0,R2019-02238
2239,2239,125003.4176349966,0.3652104126418583,0.0249904203515746,0,R2022-02239
2240,2240,88798.25200291332,0.3166377802109084,-0.0233119836603213,0,R2021-02240
2241,2241,68340.80717488789,0.4087804382093525,-0.2005629022304942,0,R2019-02241
2242,2242,166496.72250546247,0.4207589902809642,-0.1028864396986973,0,R2021-02242
2243,2243,8542.600896860986,0.3780174538259302,-0.0018278753629526,0,R2019-02243
2244,2244,227802.6905829596,0.2934618995838386,-0.0320566665467545,0,R2019-02244
2245,2245,102511.21076233184,0.3645792356818024,0.1658370825419449,1,R2019-02245
2246,2246,9112.107623318385,0.3533879034215019,0.0400584959667446,0,R2019-02246
2247,2247,4556.053811659192,0.2137778682913509,0.1662191771929342,1,R2019-02247
2248,2248,16996.28252788104,0.2301553585831023,0.4572710920371196,3,R2020-02248
2249,2249,398654.7085201794,0.2507535457831043,-0.0346553106699982,2,R2019-02249
2250,2250,7973.094170403587,0.1380748227337821,0.1913791721378481,1,R2019-02250
2251,2251,11959.64125560538,0.4572259140523075,0.0022020274541769,0,R2019-02251
2252,2252,1481.8565022421524,0.4805617301779101,-0.2429477368849995,0,R2019-02252
2253,2253,68340.80717488789,0.436636726086354,-0.0618751834281453,0,R2019-02253
2254,2254,79730.94170403587,0.4380085475317611,-0.2022620748704122,0,R2019-02254
2255,2255,74035.87443946188,0.4246453587910594,0.0023792505432792,0,R2019-02255
2256,2256,4897.757847533632,0.1991315507928008,0.1800051683420976,1,R2019-02256
2257,2257,45323.42007434944,0.2672208293902158,-0.1538908988881975,0,R2020-02257
2258,2258,142376.68161434977,0.1937092767410757,0.0187177689964237,0,R2019-02258
2259,2259,21528.624535315983,0.2593354398890942,0.389487954645954,3,R2020-02259
2260,2260,43282.51121076233,0.3524146032969297,-0.1871872196880815,0,R2019-02260
2261,2261,5549.890750182082,0.439098041874032,-0.0983307415877389,0,R2021-02261
2262,2262,242344.2970822281,0.2773206075440297,0.175320020988533,2,R2023-02262
2263,2263,911210.7623318384,0.3729159624043873,-0.0962079244324018,2,R2019-02263
2264,2264,51255.60538116592,0.2198533232661402,0.1194217727685293,1,R2019-02264
2265,2265,94348.1427530954,0.2196535738570973,0.1522814357698333,1,R2021-02265
2266,2266,566542.750929368,0.1976362343469184,-0.0802309970279728,2,R2020-02266
2267,2267,461279.1078066914,0.3102509877500378,0.0608185548398833,2,R2020-02267
2268,2268,5125.560538116592,0.2721736303260475,0.5442227375119346,3,R2019-02268
2269,2269,20395.539033457248,0.2625972191866855,0.5580197307788711,3,R2020-02269
2270,2270,68340.80717488789,0.3337123378805829,0.1751502930910428,1,R2019-02270
2271,2271,5695.067264573991,0.2829932842230414,0.6321427676809563,3,R2019-02271
2272,2272,56950.67264573991,0.3641529858374988,-0.1088939589414284,0,R2019-02272
2273,2273,11099.781500364164,0.1717712185731221,0.2016127083265258,1,R2021-02273
2274,2274,5549.890750182082,0.1508857797980047,0.2138801543337473,1,R2021-02274
2275,2275,40000.0,0.0657849493647309,0.0456933188413406,1,R2024-02275
2276,2276,1133.085501858736,0.265440892424689,0.2107722315015376,1,R2020-02276
2277,2277,5665.4275092936805,0.3946450606266313,-0.0641014056569781,0,R2020-02277
2278,2278,26627.509293680298,0.4238851612905439,-0.1734771252286404,0,R2020-02278
2279,2279,18750.512645249488,0.5075495787314938,-0.114013066230027,0,R2022-02279
2280,2280,404244.0318302387,0.3486836810688136,-0.0357529480307646,2,R2023-02280
2281,2281,7973.094170403587,0.105678191975062,0.0661730238306662,1,R2019-02281
2282,2282,107067.26457399102,0.3256803085263249,0.3156660370340668,1,R2019-02282
2283,2283,20502.24215246637,0.3626986163511652,0.0072666301579083,0,R2019-02283
2284,2284,91121.07623318383,0.3054578653603095,-0.0378388190100561,0,R2019-02284
2285,2285,34170.40358744394,0.3787256726906921,0.0010660454248983,0,R2019-02285
2286,2286,93399.10313901344,0.3113817114900339,0.4545835427357779,3,R2019-02286
2287,2287,5695.067264573991,0.277803298090594,0.5792690481601572,3,R2019-02287
2288,2288,28475.33632286996,0.3973590314696675,-0.0037265501407723,0,R2019-02288
2289,2289,5581.165919282511,0.285544809635598,0.5539173181318887,3,R2019-02289
2290,2290,13668.161434977575,0.3154476786523347,0.0414979412492569,0,R2019-02290
2291,2291,11390.13452914798,0.3502277658874037,-0.1759776365912866,0,R2019-02291
2292,2292,136681.61434977577,0.4813572551508459,-0.1476859440860554,0,R2019-02292
2293,2293,79730.94170403587,0.3974907645196935,0.0880723891654498,1,R2019-02293
2294,2294,141635.687732342,0.3117931176040419,0.1561886691195254,1,R2020-02294
2295,2295,61048.79825200291,0.3892433948564653,0.1269381767785787,1,R2021-02295
2296,2296,67985.13011152417,0.3568495893979106,0.1807328280714497,1,R2020-02296
2297,2297,27749.45375091041,0.3979722812886165,-0.194113081808825,0,R2021-02297
2298,2298,36459.33014354067,0.4177825615788839,-0.0660551316372108,0,R2022-02298
2299,2299,85426.00896860987,0.3243659353967837,-0.0214408463074149,0,R2019-02299
2300,2300,34170.40358744394,0.2119783184531598,0.1391348069114344,1,R2019-02300
2301,2301,151591.51193633952,0.2682983666233423,-0.0741500869754485,1,R2023-02301
2302,2302,5638.116591928251,0.2448009349646669,0.5425199477563377,3,R2019-02302
2303,2303,116602.90742157616,0.1196412672453742,0.0861398784912168,1,R2018-02303
2304,2304,280945.18113465485,0.2482920991237933,0.0307402547555146,0,R2022-02304
2305,2305,400205.7992565056,0.3264822158632873,-0.0270568852913166,2,R2020-02305
2306,2306,34170.40358744394,0.2578414714070172,0.0149994738208484,0,R2019-02306
2307,2307,52084.75734791524,0.2835793294356777,0.0669628250104883,1,R2022-02307
2308,2308,24759.946949602123,0.2934710158400922,-0.0083499431334269,0,R2023-02308
2309,2309,139923.48890589137,0.3718096052296451,0.0207735379393028,0,R2018-02309
2310,2310,46876.28161312372,0.4716103052912529,-0.2308202073219256,0,R2022-02310
2311,2311,85901.85676392572,0.3132484145004735,0.2242240266851333,1,R2023-02311
2312,2312,18190.981432360742,0.1815499341019401,0.1228254673562689,1,R2023-02312
2313,2313,9112.107623318385,0.2698671693200709,0.4340581005118473,3,R2019-02313
2314,2314,33299.3445010925,0.3532492175539973,-0.0104143247443737,0,R2021-02314
2315,2315,56654.2750929368,0.3461473011249035,-0.0097399857350871,0,R2020-02315
2316,2316,146358.16814764185,0.3458445317874902,0.2845277775649537,1,R2022-02316
2317,2317,5695.067264573991,0.1070736611607395,0.1813058343860789,1,R2019-02317
2318,2318,57293.23308270677,0.378299584498731,0.1818395727585655,1,R2022-02318
2319,2319,227802.6905829596,0.5580606447986152,-0.1358751806478035,0,R2019-02319
2320,2320,22780.26905829596,0.3757351795433103,-0.1631611974105952,0,R2019-02320
2321,2321,112955.29411764706,0.1940898590739808,0.1905273636190339,1,R2017-02321
2322,2322,5239.461883408071,0.1905840977429831,0.1534336028879106,1,R2019-02322
2323,2323,113901.3452914798,0.2986494048023513,0.0706284056834284,1,R2019-02323
2324,2324,75795.75596816976,0.4865198258885239,-0.4635399589655815,5,R2023-02324
2325,2325,47811.76470588236,0.3044514111254272,0.2415690137275253,1,R2017-02325
2326,2326,90646.84014869887,0.3157066715667829,0.1501870940845892,0,R2020-02326
2327,2327,11390.13452914798,0.2744894181349203,-0.0683247418946474,0,R2019-02327
2328,2328,55498.90750182082,0.105720521069945,0.1391933909199209,1,R2021-02328
2329,2329,10251.121076233185,0.2992253157498173,-0.0457992827266131,0,R2019-02329
2330,2330,22917.293233082702,0.4304585432326681,-0.1084661373753168,0,R2022-02330
2331,2331,23919.28251121076,0.4138675038640377,-0.1107860462796865,0,R2019-02331
2332,2332,1166.0290742157615,0.2678599781930624,0.6318848174075048,3,R2018-02332
2333,2333,34980.87222647284,0.4617966237380338,-0.0778089973059012,0,R2018-02333
2334,2334,116602.90742157616,0.3604822681000154,-0.0998436067356099,0,R2018-02334
2335,2335,198224.94261667944,0.3545778912766871,-0.0304983009004475,0,R2018-02335
2336,2336,44399.12600145666,0.2532628146052683,0.1833534669899372,1,R2021-02336
2337,2337,69961.74445294568,0.3427126420015728,-0.0203685717732725,0,R2018-02337
2338,2338,9112.107623318385,0.2560923204216715,0.6124834436027468,3,R2019-02338
2339,2339,192394.79724560064,0.4496965541428549,0.5077369208094215,1,R2018-02339
2340,2340,40000.0,0.2453938501111788,0.4440778435142027,3,R2024-02340
2341,2341,349808.72226472845,0.2111582029752405,0.1237556751860903,2,R2018-02341
2342,2342,5830.145371078807,0.2358821425348478,0.1519797579074288,0,R2018-02342
2343,2343,54989.93114001532,0.3252578917564588,0.031501537716021,0,R2018-02343
2344,2344,11660.290742157616,0.2639739273243057,0.6371187507579402,3,R2018-02344
2345,2345,19201.59151193633,0.2501224706930557,0.5155794862306392,3,R2023-02345
2346,2346,21367.48278500383,0.2502278781157832,0.1544681107518316,0,R2018-02346
2347,2347,543889.293517844,0.3564385326492758,0.0880728104782687,2,R2021-02347
2348,2348,40811.01759755165,0.3548893466661483,0.0601530081137973,0,R2018-02348
2349,2349,104942.61667941854,0.3159790414228904,0.1826555306639482,1,R2018-02349
2350,2350,34980.87222647284,0.3183489370464524,0.0115416837517353,0,R2018-02350
2351,2351,5695.067264573991,0.1909162195117006,0.1537559893811396,1,R2019-02351
2352,2352,29150.72685539404,0.2950009994494326,0.0192208516311482,0,R2018-02352
2353,2353,5713.542463657232,0.2530318238544133,0.6320758997868761,3,R2018-02353
2354,2354,2332.058148431523,0.3916883376395724,-0.0745375037644971,0,R2018-02354
2355,2355,227802.6905829596,0.3207980427233967,0.580142567898368,3,R2019-02355
2356,2356,31304.452517215,0.387610220094669,-0.1871220814881308,0,R2018-02356
2357,2357,12529.14798206278,0.2466558855942533,0.5060503796438801,3,R2019-02357
2358,2358,174904.36113236425,0.428081043871253,-0.2224022226213453,0,R2018-02358
2359,2359,104942.61667941854,0.4143221707428532,0.0542241834368352,0,R2018-02359
2360,2360,41667.8058783322,0.3015772265834581,-0.0494908484861052,0,R2022-02360
2361,2361,41667.8058783322,0.3015772265834581,-0.0494908484861052,0,R2022-02361
2362,2362,8084.880636604775,0.3502191172867466,-0.246379197043769,0,R2023-02362
2363,2363,8084.880636604775,0.4299319100759179,-0.2498640984251972,0,R2023-02363
2364,2364,28327.1375464684,0.4037161883974837,-0.112597729329134,0,R2020-02364
2365,2365,77698.47050254916,0.3246323820938728,0.109154073830774,0,R2021-02365
2366,2366,10494.261667941852,0.4754565250850434,-0.1263298166506106,0,R2018-02366
2367,2367,9064.684014869888,0.2230910682788814,0.1750455953234435,1,R2020-02367
2368,2368,110997.81500364163,0.2991727321768102,0.5682302116848073,3,R2021-02368
2369,2369,25265.25198938992,0.3396771736644179,-0.0108466601299649,0,R2023-02369
2370,2370,30318.302387267904,0.3684005665400688,0.5109456418951911,3,R2023-02370
2371,2371,101044.42925495555,0.2889229901037205,0.0135298296131611,0,R2022-02371
2372,2372,8084.880636604775,0.4299319100759179,-0.2498640984251972,0,R2023-02372
2373,2373,20962.081784386617,0.2941940576747749,0.1782480425906579,1,R2020-02373
2374,2374,45834.58646616541,0.3593544753301944,0.1353589578780472,0,R2022-02374
2375,2375,68340.80717488789,0.1281132896730161,0.1134332626066932,1,R2019-02375
2376,2376,22780.26905829596,0.5063247345283209,-0.1454919980389725,0,R2019-02376
2377,2377,56654.2750929368,0.4127048303527816,0.1394313045271234,3,R2020-02377
2378,2378,80000.0,0.0949272391314165,0.0796022211098745,1,R2025-02378
2379,2379,23320.58148431523,0.3697781528791718,-0.1563727956854783,0,R2018-02379
2380,2380,2332.058148431523,0.3637344025534232,-0.1443891544569583,0,R2018-02380
2381,2381,23320.58148431523,0.4392986722009896,-0.0033913983558014,0,R2018-02381
2382,2382,174904.36113236425,0.406237542905222,-0.1571068912934593,0,R2018-02382
2383,2383,29150.72685539404,0.387664190212823,-0.1478565786900686,0,R2018-02383
2384,2384,22917.293233082702,0.261251904349251,0.0787091734107554,1,R2022-02384
2385,2385,139923.48890589137,0.2064149745527005,0.1158049634268091,1,R2018-02385
2386,2386,34980.87222647284,0.4254541751768452,-0.1516602232463191,0,R2018-02386
2387,2387,13597.026022304832,0.1218586486815997,0.0409070799107068,1,R2020-02387
2388,2388,174904.36113236425,0.4333000643362091,-0.1705536171133929,0,R2018-02388
2389,2389,239035.9602142311,0.3038717890438535,0.0107149216083018,0,R2018-02389
2390,2390,53347.89401683245,0.3220776675243785,0.3830256013748356,3,R2018-02390
2391,2391,86114.49814126393,0.3671584842115188,0.2644294052628188,1,R2020-02391
2392,2392,19706.896551724138,0.3110269875072028,0.1111741062634443,1,R2023-02392
2393,2393,17929.41176470588,0.3103278537195666,0.2284551006616142,1,R2017-02393
2394,2394,81622.03519510331,0.1673587298521951,0.1224310218325937,1,R2018-02394
2395,2395,116602.90742157616,0.4270234673418276,-0.0114065282290704,0,R2018-02395
2396,2396,58301.45371078808,0.4722356321327099,-0.107995857110646,0,R2018-02396
2397,2397,1166.0290742157615,0.2703292690197915,-0.1328941156575603,0,R2018-02397
2398,2398,450000.0,0.1320021317362745,0.0454994712531976,2,R2024-02398
2399,2399,11660.290742157616,0.3679348148739878,-0.0785405861914088,0,R2018-02399
2400,2400,11330.85501858736,0.2080095671588353,0.164740067837505,1,R2020-02400
2401,2401,318342.175066313,0.1868907684970596,0.1291015556560372,1,R2023-02401
2402,2402,176856.76392572944,0.2775144779676788,0.5230501629279495,3,R2023-02402
2403,2403,14429.715950473415,0.3336276610436647,0.1211613631799967,0,R2021-02403
2404,2404,49949.016751638745,0.0587811590527268,0.0394908691704962,1,R2021-02404
2405,2405,127647.4872541879,0.4183843038541058,-0.0346929068340879,0,R2021-02405
2406,2406,85426.00896860987,0.3661267850405192,-0.0628640345212122,0,R2019-02406
2407,2407,91121.07623318383,0.4167443953640957,-0.0903374714882742,0,R2019-02407
2408,2408,5695.067264573991,0.2401434254554622,0.0575117481764067,0,R2019-02408
2409,2409,102511.21076233184,0.3322267696585738,0.1341026410183043,1,R2019-02409
2410,2410,174904.36113236425,0.216183470651942,0.0832116576099743,1,R2018-02410
2411,2411,66598.689002185,0.3556654229701894,0.1078116972589476,1,R2021-02411
2412,2412,59764.705882352944,0.3376315649980856,-0.1352465385308273,0,R2017-02412
2413,2413,125505.88235294116,0.3226970169320726,0.1618609256131778,0,R2017-02413
2414,2414,50530.50397877984,0.4109509403562747,-0.3216672051884121,0,R2023-02414
2415,2415,125000.0,0.3814743394353285,-0.2691240729006855,5,R2025-02415
2416,2416,46641.16296863046,0.343885211642971,-0.033126130964955,0,R2018-02416
2417,2417,73459.83167559297,0.3340413795481513,0.0050507361530223,0,R2018-02417
2418,2418,130211.89336978811,0.3718695520280297,0.0248244548126428,0,R2022-02418
2419,2419,22199.56300072833,0.2833806711929716,0.0181636792519367,0,R2021-02419
2420,2420,25000.68352699932,0.1168533369018436,0.1475038746281299,1,R2022-02420
2421,2421,13137.93103448276,0.0824771252091573,0.0138613565570334,1,R2023-02421
2422,2422,3498.0872226472848,0.3957555453744842,-0.0756668219279338,0,R2018-02422
2423,2423,116602.90742157616,0.3668681505318732,0.1160274596420106,0,R2018-02423
2424,2424,60000.0,0.5289319697845463,-0.4484761482095389,5,R2024-02424
2425,2425,47811.76470588236,0.3241259535801306,0.5758716640665021,3,R2017-02425
2426,2426,31249.57918898241,0.2871536462313582,-0.0099155634539773,0,R2018-02426
2427,2427,11390.13452914798,0.1823224226949815,0.1742584503263496,1,R2019-02427
2428,2428,1749.0436113236424,0.2497242764977076,0.1720377429423218,1,R2018-02428
2429,2429,23320.58148431523,0.1253125498515424,-0.0205603413845901,1,R2018-02429
2430,2430,199796.0670065549,0.387548347443013,0.0274404008671479,0,R2021-02430
2431,2431,554989.0750182082,0.2881229729715484,0.1061997159950343,2,R2021-02431
2432,2432,46641.16296863046,0.4994202987914616,0.0049505791384771,0,R2018-02432
2433,2433,3417.0403587443943,0.3064365060340919,0.3589924214379361,3,R2019-02433
2434,2434,25652.639632746752,0.2515472344635738,0.2072202417606877,1,R2018-02434
2435,2435,79730.94170403587,0.394149668713342,-0.0563720414990057,0,R2019-02435
2436,2436,11099.781500364164,0.2423254998819786,0.0204027028477396,0,R2021-02436
2437,2437,29882.352941176472,0.4629255142362117,-0.0978643442725514,0,R2017-02437
2438,2438,569506.7264573991,0.3683146487508908,0.1289755948867602,0,R2019-02438
2439,2439,29882.352941176472,0.4709942716161644,-0.1000197739192198,0,R2017-02439
2440,2440,174904.36113236425,0.3461454722970969,0.058151687639056,0,R2018-02440
2441,2441,68340.80717488789,0.4743559308261709,-0.0208701262030381,0,R2019-02441
2442,2442,2988.235294117648,0.2828560764106925,0.6414666269370519,3,R2017-02442
2443,2443,12500.34176349966,0.2701123911880009,0.1895060823825374,1,R2022-02443
2444,2444,55498.90750182082,0.110658708435486,0.0396944752166196,1,R2021-02444
2445,2445,5976.470588235295,0.1881524603378266,0.1618414195571355,1,R2017-02445
2446,2446,188856.4705882353,0.3133899766975885,0.1829838749140772,1,R2017-02446
2447,2447,22112.941176470587,0.3446647940869813,-0.0217952815118573,0,R2017-02447
2448,2448,96312.26765799256,0.414123109523222,-0.0573299139595432,0,R2020-02448
2449,2449,62319.70260223048,0.219345675134945,0.048215445968834,0,R2020-02449
2450,2450,3585.8823529411766,0.1823505965952997,0.1852410039527331,1,R2017-02450
2451,2451,81622.03519510331,0.2687789731796632,0.1412656654273485,1,R2018-02451
2452,2452,96312.26765799256,0.37188665368312,0.1879125016602512,1,R2020-02452
2453,2453,71717.64705882352,0.4478258448446618,-0.1572450860729467,0,R2017-02453
2454,2454,83670.58823529411,0.3679636771484464,0.0159207204791972,0,R2017-02454
2455,2455,3585.8823529411766,0.1970678983760794,0.1906537331461285,1,R2017-02455
2456,2456,34980.87222647284,0.3549170720691927,0.0860771521543991,0,R2018-02456
2457,2457,145753.6342769702,0.293787024819287,0.0408052831947848,0,R2018-02457
2458,2458,145753.6342769702,0.293787024819287,0.0408052831947848,0,R2018-02458
2459,2459,145753.6342769702,0.2769657781524947,0.0279877813852849,0,R2018-02459
2460,2460,35858.82352941176,0.2839585410389103,0.0575028742311311,0,R2017-02460
2461,2461,174904.36113236425,0.3094585861253898,-0.0849341916544103,0,R2018-02461
2462,2462,89647.05882352941,0.19666065461158,0.1288904530793964,1,R2017-02462
2463,2463,5976.470588235295,0.3088896875491529,0.4944631502366334,3,R2017-02463
2464,2464,38847.05882352941,0.2985845818814637,0.0160433127902263,0,R2017-02464
2465,2465,143435.29411764705,0.3578345660184843,-0.0432172882209508,0,R2017-02465
2466,2466,5830.145371078807,0.3732248690727107,-0.0627141730053151,0,R2018-02466
2467,2467,478117.6470588236,0.2585232223391641,0.072790435491617,2,R2017-02467
2468,2468,3500.0,0.1011585971241509,0.1057513384254071,1,R2024-02468
2469,2469,44399.12600145666,0.3533409974212723,0.5064753913194395,3,R2021-02469
2470,2470,119529.41176470587,0.2753442932211181,-0.070436248711861,0,R2017-02470
2471,2471,89647.05882352941,0.2666471727209913,-0.0502905820714223,0,R2017-02471
2472,2472,35858.82352941176,0.1322270392914098,0.1539292709108724,1,R2017-02472
2473,2473,71717.64705882352,0.4455071502799598,-0.095750253447164,0,R2017-02473
2474,2474,77694.11764705883,0.3797387359638288,0.0129151899893096,0,R2017-02474
2475,2475,408110.17597551655,0.2712025511393268,0.1394047289803804,2,R2018-02475
2476,2476,11952.94117647059,0.2652951092803008,0.6181042056004011,3,R2017-02476
2477,2477,7291.866028708134,0.3931875377389098,-0.0470663749977092,0,R2022-02477
2478,2478,1195.2941176470588,0.326964459652735,-0.1835857552164967,0,R2017-02478
2479,2479,1195.2941176470588,0.2482572965933952,0.2229664640519598,1,R2017-02479
2480,2480,4664.116296863046,0.3065097128676099,0.5774828655956776,3,R2018-02480
2481,2481,5665.4275092936805,0.2449088154780643,-0.0076184405500401,0,R2020-02481
2482,2482,35858.82352941176,0.3721419831309305,0.066318275236192,0,R2017-02482
2483,2483,29882.352941176472,0.2115020867376782,0.0855476579663076,1,R2017-02483
2484,2484,83670.58823529411,0.4087804382093525,-0.2005629022304942,0,R2017-02484
2485,2485,5378.823529411765,0.2675196633655882,0.5924578393363008,3,R2017-02485
2486,2486,47811.76470588236,0.3010137271059151,0.1999271350646929,1,R2017-02486
2487,2487,54983.52941176471,0.2875940128984324,0.6072580719393464,3,R2017-02487
2488,2488,15000.0,0.3073954492269994,0.542565142056749,3,R2024-02488
2489,2489,22112.941176470587,0.3991539059386108,-0.0123109228238125,0,R2017-02489
2490,2490,3125.085440874914,0.1459182703169238,0.1546299397536117,1,R2022-02490
2491,2491,5208.475734791525,0.253604779463125,0.4466780122677559,3,R2022-02491
2492,2492,5856.941176470588,0.2597775679559037,0.628461239421329,3,R2017-02492
2493,2493,509388.9268626111,0.057086840483326,0.0163801535961316,2,R2022-02493
2494,2494,47811.76470588236,0.4992576232622388,-0.1925790120033326,0,R2017-02494
2495,2495,5125.560538116592,0.1726166762089533,0.22711407637632,1,R2019-02495
2496,2496,104325.27058823527,0.1480125349843144,0.0549810219334387,1,R2017-02496
2497,2497,85426.00896860987,0.403546265778953,-0.1082688026183892,0,R2019-02497
2498,2498,85426.00896860987,0.4682815160800759,0.480457451512524,3,R2019-02498
2499,2499,906468.4014869888,0.3114856697417722,-0.0261832254125518,2,R2020-02499
2500,2500,73650.55762081784,0.4010768822921476,0.1973711009098944,3,R2020-02500
2501,2501,5695.067264573991,0.2885766161721078,0.087798607349274,0,R2019-02501
2502,2502,15625.427204374571,0.3959443988458757,-0.0406961987119672,0,R2022-02502
2503,2503,9064.684014869888,0.2796904277997056,0.0265877349579317,0,R2020-02503
2504,2504,1133085.501858736,0.4165334266130592,-0.0630099513006647,2,R2020-02504
2505,2505,5316.437174721189,0.312261814165281,-0.0412273394179425,0,R2020-02505
2506,2506,5683.677130044843,0.2990394749566136,0.3900094445425518,3,R2019-02506
2507,2507,53533.63228699551,0.2268896553436803,0.0721745436480666,0,R2019-02507
2508,2508,22780.26905829596,0.2046739227792538,0.0655033704957777,1,R2019-02508
2509,2509,79730.94170403587,0.1960867000261505,0.2232619417358146,1,R2019-02509
2510,2510,6096.0,0.2519714189714839,0.5541049940844113,3,R2020-02510
2511,2511,98961.03896103895,0.1465732306793337,0.1956225657308253,1,R2022-02511
2512,2512,28327.1375464684,0.3792151386370611,0.2237168476426972,1,R2020-02512
2513,2513,10251.121076233185,0.2340903266008274,0.1085356186358341,1,R2019-02513
2514,2514,78827.58620689655,0.0895877612336686,0.1542261213785804,1,R2023-02514
2515,2515,135970.26022304833,0.3603839352159381,-0.0620493414112283,0,R2020-02515
2516,2516,157413.9250191278,0.2759065572244085,0.2503252737136452,1,R2018-02516
2517,2517,90646.84014869887,0.395799682454652,0.0273783274870868,0,R2020-02517
2518,2518,67985.13011152417,0.4491233015167917,-0.2091991729886342,0,R2020-02518
2519,2519,22661.71003717472,0.3526605057327278,-0.0555268734181661,0,R2020-02519
2520,2520,28327.1375464684,0.391156382106975,-0.1160529407670235,0,R2020-02520
2521,2521,16996.28252788104,0.2921607132477002,0.170789870626898,0,R2020-02521
2522,2522,45323.42007434944,0.4080128821156746,-0.0957434258939905,0,R2020-02522
2523,2523,56654.2750929368,0.5629298591679922,-0.0944203126448392,0,R2020-02523
2524,2524,7365.055762081784,0.1104754765760848,0.1465242815606156,1,R2020-02524
2525,2525,3417.0403587443943,0.3714232987496467,0.0310067884368399,0,R2019-02525
2526,2526,18687.69203204661,0.3082191911969789,-0.0084538904827312,0,R2021-02526
2527,2527,28475.33632286996,0.2500018760980664,0.0663850665772526,0,R2019-02527
2528,2528,56950.67264573991,0.3507985339186438,-0.0248070423968031,0,R2019-02528
2529,2529,33299.3445010925,0.2975105873919829,0.0184205084400184,0,R2021-02529
2530,2530,71717.64705882352,0.2972976004817761,0.1227046232681497,0,R2017-02530
2531,2531,71717.64705882352,0.3629975660683867,0.1164647677155148,1,R2017-02531
2532,2532,45323.42007434944,0.3361677561527424,-0.0175485212193053,0,R2020-02532
2533,2533,24927.8810408922,0.2054193835186733,0.1563582079992417,1,R2020-02533
2534,2534,221995.6300072833,0.3349985022535866,0.1960705827051501,1,R2021-02534
2535,2535,45000.0,0.2264504307310763,0.0495906768713761,1,R2025-02535
2536,2536,88798.25200291332,0.3782866281528644,-0.020502681803442,0,R2021-02536
2537,2537,88798.25200291332,0.1327738121151437,0.1811316734284861,1,R2021-02537
2538,2538,45500.0,0.3084642826957938,0.5750335052408524,3,R2024-02538
2539,2539,68340.80717488789,0.3659856459846159,0.0412282139457983,0,R2019-02539
2540,2540,8879.825200291332,0.0452292962578435,0.0197176270557746,1,R2021-02540
2541,2541,26095.52565055762,0.4214852647157086,-0.1998642320176196,0,R2020-02541
2542,2542,4800.0,0.2423431464562702,0.1323181574809769,1,R2024-02542
2543,2543,5665.4275092936805,0.1761656226555533,0.4236637630058739,3,R2020-02543
2544,2544,68818.64530225782,0.3797323934562949,-0.1920265890892422,0,R2021-02544
2545,2545,5098.884758364312,0.2345490755410831,0.2026393959346601,1,R2020-02545
2546,2546,227802.6905829596,0.4168214060687445,-0.0022449846050705,0,R2019-02546
2547,2547,213547.5051264525,0.5268958907715444,-0.1681774994854351,0,R2022-02547
2548,2548,10416.95146958305,0.2470250338280035,0.0122272900840682,0,R2022-02548
2549,2549,56836.771300448425,0.2646378181474078,-0.1268233470037623,0,R2019-02549
2550,2550,56654.2750929368,0.5393067142957417,-0.111768532431114,0,R2020-02550
2551,2551,22661.71003717472,0.2154782785155193,-0.0254796688083094,0,R2020-02551
2552,2552,96312.26765799256,0.2374895938525042,0.1709227882568897,1,R2020-02552
2553,2553,5665.4275092936805,0.2931564032838716,0.0341007550033049,0,R2020-02553
2554,2554,226617.1003717472,0.4428848103482993,-0.0736645342732431,0,R2020-02554
2555,2555,166496.72250546247,0.2873834065817683,0.0717526079050275,0,R2021-02555
2556,2556,36459.33014354067,0.2715431722827175,0.1132436718269863,1,R2022-02556
2557,2557,18750.512645249488,0.3991820920606502,-0.0407358257078019,0,R2022-02557
2558,2558,91121.07623318383,0.3126649151212792,0.2669114687138718,1,R2019-02558
2559,2559,99039.78779840848,0.3851017608813999,-0.0690159565981481,0,R2023-02559
2560,2560,28475.33632286996,0.3374028510421932,-0.1018820184574422,0,R2019-02560
2561,2561,17085.20179372197,0.4568421345020148,-0.2611369854363609,0,R2019-02561
2562,2562,80200.0,0.2855634444932584,-0.0444703267011681,0,R2024-02562
2563,2563,6834.080717488789,0.3084600927324031,-0.0603481673713839,0,R2019-02563
2564,2564,2266.171003717472,0.2643896259003055,-0.0440462252550693,0,R2020-02564
2565,2565,11390.13452914798,0.2792155310957716,0.5533528849166343,3,R2019-02565
2566,2566,45323.42007434944,0.3779627870578001,0.0391127060541076,0,R2020-02566
2567,2567,665986.8900218499,0.3608287954876456,0.2117577983178804,2,R2021-02567
2568,2568,26296.470588235294,0.2909101419499079,0.6381654594744794,3,R2017-02568
2569,2569,28327.1375464684,0.3448502359275942,-0.0478954118567626,0,R2020-02569
2570,2570,56950.67264573991,0.1129817935801243,0.1366559952803724,1,R2019-02570
2571,2571,1139.013452914798,0.1603506821659071,0.2187841995322917,1,R2019-02571
2572,2572,97445.3531598513,0.2533658054928895,0.0063437291347547,1,R2020-02572
2573,2573,23320.58148431523,0.2901270761872741,0.1228215268283759,0,R2018-02573
2574,2574,62501.70881749829,0.2341700602903325,0.3636548030240232,1,R2022-02574
2575,2575,2832.71375464684,0.1665704458847298,0.0563975085092678,1,R2020-02575
2576,2576,3986.5470852017934,0.1972053259660401,0.4559139855544418,3,R2019-02576
2577,2577,19000.0,0.2063531563937695,0.4513623509259373,3,R2024-02577
2578,2578,100597.66816143498,0.2942228495630784,0.07760473201651,0,R2019-02578
2579,2579,125747.08520179371,0.2942228495630784,0.07760473201651,0,R2019-02579
2580,2580,75448.25112107623,0.2942228495630784,0.07760473201651,0,R2019-02580
2581,2581,125747.08520179371,0.2942228495630784,0.07760473201651,0,R2019-02581
2582,2582,56950.67264573991,0.2772181189702624,0.0262328955514468,1,R2019-02582
2583,2583,8084.880636604775,0.551631026852841,-0.4502830569673643,5,R2023-02583
2584,2584,58301.45371078808,0.2710781685934524,0.1414947184474587,0,R2018-02584
2585,2585,29150.72685539404,0.2907815126036866,0.127338649959921,0,R2018-02585
2586,2586,89647.05882352941,0.1623762974395411,0.1878727375104953,1,R2017-02586
2587,2587,17490.43611323642,0.329050994862159,0.0753934571094174,1,R2018-02587
2588,2588,239058.8235294117,0.4596123149381425,0.0407484015716279,0,R2017-02588
2589,2589,75791.8898240245,0.3900324635115723,0.2057356841467845,1,R2018-02589
2590,2590,3498.0872226472848,0.1966262990299776,0.1690964694851212,1,R2018-02590
2591,2591,68340.80717488789,0.5115989741238106,-0.0961542878397105,0,R2019-02591
2592,2592,9375.256322624744,0.1758341032095323,0.2010304693159314,1,R2022-02592
2593,2593,15000.0,0.2634149531619227,0.0279744583039202,1,R2024-02593
2594,2594,10000.0,0.3946385626317047,-0.3387886813906698,0,R2025-02594
2595,2595,300000.0,0.3532617729556626,-0.1705835111812438,2,R2025-02595
2596,2596,10000.0,0.3946385626317047,-0.3387886813906698,5,R2025-02596
2597,2597,400201.59151193633,0.2284053623911768,0.1294987269840368,2,R2023-02597
2598,2598,8187.228699551569,0.2300563831058996,-0.0297446214146337,1,R2019-02598
2599,2599,9101.35533632287,0.2378465121989537,-0.0072117958096955,1,R2019-02599
2600,2600,4986.099730941704,0.2378465121989537,-0.0072117958096955,1,R2019-02600
2601,2601,5208.475734791525,0.3721175328250901,-0.0233440996060126,0,R2022-02601
2602,2602,24144.941176470587,0.3471790940096689,0.1892219754362613,1,R2017-02602
2603,2603,4556.053811659192,0.2113988130580481,0.1695976371814783,1,R2019-02603
2604,2604,98014.11764705884,0.2885426886539792,0.2430109916660416,1,R2017-02604
2605,2605,67985.13011152417,0.4616209482787301,-0.1829267067070751,0,R2020-02605
2606,2606,5208.475734791525,0.3103175828403758,-0.0914172771854553,0,R2022-02606
2607,2607,11099.781500364164,0.3763899854723507,-0.1046307094658018,0,R2021-02607
2608,2608,11099.781500364164,0.2924423513971055,-0.0393250198612269,0,R2021-02608
2609,2609,5549.890750182082,0.2924423513971055,-0.0393250198612269,0,R2021-02609
2610,2610,15625.427204374571,0.3196293793845751,-0.0100699077727083,0,R2022-02610
2611,2611,55498.90750182082,0.2935153285793497,0.0871684265332942,0,R2021-02611
2612,2612,216445.73925710123,0.2918003119767123,-0.0959794407048208,0,R2021-02612
2613,2613,56950.67264573991,0.2567024863346974,-0.0204733493811067,0,R2019-02613
2614,2614,56654.2750929368,0.2622011594514055,-0.126545788880813,0,R2020-02614
2615,2615,10416.95146958305,0.2664514032530626,-0.152974403750958,0,R2022-02615
2616,2616,33992.56505576208,0.4172225290155882,0.029426455781281,0,R2020-02616
2617,2617,20000.0,0.4266593154520707,-0.3269544810743195,0,R2024-02617
2618,2618,20000.0,0.3301739296301077,-0.2231387133312726,0,R2024-02618
2619,2619,20000.0,0.3301739296301077,-0.2231387133312726,0,R2024-02619
2620,2620,100000.0,0.4335671258669581,-0.3038846096710695,5,R2025-02620
2621,2621,10000.0,0.3946385626317047,-0.3387886813906698,0,R2025-02621
2622,2622,15827.730941704036,0.2604294091479801,-0.0533998056759213,0,R2019-02622
2623,2623,10000.0,0.3946385626317047,-0.3387886813906698,5,R2025-02623
2624,2624,186564.65187452183,0.2854132340124257,0.2109426509485941,2,R2018-02624
2625,2625,51541.11405835544,0.2910128173815914,0.1383343810417081,1,R2023-02625
2626,2626,58301.45371078808,0.2214475418427905,0.1605740598118095,1,R2018-02626
2627,2627,56950.67264573991,0.2301133708715743,0.022076172346112,0,R2019-02627
2628,2628,418352.9411764706,0.4314759558488221,-0.1038837401825629,0,R2017-02628
2629,2629,283271.375464684,0.3676598508713585,0.0493956796867929,0,R2020-02629
2630,2630,291507.2685539404,0.2890267516219594,0.0908551172363314,0,R2018-02630
2631,2631,358588.23529411765,0.427948741068717,-0.2286679281014125,0,R2017-02631
2632,2632,165000.0,0.2844663911000219,0.1363167187833969,1,R2024-02632
2633,2633,23905.88235294118,0.2912854096492256,0.6079428132908008,3,R2017-02633
2634,2634,95502.65251989388,0.1378940398743416,0.0319719728528101,1,R2023-02634
2635,2635,20000.0,0.3722660813028736,-0.262751915251005,0,R2024-02635
2636,2636,20000.0,0.4267169430128131,-0.3215737071992858,5,R2024-02636
2637,2637,26042.37867395762,0.1346935253950946,-0.0070202740702254,1,R2022-02637
2638,2638,20000.0,0.3301739296301077,-0.2231387133312726,0,R2025-02638
2639,2639,151591.51193633952,0.2056702804287601,0.0576134781030467,0,R2023-02639
2640,2640,2000.0,0.2519992296896694,0.0054235095359424,1,R2025-02640
2641,2641,101061.00795755968,0.2844366559174382,0.0861601639640271,0,R2023-02641
2642,2642,29882.352941176472,0.2876199940919986,-0.072151308880039,0,R2017-02642
2643,2643,12570.254977578476,0.3208425414793726,-0.0234205066455196,0,R2019-02643
2644,2644,17085.20179372197,0.3502180842005391,-0.0992869005537998,0,R2019-02644
2645,2645,26818.668706962515,0.3334870499523317,0.0720908317848698,0,R2018-02645
2646,2646,174904.36113236425,0.219250676675803,0.4650017497265393,1,R2018-02646
2647,2647,67985.13011152417,0.4432918919608758,-0.0412809418818108,0,R2020-02647
2648,2648,20988.523335883707,0.259468182196508,0.0544238089299588,1,R2018-02648
2649,2649,520847.57347915246,0.3767912617835421,0.0127340261369579,2,R2022-02649
2650,2650,11390.13452914798,0.2611684243117475,0.6340546513857315,3,R2019-02650
2651,2651,59764.705882352944,0.4461480226612061,-0.183332853319256,0,R2017-02651
2652,2652,85000.0,0.1188811214537498,0.1679968502671939,1,R2025-02652
2653,2653,47811.76470588236,0.4402124998933586,-0.1492386323210807,0,R2017-02653
2654,2654,5976.470588235295,0.1849475951784943,0.1884892385354355,1,R2017-02654
2655,2655,23905.88235294118,0.3265610993269241,-0.1064457661138191,0,R2017-02655
2656,2656,69327.05882352941,0.2516227851371037,0.1908835645173844,1,R2017-02656
2657,2657,113308.5501858736,0.4011923980245993,-0.0097333201555777,0,R2020-02657
2658,2658,52084.75734791524,0.3238056193801124,-0.163907036313153,0,R2022-02658
2659,2659,26296.470588235294,0.375956144293993,-0.119040249664625,0,R2017-02659
2660,2660,36459.33014354067,0.2487694376685586,-0.0116629897002441,0,R2022-02660
2661,2661,44309.10482019894,0.2321230212021696,0.091187180596519,0,R2018-02661
2662,2662,11330.85501858736,0.2698283613612608,-0.0208608895715374,0,R2020-02662
2663,2663,128263.19816373376,0.3852114318793924,0.1054696484772709,0,R2018-02663
2664,2664,20534.595775673704,0.3517467087832465,0.0902564885338403,0,R2021-02664
2665,2665,3884.9235251274577,0.208511689260211,0.4309107523380213,3,R2021-02665
2666,2666,180000.0,0.2024143013303819,-0.0305362128294589,1,R2024-02666
2667,2667,85426.00896860987,0.3851579125419866,0.0386103051701897,0,R2019-02667
2668,2668,62501.70881749829,0.3661922372494422,-0.0270552203327435,0,R2022-02668
2669,2669,30318.302387267904,0.4138651001747872,-0.3156268106415743,5,R2023-02669
2670,2670,126326.2599469496,0.4955534727037356,-0.372537287610418,5,R2023-02670
2671,2671,39865.470852017934,0.3945566597933174,-0.0796992717961879,0,R2019-02671
2672,2672,61186.61710037175,0.356292686513536,0.0314120197622642,0,R2020-02672
2673,2673,53637.33741392503,0.2566982546470558,0.0621994953746061,0,R2018-02673
2674,2674,83670.58823529411,0.3222889487397016,0.1428451422686509,1,R2017-02674
2675,2675,33031.390134529145,0.3751744794665255,-0.175509122706507,0,R2019-02675
2676,2676,158337.66233766233,0.3933541902702101,0.3453476566800103,3,R2022-02676
2677,2677,80084.70588235294,0.4306221052548247,-0.0130782487137914,0,R2017-02677
2678,2678,78127.13602187287,0.1502349718333825,0.1122583878559198,1,R2022-02678
2679,2679,87452.18056618211,0.3001821733153929,-0.0274109009063496,0,R2018-02679
2680,2680,27984.69778117828,0.330371059978264,0.0870945503017164,0,R2018-02680
2681,2681,9328.232593726092,0.3368728713400542,0.5849135066641509,3,R2018-02681
2682,2682,18229.66507177033,0.3281568505764471,0.0814018930016567,1,R2022-02682
2683,2683,2526.525198938992,0.0801516692362073,0.0762238274600448,1,R2023-02683
2684,2684,896470.5882352941,0.2342825237099267,0.1523849972675498,2,R2017-02684
2685,2685,55498.90750182082,0.2419346998926362,0.060015230746188,1,R2021-02685
2686,2686,187505.12645249488,0.3572160065249062,-0.0064323458644333,0,R2022-02686
2687,2687,54672.64573991031,0.4196660466863305,0.0233190881260953,0,R2019-02687
2688,2688,597647.0588235294,0.415776667111338,0.0032265603302631,0,R2017-02688
2689,2689,14343.529411764706,0.217480220526722,0.0870782912422339,1,R2017-02689
2690,2690,25000.0,0.3520322141733404,-0.0687032831888002,0,R2024-02690
2691,2691,22780.26905829596,0.1815748864959723,0.1480768774682635,1,R2019-02691
2692,2692,11427.084927314463,0.2949668799566931,0.6418200655414235,3,R2018-02692
2693,2693,13813.955156950671,0.3878164687949907,-0.1305081492873047,0,R2019-02693
2694,2694,4556.053811659192,0.0933510511046714,0.0974508443358332,1,R2019-02694
2695,2695,4183.529411764706,0.420525969748402,-0.0590887465797267,0,R2017-02695
2696,2696,45560.53811659192,0.3176701654052311,0.2155887576451586,1,R2019-02696
2697,2697,9562.35294117647,0.1481594307555889,0.1968201843872402,1,R2017-02697
2698,2698,145753.6342769702,0.3236018787164669,0.1386498049864337,0,R2018-02698
2699,2699,95623.52941176471,0.1791628212083466,0.2089338849842397,1,R2017-02699
2700,2700,89647.05882352941,0.3635877268152628,0.3048352141738366,1,R2017-02700
2701,2701,45560.53811659192,0.2350585331200405,0.4593805307181478,3,R2019-02701
2702,2702,641315.9908186689,0.1840145545183568,0.0512832314537041,2,R2018-02702
2703,2703,57374.117647058825,0.3664117838537926,0.1691060909690816,1,R2017-02703
2704,2704,17490.43611323642,0.2558432239314092,0.5407520736776124,3,R2018-02704
2705,2705,23607.058823529413,0.2515382634368724,-0.082540012912942,0,R2017-02705
2706,2706,41835.294117647056,0.3101729670721817,0.6228495508043974,3,R2017-02706
2707,2707,56950.67264573991,0.3969845774396747,0.0110218212579175,0,R2019-02707
2708,2708,362587.3605947956,0.297729606062653,0.0871333501047703,0,R2020-02708
2709,2709,45560.53811659192,0.4311146343655349,-0.0845919475690086,0,R2019-02709
2710,2710,49949.016751638745,0.4285983416234443,-0.048222720601356,0,R2021-02710
2711,2711,229707.72762050503,0.2324742824048894,0.0595908609443445,2,R2018-02711
2712,2712,34980.87222647284,0.2718240776425147,-0.0835076650559129,0,R2018-02712
2713,2713,59764.705882352944,0.3011915472855228,0.0308593069243749,0,R2017-02713
2714,2714,45560.53811659192,0.4198018878403584,-0.2236144089878989,0,R2019-02714
2715,2715,5856.941176470588,0.2911912623175514,0.3503217162594754,3,R2017-02715
2716,2716,5830.145371078807,0.3098527303135657,-0.118754772564744,0,R2018-02716
2717,2717,5695.067264573991,0.2559450850595298,0.1279792960564581,1,R2019-02717
2718,2718,27749.45375091041,0.3909146361108764,-0.0792259107119081,0,R2021-02718
2719,2719,122517.64705882352,0.2402420964066801,0.1318211295173954,0,R2017-02719
2720,2720,164759.3411764706,0.2743158359350889,-0.1104094804780094,0,R2017-02720
2721,2721,793159.8513011152,0.2698596358865298,0.2957872252942927,2,R2020-02721
2722,2722,67710.18455228982,0.3013902294641135,0.1001949925313212,1,R2022-02722
2723,2723,1195.2941176470588,0.154804170138425,0.0791091232429991,1,R2017-02723
2724,2724,2000000.0,0.2205874402040321,0.038612413165169,4,R2024-02724
2725,2725,104219.73094170404,0.2797003659429516,0.1486555188983738,1,R2019-02725
2726,2726,83670.58823529411,0.2166102959239612,0.4965827185241692,3,R2017-02726
2727,2727,286466.16541353386,0.4626305526627095,0.2156830914497816,1,R2022-02727
2728,2728,29150.72685539404,0.3039993148580839,0.0539892730731263,0,R2018-02728
2729,2729,19000.0,0.5082758012798487,-0.4066915266493059,5,R2024-02729
2730,2730,15625.427204374571,0.3724995546337509,-0.0853227634718697,0,R2022-02730
2731,2731,2390.5882352941176,0.2599406219243442,0.3992700946886729,3,R2017-02731
2732,2732,101061.00795755968,0.4139441522404077,0.4209483404958095,1,R2023-02732
2733,2733,15000.0,0.1910018593997919,0.2526049669248696,3,R2025-02733
2734,2734,169962.8252788104,0.1582905285038442,0.0667332577637245,1,R2020-02734
2735,2735,166496.72250546247,0.2768145284114788,-0.0145920580365454,0,R2021-02735
2736,2736,157413.9250191278,0.3169081756688982,0.5989663555555957,3,R2018-02736
2737,2737,20395.539033457248,0.2910261435538347,0.6252952761123265,3,R2020-02737
2738,2738,4532.342007434944,0.1624261843806458,0.2441966717354441,1,R2020-02738
2739,2739,17490.43611323642,0.2371044085216246,0.0198918792074694,0,R2018-02739
2740,2740,53788.23529411765,0.4001630881929748,-0.1719645053629799,0,R2017-02740
2741,2741,166496.72250546247,0.3787022340208439,-0.1296736855536046,0,R2021-02741
2742,2742,113552.9411764706,0.273550857307015,0.1634921844878189,1,R2017-02742
2743,2743,87452.18056618211,0.3597603220256792,0.134358509451593,0,R2018-02743
2744,2744,94348.1427530954,0.3700486428677733,0.2049141342091252,1,R2021-02744
2745,2745,87452.18056618211,0.3067861908580404,-0.0563222731446751,0,R2018-02745
2746,2746,4781.176470588235,0.2443711593542652,0.4511990321865934,3,R2017-02746
2747,2747,10494.261667941852,0.1716424525614119,0.2322275744994762,1,R2018-02747
2748,2748,163244.07039020662,0.3707138993501132,-0.0811945218118589,0,R2018-02748
2749,2749,166496.72250546247,0.411115928364256,-0.0455462949413815,0,R2021-02749
2750,2750,116602.90742157616,0.4003224357331972,0.0624436038116983,0,R2018-02750
2751,2751,88798.25200291332,0.3193331221863775,0.5517111440068794,3,R2021-02751
2752,2752,72918.66028708134,0.360214281877646,0.0304102629467151,0,R2022-02752
2753,2753,3329.9344501092496,0.1040272742717471,0.0712831965408981,1,R2021-02753
2754,2754,104942.61667941854,0.4344504990002102,-0.1820094765084366,0,R2018-02754
2755,2755,227802.6905829596,0.3571696980453656,0.0369181341370553,0,R2019-02755
2756,2756,10000.0,0.1445890046553125,0.1123953260747717,1,R2024-02756
2757,2757,17929.41176470588,0.2853486927484116,0.1506261123650821,1,R2017-02757
2758,2758,2390.5882352941176,0.2735027210629262,0.637122990583802,3,R2017-02758
2759,2759,53788.23529411765,0.3887359787146727,-0.1225920858437446,0,R2017-02759
2760,2760,33992.56505576208,0.4330360869771313,-0.0682199821609811,0,R2020-02760
2761,2761,20833.9029391661,0.287551598488757,0.0311760740835985,0,R2022-02761
2762,2762,68340.80717488789,0.3823663521108704,-0.2318891402817664,0,R2019-02762
2763,2763,119529.41176470587,0.3816672379796757,-0.0828283340684832,0,R2017-02763
2764,2764,200000.0,0.3358793783990075,-0.2091102208957993,0,R2025-02764
2765,2765,23905.88235294118,0.2879225389439104,-0.0223008934845782,1,R2017-02765
2766,2766,68340.80717488789,0.2005471792876692,0.2254168510580155,1,R2019-02766
2767,2767,16996.28252788104,0.378713681846385,0.0116335461271955,0,R2020-02767
2768,2768,20833.9029391661,0.3902383538855076,0.1199397849204824,1,R2022-02768
2769,2769,1109.9781500364163,0.2485786139416697,0.2226672441437104,1,R2021-02769
2770,2770,169962.8252788104,0.2315080117465818,0.0977046213990827,0,R2020-02770
2771,2771,71717.64705882352,0.316427341671823,0.6015189218060133,3,R2017-02771
2772,2772,47589.59107806692,0.4016515811755137,0.022874791152064,0,R2020-02772
2773,2773,358588.23529411765,0.4347862045772654,-0.1104153105268513,0,R2017-02773
2774,2774,9562.35294117647,0.3086439292000437,0.0296942628516454,0,R2017-02774
2775,2775,87452.18056618211,0.3924183329714766,-0.0448157628581948,0,R2018-02775
2776,2776,121273.20954907162,0.3563678451032221,0.0216857831812143,0,R2023-02776
2777,2777,1000000.0,0.1900499306168395,0.0610468603365779,2,R2024-02777
2778,2778,20000.0,0.1647340368543801,0.0570291192539518,1,R2024-02778
2779,2779,5467.264573991031,0.2293328485580562,0.5685395375270519,3,R2019-02779
2780,2780,75478.51420247632,0.3472588181339063,0.1308523919889672,1,R2021-02780
2781,2781,71717.64705882352,0.2796297954522661,0.0329035169878027,0,R2017-02781
2782,2782,15159.151193633952,0.1985747335515426,0.290619831248434,3,R2023-02782
2783,2783,51255.60538116592,0.419009488258506,-0.1915801842354453,0,R2019-02783
2784,2784,45560.53811659192,0.2981451844651848,0.3920010246876464,3,R2019-02784
2785,2785,85426.00896860987,0.144180950039454,0.0799021243230504,1,R2019-02785
2786,2786,125003.4176349966,0.2082377515049593,0.0654367888806833,1,R2022-02786
2787,2787,77694.11764705883,0.2257486294636755,0.0987754259517159,1,R2017-02787
2788,2788,105447.92425345955,0.4410816515949476,0.1175489325181258,0,R2021-02788
2789,2789,17490.43611323642,0.2350600437607107,0.0086123914710354,0,R2018-02789
2790,2790,27984.69778117828,0.306116163450911,0.5510383932427195,3,R2018-02790
2791,2791,79315.98513011153,0.4018762721093596,0.1355287187339039,0,R2020-02791
2792,2792,18869.62855061908,0.3396835376346162,0.1324044762499809,0,R2021-02792
2793,2793,5976.470588235295,0.2640409857496221,0.0635537858530257,0,R2017-02793
2794,2794,15956.522546419095,0.1853275129417971,0.1152219300767889,1,R2023-02794
2795,2795,39080.14117647059,0.4500752205725887,-0.1005282353264488,0,R2017-02795
2796,2796,56950.67264573991,0.3125375918958695,0.6005585971200975,3,R2019-02796
2797,2797,147301.11524163568,0.332630188373403,0.0452006542046485,0,R2020-02797
2798,2798,23905.88235294118,0.5019360221586527,-0.0786724177820553,0,R2017-02798
2799,2799,70000.0,0.264200743858403,0.1903701088445694,1,R2024-02799
2800,2800,4000.0,0.2554432573646218,0.4629580686299459,3,R2025-02800
2801,2801,25000.0,0.2266530507889085,0.1279984327549826,0,R2024-02801
2802,2802,1912.470588235294,0.162963434411858,0.1595604029989493,1,R2017-02802
2803,2803,35371.352785145886,0.188879064133996,0.0537975547375757,1,R2023-02803
2804,2804,36258.736059479554,0.2180622903406803,0.2461031702219535,1,R2020-02804
2805,2805,180000.0,0.3011995883106061,0.1070146920737844,1,R2025-02805
2806,2806,2988.235294117648,0.2605348551168154,0.6338625994625677,3,R2017-02806
2807,2807,46641.16296863046,0.4999291570093823,-0.1710370577210747,0,R2018-02807
2808,2808,56226.635294117645,0.278989900006627,0.0812244183227855,0,R2017-02808
2809,2809,78591.92825112108,0.3961464560449385,-0.0010036510696722,0,R2019-02809
2810,2810,225000.0,0.1046819193213013,0.0493616165238411,1,R2024-02810
2811,2811,45323.42007434944,0.2251198617581798,-0.0270392586978672,0,R2020-02811
2812,2812,41667.8058783322,0.3459837950887148,-0.0069709031003673,0,R2022-02812
2813,2813,291507.2685539404,0.4111072018129734,0.0033462756313022,0,R2018-02813
2814,2814,38478.95944912013,0.29476683601087,0.0692346186063603,0,R2018-02814
2815,2815,339925.6505576208,0.3726043395116068,0.0661717938429163,0,R2020-02815
2816,2816,15946.188340807174,0.1806745307828064,0.1818902007216556,1,R2019-02816
2817,2817,95623.52941176471,0.3140507021673239,-0.1059076335935727,0,R2017-02817
2818,2818,67985.13011152417,0.1433125202203655,0.152886196872517,1,R2020-02818
2819,2819,101600.0,0.2776349532629664,0.1354758543458114,1,R2017-02819
2820,2820,6996.1744452945695,0.3556248311890619,0.0779122595361513,0,R2018-02820
2821,2821,14000.0,0.1515938585952971,0.2824061053424165,3,R2024-02821
2822,2822,11099.781500364164,0.2924386863316862,0.1313301223845258,0,R2021-02822
2823,2823,52471.30833970927,0.4670002011019394,0.004496167177707,0,R2018-02823
2824,2824,10416.95146958305,0.2117505194736145,0.0922913240062847,0,R2022-02824
2825,2825,10416.95146958305,0.2124095859715651,0.0913388123545131,0,R2022-02825
2826,2826,11099.781500364164,0.2739474831681687,0.1263173619021027,0,R2021-02826
2827,2827,11099.781500364164,0.288674702540921,0.1275653282792596,0,R2021-02827
2828,2828,5976.470588235295,0.2481846143234011,0.1736964979534937,1,R2017-02828
2829,2829,3585.8823529411766,0.2648469925446817,0.5901090396472182,3,R2017-02829
2830,2830,53788.23529411765,0.4525106833600769,0.3031001016678133,3,R2017-02830
2831,2831,209885.23335883708,0.3227797109746331,0.0771133502608723,0,R2018-02831
2832,2832,2278.026905829596,0.2921353455113913,0.6178642854735108,3,R2019-02832
2833,2833,8854.408749145592,0.1918106666208395,0.2053172470341771,1,R2022-02833
2834,2834,56130.58295964125,0.3079690340133525,0.5842266215440471,3,R2019-02834
2835,2835,524713.0833970926,0.3119059539016702,-0.1479446246303832,2,R2018-02835
2836,2836,2219.956300072833,0.2762105812784542,0.1306544318577531,0,R2021-02836
2837,2837,3329.9344501092496,0.276843871047031,0.1328658109399951,0,R2021-02837
2838,2838,19201.59151193633,0.2929894462820493,-0.0825253648681796,0,R2023-02838
2839,2839,11952.94117647059,0.3040742087553723,0.1343786169130877,1,R2017-02839
2840,2840,69961.74445294568,0.3687157146858174,0.5887385994831662,3,R2018-02840
2841,2841,80210.52631578948,0.3296649602929266,0.2064439253244779,1,R2022-02841
2842,2842,537882.3529411765,0.1667362718801848,0.0222498999932718,2,R2017-02842
2843,2843,46876.28161312372,0.5147074810392294,-0.4112742596114948,5,R2022-02843
2844,2844,5976.470588235295,0.2073127121581345,0.2111572148441985,1,R2017-02844
2845,2845,20212.201591511937,0.2586146610590701,-0.1607666593779947,0,R2023-02845
2846,2846,9064.684014869888,0.27864978658902,0.6178990745227352,3,R2020-02846
2847,2847,11952.94117647059,0.4487230003408039,-0.0284732420265077,0,R2017-02847
2848,2848,105185.88235294116,0.1784786085625714,0.0962234523659828,1,R2017-02848
2849,2849,23905.88235294118,0.2261557140692673,0.1248691976117505,1,R2017-02849
2850,2850,71717.64705882352,0.4993851249039986,-0.0910891272517776,0,R2017-02850
2851,2851,119529.41176470587,0.1562566221509321,0.1056763024850598,1,R2017-02851
2852,2852,70251.30111524163,0.4406205095825511,-0.0495439846581532,0,R2020-02852
2853,2853,49007.05882352941,0.3657988132735134,0.0092762689490765,0,R2017-02853
2854,2854,167500.0,0.3762934924399584,0.2033254469677322,0,R2024-02854
2855,2855,29150.72685539404,0.3228342167245414,0.0239349593673278,0,R2018-02855
2856,2856,29882.352941176472,0.3574922542014357,-0.0475883003295033,0,R2017-02856
2857,2857,29882.352941176472,0.3762701149975544,0.0085010534043062,0,R2017-02857
2858,2858,15625.427204374571,0.2145394751702601,0.168589169901139,1,R2022-02858
2859,2859,5581.165919282511,0.3132283919819101,0.3480351994290444,3,R2019-02859
2860,2860,239058.8235294117,0.1817945732553613,0.1300115893431853,1,R2017-02860
2861,2861,47811.76470588236,0.3779442207421535,-0.167293693629235,0,R2017-02861
2862,2862,18190.981432360742,0.2964032099592675,0.1639945709105154,1,R2023-02862
2863,2863,33468.23529411765,0.4410343613800623,-0.0594963254522119,0,R2017-02863
2864,2864,427130.0448430493,0.3719330480585141,0.1675070796707127,2,R2019-02864
2865,2865,5856.941176470588,0.2314248555665058,0.3752102720093988,3,R2017-02865
2866,2866,11952.94117647059,0.2828389023221966,0.606433173695184,3,R2017-02866
2867,2867,81582.15613382899,0.3044712303755406,0.193085142335042,1,R2020-02867
2868,2868,7769.411764705883,0.2826323454593623,0.0128251439518378,0,R2017-02868
2869,2869,5976.470588235295,0.3137881751687422,-0.0243655052172448,0,R2017-02869
2870,2870,74108.23529411765,0.2346379245168766,0.058058531497687,1,R2017-02870
2871,2871,54385.882352941175,0.3610473920287843,0.0193191525688257,0,R2017-02871
2872,2872,11390.13452914798,0.2431963424956005,0.1140483850661293,1,R2019-02872
2873,2873,5247.130833970927,0.2909408551524927,0.5874312076144516,3,R2018-02873
2874,2874,200000.0,0.1384731717281258,-0.0172174804901965,1,R2025-02874
2875,2875,5976.470588235295,0.3627829891491397,0.1626604117494428,1,R2017-02875
2876,2876,185270.58823529413,0.3310804014142481,0.1826848373944463,1,R2017-02876
2877,2877,58301.45371078808,0.4157023822839846,0.1722630395588864,0,R2018-02877
2878,2878,14382.97411764706,0.3193869859716145,0.0491075939499213,0,R2017-02878
2879,2879,83670.58823529411,0.3879764990661181,-0.0590908156337131,0,R2017-02879
2880,2880,17929.41176470588,0.4144961023315434,-0.1731757481185504,0,R2017-02880
2881,2881,57374.117647058825,0.3165345351848173,-0.0939100426535403,0,R2017-02881
2882,2882,69961.74445294568,0.3670923371704679,-0.112639264916101,0,R2018-02882
2883,2883,35000.0,0.5571022919709916,-0.4980472496464517,5,R2024-02883
2884,2884,5976.470588235295,0.3613457302054237,-0.060832594095746,0,R2017-02884
2885,2885,29882.352941176472,0.2590720534247377,0.4453836951232497,3,R2017-02885
2886,2886,14925.172149961749,0.2290244725668113,0.146227555053421,1,R2018-02886
2887,2887,89201.22417750576,0.1983099713121717,0.0267899880695949,0,R2018-02887
2888,2888,9562.35294117647,0.2885118594468306,-0.121458556585438,0,R2017-02888
2889,2889,72148.57975236708,0.4634890627005247,0.4545574254173502,3,R2021-02889
2890,2890,5856.941176470588,0.2230590358742632,0.1972871001883519,1,R2017-02890
2891,2891,29882.352941176472,0.3156077557992533,0.4459804643300574,3,R2017-02891
2892,2892,17929.41176470588,0.3212088741436475,-0.1162827201337694,0,R2017-02892
2893,2893,87218.97475133896,0.2667399054175014,-0.0756676014603274,0,R2018-02893
2894,2894,111623.3183856502,0.2336776359045178,0.0351015885094013,0,R2019-02894
2895,2895,179294.11764705885,0.2371686826054545,0.048745765511014,0,R2017-02895
2896,2896,53788.23529411765,0.3374437803381979,-0.09706345206603,0,R2017-02896
2897,2897,130595.2563121653,0.2815709611969522,-0.0746180859688177,0,R2018-02897
2898,2898,126462.11764705884,0.2815709611969522,-0.0746180859688177,0,R2017-02898
2899,2899,119529.41176470587,0.3018163939624159,0.1798039381425344,0,R2017-02899
2900,2900,174904.36113236425,0.3680127954675727,0.0910489293690095,0,R2018-02900
2901,2901,65424.42352941177,0.3002351693410823,-0.080662720897475,0,R2017-02901
2902,2902,83248.36125273124,0.426204771784318,-0.1120908513313705,0,R2021-02902
2903,2903,254651.75393028025,0.3441940323859623,0.4927497974282113,3,R2022-02903
2904,2904,4556.053811659192,0.2044243057237859,0.2002866867859113,1,R2019-02904
2905,2905,110997.81500364163,0.3676480805989667,-0.062056537524189,0,R2021-02905
2906,2906,3399.256505576208,0.2546007677938204,0.0222894326662458,0,R2020-02906
2907,2907,5319.058823529412,0.2679691764405505,0.1509422940720346,0,R2017-02907
2908,2908,50000.0,0.2670694188021534,0.0737564641959639,0,R2024-02908
2909,2909,50202.35294117647,0.2746722139651966,0.2855350076521449,1,R2017-02909
2910,2910,291507.2685539404,0.402817524649945,0.1159933375830804,0,R2018-02910
2911,2911,35858.82352941176,0.2852619587850776,0.0444823648366945,0,R2017-02911
2912,2912,17929.41176470588,0.3528381911367899,0.032980209012989,0,R2017-02912
2913,2913,17929.41176470588,0.3528381911367899,0.032980209012989,0,R2017-02913
2914,2914,34980.87222647284,0.4831720240484956,-0.104696736931974,0,R2018-02914
2915,2915,107576.4705882353,0.4442104905057202,-0.2657693002483526,0,R2017-02915
2916,2916,17085.20179372197,0.3795433309085951,-0.0362736180828009,0,R2019-02916
2917,2917,120000.0,0.6032832908162081,-0.5310683680445598,5,R2024-02917
2918,2918,13992.34889058914,0.2814128633937943,0.1469133496033778,1,R2018-02918
2919,2919,193136.19810633647,0.3721029786451709,0.1999078522507888,1,R2021-02919
2920,2920,95623.52941176471,0.3831876278938942,-0.0514471679080594,0,R2017-02920
2921,2921,17929.41176470588,0.429151669516351,-0.2209875078749483,0,R2017-02921
2922,2922,816.2203519510331,0.1829537148965414,0.1470562593483523,1,R2018-02922
2923,2923,4430.910482019894,0.2389961577848391,0.241967206528405,1,R2018-02923
2924,2924,12550.588235294115,0.2723774006513266,0.1548084994204057,1,R2017-02924
2925,2925,29882.352941176472,0.3557044738956914,0.0764356445351405,0,R2017-02925
2926,2926,59764.705882352944,0.3463601274222848,0.1010874788575641,1,R2017-02926
2927,2927,47811.76470588236,0.4133893271468457,-0.1881002212267888,0,R2017-02927
2928,2928,17490.43611323642,0.294550708815632,0.0416438355248929,0,R2018-02928
2929,2929,17929.41176470588,0.2850700655087175,-0.1766747584711377,0,R2017-02929
2930,2930,2278.026905829596,0.2461476848764452,0.2006034114625812,1,R2019-02930
2931,2931,93282.32593726092,0.3223661649820993,-0.0536977061746735,0,R2018-02931
2932,2932,50202.35294117647,0.3082049190839165,0.0795723818439879,0,R2017-02932
2933,2933,2083.3902939166096,0.3015039114877482,0.1220860394342904,0,R2022-02933
2934,2934,298823.5294117647,0.3152320145601142,0.0607368018959825,2,R2017-02934
2935,2935,16996.28252788104,0.22197364423207,0.4386906849288834,3,R2020-02935
2936,2936,46641.16296863046,0.3099690517011872,0.1791073214981177,1,R2018-02936
2937,2937,53788.23529411765,0.2716974056603786,0.6256190635357709,3,R2017-02937
2938,2938,9562.35294117647,0.1925351024106953,0.1311475734101055,1,R2017-02938
2939,2939,24419.519300801163,0.3168469714208675,0.3518645025634203,1,R2021-02939
2940,2940,34170.40358744394,0.2949945088952868,-0.0071565719502454,0,R2019-02940
2941,2941,101600.0,0.4369727743636172,0.0022815240976971,0,R2017-02941
2942,2942,52471.30833970927,0.3148865457159634,0.6516462163956231,3,R2018-02942
2943,2943,17085.20179372197,0.3328503618275844,0.5932843501118207,3,R2019-02943
2944,2944,122097.59650400582,0.3428498345308863,0.1822313588351813,1,R2021-02944
2945,2945,95623.52941176471,0.3283955440199952,-0.0124949590061278,0,R2017-02945
2946,2946,29487.90588235294,0.3385054231530211,-0.016408098783235,0,R2017-02946
2947,2947,597.6470588235294,0.1816328032549156,0.2426177099587214,1,R2017-02947
2948,2948,26818.668706962515,0.2983590667001432,0.6358754106561453,3,R2018-02948
2949,2949,179294.11764705885,0.4670069959421597,-0.0714215246139066,0,R2017-02949
2950,2950,45560.53811659192,0.3919403077500896,0.0628732540295559,0,R2019-02950
2951,2951,79730.94170403587,0.4429560390770421,0.0654299666784505,0,R2019-02951
2952,2952,28567.71231828616,0.3496686694442945,-0.0931865613525285,0,R2018-02952
2953,2953,17085.20179372197,0.2991776187020754,0.6343101042747288,3,R2019-02953
2954,2954,5830.145371078807,0.2887814337860689,0.1822300597638116,0,R2018-02954
2955,2955,71717.64705882352,0.4609485213431555,-0.2118047352903925,0,R2017-02955
2956,2956,24927.8810408922,0.2029353212712352,0.4422414675544408,3,R2020-02956
2957,2957,378746.74435542605,0.2956208856600175,-0.1645752206012777,2,R2021-02957
2958,2958,2832.71375464684,0.1303174080743175,0.141790019525819,1,R2020-02958
2959,2959,9562.35294117647,0.1820345042141915,0.1851016896376159,1,R2017-02959
2960,2960,2278.026905829596,0.1986254207142458,0.1715647612399302,1,R2019-02960
2961,2961,2847.533632286996,0.2061230945813511,0.1002356451972928,1,R2019-02961
2962,2962,156254.27204374573,0.4119254767488626,0.0176388797435313,0,R2022-02962
2963,2963,21641.255605381164,0.1256347757713617,0.0374276565487089,1,R2019-02963
2964,2964,33992.56505576208,0.4078111407453254,-0.0133140543272865,0,R2020-02964
2965,2965,378746.74435542605,0.2956208856600175,-0.1645752206012777,2,R2021-02965
2966,2966,46641.16296863046,0.3674544058546737,0.0558588130237424,0,R2018-02966
2967,2967,14691.966335118595,0.3954120838013732,-0.1813667531382613,0,R2018-02967
2968,2968,10494.261667941852,0.4512264391465167,-0.1413249765400918,0,R2018-02968
2969,2969,220951.6728624536,0.3272052649018655,0.3503505013557961,2,R2020-02969
2970,2970,1865.6465187452184,0.22580134256035,0.0975978905562666,1,R2018-02970
2971,2971,87452.18056618211,0.3483105658972166,0.258868978711535,1,R2018-02971
2972,2972,23905.88235294118,0.1742874939446421,0.1225204703886937,1,R2017-02972
2973,2973,18044.29992348891,0.3423910155321354,0.044846664616029,0,R2018-02973
2974,2974,2915.072685539404,0.2532687820158229,0.1810065543949749,1,R2018-02974
2975,2975,9112.107623318385,0.2726832627274844,0.6143202479522555,3,R2019-02975
2976,2976,2219.956300072833,0.1716238585866032,0.1198024484482809,1,R2021-02976
2977,2977,32648.814078041323,0.2886039048800722,-0.0048874209840655,0,R2018-02977
2978,2978,311598.5130111524,0.3260638338588878,0.101469120145117,0,R2020-02978
2979,2979,53788.23529411765,0.4266228187966386,-0.2126275023968666,0,R2017-02979
2980,2980,47811.76470588236,0.1568583396809231,0.164877737500278,1,R2017-02980
2981,2981,40640.0,0.2966592424515204,0.6302241146708635,3,R2017-02981
2982,2982,90842.35294117648,0.3282291223031108,-0.0923805966144715,0,R2017-02982
2983,2983,239058.8235294117,0.4552362148446575,-0.2232194238296345,0,R2017-02983
2984,2984,139923.48890589137,0.2449911718935535,0.1980681391148974,2,R2018-02984
2985,2985,28475.33632286996,0.1036231913595203,0.1255693044417136,1,R2019-02985
2986,2986,69961.74445294568,0.399246752324303,0.0022046041103342,0,R2018-02986
2987,2987,58301.45371078808,0.2742551398146389,0.0836385706265126,0,R2018-02987
2988,2988,2774.945375091041,0.3150056993510146,0.0472545610508708,0,R2021-02988
2989,2989,10757.64705882353,0.2728652675688013,-0.0355997345735813,0,R2017-02989
2990,2990,11099.781500364164,0.2756545350851911,0.4881515549419196,3,R2021-02990
2991,2991,23320.58148431523,0.3316875922029662,-0.0292501275126186,0,R2018-02991
2992,2992,35858.82352941176,0.3574086228162081,-0.0249554597833118,0,R2017-02992
2993,2993,75791.8898240245,0.4046291610909379,0.2156300375979482,0,R2018-02993
2994,2994,47811.76470588236,0.3816634307405348,-0.0491633794129362,0,R2017-02994
2995,2995,83670.58823529411,0.3148687751169749,0.6157953358604075,3,R2017-02995
2996,2996,203130.55365686945,0.3373330098987676,0.1409085278050195,1,R2022-02996
2997,2997,11952.94117647059,0.1991127753099388,0.3540711320033756,3,R2017-02997
2998,2998,32648.814078041323,0.3241085331679293,0.0640194484221232,0,R2018-02998
2999,2999,45560.53811659192,0.4141522057091345,-0.0255066570283065,0,R2019-02999
3000,3000,215152.9411764706,0.2916076439182273,0.114632370131091,2,R2017-03000
3001,3001,22710.58823529412,0.1883670067454863,0.0967433689320307,1,R2017-03001
3002,3002,179294.11764705885,0.300865610954381,0.2001234947233517,1,R2017-03002
3003,3003,81622.03519510331,0.2939084494556416,-0.0905514561192231,0,R2018-03003
3004,3004,110772.76205049736,0.2939084494556416,-0.0905514561192231,0,R2018-03004
3005,3005,191247.05882352943,0.1452569447722052,0.1694713822038522,1,R2017-03005
3006,3006,5239.461883408071,0.2046245095424014,0.1980557121895982,1,R2019-03006
3007,3007,12341.449946442235,0.1951678684743821,0.1213717672625427,1,R2018-03007
3008,3008,14237.668161434976,0.2115960616909025,-0.0457393967586893,0,R2019-03008
3009,3009,18190.981432360742,0.1552672392977501,-0.1421252125240857,1,R2023-03009
3010,3010,5976.470588235295,0.1387921204068637,0.1677027274353325,1,R2017-03010
3011,3011,9328.232593726092,0.4692275290283011,-0.1442717445915413,0,R2018-03011
3012,3012,5053.050397877984,0.1405014247412886,-0.0827186806686296,1,R2023-03012
3013,3013,108206.27802690584,0.2466649520449154,0.1727894630478415,1,R2019-03013
3014,3014,12127.320954907162,0.1765707017456587,0.0685792482779511,1,R2023-03014
3015,3015,2390.5882352941176,0.4369736590735338,-0.1364803636858294,0,R2017-03015
3016,3016,252652.5198938992,0.1718304878352386,0.0401477991959756,1,R2023-03016
3017,3017,34980.87222647284,0.2474657853879595,0.2308090736637389,0,R2018-03017
3018,3018,291507.2685539404,0.2086015011720687,0.0299836138626821,2,R2018-03018
3019,3019,50000.0,0.5038449506001184,-0.2035749572166718,0,R2024-03019
3020,3020,40000.0,0.2465736984273792,-0.1025597667259734,1,R2024-03020
3021,3021,194246.17625637288,0.3192505823931381,0.066161601942477,0,R2021-03021
3022,3022,198224.94261667944,0.3659661482788676,-0.0162856414166434,0,R2018-03022
3023,3023,33651.59908186688,0.2361322334079514,-0.0287177554406487,0,R2018-03023
3024,3024,137888.76817138487,0.3268912676648438,-0.1109470480544162,0,R2018-03024
3025,3025,2847.533632286996,0.2179021388463539,0.1523137059930677,1,R2019-03025
3026,3026,2332.058148431523,0.2059096791564114,0.0321546841635275,0,R2018-03026
3027,3027,71717.64705882352,0.4048880969860246,-0.1149940428521415,0,R2017-03027
3028,3028,46641.16296863046,0.3851239800586861,0.5857458459827286,3,R2018-03028
3029,3029,9000.0,0.1816678461209617,-0.0101373778414757,1,R2025-03029
3030,3030,398654.7085201794,0.1552412334353443,0.1455480069702388,2,R2019-03030
3031,3031,101977.69516728623,0.2274138911398531,0.0916882299900613,0,R2020-03031
3032,3032,46641.16296863046,0.3628841195372939,-0.1259231614337506,0,R2018-03032
3033,3033,11660.290742157616,0.537555258597619,-0.2061695621325646,0,R2018-03033
3034,3034,81582.15613382899,0.3012890945967934,0.1654936019353544,1,R2020-03034
3035,3035,40811.01759755165,0.2411191266097178,0.4941792645605198,3,R2018-03035
3036,3036,116602.90742157616,0.3233400488542889,-0.1335776275421971,0,R2018-03036
3037,3037,68340.80717488789,0.2421567164375194,-0.0490877774640578,0,R2019-03037
3038,3038,20000.0,0.4005750551272567,-0.3026180903156528,5,R2024-03038
3039,3039,3498.0872226472848,0.2167586632876358,0.1298016152690361,1,R2018-03039
3040,3040,75000.0,0.5579831406083492,-0.427172112799585,5,R2025-03040
3041,3041,10494.261667941852,0.3038146149959272,-0.0656363635540054,0,R2018-03041
3042,3042,13992.34889058914,0.3043060782444199,0.0363773489507126,0,R2018-03042
3043,3043,41237.64705882353,0.3538812170373693,0.5452399722597989,3,R2017-03043
3044,3044,29150.72685539404,0.3774259800470507,-0.0843535424050949,0,R2018-03044
3045,3045,9328.232593726092,0.2026030144163372,0.3183594663530162,3,R2018-03045
3046,3046,52471.30833970927,0.2858666231927419,-0.0156604838346435,1,R2018-03046
3047,3047,68340.80717488789,0.2421567164375194,-0.0490877774640578,0,R2019-03047
3048,3048,268186.6870696251,0.3939510412513417,-0.1864958465222099,0,R2018-03048
3049,3049,62645.739910313896,0.2421567164375194,-0.0490877774640578,0,R2019-03049
3050,3050,68340.80717488789,0.2421567164375194,-0.0490877774640578,0,R2019-03050
3051,3051,36459.33014354067,0.3922665627764906,-0.1907768251254131,0,R2022-03051
3052,3052,10106.100795755969,0.3611222444704396,-0.1138504918511281,0,R2023-03052
3053,3053,20395.539033457248,0.3797287619414891,0.2478408243226809,1,R2020-03053
3054,3054,38403.18302387268,0.2341570985618897,0.2343590013262692,1,R2023-03054
3055,3055,186564.65187452183,0.2647976394497621,0.0122345753798807,0,R2018-03055
3056,3056,29837.51798010712,0.277544035668302,0.0764972551841042,0,R2018-03056
3057,3057,23905.88235294118,0.4387201160743707,-0.2346423931837019,0,R2017-03057
3058,3058,55581.17647058824,0.2987333284833681,0.6256153595375351,3,R2017-03058
3059,3059,20212.201591511937,0.4796888992666958,-0.2781478745954285,0,R2023-03059
3060,3060,34980.87222647284,0.3001986747402537,0.0364076528748731,0,R2018-03060
3061,3061,58301.45371078808,0.3581664076612187,0.5751339192040642,3,R2018-03061
3062,3062,75000.0,0.3580451901508783,-0.2780843944052694,0,R2024-03062
3063,3063,49972.67127773528,0.2894033336556363,0.0162364248157815,0,R2018-03063
3064,3064,49972.67127773528,0.2894033336556363,0.0162364248157815,0,R2018-03064
3065,3065,174904.36113236425,0.3569722518823114,0.6223215488516836,3,R2018-03065
3066,3066,21548.21729150728,0.2694975670642213,-0.0879192198179266,0,R2018-03066
3067,3067,156254.27204374573,0.3805702769677856,-0.0361854874955598,0,R2022-03067
3068,3068,137000.0,0.1970508632756933,0.2056222182004548,1,R2024-03068
3069,3069,49972.67127773528,0.2894033336556363,0.0162364248157815,0,R2018-03069
3070,3070,49972.67127773528,0.2894033336556363,0.0162364248157815,0,R2018-03070
3071,3071,49972.67127773528,0.2894033336556363,0.0162364248157815,0,R2018-03071
3072,3072,99112.47130833972,0.3265773673532325,0.0196397334772758,0,R2018-03072
3073,3073,128273.6924254017,0.318172106826948,0.578365742514181,3,R2018-03073
3074,3074,165156.95067264573,0.4061593086415034,0.1143778757854038,1,R2019-03074
3075,3075,7175.784753363228,0.1990862955122032,0.1907681678714965,1,R2019-03075
3076,3076,96568.09905316823,0.3810988788077309,-0.0033334317584255,0,R2021-03076
3077,3077,170852.01793721973,0.3392990499499497,-0.2011989747113539,0,R2019-03077
3078,3078,75000.0,0.5773394208667982,-0.4773554109031324,5,R2025-03078
3079,3079,100000.0,0.4986348995698269,-0.2299623132714394,0,R2025-03079
3080,3080,5748.523335883704,0.2808088395501487,0.6421639978142538,3,R2018-03080
3081,3081,23320.58148431523,0.274980275860644,0.2024449633107813,1,R2018-03081
3082,3082,5830.145371078807,0.1839301790105216,0.3580548123460936,3,R2018-03082
3083,3083,641315.9908186689,0.3321042773506318,-0.0394645003135855,2,R2018-03083
3084,3084,126326.2599469496,0.2138813122481145,0.0643818153188575,0,R2023-03084
3085,3085,5713.542463657232,0.3103076850086225,0.2783986171935911,1,R2018-03085
3086,3086,1109.9781500364163,0.1824453302570866,0.0546987006786726,1,R2021-03086
3087,3087,4664.116296863046,0.2967634163920426,0.62726321340731,3,R2018-03087
3088,3088,56950.67264573991,0.1465849189925553,0.0572321176943465,1,R2019-03088
3089,3089,4532.342007434944,0.3347913410808327,-0.1107274906318367,1,R2020-03089
3090,3090,4664.116296863046,0.2633586668206463,0.6272836667842535,3,R2018-03090
3091,3091,3417.0403587443943,0.1958318134725554,-0.0127715865481904,0,R2019-03091
3092,3092,8542.600896860986,0.2453785504916981,0.0592450142470547,0,R2019-03092
3093,3093,81622.03519510331,0.3127578477733915,0.0426918959012,0,R2018-03093
3094,3094,29150.72685539404,0.4754092528194444,-0.1471382449840142,0,R2018-03094
3095,3095,29150.72685539404,0.295068759220741,-0.029630371490386,0,R2018-03095
3096,3096,29150.72685539404,0.3222777618939457,-0.0725023461918229,0,R2018-03096
3097,3097,91573.19737800436,0.2745668433178334,0.0579385722502761,1,R2021-03097
3098,3098,4081.101759755165,0.2882124250141845,0.6531233812174914,3,R2018-03098
3099,3099,1473.011152416357,0.131864426637947,0.23952118756251,1,R2020-03099
3100,3100,113680.0,0.2314454311692982,0.0158509540774262,0,R2024-03100
3101,3101,81582.15613382899,0.4537819958280191,0.4147587203452245,3,R2020-03101
3102,3102,56950.67264573991,0.47163467888254,-0.0593683622763811,0,R2019-03102
3103,3103,431430.7574598318,0.2788809864034444,-0.0111634098325843,2,R2018-03103
3104,3104,29150.72685539404,0.3722559803852276,0.0276843496495856,0,R2018-03104
3105,3105,29150.72685539404,0.5741535042473027,-0.3828452816661538,5,R2018-03105
3106,3106,29150.72685539404,0.5741535042473027,-0.3828452816661538,5,R2018-03106
3107,3107,29150.72685539404,0.5741535042473027,-0.3828452816661538,5,R2018-03107
3108,3108,29150.72685539404,0.5741535042473027,-0.3828452816661538,5,R2018-03108
3109,3109,29150.72685539404,0.2923708616733627,-0.0482480704603482,0,R2018-03109
3110,3110,29150.72685539404,0.2923708616733627,-0.0482480704603482,0,R2018-03110
3111,3111,29150.72685539404,0.3439059875832128,-0.1247268736246036,0,R2018-03111
3112,3112,29150.72685539404,0.3288696987107522,-0.0894383659667963,0,R2018-03112
3113,3113,29150.72685539404,0.3222777618939457,-0.0725023461918229,0,R2018-03113
3114,3114,29150.72685539404,0.3281801683353037,-0.0913105282641506,0,R2018-03114
3115,3115,44421.524663677126,0.4406627488434034,-0.1424335179736113,0,R2019-03115
3116,3116,173738.33205814846,0.4073131954981504,0.0321808524119657,0,R2018-03116
3117,3117,39061.97398622801,0.3047299507897579,0.6238501971811187,3,R2018-03117
3118,3118,29150.72685539404,0.2566506671494676,0.0013184973525624,0,R2018-03118
3119,3119,29150.72685539404,0.2923708616733627,-0.0482480704603482,0,R2018-03119
3120,3120,29150.72685539404,0.3209565838752877,-0.0737426898278838,0,R2018-03120
3121,3121,29150.72685539404,0.3097974161336363,-0.0066434924009132,0,R2018-03121
3122,3122,39657.99256505576,0.3701348704427866,-0.0670734718733895,0,R2020-03122
3123,3123,5549.890750182082,0.4877880274750829,-0.0288500446524982,0,R2021-03123
3124,3124,57135.42463657232,0.3101092757190873,0.0418097968120774,0,R2018-03124
3125,3125,68340.80717488789,0.464604761414543,-0.283899561766399,0,R2019-03125
3126,3126,597.6470588235294,0.2443482079313696,0.1694423539676356,1,R2017-03126
3127,3127,5241.364705882353,0.1311746120298907,0.1326638129836796,1,R2017-03127
3128,3128,47811.76470588236,0.3363470595812158,-0.115221751506037,0,R2017-03128
3129,3129,2219.956300072833,0.2525510545533999,0.3416516490795747,3,R2021-03129
3130,3130,31250.854408749143,0.1560078811881699,0.2159542408866081,1,R2022-03130
3131,3131,5125.560538116592,0.1980518018949346,0.0992928606048188,1,R2019-03131
3132,3132,102511.21076233184,0.4719278124562009,-0.222165816517334,0,R2019-03132
3133,3133,16649.67225054625,0.2663029243615238,0.6070858700062565,3,R2021-03133
3134,3134,29150.72685539404,0.311573275410808,0.4677542436915906,3,R2018-03134
3135,3135,41835.294117647056,0.3832925851073687,-0.1962035404989872,0,R2017-03135
3136,3136,5830.145371078807,0.1854572924369536,0.1768707525408998,1,R2018-03136
3137,3137,37312.93037490437,0.4133627537699494,-0.0513265001081254,0,R2018-03137
3138,3138,28806.58823529412,0.4186394422723519,-0.0865254142633201,0,R2017-03138
3139,3139,298823.5294117647,0.2088242838868027,0.0359382957252963,2,R2017-03139
3140,3140,5976.470588235295,0.2649652951254094,0.6240435866227079,3,R2017-03140
3141,3141,35858.82352941176,0.3170269043462737,0.5880097650137984,3,R2017-03141
3142,3142,21814.117647058825,0.2978783884255365,0.0143567160847838,0,R2017-03142
3143,3143,1109.9781500364163,0.436674618674322,0.3357900047465755,3,R2021-03143
3144,3144,43282.51121076233,0.2168609165279304,0.0249180680942823,0,R2019-03144
3145,3145,4004235.294117647,0.2340146796043595,-0.0329734437973074,4,R2017-03145
3146,3146,93282.32593726092,0.3382762160720797,-0.0763354601500638,0,R2018-03146
3147,3147,4183.529411764706,0.3528564511972445,-0.0451878255040251,0,R2017-03147
3148,3148,29882.352941176472,0.3891727792273348,0.0662335063557169,0,R2017-03148
3149,3149,5053.050397877984,0.3206113382843711,-0.0930118485178138,0,R2023-03149
3150,3150,22780.26905829596,0.2004753525552963,0.1689912696683199,1,R2019-03150
3151,3151,91121.07623318383,0.2750847887884404,0.5126208138181692,3,R2019-03151
3152,3152,57374.117647058825,0.3122822364696136,0.0946312994747114,1,R2017-03152
3153,3153,17490.43611323642,0.2987458437795062,0.6213281293973305,3,R2018-03153
3154,3154,33468.23529411765,0.4022079363825461,0.3929617064571089,3,R2017-03154
3155,3155,29882.352941176472,0.3048753745257445,0.1680995999383091,1,R2017-03155
3156,3156,28353.033882352946,0.3766429791891045,-0.1479241348162923,0,R2017-03156
3157,3157,215152.9411764706,0.1540941559929138,0.0651516563181866,1,R2017-03157
3158,3158,5976.470588235295,0.1825174075025904,0.0640098934337451,1,R2017-03158
3159,3159,17929.41176470588,0.48501052520895,-0.2196723818677907,0,R2017-03159
3160,3160,2390.5882352941176,0.361269520208394,0.3273960484574516,3,R2017-03160
3161,3161,22780.26905829596,0.3789408564641017,-0.1381617229746077,0,R2019-03161
3162,3162,5695.067264573991,0.2661312502206417,0.6027388496695812,3,R2019-03162
3163,3163,378746.74435542605,0.2956208856600175,-0.1645752206012777,2,R2021-03163
3164,3164,74035.87443946188,0.4869560904355115,-0.0211048532551887,0,R2019-03164
3165,3165,58569.41176470588,0.2862227506177131,0.1072756672937213,0,R2017-03165
3166,3166,41667.8058783322,0.3470324817634572,-0.0261300833158263,0,R2022-03166
3167,3167,14707.210487982518,0.2212998325093675,0.0424405370245421,0,R2021-03167
3168,3168,72918.66028708134,0.163064629521326,-0.0097987868632219,1,R2022-03168
3169,3169,7579.575596816976,0.3295014421628806,-0.0352145937187986,0,R2023-03169
3170,3170,76043.74572795625,0.3620575601524354,0.4158258002676107,3,R2022-03170
3171,3171,15625.427204374571,0.3417214388776852,0.5828774228174328,3,R2022-03171
3172,3172,29188.298017771704,0.1370617932037803,0.1224972542791887,1,R2022-03172
3173,3173,34375.93984962406,0.0646087196034774,0.0535753532029592,1,R2022-03173
3174,3174,16324.029637730691,0.1475892344826573,0.1542457660073737,1,R2022-03174
3175,3175,10500.287081339711,0.1535246503364708,0.0989759448449283,1,R2022-03175
3176,3176,22233.42175066313,0.120660558001511,-0.0543897014021386,1,R2023-03176
3177,3177,78127.13602187287,0.4236740557398617,0.3276383453381287,3,R2022-03177
3178,3178,234381.4080656186,0.2047839910430426,0.1019957355534805,1,R2022-03178
3179,3179,182296.65071770336,0.1664597647777193,0.1237926613960098,1,R2022-03179
3180,3180,2291.729323308271,0.2340715352704346,0.0744508707696164,1,R2022-03180
3181,3181,41667.8058783322,0.2224292222351988,0.0667400202749347,1,R2022-03181
3182,3182,150000.0,0.6032832908162081,-0.5310683680445598,5,R2024-03182
3183,3183,159379.35748462065,0.2358051881700055,0.042069021071935,1,R2022-03183
3184,3184,95623.52941176471,0.2574606113564336,0.0323182701053559,0,R2017-03184
3185,3185,79315.98513011153,0.3565143482651097,-0.0860198323578844,0,R2020-03185
3186,3186,943.481427530954,0.2232057067316205,0.046549778031338,0,R2021-03186
3187,3187,75000.0,0.1599018031898831,0.1137213351555396,1,R2024-03187
3188,3188,89000.0,0.5586854892871276,-0.5485444782752502,5,R2024-03188
3189,3189,43751.196172248805,0.338700130794252,0.0474973566610229,0,R2022-03189
3190,3190,182296.65071770336,0.335761660126151,-0.0203727115543055,0,R2022-03190
3191,3191,25000.0,0.1457184849263374,0.2112946896270423,1,R2024-03191
3192,3192,10416.95146958305,0.3390273899000665,-0.0227465231170616,0,R2022-03192
3193,3193,208339.02939166097,0.4201449789002357,0.0293198694715353,0,R2022-03193
3194,3194,52084.75734791524,0.3579469123816678,-0.058516017652357,0,R2022-03194
3195,3195,1562.542720437457,0.2418487034668953,0.0096675735606592,0,R2022-03195
3196,3196,104169.51469583048,0.4650618152592472,-0.0948060764583133,0,R2022-03196
3197,3197,12000.0,0.2215585272355024,0.445625462490239,3,R2024-03197
3198,3198,29526.84894053316,0.1205425557964941,0.132701798008799,1,R2022-03198
3199,3199,9991.87,0.1644774026571613,-0.1350762874296143,1,R2025-03199
3200,3200,210839.0977443609,0.3593091031600347,0.3607783525515623,2,R2022-03200
3201,3201,23614.0,0.1221583551140585,-0.0325739899279695,1,R2024-03201
3202,3202,13953.806657824933,0.1386192815430282,-0.1043587737333962,1,R2023-03202
3203,3203,21172.28116710875,0.1617810309915822,0.0572216035083604,1,R2023-03203
3204,3204,21231.907161803712,0.142988815270778,0.0392601733483299,1,R2023-03204
3205,3205,21253.75,0.1672798858238072,-0.0572817903636639,1,R2024-03205
3206,3206,17962.07,0.1646010309309662,0.0056469327111723,1,R2024-03206
3207,3207,468762.8161312372,0.3512399501480697,0.3661837724404417,3,R2022-03207
3208,3208,6063.660477453581,0.5202249289008463,-0.2999164677223918,0,R2023-03208
3209,3209,9890.895420369105,0.3547134074621758,-0.196969969380349,0,R2022-03209
3210,3210,103082.22811671087,0.1850044550953888,0.3325934415364979,3,R2023-03210
3211,3211,15625.427204374571,0.2369553553641749,-0.0122143114887661,0,R2022-03211
3212,3212,9375.256322624744,0.0529624091147805,0.0406061786558562,1,R2022-03212
3213,3213,26477.0,0.1327631992594705,-0.0836045109221576,1,R2024-03213
3214,3214,1515.9151193633952,0.1169698115191025,0.1257381213644215,1,R2023-03214
3215,3215,5833.492822966507,0.3455975184090626,-0.0843164069914339,0,R2022-03215
3216,3216,62306.762765799256,0.3461024307594152,0.0583132717258746,0,R2020-03216
3217,3217,65000.0,0.2910175789325894,0.477914640889008,3,R2024-03217
3218,3218,26042.37867395762,0.4824042356874143,-0.2062601536604262,0,R2022-03218
3219,3219,104169.51469583048,0.398359031959768,-0.0296917605148777,0,R2022-03219
3220,3220,15625.427204374571,0.1724195490644831,0.3129388697878357,3,R2022-03220
3221,3221,74785.14588859417,0.2561397132086524,0.0491378084952312,1,R2023-03221
3222,3222,140000.0,0.330987125214256,0.2118645446249998,1,R2024-03222
3223,3223,75002.05058099795,0.3627577468416799,0.1799211594603107,1,R2022-03223
3224,3224,10416.95146958305,0.3914180443722027,-0.2787965827373618,0,R2022-03224
3225,3225,160000.0,0.2768230959313462,-0.0562381170681341,0,R2024-03225
3226,3226,21875.5980861244,0.2367020139410195,0.0818075483363159,1,R2022-03226
3227,3227,5208.475734791525,0.3208301676573614,-0.1442008747636701,0,R2022-03227
3228,3228,5208.475734791525,0.3857223408774213,-0.1642574585815247,0,R2022-03228
3229,3229,5053.050397877984,0.4311957129395837,-0.302505159530438,0,R2023-03229
3230,3230,5053.050397877984,0.3641434888990588,-0.0622279355160853,0,R2023-03230
3231,3231,5053.050397877984,0.5144356803703627,-0.3909371937271136,5,R2023-03231
3232,3232,223964.4565960356,0.40423788496917,0.0221576203042217,0,R2022-03232
3233,3233,291257.96308954206,0.2340750180752385,0.1753332191562808,2,R2022-03233
3234,3234,39584.41558441558,0.2850740136225079,0.0352445207712549,0,R2022-03234
3235,3235,5208.475734791525,0.3208301676573614,-0.1442008747636701,0,R2022-03235
3236,3236,5208.475734791525,0.3669028568207327,-0.1693295990286249,0,R2022-03236
3237,3237,5729.3233082706765,0.3669028568207327,-0.1693295990286249,0,R2022-03237
3238,3238,78127.13602187287,0.3510656752600408,0.1912564379823341,1,R2022-03238
3239,3239,62501.70881749829,0.2880150672452507,0.1428381278333963,0,R2022-03239
3240,3240,104169.51469583048,0.3630087635519939,0.1138397226016117,1,R2022-03240
3241,3241,200000.0,0.1474245796650374,0.0823353410780912,1,R2025-03241
3242,3242,454774.5358090185,0.2270473345136924,-0.0830258379600806,2,R2023-03242
3243,3243,3428.494694960212,0.3276293574364466,-0.0641883076579556,0,R2023-03243
3244,3244,121273.20954907162,0.3096309767792801,-0.2292608136430605,0,R2023-03244
3245,3245,52084.75734791524,0.3616676551322538,-0.1614098600974648,0,R2022-03245
3246,3246,15159.151193633952,0.5144356803703627,-0.3909371937271136,5,R2023-03246
3247,3247,75000.0,0.3848300520126242,-0.1120832778463147,0,R2025-03247
3248,3248,60636.60477453581,0.2020511337504168,0.2802070962806409,3,R2023-03248
3249,3249,31250.854408749143,0.3710960520736032,-0.1972284657612916,0,R2022-03249
3250,3250,23244.031830238728,0.5571022919709916,-0.4980472496464517,5,R2023-03250
3251,3251,20678.58823529412,0.2671555717058146,-0.0422543667992093,0,R2017-03251
3252,3252,50000.0,0.1494983742329309,0.1139581647920711,1,R2024-03252
3253,3253,11660.290742157616,0.1391324416482734,0.2030322980530001,1,R2018-03253
3254,3254,3399.256505576208,0.2796902697792233,-0.0118679584693278,0,R2020-03254
3255,3255,99898.03350327747,0.3982537061463188,0.2717921957687572,1,R2021-03255
3256,3256,11099.781500364164,0.3540285653396917,0.2387277127621501,1,R2021-03256
3257,3257,15500.0,0.2591347708703065,-0.1035387144927741,0,R2024-03257
3258,3258,90000.0,0.361105457123491,-0.00143647967653,1,R2024-03258
3259,3259,138000.0,0.5586854892871276,-0.5485444782752502,5,R2024-03259
3260,3260,95000.0,0.5586854892871276,-0.5485444782752502,5,R2024-03260
3261,3261,398000.0,0.3497771104638183,-0.1575411520609725,2,R2024-03261
3262,3262,156254.27204374573,0.1998708577009299,0.1895756139463819,1,R2022-03262
3263,3263,5500.0,0.1862332465745339,-0.0178236299835603,1,R2024-03263
3264,3264,30000.0,0.6093886123546435,-0.4765265108570376,5,R2024-03264
3265,3265,240000.0,0.4675627474832936,-0.2671152409558065,0,R2024-03265
3266,3266,19000.0,0.3807993607137542,-0.0600022417696916,0,R2024-03266
3267,3267,70000.0,0.2566114967982373,0.532757806085979,3,R2024-03267
3268,3268,60811.0,0.2745615526013435,0.0945165619386782,1,R2024-03268
3269,3269,10000.0,0.2707566378171326,0.535751463108719,3,R2025-03269
3270,3270,210000.0,0.3964295013164468,-0.0773065936303449,0,R2024-03270
3271,3271,7171.764705882353,0.1905305408336069,0.0352485473226053,1,R2017-03271
3272,3272,4781.176470588235,0.2509137306208162,-0.0235673222933107,0,R2017-03272
3273,3273,200000.0,0.2662183079972902,0.1392617257759918,2,R2024-03273
3274,3274,5976.470588235295,0.1244829226391516,0.0592921988579307,1,R2017-03274
3275,3275,13148.235294117649,0.1891605791775694,0.0270177444846535,1,R2017-03275
3276,3276,29882.352941176472,0.1867779515367891,0.0454312041851621,1,R2017-03276
3277,3277,11952.94117647059,0.2439852851061774,-0.0523513822737603,0,R2017-03277
3278,3278,4781.176470588235,0.2050014331144873,-0.0121731392425423,0,R2017-03278
3279,3279,2390.5882352941176,0.2696586385802442,-0.0520371647338173,0,R2017-03279
3280,3280,17909.85,0.2427854161860482,-0.0268885076272651,1,R2024-03280
3281,3281,5000.0,0.4623371691318262,-0.4352974175514421,5,R2024-03281
3282,3282,350000.0,0.1914639057644557,0.0913598727284956,1,R2025-03282
3283,3283,300000.0,0.324461618618935,0.048834029454589,2,R2025-03283
3284,3284,5976.470588235295,0.2825130231066464,-0.0711909708035729,0,R2017-03284
3285,3285,7171.764705882353,0.2745562676276663,-0.0400881485696371,0,R2017-03285
3286,3286,35616.0,0.497676707184441,-0.4037060403283553,5,R2024-03286
3287,3287,46000.0,0.5586854892871276,-0.5485444782752502,5,R2024-03287
3288,3288,2000.0,0.4914660406777557,-0.416995706947503,5,R2024-03288
3289,3289,700000.0,0.2844957862898815,-0.0026076646998915,2,R2024-03289
3290,3290,510358.0901856764,0.3570190164003234,0.0297268564699268,2,R2023-03290
3291,3291,5000.0,0.2665164927455763,0.420771981746541,3,R2024-03291
3292,3292,2000.0,0.1774881186092606,0.274113395313975,3,R2024-03292
3293,3293,45000.0,0.497676707184441,-0.4037060403283553,5,R2024-03293
3294,3294,10000.0,0.2012192755592999,-0.1259859357950941,0,R2025-03294
3295,3295,15000.0,0.2382473908083993,-0.0417571522648835,1,R2025-03295
3296,3296,1500.0,0.5586854892871276,-0.5485444782752502,5,R2024-03296
3297,3297,130000.0,0.3869074822184869,-0.3015993103038267,0,R2024-03297
3298,3298,17000.0,0.5586854892871276,-0.5485444782752502,5,R2024-03298
3299,3299,95000.0,0.263590711761929,-0.0548972712416555,0,R2025-03299
3300,3300,2500.0,0.3932170905874678,-0.2271944201678359,0,R2025-03300
3301,3301,7200.0,0.1697421334421019,0.0047529283906292,1,R2024-03301
3302,3302,20000.0,0.3723304949873174,0.0537743658854042,0,R2025-03302
3303,3303,79730.94170403587,0.4129037675002107,-0.1062857839651088,0,R2019-03303
3304,3304,221995.6300072833,0.3716652351181043,-0.0498949154516278,0,R2021-03304
3305,3305,50000.0,0.3393394723847596,0.0180801473940509,0,R2024-03305
3306,3306,18000.0,0.2536447147746251,0.0991178875037939,1,R2025-03306
3307,3307,65000.0,0.3802311445519201,-0.2839337759794569,0,R2024-03307
3308,3308,14500.0,0.5098446110227626,-0.4685375803354233,5,R2024-03308
3309,3309,35000.0,0.1443358577327225,0.1869872099779171,1,R2025-03309
3310,3310,20000.0,0.5770865922130423,-0.3034627649023727,5,R2024-03310
3311,3311,12000.0,0.2344024182286456,0.0011754332975549,1,R2024-03311
3312,3312,25000.0,0.4075331181233708,-0.3359880843167566,5,R2024-03312
3313,3313,40000.0,0.1246157519855604,0.0460146454950769,1,R2025-03313
3314,3314,73000.0,0.2084628935524784,0.030039588822402,1,R2024-03314
3315,3315,23010.0,0.2248895605550953,0.1481706677095591,1,R2025-03315
3316,3316,60000.0,0.3327011802082621,0.4758697343893347,3,R2025-03316
3317,3317,33000.0,0.3764906837594061,-0.2370709672560005,0,R2025-03317
3318,3318,85000.0,0.4779627374357635,-0.2703016748980574,0,R2025-03318
3319,3319,7000.0,0.2343238544072632,-0.0122274236237597,1,R2025-03319
3320,3320,30000.0,0.0915190363251531,0.1146523986114968,1,R2025-03320
3321,3321,200000.0,0.5586854892871276,-0.5485444782752502,5,R2025-03321
3322,3322,22000.0,0.4418219691877939,-0.2185939731157938,0,R2025-03322
3323,3323,5000.0,0.2853073355345404,0.2266207999179866,1,R2025-03323
3324,3324,60000.0,0.4623371691318262,-0.4352974175514421,5,R2025-03324
3325,3325,122000.0,0.321735286882906,0.0974845041921602,1,R2024-03325
3326,3326,13000.0,0.2068987799219989,-0.1584628722922427,1,R2025-03326
3327,3327,20000.0,0.3271524867859529,-0.0788215645323368,0,R2025-03327
3328,3328,65000.0,0.6032832908162081,-0.5310683680445598,5,R2025-03328
3329,3329,50000.0,0.5586854892871276,-0.5485444782752502,5,R2024-03329
3330,3330,20000.0,0.347626054816946,-0.1843410268210003,0,R2025-03330
3331,3331,4000.0,0.1558752568608957,0.1299370823797124,1,R2024-03331
3332,3332,50000.0,0.2309934981290382,0.1596684221954526,1,R2025-03332
3333,3333,8000.0,0.3895252496139959,-0.250595082144225,0,R2025-03333
3334,3334,29150.72685539404,0.2750594152671052,0.0896702059124694,0,R2018-03334
3335,3335,124639.40520446096,0.3796252141802012,-0.0272209840439154,0,R2020-03335
3336,3336,5665.4275092936805,0.1389437626777118,0.1690908992481805,1,R2020-03336
3337,3337,45000.0,0.4623371691318262,-0.4352974175514421,5,R2024-03337
3338,3338,58301.45371078808,0.4354339102309998,-0.0773510883827711,0,R2018-03338
3339,3339,29882.352941176472,0.4410294131175826,-0.264826962147468,0,R2017-03339
3340,3340,179294.11764705885,0.4422674298010139,-0.0280418303445244,0,R2017-03340
3341,3341,250582.9596412556,0.4260142472824325,-0.023133755677717,0,R2019-03341
3342,3342,227802.6905829596,0.2440990065553988,0.1849473229764268,2,R2019-03342
3343,3343,52471.30833970927,0.1594605318312593,0.1870366563061574,1,R2018-03343
3344,3344,59764.705882352944,0.4068397057445302,-0.0913388033335053,0,R2017-03344
3345,3345,148071.74887892377,0.4845280263334588,-0.1006614058245402,0,R2019-03345
3346,3346,11995.941644562334,0.2761264976179857,0.269452405185663,1,R2023-03346
3347,3347,90954.90716180373,0.3430210566265176,-0.1953185412322805,0,R2023-03347
3348,3348,301151.69761273207,0.2052280759224818,0.1000333402873589,2,R2023-03348
3349,3349,28035.334217506632,0.1279111033425091,0.0409818123338672,1,R2023-03349
3350,3350,22199.56300072833,0.3455241478495364,0.53032515764765,3,R2021-03350
3351,3351,21533.57611070648,0.3103579880854645,-0.0766879704875664,0,R2021-03351
3352,3352,44399.12600145666,0.3684985304772625,0.0234882009729652,0,R2021-03352
3353,3353,55498.90750182082,0.3098402282926615,0.0289854098703449,0,R2021-03353
3354,3354,10611.405835543766,0.1915798637502006,-0.166945177197403,0,R2023-03354
3355,3355,10106.100795755969,0.3652189778971658,-0.1999674281777909,0,R2023-03355
3356,3356,70000.0,0.2173316831377408,0.0647377349862757,1,R2025-03356
3357,3357,30318.302387267904,0.4745500382927178,-0.3201601664781319,0,R2023-03357
3358,3358,5053.050397877984,0.1871362883370387,-0.0889486932610152,1,R2023-03358
3359,3359,60636.60477453581,0.283766447460363,0.5099922411914676,3,R2023-03359
3360,3360,141635.687732342,0.2741418583759886,0.00575057085813,0,R2020-03360
3361,3361,40424.40318302388,0.2053895566902036,-0.1552806450633927,1,R2023-03361
3362,3362,25265.25198938992,0.1858017817878728,0.1525557241739747,1,R2023-03362
3363,3363,50000.0,0.5220821383498334,-0.4830135984515536,5,R2024-03363
3364,3364,1015663.1299734748,0.5042687765647719,-0.1694520775162337,2,R2023-03364
3365,3365,308997.7046671768,0.3135830616805966,0.6368724942551177,3,R2018-03365
3366,3366,28327.1375464684,0.4396814475745071,-0.0036158254603395,0,R2020-03366
3367,3367,84981.4126394052,0.3004061655602458,0.0079292112470335,1,R2020-03367
3368,3368,10000.0,0.0933223117744708,0.1276048927184622,1,R2024-03368
3369,3369,10106.100795755969,0.2929872800288118,-0.1424625762055814,0,R2023-03369
3370,3370,19201.59151193633,0.242600631924099,0.3535358034184798,3,R2023-03370
3371,3371,404244.0318302387,0.3365996495617444,-0.1388707436440307,2,R2023-03371
3372,3372,200000.0,0.2954856149092412,0.205503965208268,2,R2024-03372
3373,3373,55583.55437665783,0.2713079107549971,0.1179537248068688,1,R2023-03373
3374,3374,20688.7,0.1909812906025635,0.0597888874392051,1,R2024-03374
3375,3375,136432.36074270555,0.3148865624093162,0.0762438535294664,0,R2023-03375
3376,3376,65689.6551724138,0.4038370242480725,0.0224862185865883,0,R2023-03376
3377,3377,3031.8302387267904,0.5586854892871276,-0.5485444782752502,5,R2023-03377
3378,3378,1313793.1034482757,0.4680654081706426,-0.3109105482829279,2,R2023-03378
3379,3379,60636.60477453581,0.4623371691318262,-0.4352974175514421,5,R2023-03379
3380,3380,20212.201591511937,0.2257761193955685,0.1556209328333981,1,R2023-03380
3381,3381,80848.80636604775,0.3134078849572609,-0.1202746601180657,0,R2023-03381
3382,3382,8593.984962406015,0.1043831571637497,0.0778581235230326,1,R2022-03382
3383,3383,50530.50397877984,0.5586854892871276,-0.5485444782752502,5,R2023-03383
3384,3384,83125.0,0.4623371691318262,-0.4352974175514421,5,R2024-03384
3385,3385,73570.0,0.2767635537739016,0.0386804677225489,1,R2024-03385
3386,3386,46387.00265251989,0.4638021503594879,-0.0117458270146775,0,R2023-03386
3387,3387,19201.59151193633,0.2063531563937695,0.4513623509259373,3,R2023-03387
3388,3388,50530.50397877984,0.2593859400513343,0.3215134693584371,1,R2023-03388
3389,3389,2829.708222811671,0.2417573515944217,-0.0461087606884,1,R2023-03389
3390,3390,232440.31830238728,0.2320582586106151,0.083000920930795,0,R2023-03390
3391,3391,18696.286472148546,0.1943426276661053,0.0685783503889806,1,R2023-03391
3392,3392,18696.286472148546,0.3427439667757403,0.1672068778083205,3,R2023-03392
3393,3393,3031.8302387267904,0.4472793562942492,-0.2019653276311892,0,R2023-03393
3394,3394,100000.0,0.5586854892871276,-0.5485444782752502,5,R2024-03394
3395,3395,4000.0,0.3498519199195078,-0.3125710655272294,5,R2024-03395
3396,3396,1515.9151193633952,0.227542588360961,0.1231223828721897,1,R2023-03396
3397,3397,18190.981432360742,0.2028666489096596,-0.0368782301657642,1,R2023-03397
3398,3398,207175.0663129973,0.2922512346175703,-0.1686605370547686,0,R2023-03398
3399,3399,126326.2599469496,0.2322245270851189,0.0328681211676897,0,R2023-03399
3400,3400,100000.0,0.2654042739396701,0.156501655010506,1,R2024-03400
3401,3401,10106.100795755969,0.1691123516906967,-0.0668988118276531,1,R2023-03401
3402,3402,8000.0,0.3844249682630621,-0.3117129113784207,5,R2024-03402
3403,3403,10000.0,0.1855598980616848,0.0233992969398067,1,R2025-03403
3404,3404,19500.0,0.1889594161227642,0.1784733568594984,1,R2024-03404
3405,3405,75000.0,0.2723814211342031,0.0339544165833061,1,R2024-03405
3406,3406,3031.8302387267904,0.437381214326904,-0.3390744816375899,5,R2023-03406
3407,3407,16000.0,0.3119059539016702,-0.1479446246303832,0,R2024-03407
3408,3408,65000.0,0.3015452731847552,0.1629159487356171,1,R2024-03408
3409,3409,181909.81432360745,0.3992707484593448,-0.3538197311310927,5,R2023-03409
3410,3410,245578.24933687,0.1601452952008273,0.151780788078426,1,R2023-03410
3411,3411,6063.660477453581,0.5586854892871276,-0.5485444782752502,5,R2023-03411
3412,3412,50000.0,0.2343691773234362,0.4730235070759432,3,R2025-03412
3413,3413,30318.302387267904,0.2418392344782083,0.370342714816254,3,R2023-03413
3414,3414,60309.51071618037,0.2657330475479704,0.018096218540538,1,R2023-03414
3415,3415,5053.050397877984,0.1819296022483734,0.0698330636142526,1,R2023-03415
3416,3416,2500.0,0.2964375736395688,-0.059339576373558,0,R2024-03416
3417,3417,91121.07623318383,0.194433707392273,0.1834812190189297,1,R2019-03417
3418,3418,8000.0,0.2949755326688407,0.5228573377514454,3,R2024-03418
3419,3419,30318.302387267904,0.1615044338957622,-0.1196490670524181,1,R2023-03419
3420,3420,35000.0,0.1716498539932256,0.2975983405987222,3,R2024-03420
3421,3421,169962.8252788104,0.144162594161025,0.0659461383548546,1,R2020-03421
3422,3422,30000.0,0.1404232085757192,0.1661917306549462,1,R2024-03422
3423,3423,169962.8252788104,0.2429877434100009,0.1122681563243477,0,R2020-03423
3424,3424,244000.0,0.2927828408112762,0.1266398545257168,1,R2024-03424
3425,3425,125000.0,0.2989152333660159,0.0639860428154401,0,R2025-03425
3426,3426,90954.90716180373,0.3081596847474504,-0.1109086012790384,0,R2023-03426
3427,3427,520.8475734791524,0.3299240006914458,-0.1056819342017441,0,R2022-03427
3428,3428,67710.18455228982,0.286993993477918,0.2793858002260479,3,R2022-03428
3429,3429,12691.241379310344,0.120660558001511,-0.0543897014021386,1,R2023-03429
3430,3430,7321.870026525199,0.1339575825646095,-0.0777765039220948,1,R2023-03430
3431,3431,22136.4,0.1653815502288497,-0.0635401263725977,1,R2025-03431
3432,3432,12480.0,0.1191224174518851,-0.0836145643904003,1,R2024-03432
3433,3433,17496.0,0.1170709045115288,-0.050286532503391,1,R2024-03433
3434,3434,14148.541114058356,0.3237538005427436,0.0396429301128341,1,R2023-03434
3435,3435,1118745.3580901856,0.2240458962753066,0.0374468913009794,2,R2023-03435
3436,3436,21019.324675324675,0.2104257301988363,0.4009422579987291,3,R2022-03436
3437,3437,23267.275862068964,0.221135090205606,0.3170807101339965,3,R2023-03437
3438,3438,16735.702917771883,0.1216202171845695,-0.0264875100200308,1,R2023-03438
3439,3439,13518.93103448276,0.1802002668001429,-0.1303217136069872,1,R2023-03439
3440,3440,29752.8,0.1229024652689146,0.0576276911882329,1,R2025-03440
3441,3441,102867.3957621326,0.2579001304276096,0.1925208597481627,1,R2022-03441
3442,3442,108206.27802690584,0.1820861914661828,0.359186584654781,3,R2019-03442
3443,3443,98961.03896103895,0.3605206123798383,0.1462958339973304,1,R2022-03443
3444,3444,15625.427204374571,0.4199775669203314,-0.160718695978149,0,R2022-03444
3445,3445,10416.95146958305,0.3616136736095266,-0.0513105717584436,0,R2022-03445
3446,3446,163546.13807245388,0.4104727822095827,-0.0315889952046327,0,R2022-03446
3447,3447,1000.0,0.0869283360571477,0.1171833297074619,1,R2024-03447
3448,3448,93752.56322624744,0.3083009483268427,-0.0024197452674753,0,R2022-03448
3449,3449,41667.8058783322,0.4233573380766184,-0.1780742496576851,0,R2022-03449
3450,3450,35371.352785145886,0.497676707184441,-0.4037060403283553,5,R2023-03450
3451,3451,45477.453580901856,0.2871022591522142,0.1095139138298786,3,R2023-03451
3452,3452,44399.12600145666,0.2395237122517083,0.4579796128953442,3,R2021-03452
3453,3453,78127.13602187287,0.3496923120208901,-0.006926451655359,0,R2022-03453
3454,3454,156254.27204374573,0.3130979249580101,0.008258825385032,0,R2022-03454
3455,3455,73774.53580901856,0.3181224555163716,0.1051311613321848,1,R2023-03455
3456,3456,156254.27204374573,0.3873291634965145,0.3799470673434377,3,R2022-03456
3457,3457,97398.49624060153,0.258590856745513,0.6131116299679092,3,R2022-03457
3458,3458,57293.23308270677,0.2937383054570137,0.1750953638681378,0,R2022-03458
3459,3459,7882.758620689655,0.4426033155443725,-0.18087956990086,0,R2023-03459
3460,3460,4687.628161312372,0.1871636974014115,0.2168511261382308,1,R2022-03460
3461,3461,176856.76392572944,0.497676707184441,-0.4037060403283553,5,R2023-03461
3462,3462,75795.75596816976,0.2669922225046562,0.1544458088559913,1,R2023-03462
3463,3463,693875.0910415149,0.2017846739782895,-0.0014752326243346,2,R2021-03463
3464,3464,135420.36910457964,0.3678777690249843,-0.1192852690317837,0,R2022-03464
3465,3465,83335.6117566644,0.1751121128100797,0.2250324070752125,1,R2022-03465
3466,3466,3000000.0,0.269484376309437,-0.0212230323734122,4,R2025-03466
3467,3467,8000.0,0.1565907522803576,-0.17782218213904,1,R2024-03467
3468,3468,6000.0,0.1508775472906836,-0.2083226387027464,1,R2024-03468
3469,3469,89000.0,0.3763231030645826,0.3459007987017878,1,R2024-03469
3470,3470,60636.60477453581,0.3069301106348325,0.1994801751788363,1,R2023-03470
3471,3471,155000.0,0.4869024478566738,-0.3866861308263751,5,R2025-03471
3472,3472,15000.0,0.3385649155771507,-0.1579327818232135,0,R2024-03472
3473,3473,5000.0,0.1565907522803576,-0.17782218213904,1,R2024-03473
3474,3474,8000.0,0.1501759739114075,-0.163772850367322,1,R2024-03474
3475,3475,100000.0,0.3387805036512319,0.5092293465195712,3,R2025-03475
3476,3476,55583.55437665783,0.0769073355790785,0.1325531891896469,1,R2023-03476
3477,3477,15625.427204374571,0.3011636285443285,0.0569885303076923,0,R2022-03477
3478,3478,19201.59151193633,0.3661520640895531,0.0849821720856322,0,R2023-03478
3479,3479,85901.85676392572,0.200178012780159,0.0546204791033925,1,R2023-03479
3480,3480,15625.427204374571,0.4104102842764246,-0.1054987590841325,0,R2022-03480
3481,3481,62501.70881749829,0.3661656513391976,0.0042995010467727,0,R2022-03481
3482,3482,200000.0,0.3934776150100613,0.1388709498840921,1,R2024-03482
3483,3483,104169.51469583048,0.3342183389642263,0.0344122942476798,0,R2022-03483
3484,3484,15625.427204374571,0.3716481169413947,-0.1146058112781222,0,R2022-03484
3485,3485,68000.0,0.3899717548089394,0.1087068113610715,0,R2024-03485
3486,3486,74000.0,0.5586854892871276,-0.5485444782752502,5,R2024-03486
3487,3487,15159.151193633952,0.1263957144626444,0.1100481940960865,1,R2023-03487
3488,3488,46488.063660477455,0.3569803520733474,-0.0075900607102182,0,R2023-03488
3489,3489,397760.8749145591,0.2660937899508113,0.0336687740399727,2,R2022-03489
3490,3490,12000.0,0.6032832908162081,-0.5310683680445598,5,R2024-03490
3491,3491,1057320.5741626795,0.3308388075560444,0.0639106560862318,2,R2022-03491
3492,3492,3645.933014354067,0.0402762005834229,0.0856626606300387,1,R2022-03492
3493,3493,80991.79767600821,0.3129413678993596,0.2217084802756523,1,R2022-03493
3494,3494,114586.46616541354,0.3084905624219447,0.1319861969153032,1,R2022-03494
3495,3495,15625.427204374571,0.4362513253822562,-0.1661450916085921,0,R2022-03495
3496,3496,3031830.2387267905,0.2958608514494283,-0.1361796662906104,4,R2023-03496
3497,3497,6000.0,0.3523030305033161,0.0730026482986185,0,R2024-03497
3498,3498,119223.6923076923,0.2298560711622157,-0.0217165257655466,0,R2023-03498
3499,3499,520847.57347915246,0.2417055444357229,0.1533929253307284,2,R2022-03499
3500,3500,220312.9973474801,0.1570631030464704,0.0411685300550566,1,R2023-03500
3501,3501,65689.6551724138,0.4137094178829952,0.4908798491283815,3,R2023-03501
3502,3502,909.5490716180371,0.118226178261742,0.1126388493835057,1,R2023-03502
3503,3503,5053.050397877984,0.4625049447903163,-0.1028106511241434,0,R2023-03503
3504,3504,126326.2599469496,0.5361581206242495,-0.4629842789947891,5,R2023-03504
3505,3505,100000.0,0.3987400798394929,-0.2071767028793173,0,R2025-03505
3506,3506,230000.0,0.4262713165301321,-0.3650838761806753,5,R2024-03506
3507,3507,242546.41909814323,0.3679186666786517,0.4733702921425102,1,R2023-03507
3508,3508,84377.3069036227,0.3627369990770666,0.4688119878072075,3,R2022-03508
3509,3509,2526.525198938992,0.2790372338596898,0.0340269486265193,0,R2023-03509
3510,3510,252652.5198938992,0.2978433003553906,-0.1227288196968612,0,R2023-03510
3511,3511,2231.311004784689,0.3993437054146342,0.0197009642850435,0,R2022-03511
3512,3512,25265.25198938992,0.497676707184441,-0.4037060403283553,5,R2023-03512
3513,3513,10106.100795755969,0.1233008711971542,0.1116479942075633,1,R2023-03513
3514,3514,20833.9029391661,0.4651470348443385,-0.3480590162473627,5,R2022-03514
3515,3515,58900.0,0.3647975488309093,0.4932449290215508,1,R2024-03515
3516,3516,35371.352785145886,0.3058963197070457,0.5001854138208931,3,R2023-03516
3517,3517,40000.0,0.5008879232905408,-0.3347732497800362,5,R2024-03517
3518,3518,16000.0,0.2251188357077041,-0.008528411994031,0,R2024-03518
3519,3519,18190.981432360742,0.335200417392561,-0.0365618806605323,0,R2023-03519
3520,3520,16169.76127320955,0.2314140108067614,0.175821133715435,1,R2023-03520
3521,3521,10000.0,0.305845160405346,-0.1758161452621704,0,R2024-03521
3522,3522,101061.00795755968,0.4650245324218923,-0.4197490704091128,5,R2023-03522
3523,3523,50530.50397877984,0.4623371691318262,-0.4352974175514421,5,R2023-03523
3524,3524,120000.0,0.2488108312373941,0.157353523158322,1,R2024-03524
3525,3525,18000.0,0.1934896440425074,0.0196303950364356,1,R2024-03525
3526,3526,65000.0,0.2754994386911756,0.0939526545769402,1,R2024-03526
3527,3527,210512.32,0.3357203468029357,-0.0549473824692423,0,R2024-03527
3528,3528,252652.5198938992,0.2490323651886375,0.0139285202515067,0,R2023-03528
3529,3529,150000.0,0.46374568622829,-0.4306267513217573,5,R2024-03529
3530,3530,5000.0,0.4906302153314931,-0.4429480763118832,5,R2024-03530
3531,3531,55000.0,0.5586854892871276,-0.5485444782752502,5,R2024-03531
3532,3532,8084.880636604775,0.1802002668001429,-0.1303217136069872,1,R2023-03532
3533,3533,30318.302387267904,0.497676707184441,-0.4037060403283553,5,R2023-03533
3534,3534,5053.050397877984,0.4869024478566738,-0.3866861308263751,5,R2023-03534
3535,3535,30318.302387267904,0.5586854892871276,-0.5485444782752502,5,R2023-03535
3536,3536,25000.0,0.3570207164183965,0.0723507221231098,0,R2025-03536
3537,3537,90954.90716180373,0.2806486613404331,-0.1595219774643315,1,R2023-03537
3538,3538,62657.824933687,0.1683758953817652,-0.0390076877696766,1,R2023-03538
3539,3539,230000.0,0.316570877017772,0.1637175326457026,1,R2024-03539
3540,3540,10000.0,0.3992328345643178,-0.0592061612681533,0,R2024-03540
3541,3541,73424.0,0.216135546383932,0.4597023779009327,3,R2024-03541
3542,3542,18523.25,0.1317708722327035,-0.0521029283387692,1,R2024-03542
3543,3543,50000.0,0.3191982986127538,-0.085103753500452,1,R2024-03543
3544,3544,8000.0,0.2558275854123392,0.5294158246778827,3,R2024-03544
3545,3545,400000.0,0.3721085695614997,-0.2267252291884186,0,R2024-03545
3546,3546,1212.732095490716,0.2503343475269709,0.2666932892710142,1,R2023-03546
3547,3547,90000.0,0.1625108386642654,-0.0314272341040428,1,R2024-03547
3548,3548,19000.0,0.0950059150887402,0.1358412311314629,1,R2024-03548
3549,3549,101061.00795755968,0.296570562981004,-0.0295053987175789,0,R2023-03549
3550,3550,3000.0,0.305845160405346,-0.1758161452621704,0,R2024-03550
3551,3551,160000.0,0.2501494349329184,0.0395131872555856,2,R2024-03551
3552,3552,70000.0,0.3165765163338138,0.514979316494432,3,R2024-03552
3553,3553,2000.0,0.1696529248231297,-0.039682095071028,1,R2024-03553
3554,3554,119529.41176470587,0.4755402917192382,-0.1787248899242705,0,R2017-03554
3555,3555,66598.689002185,0.247019928476742,-0.0468768266812216,0,R2021-03555
3556,3556,13319.737800436998,0.3548473981753006,0.2269455483707207,1,R2021-03556
3557,3557,179652.70588235295,0.3953216977094677,0.0901503420705394,0,R2017-03557
3558,3558,3466.3529411764707,0.2988559990117804,0.5505286374434278,3,R2017-03558
3559,3559,16996.28252788104,0.2551964484392638,0.2018091367134162,1,R2020-03559
3560,3560,27749.45375091041,0.3787813987244084,-0.0193360789413912,0,R2021-03560
3561,3561,83670.58823529411,0.5069276339313571,-0.1729576681829354,0,R2017-03561
3562,3562,4556.053811659192,0.2811223932731842,0.5901987401710719,3,R2019-03562
3563,3563,160898.14126394052,0.2434613045172362,0.1212304871214267,0,R2020-03563
3564,3564,17929.41176470588,0.2958950778532549,-0.2040388653478223,0,R2017-03564
3565,3565,5549.890750182082,0.2409610916860528,0.1654826954068941,1,R2021-03565
3566,3566,12000.0,0.297964004745503,-0.0730830029123667,1,R2024-03566
3567,3567,151583.779648049,0.1842268558636642,0.171750137228492,1,R2018-03567
3568,3568,69961.74445294568,0.3340479462639736,0.1653382171927477,1,R2018-03568
3569,3569,26042.37867395762,0.3745840504780247,-0.2103342843113222,0,R2022-03569
3570,3570,69732.09549071618,0.2304123542148931,0.4458512635736616,3,R2023-03570
3571,3571,83000.0,0.1558573411558067,0.0650891763118128,1,R2024-03571
3572,3572,91690.58295964124,0.4923940685947884,-0.1268079111534517,0,R2019-03572
3573,3573,46876.28161312372,0.3645283570414482,-0.0027172278228452,0,R2022-03573
3574,3574,113552.9411764706,0.3158889569352133,0.6044676533266157,3,R2017-03574
3575,3575,41835.294117647056,0.3291384695102371,0.0478169933955275,0,R2017-03575
3576,3576,102511.21076233184,0.3260982988644456,0.6098106874428846,3,R2019-03576
3577,3577,23905.88235294118,0.407531496631988,0.0190115979184148,0,R2017-03577
3578,3578,79730.94170403587,0.3256057932533908,0.6230578380390445,3,R2019-03578
3579,3579,56950.67264573991,0.3683324565012214,0.2385322030276758,1,R2019-03579
3580,3580,28327.1375464684,0.2796131122959559,0.0264106658902839,0,R2020-03580
3581,3581,53788.23529411765,0.3729353561553644,0.0532057008566789,0,R2017-03581
3582,3582,71876.96514012304,0.2850091563587991,0.127832412150785,1,R2022-03582
3583,3583,36595.979606700654,0.3483431777740709,0.087670450651912,0,R2021-03583
3584,3584,11330.85501858736,0.2715799238347238,0.3233015189229741,1,R2020-03584
3585,3585,35858.82352941176,0.2900946603400361,0.1983232361053955,1,R2017-03585
3586,3586,19591.03139013453,0.3117479648688877,-0.1320077281823227,0,R2019-03586
3587,3587,15940.4932735426,0.3172642841442933,-0.0703678507117263,0,R2019-03587
3588,3588,8152.550185873606,0.2083072944097569,0.0154881806852014,0,R2020-03588
3589,3589,35791.2624330528,0.1534925330205862,0.1064381202745564,1,R2018-03589
3590,3590,39302.46588235294,0.2261587347427741,0.0382043616179266,1,R2017-03590
3591,3591,39302.46588235294,0.3692276206335531,-0.1371632308186406,0,R2017-03591
3592,3592,4664.116296863046,0.3071285501600501,0.5757376424335425,3,R2018-03592
3593,3593,2278.026905829596,0.25318772921345,0.2727886832188119,1,R2019-03593
3594,3594,3406.5882352941176,0.2671414813380908,0.5679564375430586,3,R2017-03594
3595,3595,170852.01793721973,0.1926904604420845,0.1736278528745072,1,R2019-03595
3596,3596,150000.0,0.3093869214102589,-0.1675887303584073,0,R2024-03596
3597,3597,70000.0,0.3244451147794192,0.1144630732141975,1,R2024-03597
3598,3598,152286.0986547085,0.3614013927546753,0.6188063177705097,3,R2019-03598
3599,3599,10000.0,0.3498274954866124,-0.2330943293758871,0,R2024-03599
3600,3600,21644.573925710123,0.1362393885862421,0.0584357712660927,1,R2021-03600
3601,3601,17759.650400582665,0.153889250564933,0.0638607672620612,1,R2021-03601
3602,3602,94348.1427530954,0.4382080082589242,-0.0626267910394786,0,R2021-03602
3603,3603,91121.07623318383,0.3296887779463223,0.5150454437202494,3,R2019-03603
3604,3604,15000.0,0.2514400882319216,0.0807579913183367,1,R2024-03604
3605,3605,2278.026905829596,0.2225184345697496,0.1476499270893045,1,R2019-03605
3606,3606,12233.004484304933,0.2228674887145786,0.0480114195603182,0,R2019-03606
3607,3607,14686.136189747516,0.1998688243678853,0.044437148976608,0,R2018-03607
3608,3608,21515.29411764706,0.2838514086814728,-0.0823677022836063,0,R2017-03608
3609,3609,21515.29411764706,0.2813411021953774,0.0359064347372191,0,R2017-03609
3610,3610,35858.82352941176,0.3641356247408777,-0.029496246516671,0,R2017-03610
3611,3611,2774.945375091041,0.1686627600793735,0.0852353222103588,1,R2021-03611
3612,3612,50530.50397877984,0.5220821383498334,-0.4830135984515536,5,R2023-03612
3613,3613,133300.0,0.1945978521520239,0.2841513403022202,3,R2024-03613
3614,3614,116669.85645933014,0.2932663976325795,0.2828275279725855,1,R2022-03614
3615,3615,209070.9708222812,0.2019984647895427,0.1556135031341826,1,R2023-03615
3616,3616,208339.02939166097,0.3687796828148758,0.1872134393669871,1,R2022-03616
3617,3617,23905.88235294118,0.3304903949009505,0.0263964176043317,0,R2017-03617
3618,3618,83248.36125273124,0.1180455323733695,0.1076717946705156,1,R2021-03618
3619,3619,45000.0,0.2631944710280854,-0.2444186886707899,0,R2024-03619
3620,3620,10416.95146958305,0.277293193848907,-0.0073952024820509,0,R2022-03620
3621,3621,372926.8626110731,0.3638327660205023,0.3000081718585414,2,R2022-03621
3622,3622,166750.66312997346,0.2976335580278289,0.1652361889872163,1,R2023-03622
3623,3623,1000.0,0.2056730269538265,0.0827574720378537,1,R2024-03623
3624,3624,110189.74751338946,0.3657173700466706,0.0015144222365946,0,R2018-03624
3625,3625,109887.83685360524,0.229510476507169,0.0289754451795046,0,R2021-03625
3626,3626,149411.76470588235,0.5046634785586839,-0.3434522025401617,0,R2017-03626
3627,3627,16996.28252788104,0.2991393116909301,0.1874682475373307,1,R2020-03627
3628,3628,68340.80717488789,0.3123719864603088,0.5408691226927255,3,R2019-03628
3629,3629,102511.21076233184,0.3898622023869604,0.0729211314650612,0,R2019-03629
3630,3630,16996.28252788104,0.3090500009880529,0.1100166994611011,1,R2020-03630
3631,3631,5000.0,0.2781802622908441,-0.0867038512908962,0,R2024-03631
3632,3632,5247.130833970927,0.253543046524839,0.6190326910515522,3,R2018-03632
3633,3633,53788.23529411765,0.2263175000339317,0.1339695836820119,1,R2017-03633
3634,3634,19300.0,0.4704905586423919,-0.3996822850366203,5,R2024-03634
3635,3635,55498.90750182082,0.4292152594213654,-0.1256537653546726,0,R2021-03635
3636,3636,38849.23525127458,0.0661166776182869,0.1365495801512175,1,R2021-03636
3637,3637,22199.56300072833,0.2870973866161556,0.290234993327952,1,R2021-03637
3638,3638,75000.0,0.1806136744173256,0.1198243262747063,1,R2024-03638
3639,3639,90954.90716180373,0.5094717135841457,-0.3953054790432622,5,R2023-03639
3640,3640,83670.58823529411,0.3196926926076693,0.016329486163146,0,R2017-03640
3641,3641,94348.1427530954,0.3043312770727002,0.0072958993482548,0,R2021-03641
3642,3642,313228.6995515695,0.4486623011300161,0.2890415214441366,1,R2019-03642
3643,3643,597.6470588235294,0.2862155875778132,0.5990647451396607,3,R2017-03643
3644,3644,93752.56322624744,0.1862450475929588,0.3706403223944953,3,R2022-03644
3645,3645,66598.689002185,0.2256436588349559,0.0989767131982684,1,R2021-03645
3646,3646,179294.11764705885,0.3125489379905498,0.0240666025513956,0,R2017-03646
3647,3647,11660.290742157616,0.2419176074397414,0.2340824353149592,1,R2018-03647
3648,3648,11330.85501858736,0.3412054989340612,0.0747109434807931,0,R2020-03648
3649,3649,5125.560538116592,0.2470334200735638,0.6291732333208713,3,R2019-03649
3650,3650,69961.74445294568,0.3669121801925987,0.058649074094295,0,R2018-03650
3651,3651,107576.4705882353,0.3479442182988844,0.2128448126764791,1,R2017-03651
3652,3652,179294.11764705885,0.3913250770792773,-0.0257751501654103,0,R2017-03652
3653,3653,44399.12600145666,0.2445689461296252,-0.0280549214033895,0,R2021-03653
3654,3654,34170.40358744394,0.1803738531964948,0.1612566772366868,1,R2019-03654
3655,3655,203000.0,0.3600353550939916,0.1480509605343421,1,R2025-03655
3656,3656,155388.23529411765,0.179581810762801,0.1698516513035155,1,R2017-03656
3657,3657,65000.0,0.3530370525863402,0.1207416160489573,1,R2025-03657
3658,3658,30318.302387267904,0.4865198258885239,-0.4635399589655815,5,R2023-03658
3659,3659,55498.90750182082,0.3370168616229619,0.5102447461909471,3,R2021-03659
3660,3660,23320.58148431523,0.1551263837057288,0.1128765795972429,1,R2018-03660
3661,3661,5976.470588235295,0.1708235178580542,0.0110500377978686,1,R2017-03661
3662,3662,4664.116296863046,0.1848677772305968,0.0924612165787905,1,R2018-03662
3663,3663,4081.101759755165,0.2841264014024969,0.0315900439043061,0,R2018-03663
3664,3664,66936.4705882353,0.2872791459540194,-0.0855523984852702,0,R2017-03664
3665,3665,46641.16296863046,0.3818339188555411,0.0123290031041623,0,R2018-03665
3666,3666,23905.88235294118,0.2728671967580205,0.1122183300645206,1,R2017-03666
3667,3667,2390.5882352941176,0.1903794414149,0.1921966510229003,1,R2017-03667
3668,3668,31250.854408749143,0.1151667349661484,0.1925857832058804,1,R2022-03668
3669,3669,78127.13602187287,0.301254850944459,0.1722538736109742,1,R2022-03669
3670,3670,166750.66312997346,0.3449895752490814,0.2498025839236154,1,R2023-03670
3671,3671,2332.058148431523,0.2789707037197246,0.6311897958212063,3,R2018-03671
3672,3672,5327.8951201748,0.1771612777561212,-0.0267074269962127,1,R2021-03672
3673,3673,119529.41176470587,0.2829959483166515,0.6171583785009085,3,R2017-03673
3674,3674,20849.528366370472,0.1033121957111881,0.0489147304878516,1,R2022-03674
3675,3675,34185.41176470588,0.1168533369018436,0.1475038746281299,1,R2017-03675
3676,3676,39865.470852017934,0.2971454691523818,0.0355345320834711,0,R2019-03676
3677,3677,99898.03350327747,0.3503816693638521,0.1983986761857448,3,R2021-03677
3678,3678,32648.814078041323,0.3918957893899455,-0.0353166060626458,0,R2018-03678
3679,3679,46641.16296863046,0.3945812463109114,-0.0720798854146154,0,R2018-03679
3680,3680,2847.533632286996,0.1978517444980219,0.1893743733355934,1,R2019-03680
3681,3681,16649.67225054625,0.2354337429754615,0.2291902211128559,1,R2021-03681
3682,3682,83335.6117566644,0.2513006587439622,0.0700200994035113,1,R2022-03682
3683,3683,113901.3452914798,0.3185341058269395,0.172593167198205,1,R2019-03683
3684,3684,45000.0,0.3992725784970571,-0.0890896492285316,0,R2024-03684
3685,3685,2847.533632286996,0.3964965542717164,-0.1760154156887448,0,R2019-03685
3686,3686,2604.2378673957624,0.3534806580722271,-0.0769355801186483,0,R2022-03686
3687,3687,41835.294117647056,0.3435411101876784,0.040002073626893,0,R2017-03687
3688,3688,19271.36021872864,0.1961614434853608,0.0336334114949637,1,R2022-03688
3689,3689,31634.37727603787,0.2266361989391027,0.0193292650943082,0,R2021-03689
3690,3690,11952.94117647059,0.2253543496568,0.3918351577862697,3,R2017-03690
3691,3691,50530.50397877984,0.4204946283548526,-0.1763073500976767,0,R2023-03691
3692,3692,5976.470588235295,0.0365197153961811,0.0811658782764516,1,R2017-03692
3693,3693,194664.08921933084,0.3005120897147054,0.1754881900162551,1,R2020-03693
3694,3694,11874.668435013262,0.2455936213942685,0.158157176524351,1,R2023-03694
3695,3695,3125.085440874914,0.1834525569678694,0.1866066162746599,1,R2022-03695
3696,3696,4183.529411764706,0.2629592232310017,0.0052006183595071,0,R2017-03696
3697,3697,227802.6905829596,0.3838750479510204,-0.0806168454272221,0,R2019-03697
3698,3698,41835.294117647056,0.3051215275006995,-0.1102785755894123,0,R2017-03698
3699,3699,47214.117647058825,0.2913299191055539,-0.067096943525582,0,R2017-03699
3700,3700,137008.41622035197,0.371432135686693,-0.1486492772201285,0,R2018-03700
3701,3701,96197.39862280032,0.2757074533391799,-0.0552573783003457,0,R2018-03701
3702,3702,194201.79372197308,0.3840004396816745,-0.16251442269299,0,R2019-03702
3703,3703,304800.0,0.2987591730773262,-0.0779652008646055,2,R2017-03703
3704,3704,220379.49502677887,0.371432135686693,-0.1486492772201285,0,R2018-03704
3705,3705,56654.2750929368,0.4202826763165025,0.0601413888353928,0,R2020-03705
3706,3706,85426.00896860987,0.1419123621411607,0.1624494448547517,1,R2019-03706
3707,3707,32272.941176470587,0.3009335744245986,-0.0940139410693628,0,R2017-03707
3708,3708,23905.88235294118,0.4146643361787608,0.0368216591106151,0,R2017-03708
3709,3709,105525.63121652642,0.2872791459540194,-0.0855523984852702,0,R2018-03709
3710,3710,83670.58823529411,0.3051215275006995,-0.1102785755894123,0,R2017-03710
3711,3711,44823.52941176471,0.3141155529118843,-0.0372936510448852,0,R2017-03711
3712,3712,39644.988523335895,0.2954022006903562,0.0008819027405928,0,R2018-03712
3713,3713,10416.95146958305,0.4043305654032386,-0.2146793173995354,0,R2022-03713
3714,3714,18000.0,0.1495011091107462,0.1412444201771631,1,R2025-03714
3715,3715,22548.401486988845,0.3213916324271414,0.4820509075021638,3,R2020-03715
3716,3716,17929.41176470588,0.2150754927250676,0.2042344543849721,1,R2017-03716
3717,3717,1515915.1193633953,0.2948345296013613,0.17049358452707,4,R2023-03717
3718,3718,4532.342007434944,0.2940995433546891,0.5454230787770723,3,R2020-03718
3719,3719,104169.51469583048,0.4352644207653151,0.2465515554898275,1,R2022-03719
3720,3720,21089.58485069192,0.1871087150867521,0.1267074537063149,1,R2021-03720
3721,3721,5000.0,0.2730253720345001,-0.0283363263445216,1,R2024-03721
3722,3722,65000.0,0.3813588249809787,-0.2725120586829883,0,R2025-03722
3723,3723,40811.01759755165,0.3617105552815545,-0.0868092534341884,0,R2018-03723
3724,3724,23905.88235294118,0.2834060676095186,-0.0483871650192334,0,R2017-03724
3725,3725,512556.0538116592,0.1513994523435385,0.0493994746313301,2,R2019-03725
3726,3726,11660.290742157616,0.3363965052312825,-0.0217005347698547,0,R2018-03726
3727,3727,2390.5882352941176,0.2461474681422522,0.4353902310051859,3,R2017-03727
3728,3728,22199.56300072833,0.287879345933835,0.5835886652552471,3,R2021-03728
3729,3729,38849.23525127458,0.4045951875477983,-0.055846556358224,0,R2021-03729
3730,3730,40000.0,0.1641279748822959,-0.0576489235211493,1,R2024-03730
3731,3731,12000.0,0.4008814755535986,-0.3475265258572166,5,R2024-03731
3732,3732,28327.1375464684,0.441847516936505,-0.0855785900768124,0,R2020-03732
3733,3733,16996.28252788104,0.1252512621840565,0.0855907857018256,1,R2020-03733
3734,3734,35870.77647058824,0.297014990232116,0.0485069637245848,0,R2017-03734
3735,3735,200000.0,0.2727177621763169,0.0885578591380708,2,R2025-03735
3736,3736,12826.319816373376,0.2668718065402989,0.2252334058746665,1,R2018-03736
3737,3737,104169.51469583048,0.2453256253568357,0.2124178144137427,2,R2022-03737
3738,3738,11952.94117647059,0.2268324063374426,0.3351370629101714,3,R2017-03738
3739,3739,72918.66028708134,0.2041724370784289,0.1609166648564838,1,R2022-03739
3740,3740,5856.941176470588,0.385644281524274,-0.0387288810407282,0,R2017-03740
3741,3741,16996.28252788104,0.236610031270587,0.1710359107833584,1,R2020-03741
3742,3742,1150000.0,0.2893477244872127,0.2610470703944775,2,R2024-03742
3743,3743,9631.226765799256,0.3925019580848672,-0.0445326820529995,0,R2020-03743
3744,3744,59764.705882352944,0.3219017842174934,-0.0484171276810427,0,R2017-03744
3745,3745,447700.26525198936,0.2480809953833831,0.104634176429528,2,R2023-03745
3746,3746,631631.299734748,0.1509302912316995,0.0216958862865886,2,R2023-03746
3747,3747,199090.1856763925,0.1625659102120871,0.1152029501549918,1,R2023-03747
3748,3748,71876.96514012304,0.2384102255738574,0.0927566771543162,1,R2022-03748
3749,3749,64679.0450928382,0.1236987563710046,-0.0004848414137595,1,R2023-03749
3750,3750,5053.050397877984,0.0746256866262147,-0.000107290778296,1,R2023-03750
3751,3751,283271.375464684,0.3102206807290676,-0.019223451128217,1,R2020-03751
3752,3752,23320.58148431523,0.2488823758328034,-0.0050941811159508,0,R2018-03752
3753,3753,221995.6300072833,0.1135607335257885,0.0884160849266109,1,R2021-03753
3754,3754,45000.0,0.3225473608100085,-0.2086514101898577,1,R2024-03754
3755,3755,75000.0,0.1674475623888884,0.0393705643445143,1,R2024-03755
3756,3756,17085.20179372197,0.2395446382943034,0.1457415207229425,1,R2019-03756
3757,3757,62501.70881749829,0.1926777397276004,0.1369536911679105,1,R2022-03757
3758,3758,8084.880636604775,0.1748291126385636,0.0743208188014375,0,R2023-03758
3759,3759,190000.0,0.2416361476815539,0.1026381402360062,1,R2024-03759
3760,3760,83000.0,0.3422328488195279,-0.2197068602376449,0,R2024-03760
3761,3761,30000.0,0.1569881552675845,0.0174684886355738,1,R2024-03761
3762,3762,85426.00896860987,0.1534473103090319,0.0576732147767945,1,R2019-03762
3763,3763,85426.00896860987,0.0960967986512301,0.0451391246099895,1,R2019-03763
3764,3764,34980.87222647284,0.3603037368807589,-0.0704289474167403,0,R2018-03764
3765,3765,84981.4126394052,0.3067970490494965,0.0403917209058215,0,R2020-03765
3766,3766,125291.4798206278,0.2790195805232935,-0.0247429695690369,0,R2019-03766
3767,3767,358588.23529411765,0.1135472704590469,0.0561087317466386,2,R2017-03767
3768,3768,56654.2750929368,0.1419816867545273,0.0650367579764731,1,R2020-03768
3769,3769,29150.72685539404,0.1384871135528532,0.0133803037476776,1,R2018-03769
3770,3770,4392.705882352941,0.2825130231066464,-0.0711909708035729,0,R2017-03770
3771,3771,1643.529411764706,0.1724446491888364,0.0372077994074047,1,R2017-03771
3772,3772,5378.823529411765,0.2613325376069341,0.6216227873688455,3,R2017-03772
3773,3773,126326.2599469496,0.2825689202963236,-0.0673972671847702,0,R2023-03773
3774,3774,150000.0,0.4868304824414,-0.2137973408710336,0,R2025-03774
3775,3775,70000.0,0.3323690234421667,-0.0303204058161382,1,R2024-03775
3776,3776,125000.0,0.369356275112873,0.0985822022800596,0,R2025-03776
3777,3777,200000.0,0.4121784192632384,-0.0924354351649699,0,R2024-03777
3778,3778,104942.61667941854,0.2645966996354965,0.1180369911456512,0,R2018-03778
3779,3779,311598.5130111524,0.35272635065223,0.1884933178994104,1,R2020-03779
3780,3780,99112.47130833972,0.259194151121145,-0.0002883193502968,0,R2018-03780
3781,3781,89647.05882352941,0.365322049794358,0.0337199538915666,0,R2017-03781
3782,3782,107576.4705882353,0.3439802264429354,0.6269658827729775,3,R2017-03782
3783,3783,78127.13602187287,0.1751749718169358,0.0842316429259535,1,R2022-03783
3784,3784,9375.256322624744,0.1608595847035357,0.0579235861534436,1,R2022-03784
3785,3785,78127.13602187287,0.2457825905368285,0.1462107740640646,1,R2022-03785
3786,3786,113308.5501858736,0.1558250064225617,0.0789520530111687,1,R2020-03786
3787,3787,11952.94117647059,0.3555965666110495,-0.0071608642698547,0,R2017-03787
3788,3788,4004.2352941176473,0.2743533164566629,-0.0653227699585249,0,R2017-03788
3789,3789,108206.27802690584,0.2408749574780779,0.1147232945313821,1,R2019-03789
3790,3790,87452.18056618211,0.4621580014345647,-0.2058284852126785,0,R2018-03790
3791,3791,90646.84014869887,0.2957148926946926,0.2351942761133563,1,R2020-03791
3792,3792,122433.05279265495,0.3236652553223669,0.1699870331220443,1,R2018-03792
3793,3793,538215.6133828997,0.3135440211013097,0.2251172951959356,2,R2020-03793
3794,3794,101600.0,0.3497444754676844,0.2163454689201168,1,R2017-03794
3795,3795,84981.4126394052,0.4844122360966948,-0.0769395039812195,0,R2020-03795
3796,3796,298823.5294117647,0.3799599359496829,0.0816096645932085,3,R2017-03796
3797,3797,141485.41114058354,0.2832598373698043,-0.1038340349555889,0,R2023-03797
3798,3798,179294.11764705885,0.3330693691674622,0.0369007661524905,0,R2017-03798
3799,3799,233205.8148431523,0.2125239968643913,0.1601082604629783,1,R2018-03799
3800,3800,174904.36113236425,0.391090713125272,0.0574105400902092,0,R2018-03800
3801,3801,5665.4275092936805,0.2472714391390894,0.1673377317255583,1,R2020-03801
3802,3802,252652.5198938992,0.098164203505955,0.0140023436618977,2,R2023-03802
3803,3803,103990.58823529413,0.2244015740137989,0.1433533751406787,1,R2017-03803
3804,3804,68340.80717488789,0.3308643649782504,0.0179860742991714,0,R2019-03804
3805,3805,61799.54093343536,0.3162775320867289,0.0022357785619259,1,R2018-03805
3806,3806,3417.0403587443943,0.1803597245712887,0.1749663410247391,1,R2019-03806
3807,3807,23905.88235294118,0.1388122783245168,0.1993752057990797,1,R2017-03807
3808,3808,1195.2941176470588,0.2596725631508847,0.4973503631299722,3,R2017-03808
3809,3809,83248.36125273124,0.2647621225666747,0.0811981430547645,1,R2021-03809
3810,3810,332993.44501092494,0.1864254026554833,0.1337734779853099,2,R2021-03810
3811,3811,652976.2815608265,0.2202028060891737,0.1108504849249617,2,R2018-03811
3812,3812,5665.4275092936805,0.3221902651056402,0.0111346092453856,0,R2020-03812
3813,3813,116602.90742157616,0.2399636198802796,0.0325205286454022,0,R2018-03813
3814,3814,116602.90742157616,0.166714769702331,0.0529703688420401,1,R2018-03814
3815,3815,5469.6658823529415,0.2388309287837961,0.0644406319170635,0,R2017-03815
3816,3816,5114.663529411765,0.1981618480969194,0.0763793812888125,1,R2017-03816
3817,3817,119529.41176470587,0.4122898787276169,-0.0606664132934761,0,R2017-03817
3818,3818,763749.0436113238,0.2744229756958883,-0.0748354447321511,2,R2018-03818
3819,3819,25000.0,0.4351862960144306,-0.0620748209481413,0,R2024-03819
3820,3820,4781.176470588235,0.2671632592834758,0.6330012032279008,3,R2017-03820
3821,3821,10106.100795755969,0.1386014164544612,0.1452256588977868,1,R2023-03821
3822,3822,41835.294117647056,0.3140484907812114,-0.1038111823169643,0,R2017-03822
3823,3823,17050.17713004484,0.3209302281275084,-0.1048367043276878,0,R2019-03823
3824,3824,28475.33632286996,0.4205084706282044,-0.0288129665529931,0,R2019-03824
3825,3825,26042.37867395762,0.281643941890069,0.0652417693868835,1,R2022-03825
3826,3826,53788.23529411765,0.2514345570698175,-0.0430952244219017,1,R2017-03826
3827,3827,161697.6127320955,0.1954550660150008,0.2127805962651929,1,R2023-03827
3828,3828,5247.130833970927,0.1823144803983917,0.3931231608686236,3,R2018-03828
3829,3829,29150.72685539404,0.3989160404764003,-0.1179581586088706,0,R2018-03829
3830,3830,28475.33632286996,0.4124070051402317,0.3283603948697958,1,R2019-03830
3831,3831,54672.64573991031,0.3940314340547832,0.0278438005862762,0,R2019-03831
3832,3832,174904.36113236425,0.4115820583001643,-0.1316555152941841,0,R2018-03832
3833,3833,18224.21524663677,0.2739958878911909,0.1622326631099869,1,R2019-03833
3834,3834,16996.28252788104,0.2702217436294464,0.4814730593525754,3,R2020-03834
3835,3835,29150.72685539404,0.1406506373323838,0.1055176819728781,1,R2018-03835
3836,3836,56654.2750929368,0.3398900140553808,0.3854479229378815,3,R2020-03836
3837,3837,51255.60538116592,0.3195528459144915,0.0639351245894886,0,R2019-03837
3838,3838,3913.798295964125,0.2300563831058996,-0.0297446214146337,1,R2019-03838
3839,3839,8635.897488789236,0.2300563831058996,-0.0297446214146337,1,R2019-03839
3840,3840,11099.781500364164,0.3763899854723507,-0.1046307094658018,0,R2021-03840
3841,3841,11099.781500364164,0.3763899854723507,-0.1046307094658018,0,R2021-03841
3842,3842,34980.87222647284,0.4827475718134655,-0.0772000050272057,0,R2018-03842
3843,3843,59764.705882352944,0.3291794088682477,-0.016657468519167,0,R2017-03843
3844,3844,213966.33511859225,0.3054578286301808,0.5569813856057299,3,R2018-03844
3845,3845,60636.60477453581,0.4487477963152881,-0.2809398448003761,0,R2023-03845
3846,3846,51255.60538116592,0.4533391084255291,-0.1284078777532376,0,R2019-03846
3847,3847,9328.232593726092,0.2731306526279486,-0.0732856002062645,0,R2018-03847
3848,3848,10416.95146958305,0.2543046417530994,-0.0921526027187822,0,R2022-03848
3849,3849,11099.781500364164,0.3175356084866548,-0.0166335189639232,0,R2021-03849
3850,3850,110997.81500364163,0.241952223517001,-0.0291699370341597,0,R2021-03850
3851,3851,34170.40358744394,0.3849408175665385,0.0025137577809592,0,R2019-03851
3852,3852,8542.600896860986,0.2378465121989537,-0.0072117958096955,0,R2019-03852
3853,3853,11099.781500364164,0.2924423513971055,-0.0393250198612269,0,R2021-03853
3854,3854,11099.781500364164,0.3763899854723507,-0.1046307094658018,0,R2021-03854
3855,3855,1699.628252788104,0.1756542001307032,0.1841733549206696,1,R2020-03855
3856,3856,20212.201591511937,0.2659919473250959,0.2413460121589713,1,R2023-03856
3857,3857,11952.94117647059,0.2825130231066464,-0.0711909708035729,0,R2017-03857
3858,3858,35858.82352941176,0.3018507137173155,0.0473406867499574,0,R2017-03858
3859,3859,711883.4080717488,0.310430779537119,0.0407305226448824,2,R2019-03859
3860,3860,45323.42007434944,0.3297153056528936,-0.0249999051330986,0,R2020-03860
3861,3861,5500.0,0.3358793783990075,-0.2091102208957993,0,R2024-03861
3862,3862,505305.0397877984,0.3091147785063375,0.1763012712906717,2,R2023-03862
3863,3863,25265.25198938992,0.1508849144543693,0.1470016242027818,1,R2023-03863
3864,3864,460000.0,0.1454656533956161,0.1212215614118786,2,R2025-03864
3865,3865,54168.147641831856,0.3441573218208631,0.005839467756124,0,R2022-03865
3866,3866,166496.72250546247,0.4541977614355915,-0.0230460805795666,0,R2021-03866
3867,3867,239058.8235294117,0.2991623415981703,-0.100370671166699,0,R2017-03867
3868,3868,70000.0,0.2373282262588161,0.0509243816633658,1,R2024-03868
3869,3869,30000.0,0.3248770293927499,0.0721781300566162,1,R2024-03869
3870,3870,4183.529411764706,0.1533870745954595,0.1927551773461539,1,R2017-03870
3871,3871,56654.2750929368,0.4116098837833432,0.0129373662409551,0,R2020-03871
3872,3872,2988.235294117648,0.2825130231066464,-0.0711909708035729,0,R2017-03872
3873,3873,59764.705882352944,0.4407059784821909,-0.1096188341993912,0,R2017-03873
3874,3874,6574.117647058823,0.3334193933630243,-0.0337355845789586,0,R2017-03874
3875,3875,52084.75734791524,0.4019360684952711,0.0060240227372307,0,R2022-03875
3876,3876,12500.34176349966,0.3011837414725225,0.0112529845608446,0,R2022-03876
3877,3877,27749.45375091041,0.2934825901200631,0.0952780726573945,0,R2021-03877
3878,3878,128263.19816373376,0.1721358234004115,0.0734678352989686,1,R2018-03878
3879,3879,10000.0,0.1014576040224289,0.0788426852619584,1,R2024-03879
3880,3880,16734.117647058825,0.1892778291855588,0.1791520985517672,1,R2017-03880
3881,3881,5830.145371078807,0.1281980300831474,0.1357527614358488,1,R2018-03881
3882,3882,59764.705882352944,0.3689677339920355,0.0295370150946238,0,R2017-03882
3883,3883,39865.470852017934,0.2640084861853162,-0.0730414636818567,0,R2019-03883
3884,3884,1515.9151193633952,0.2261205854685394,-0.1328437602272834,0,R2023-03884
3885,3885,3031.8302387267904,0.2090893784089701,0.1252269138046584,1,R2023-03885
3886,3886,145000.0,0.2948973952202719,0.1390476644762684,1,R2024-03886
3887,3887,277494.5375091041,0.3828667538961327,0.22648556578565,1,R2021-03887
3888,3888,38849.23525127458,0.3504343377955259,0.171736718538906,1,R2021-03888
3889,3889,23320.58148431523,0.2565643949278111,0.0370244119132757,0,R2018-03889
3890,3890,107576.4705882353,0.3654563760435634,-0.0667952589958901,0,R2017-03890
3891,3891,3417.0403587443943,0.2645265286181832,0.213408576244837,1,R2019-03891
3892,3892,52084.75734791524,0.4524034515755862,-0.1317814960181497,0,R2022-03892
3893,3893,113901.3452914798,0.4564330309007885,-0.0630833904723281,0,R2019-03893
3894,3894,79730.94170403587,0.4002095375454234,-0.1835677407100574,0,R2019-03894
3895,3895,83670.58823529411,0.3313213404967411,0.6302610121755311,3,R2017-03895
3896,3896,113901.3452914798,0.4422574401494704,-0.0368009500780862,0,R2019-03896
3897,3897,68340.80717488789,0.2278059752900887,0.0877389099569776,1,R2019-03897
3898,3898,59938.82010196649,0.3023621059334526,0.0078656809903062,0,R2021-03898
3899,3899,95623.52941176471,0.3164134819889504,0.6024934714974678,3,R2017-03899
3900,3900,23905.88235294118,0.1207240549833369,0.224765249329126,1,R2017-03900
3901,3901,4664.116296863046,0.2511071864871586,0.2717558081172502,3,R2018-03901
3902,3902,59764.705882352944,0.389635438074616,-0.1753929431193574,0,R2017-03902
3903,3903,58301.45371078808,0.2632760150997007,0.3625828517866579,3,R2018-03903
3904,3904,11099.781500364164,0.1680456386419649,0.1791264407100468,1,R2021-03904
3905,3905,45477.453580901856,0.3716419417657722,-0.2577083286427073,0,R2023-03905
3906,3906,47811.76470588236,0.3160655457282518,0.6063307286154076,3,R2017-03906
3907,3907,22661.71003717472,0.1381248288183816,0.146181931803689,1,R2020-03907
3908,3908,20000.0,0.1549121816756426,-0.046257838663504,1,R2024-03908
3909,3909,33992.56505576208,0.2703795349795049,0.4208034560727551,3,R2020-03909
3910,3910,46641.16296863046,0.4571488511254533,-0.0821101000713695,0,R2018-03910
3911,3911,41924.163568773234,0.2905699743325555,0.5090840048718532,3,R2020-03911
3912,3912,12500.34176349966,0.2833318138897891,0.1592450287435936,1,R2022-03912
3913,3913,45323.42007434944,0.2206968566886431,0.3391516583011558,3,R2020-03913
3914,3914,5695.067264573991,0.1251697845663438,0.1205145296159433,1,R2019-03914
3915,3915,4556.053811659192,0.1959051729800128,0.1498209418805999,1,R2019-03915
3916,3916,2332.058148431523,0.1719326057626376,0.2053587043884865,1,R2018-03916
3917,3917,85426.00896860987,0.2554645178736173,0.5349452771521943,3,R2019-03917
3918,3918,4664.116296863046,0.1609678074012044,0.1650994755079003,1,R2018-03918
3919,3919,272864.7214854111,0.3244896708542835,0.1881808315302471,1,R2023-03919
3920,3920,174904.36113236425,0.2200825645942272,0.1655592890189747,1,R2018-03920
3921,3921,239058.8235294117,0.310935423376632,0.613612584523542,3,R2017-03921
3922,3922,4664.116296863046,0.26485236999319,0.6354200125453227,3,R2018-03922
3923,3923,203955.3903345725,0.3356664920892964,0.2393885441381021,1,R2020-03923
3924,3924,77698.47050254916,0.278379358079779,0.5171963159026014,3,R2021-03924
3925,3925,650000.0,0.2643803181955664,0.2501795244551771,2,R2024-03925
3926,3926,96816.14349775785,0.3399683526822264,0.209271652291747,1,R2019-03926
3927,3927,339925.6505576208,0.252594780947286,0.2138749454213008,2,R2020-03927
3928,3928,35858.82352941176,0.2892160846061306,0.2198194800777913,1,R2017-03928
3929,3929,28475.33632286996,0.2564900374348957,0.2278526280607365,1,R2019-03929
3930,3930,10000.0,0.282131198088727,0.4748145683110829,1,R2024-03930
3931,3931,28475.33632286996,0.4463391895092145,-0.1867287967431647,0,R2019-03931
3932,3932,89647.05882352941,0.3578497651807075,-0.0154108148355757,0,R2017-03932
3933,3933,34170.40358744394,0.3435744629374966,0.142016496413472,1,R2019-03933
3934,3934,41835.294117647056,0.249254460670625,0.1325238845110514,1,R2017-03934
3935,3935,19979.6067006555,0.317394411431173,0.1058164216605442,0,R2021-03935
3936,3936,13597.026022304832,0.3182247371471968,-0.0682692271397166,0,R2020-03936
3937,3937,36459.33014354067,0.2683094953421525,0.3307759398242492,3,R2022-03937
3938,3938,175000.0,0.2273181931589758,-0.1219985425365611,0,R2024-03938
3939,3939,1010.6100795755968,0.2488261095855798,0.0299015658761657,1,R2023-03939
3940,3940,5410.313901345291,0.2837772867785483,0.5922331015708734,3,R2019-03940
3941,3941,300656.49867374,0.2578984246544685,-0.1096057910353803,2,R2023-03941
3942,3942,909549.0716180372,0.2737117791273671,0.138314822974417,2,R2023-03942
3943,3943,1560000.0,0.2420624138229519,0.0044925607455254,4,R2024-03943
3944,3944,759395.7621326043,0.2887003955343526,-0.1052362018958468,2,R2022-03944
3945,3945,677101.8455228981,0.3203618777613297,0.0436867906073567,2,R2022-03945
3946,3946,701632.2869955157,0.3259309531388816,-0.1311111164197676,2,R2019-03946
3947,3947,358588.23529411765,0.2273554082598155,-0.0430229422682038,2,R2017-03947
3948,3948,87452.18056618211,0.1692599548045458,0.0438694133923222,1,R2018-03948
3949,3949,454211.7647058824,0.2915739080204147,0.0027304492163835,2,R2017-03949
3950,3950,353713.5278514589,0.1997322948774059,0.1620427954750249,1,R2023-03950
3951,3951,222334.2175066313,0.3534498861152108,0.3827944858292417,1,R2023-03951
3952,3952,1900000.0,0.3864878651088595,-0.2876147009766422,4,R2025-03952
3953,3953,2340000.0,0.0504891231823672,0.0246729103413194,4,R2024-03953
3954,3954,290000.0,0.2440609993504512,0.0402636888007179,1,R2024-03954
3955,3955,1145864.6616541354,0.2958608514494283,-0.1361796662906104,2,R2022-03955
3956,3956,661476.4183185236,0.2283278690191178,-0.062321624020991,2,R2022-03956
3957,3957,524713.0833970926,0.3982709177568185,-0.1302855367492139,2,R2018-03957
3958,3958,87452.18056618211,0.3240298082272718,-0.1084350680293707,0,R2018-03958
3959,3959,276780.26905829593,0.2557886431471334,-0.1029461212062115,2,R2019-03959
3960,3960,641315.9908186689,0.3088739290186208,-0.0963483282983915,2,R2018-03960
3961,3961,82715.24163568774,0.3696765615324537,-0.0479464629666453,0,R2020-03961
3962,3962,6798.513011152416,0.2560848131664187,0.2104816576055592,1,R2020-03962
3963,3963,22661.71003717472,0.1512296187235293,0.1307824811740805,1,R2020-03963
3964,3964,11330.85501858736,0.1583199352663009,0.0715246010717511,1,R2020-03964
3965,3965,47811.76470588236,0.3262783718510831,-0.0689552327816683,0,R2017-03965
3966,3966,816220.3519510331,0.268968281968905,0.0630749567849108,2,R2018-03966
3967,3967,23905.88235294118,0.2993743526021872,-0.0234216742947517,0,R2017-03967
3968,3968,291507.2685539404,0.1250745444089368,0.0627535249811382,2,R2018-03968
3969,3969,11660.290742157616,0.3363965052312825,-0.0217005347698547,0,R2018-03969
3970,3970,88544.08749145591,0.5899328654438512,-0.4423211598477445,5,R2022-03970
3971,3971,133197.37800437,0.4122150270649704,0.0180672762091401,0,R2021-03971
3972,3972,148071.74887892377,0.4260419354059613,0.0086420533294632,0,R2019-03972
3973,3973,81582.15613382899,0.1610609965304791,0.1174700076983207,1,R2020-03973
3974,3974,20988.523335883707,0.2526736766391443,0.1831134261205328,1,R2018-03974
3975,3975,7579.575596816976,0.522653182179672,-0.460815421434017,5,R2023-03975
3976,3976,5378.823529411765,0.1033101582684298,0.1666818313842029,1,R2017-03976
3977,3977,15741.39250191278,0.2617961774576144,0.034271234901613,0,R2018-03977
3978,3978,95623.52941176471,0.4406775313344864,-0.0351541601355609,0,R2017-03978
3979,3979,96007.9575596817,0.1858256043238213,0.1437316310810425,1,R2023-03979
3980,3980,9375.256322624744,0.1931483864285625,0.4087800233842272,3,R2022-03980
3981,3981,22780.26905829596,0.2460024453273666,0.2142238468466681,1,R2019-03981
3982,3982,23905.88235294118,0.2657171874844151,0.6041425499930062,3,R2017-03982
3983,3983,95623.52941176471,0.2993957978285113,0.1350331794904487,0,R2017-03983
3984,3984,23320.58148431523,0.2076802655871437,0.0247605051137209,0,R2018-03984
3985,3985,23905.88235294118,0.2687910948859682,0.4892917961194997,3,R2017-03985
3986,3986,156254.27204374573,0.3014451916252338,0.5813808793526333,3,R2022-03986
3987,3987,20534.595775673704,0.4174764882068816,0.171260735470341,3,R2021-03987
3988,3988,5000.0,0.2184158210854906,0.2310283438897342,1,R2024-03988
3989,3989,1010.6100795755968,0.1959502062348761,0.2853232131309821,1,R2023-03989
3990,3990,55498.90750182082,0.2866879693380348,0.5295615501330673,3,R2021-03990
3991,3991,33992.56505576208,0.2000732213196457,0.1920976667744448,1,R2020-03991
3992,3992,5000.0,0.050795564094333,0.0343040115083906,1,R2025-03992
3993,3993,18656.465187452184,0.4540666806572356,-0.1935486173039355,0,R2018-03993
3994,3994,233205.8148431523,0.4171985311734897,-0.12724508363926,0,R2018-03994
3995,3995,250000.0,0.5296366007802814,-0.425747554409547,5,R2024-03995
3996,3996,10416.95146958305,0.2438008322317618,0.5093983644291816,3,R2022-03996
3997,3997,34170.40358744394,0.286639608447924,0.6130797300375176,3,R2019-03997
3998,3998,158322.86995515696,0.242744317408336,0.0206840956156641,0,R2019-03998
3999,3999,100000.0,0.3021721054886089,-0.1846401331039541,0,R2025-03999
4000,4000,17490.43611323642,0.1593781731984166,0.1249781821140783,1,R2018-04000
4001,4001,81622.03519510331,0.2720623053745813,0.2919538174689615,1,R2018-04001
4002,4002,8745.21805661821,0.2599785289938429,-0.0241894982975137,0,R2018-04002
4003,4003,44399.12600145666,0.4288360871953204,-0.1413869375765843,0,R2021-04003
4004,4004,22780.26905829596,0.4034965401473679,-0.0528473130976424,0,R2019-04004
4005,4005,11330.85501858736,0.2712523668137473,-0.035729484683632,0,R2020-04005
4006,4006,5830.145371078807,0.2896283928221123,0.5695359025905997,3,R2018-04006
4007,4007,87452.18056618211,0.3270142334187728,-0.122524276674786,0,R2018-04007
4008,4008,50000.0,0.2611554721594104,0.1649906227121204,1,R2024-04008
4009,4009,162800.0,0.3323978440227513,-0.0014889736271846,0,R2024-04009
4010,4010,1276474.872541879,0.3415929786980095,-0.0536292384976295,2,R2021-04010
4011,4011,310793.8820101966,0.354978868765289,0.4755536154864636,3,R2021-04011
4012,4012,91121.07623318383,0.191590001165203,-0.0425118453907202,0,R2019-04012
4013,4013,5596.939556235655,0.2685555750791484,0.6160988813015886,3,R2018-04013
4014,4014,22661.71003717472,0.3928371681740376,-0.0634447260841647,0,R2020-04014
4015,4015,699617.4445294569,0.2800666236902501,0.0026343015170943,2,R2018-04015
4016,4016,110772.76205049736,0.2679799380116484,0.5123852129414291,3,R2018-04016
4017,4017,13992.34889058914,0.2957938238530456,0.5178975647434996,3,R2018-04017
4018,4018,29150.72685539404,0.3136100576456382,-0.0838476669361119,0,R2018-04018
4019,4019,8745.21805661821,0.3944643862038176,-0.1107884854098749,0,R2018-04019
4020,4020,54803.36648814079,0.2865511478609662,0.6227132616036363,3,R2018-04020
4021,4021,58301.45371078808,0.3713501497779106,-0.0903344788026861,0,R2018-04021
4022,4022,1166.0290742157615,0.2646526556337732,-0.1495299361437359,0,R2018-04022
4023,4023,9064.684014869888,0.3093635021887548,-0.0173942543033961,0,R2020-04023
4024,4024,182296.65071770336,0.3456357756923996,0.076955388916622,0,R2022-04024
4025,4025,5596.939556235655,0.29897922279177,0.1610699114307546,0,R2018-04025
4026,4026,82205.04973221119,0.3372090833077413,0.214718086109281,1,R2018-04026
4027,4027,303167.559296098,0.3496469919242159,0.6462313819420328,3,R2018-04027
4028,4028,145753.6342769702,0.4359789420220243,-0.0863596377018998,0,R2018-04028
4029,4029,307270.81560826325,0.244833819295054,-0.0710509795694475,2,R2018-04029
4030,4030,41667.8058783322,0.3015772265834581,-0.0494908484861052,0,R2022-04030
4031,4031,69961.74445294568,0.354610525322231,0.0477673215955242,0,R2018-04031
4032,4032,11660.290742157616,0.2972053818638188,-0.0201489152381096,0,R2018-04032
4033,4033,34980.87222647284,0.2548921713396697,-0.0769287779996659,0,R2018-04033
4034,4034,87452.18056618211,0.3615628402816669,-0.0482979918492426,0,R2018-04034
4035,4035,41667.8058783322,0.3015772265834581,-0.0494908484861052,0,R2022-04035
4036,4036,5125.560538116592,0.1413567796496946,0.2719705445001369,1,R2019-04036
4037,4037,99112.47130833972,0.22248189496783,0.1941101595925452,1,R2018-04037
4038,4038,105700.44843049328,0.2332174790448847,0.1859207465760577,1,R2019-04038
4039,4039,34980.87222647284,0.3597412644113743,0.0070772903839404,0,R2018-04039
4040,4040,198224.94261667944,0.2942338113391239,0.0434190803752374,0,R2018-04040
4041,4041,87000.0,0.2152222826486945,0.1829008280035787,1,R2025-04041
4042,4042,29150.72685539404,0.4607357508502622,-0.1514348488152144,0,R2018-04042
4043,4043,5830.145371078807,0.2577711271369105,-0.0722043045680501,0,R2018-04043
4044,4044,20502.24215246637,0.3313979447684944,0.1348589429643479,1,R2019-04044
4045,4045,58301.45371078808,0.287047203439047,-0.0431497662341085,0,R2018-04045
4046,4046,82788.06426931907,0.4182028797696849,-0.0444025507117443,0,R2018-04046
4047,4047,69961.74445294568,0.4064432831044903,-0.096654138135078,0,R2018-04047
4048,4048,90954.90716180373,0.5010366444794062,-0.4022787735146959,5,R2023-04048
4049,4049,5208.475734791525,0.2367291496173136,0.4878948582749889,3,R2022-04049
4050,4050,93282.32593726092,0.3320464050569398,0.0322474129326397,0,R2018-04050
4051,4051,5695.067264573991,0.2629592076437239,0.5315318055628325,3,R2019-04051
4052,4052,5247.130833970927,0.3057184823106555,0.5864221814358335,3,R2018-04052
4053,4053,4166.780587833219,0.2705966307012556,0.1562175609044487,1,R2022-04053
4054,4054,174904.36113236425,0.3880578439623308,-0.0501708804218044,0,R2018-04054
4055,4055,5125.560538116592,0.3261286338868386,0.5853253921047045,3,R2019-04055
4056,4056,139923.48890589137,0.0965864184339108,0.0547467543547584,1,R2018-04056
4057,4057,87452.18056618211,0.5143380697969567,-0.0612980059784152,0,R2018-04057
4058,4058,104169.51469583048,0.2423295290650013,-0.0960841842635106,0,R2022-04058
4059,4059,116602.90742157616,0.3239750325367234,0.5473770724084639,3,R2018-04059
4060,4060,186564.65187452183,0.3005774152749806,0.0501451914329997,0,R2018-04060
4061,4061,107576.4705882353,0.3032992766320385,-0.0262535164676459,0,R2017-04061
4062,4062,59764.705882352944,0.4972820370772091,-0.0767094669477196,0,R2017-04062
4063,4063,16579.479820627803,0.2997307254580147,0.0277127961311113,0,R2019-04063
4064,4064,291507.2685539404,0.3960971546701226,-0.0413657248408592,0,R2018-04064
4065,4065,11660.290742157616,0.2176025064008905,0.0098355634294569,0,R2018-04065
4066,4066,37312.93037490437,0.3906473277355343,-0.0896005527736509,0,R2018-04066
4067,4067,93282.32593726092,0.5056354151017775,-0.2198659090461542,0,R2018-04067
4068,4068,221995.6300072833,0.3783561293848447,0.1341085137581433,1,R2021-04068
4069,4069,83248.36125273124,0.386946530022918,0.2350268691978688,3,R2021-04069
4070,4070,364593.3014354067,0.4708544255421653,0.0449377532080048,0,R2022-04070
4071,4071,314827.8500382556,0.257051271110767,0.1695219674556329,2,R2018-04071
4072,4072,93282.32593726092,0.4230787414469469,-0.3026272928798594,0,R2018-04072
4073,4073,52084.75734791524,0.3682081813770698,0.032733567976801,0,R2022-04073
4074,4074,67985.13011152417,0.41071041957274,0.1027125527455994,0,R2020-04074
4075,4075,58301.45371078808,0.408476263012567,-0.0039068110015935,0,R2018-04075
4076,4076,20405.508798775827,0.4315634785172227,-0.0932253237273256,0,R2018-04076
4077,4077,17490.43611323642,0.2498525675570655,0.2367871871056012,0,R2018-04077
4078,4078,29150.72685539404,0.3470554966338446,-0.0331304352261985,0,R2018-04078
4079,4079,18750.512645249488,0.1091684664717283,0.0246576003890074,1,R2022-04079
4080,4080,21875.5980861244,0.0838181046795305,0.037775989849886,1,R2022-04080
4081,4081,17085.20179372197,0.454715174697058,-0.1265290299835505,0,R2019-04081
4082,4082,104169.51469583048,0.3490802079008103,0.0362908832898573,0,R2022-04082
4083,4083,11330.85501858736,0.2294722757911252,0.5013413814425046,3,R2020-04083
4084,4084,17490.43611323642,0.4211554359664972,-0.0218468605424833,0,R2018-04084
4085,4085,62501.70881749829,0.4487477963152881,-0.2809398448003761,0,R2022-04085
4086,4086,5830.145371078807,0.1025917130927531,0.2078540069164715,1,R2018-04086
4087,4087,66598.689002185,0.3341952458187051,-0.0208819108530276,0,R2021-04087
4088,4088,80456.00612088754,0.2821777158136976,0.0355333319608274,0,R2018-04088
4089,4089,52084.75734791524,0.2125147121546272,0.2054653137604109,1,R2022-04089
4090,4090,20502.24215246637,0.4015116188467036,0.5761712916745887,3,R2019-04090
4091,4091,17085.20179372197,0.3287338311759125,0.2231746291397753,1,R2019-04091
4092,4092,40811.01759755165,0.4934043615457272,-0.0695970765369961,0,R2018-04092
4093,4093,2847.533632286996,0.1534043259526464,0.1176337845416392,1,R2019-04093
4094,4094,3731.2930374904367,0.3402372334924772,0.0532238792542304,0,R2018-04094
4095,4095,5247.130833970927,0.3273344237535141,-0.1424828512871304,0,R2018-04095
4096,4096,5125.560538116592,0.2552432125295916,0.4913422096993837,3,R2019-04096
4097,4097,11099.781500364164,0.265982613256973,0.1856355127408573,1,R2021-04097
4098,4098,34170.40358744394,0.1689138114267243,0.0863834839817754,1,R2019-04098
4099,4099,17085.20179372197,0.2409423311944961,0.5707181209656698,3,R2019-04099
4100,4100,31250.854408749143,0.173615253362954,0.2386152311794003,1,R2022-04100
4101,4101,16649.67225054625,0.2868904103765096,0.1257944073129991,1,R2021-04101
4102,4102,79730.94170403587,0.3326808261489332,0.1355711088701447,1,R2019-04102
4103,4103,11330.85501858736,0.3321295136563416,-0.0079979024470581,0,R2020-04103
4104,4104,50530.50397877984,0.2644316107296774,0.0558371510571413,0,R2023-04104
4105,4105,22780.26905829596,0.2623038521009702,0.3324858843584085,3,R2019-04105
4106,4106,84981.4126394052,0.3184162539582129,0.0359164650290146,1,R2020-04106
4107,4107,16649.67225054625,0.2978974354038024,0.5274316451713187,3,R2021-04107
4108,4108,17085.20179372197,0.2889350780663707,0.6467227690999366,3,R2019-04108
4109,4109,102511.21076233184,0.3660477288755617,0.1993925282786333,3,R2019-04109
4110,4110,72148.57975236708,0.3347522149033236,0.499181096399571,3,R2021-04110
4111,4111,154905.82959641254,0.3349877628334125,0.5939031060069297,3,R2019-04111
4112,4112,17085.20179372197,0.2624387823918694,0.6370315646371775,3,R2019-04112
4113,4113,4897.322111706199,0.199770789746843,-0.0325234077316887,0,R2018-04113
4114,4114,135298.21417040355,0.3907590666335822,-0.2204355561586016,0,R2019-04114
4115,4115,41667.8058783322,0.4071108493184487,0.1399691637409469,1,R2022-04115
4116,4116,4758.959107806692,0.2864769379683998,0.4021736634596697,3,R2020-04116
4117,4117,26818.668706962515,0.1465659961548271,0.1574736976316152,1,R2018-04117
4118,4118,262356.5416985463,0.3298690916775841,0.0716642015519863,0,R2018-04118
4119,4119,72293.80260137722,0.3217819624896211,-0.0593764596479543,0,R2018-04119
4120,4120,17490.43611323642,0.3165378964426453,0.0900107090639208,1,R2018-04120
4121,4121,283271.375464684,0.2362410151350492,0.179326463317244,1,R2020-04121
4122,4122,81622.03519510331,0.2867163037838745,-0.0053776686477545,0,R2018-04122
4123,4123,23320.58148431523,0.2623702649496428,-0.0071024938212778,0,R2018-04123
4124,4124,60826.80262199562,0.4349953914532019,0.4368957529716831,3,R2021-04124
4125,4125,244866.1055853099,0.3509611968611481,-0.0487526501144524,0,R2018-04125
4126,4126,15000.0,0.3083701556567649,-0.1960114724520444,0,R2024-04126
4127,4127,8162.203519510331,0.2581218571710416,0.2371566783169068,1,R2018-04127
4128,4128,81622.03519510331,0.4844382076619301,0.0061025164227977,0,R2018-04128
4129,4129,104942.61667941854,0.3151797391560583,0.5398529470782151,3,R2018-04129
4130,4130,4556.053811659192,0.2015046252340467,0.062853725486264,1,R2019-04130
4131,4131,58301.45371078808,0.5004796453441792,-0.2029009671682206,0,R2018-04131
4132,4132,5125.560538116592,0.1765878005881264,0.2010604556291098,1,R2019-04132
4133,4133,58301.45371078808,0.2477976643956438,0.2160294564400919,1,R2018-04133
4134,4134,46641.16296863046,0.1718240262849961,0.1934446984081175,1,R2018-04134
4135,4135,58301.45371078808,0.3605024110252999,-0.1579114568216793,0,R2018-04135
4136,4136,18190.981432360742,0.1124967757099644,0.1417612003231251,1,R2023-04136
4137,4137,34980.87222647284,0.3932474320213515,-0.0433732566867207,0,R2018-04137
4138,4138,15158.3779648049,0.4592211649090447,-0.2835207116508911,0,R2018-04138
4139,4139,75791.8898240245,0.2924841875022986,0.1919521322772702,1,R2018-04139
4140,4140,32000.0,0.1408516240246559,-0.1270530805800972,1,R2024-04140
4141,4141,50224.29133284777,0.2488586771547882,-0.0686910823205636,0,R2021-04141
4142,4142,93500.0,0.497676707184441,-0.4037060403283553,5,R2024-04142
4143,4143,60000.0,0.5586854892871276,-0.5485444782752502,5,R2024-04143
4144,4144,50000.0,0.3083911991035676,0.5160567352173112,3,R2024-04144
4145,4145,63350.58823529412,0.1748123034634918,0.1084522943793821,1,R2017-04145
4146,4146,239000.0,0.2843408965928807,0.2419385559927853,2,R2024-04146
4147,4147,1500.0,0.1858982957951153,0.3410553340153993,3,R2024-04147
4148,4148,59710.0,0.3077172441910184,0.1427334809514827,1,R2024-04148
4149,4149,400000.0,0.3532659274992517,0.0946523951244111,2,R2024-04149
4150,4150,17929.41176470588,0.3962327869001403,-0.1096190404225018,0,R2017-04150
4151,4151,29150.72685539404,0.236950259154796,0.3125794917649444,1,R2018-04151
4152,4152,41667.8058783322,0.3522038672645967,0.2852176139997446,3,R2022-04152
4153,4153,65000.0,0.3106338339721218,-0.0437826274736479,0,R2024-04153
4154,4154,5830.145371078807,0.121292083546816,0.2404704261521675,1,R2018-04154
4155,4155,19828.99628252788,0.2655737367107222,0.4940218381659144,3,R2020-04155
4156,4156,46876.28161312372,0.1438387695618473,0.1539849749370482,1,R2022-04156
4157,4157,170000.0,0.4623371691318262,-0.4352974175514421,5,R2024-04157
4158,4158,250000.0,0.4838068010051672,-0.2053863424622776,0,R2025-04158
4159,4159,400000.0,0.4008243033149543,-0.0289374921136485,2,R2024-04159
4160,4160,19131.0,0.1489230474432891,-0.1197571853255319,1,R2024-04160
4161,4161,90000.0,0.3899082448569304,0.0922363716399824,1,R2024-04161
4162,4162,700.0,0.2580349109006428,-0.16402107865897,0,R2024-04162
4163,4163,25000.0,0.5586854892871276,-0.5485444782752502,5,R2024-04163
4164,4164,5000.0,0.1192359220545155,0.1789635083559656,1,R2024-04164
4165,4165,180000.0,0.3944515501461924,-0.0972813088985018,0,R2024-04165
4166,4166,10000.0,0.4469558961844087,-0.2585919649802531,0,R2024-04166
4167,4167,85000.0,0.5586854892871276,-0.5485444782752502,5,R2024-04167
4168,4168,85000.0,0.4969517282809699,-0.3531226374219518,5,R2024-04168
4169,4169,40000.0,0.1122534003859631,0.1496105978250323,1,R2024-04169
4170,4170,9000.0,0.2473339467040319,0.3231993230405297,3,R2024-04170
4171,4171,560000.0,0.3025525972175015,-0.1155505730534428,2,R2024-04171
4172,4172,118000.0,0.1914205077206182,0.0481255783561046,1,R2024-04172
4173,4173,25000.0,0.3853063481954033,-0.2764878295161044,0,R2024-04173
4174,4174,513400.0,0.2287904609973228,-0.0228121808192505,2,R2024-04174
4175,4175,4000.0,0.1656432672253751,-0.0477335551238691,1,R2024-04175
4176,4176,50000.0,0.5586854892871276,-0.5485444782752502,5,R2024-04176
4177,4177,4781.176470588235,0.1684772533071707,0.0434651344740135,1,R2017-04177
4178,4178,5976.470588235295,0.1244829226391516,0.0592921988579307,1,R2017-04178
4179,4179,11952.94117647059,0.2674629192473953,0.0506832229619346,0,R2017-04179
4180,4180,11952.94117647059,0.2504208787599916,0.0250732023813646,0,R2017-04180
4181,4181,4781.176470588235,0.1684772533071707,0.0434651344740135,1,R2017-04181
4182,4182,5976.470588235295,0.2515382634368724,-0.082540012912942,0,R2017-04182
4183,4183,250000.0,0.2619232658902347,0.5138163313496301,3,R2024-04183
4184,4184,237493.36870026524,0.2153151101557448,0.2218055906165973,1,R2023-04184
4185,4185,80000.0,0.145542277197484,0.2274771831829848,1,R2024-04185
4186,4186,35858.82352941176,0.1843354763982874,0.1143435110874019,1,R2017-04186
4187,4187,75000.0,0.5586854892871276,-0.5485444782752502,5,R2024-04187
4188,4188,18000.0,0.1486094320300673,0.2569702565443097,3,R2025-04188
4189,4189,40000.0,0.5050955244541205,-0.2991388341021385,0,R2025-04189
4190,4190,113308.5501858736,0.2881052480136374,0.189268837314801,1,R2020-04190
4191,4191,15000.0,0.2570570829358585,0.4576293431442939,3,R2025-04191
4192,4192,19848.97,0.1299793067569983,0.0304452123276196,1,R2024-04192
4193,4193,85000.0,0.3864768103674352,-0.3509206006257656,0,R2024-04193
4194,4194,300000.0,0.5586854892871276,-0.5485444782752502,5,R2024-04194
4195,4195,150000.0,0.1203533597755716,-0.0596173247381356,1,R2025-04195
4196,4196,5000.0,0.4342108418099362,-0.1683393554449185,0,R2025-04196
4197,4197,20000.0,0.1647258146341588,-0.0332565418525555,1,R2024-04197
4198,4198,198000.0,0.1731696037388167,0.095684373530498,1,R2024-04198
4199,4199,100000.0,0.4821291227173015,-0.1862126242190471,0,R2025-04199
4200,4200,147000.0,0.0747562410363406,0.0907384036969734,1,R2025-04200
4201,4201,60000.0,0.2001429570381219,-0.0042742040786117,1,R2025-04201
4202,4202,100000.0,0.383450863615056,-0.3076845303308595,5,R2024-04202
4203,4203,6000.0,0.3617313237341938,-0.2293902559990507,0,R2024-04203
4204,4204,8000.0,0.5586854892871276,-0.5485444782752502,5,R2024-04204
4205,4205,76043.74572795625,0.3544261811434713,-0.0523794086408486,0,R2022-04205
4206,4206,156254.27204374573,0.5361581206242495,-0.4629842789947891,5,R2022-04206
4207,4207,65689.6551724138,0.5047062438867129,-0.4481257724534243,5,R2023-04207
4208,4208,31867.0,0.4940965032478089,-0.2269990235063808,0,R2024-04208
4209,4209,50000.0,0.5454844594354223,-0.32319605976874,0,R2024-04209
4210,4210,50000.0,0.497676707184441,-0.4037060403283553,5,R2024-04210
4211,4211,450000.0,0.3358793783990075,-0.2091102208957993,2,R2025-04211
4212,4212,200000.0,0.1788896544097264,0.1371048477060236,1,R2024-04212
4213,4213,205000.0,0.512846005656163,-0.4150839424188047,0,R2025-04213
4214,4214,520000.0,0.5232256035952554,-0.0527614846933127,2,R2024-04214
4215,4215,12000.0,0.4428439003032316,-0.2883026475469104,0,R2025-04215
4216,4216,120000.0,0.5023989993731854,-0.4968382727215955,5,R2025-04216
4217,4217,150000.0,0.3249133273408263,0.0253154328961438,0,R2025-04217
4218,4218,71800.0,0.2018251793910555,0.0834633448116114,1,R2025-04218
4219,4219,87000.0,0.1679529661429177,-0.0481124882589643,1,R2025-04219
4220,4220,1400000.0,0.2287035932551812,0.0449277633197314,4,R2025-04220
4221,4221,7500.0,0.1557702980138,0.0190910409349675,1,R2024-04221
4222,4222,700000.0,0.2528209286316994,0.022064385776619,2,R2025-04222
4223,4223,40000.0,0.5586854892871276,-0.5485444782752502,5,R2024-04223
4224,4224,3000.0,0.4504925852525505,-0.3548744223410449,5,R2024-04224
4225,4225,30000.0,0.5586854892871276,-0.5485444782752502,5,R2024-04225
4226,4226,8879.825200291332,0.2122350660966916,0.3791305566011438,3,R2021-04226
4227,4227,50000.0,0.5586854892871276,-0.5485444782752502,5,R2025-04227
4228,4228,40000.0,0.2135524070280128,0.0206016942405035,1,R2025-04228
4229,4229,250000.0,0.2387747211988599,0.0648049091972214,0,R2025-04229
4230,4230,130000.0,0.4075331181233708,-0.3359880843167566,5,R2025-04230
4231,4231,2000.0,0.2864516275921562,-0.0883963690651375,1,R2025-04231
4232,4232,104169.51469583048,0.3409894039364603,0.1681238029785405,1,R2022-04232
4233,4233,14810.0,0.3148129204117456,0.3335739259979079,3,R2025-04233
4234,4234,4147.5,0.3770043921572638,-0.3644539897945189,5,R2025-04234
4235,4235,6800.0,0.4051142956960435,-0.2220233113367875,0,R2025-04235
4236,4236,180000.0,0.3174514693915,0.0485846901800305,2,R2025-04236
4237,4237,3000.0,0.1829730663762659,0.2377508857725097,1,R2025-04237
4238,4238,175000.0,0.4849914798767438,-0.3424890096375964,5,R2025-04238
4239,4239,13000.0,0.4977137523946797,-0.4181879501302889,5,R2025-04239
4240,4240,900.0,0.3161969547802429,-0.1486843320613551,0,R2025-04240
4241,4241,30000.0,0.2663210689878785,0.1393536635666082,1,R2024-04241
4242,4242,5000.0,0.4829178370701621,-0.4796823302077548,5,R2024-04242
4243,4243,5000.0,0.3865023893414399,-0.2543260564772746,0,R2025-04243
4244,4244,1166029.0742157616,0.3934435653169569,0.0281054393336734,2,R2018-04244
4245,4245,2083.3902939166096,0.2249616599019969,0.1277446837570332,1,R2022-04245
4246,4246,5125.560538116592,0.3317918545332328,-0.0272975856137957,0,R2019-04246
4247,4247,95623.52941176471,0.2419358428033066,0.1831164377708456,1,R2017-04247
4248,4248,166496.72250546247,0.4270849688052932,0.0778869048459634,0,R2021-04248
4249,4249,33992.56505576208,0.2813055780962528,0.3669659004961776,3,R2020-04249
4250,4250,40000.0,0.3193749971667262,-0.0446368736142973,0,R2024-04250
4251,4251,5665.4275092936805,0.3226986855661466,0.5383537734144745,3,R2020-04251
4252,4252,84753.52470588236,0.2486869680734527,0.1958788797276029,1,R2017-04252
4253,4253,23919.28251121076,0.3525115306293646,0.1503672816499832,0,R2019-04253
4254,4254,170852.01793721973,0.4027058844753244,-0.0652660464573188,0,R2019-04254
4255,4255,33992.56505576208,0.2754175345780962,-0.0129497548928091,0,R2020-04255
4256,4256,35858.82352941176,0.2207963409370373,-0.0107240090980888,0,R2017-04256
4257,4257,60367.7130044843,0.353438197808467,0.070360454438966,0,R2019-04257
4258,4258,221995.6300072833,0.1538711577932201,0.138388281756888,1,R2021-04258
4259,4259,22780.26905829596,0.2735780150067632,0.6074279687568077,3,R2019-04259
4260,4260,5363.733741392503,0.262900147187964,0.2573863896341423,1,R2018-04260
4261,4261,59764.705882352944,0.4635971053918521,-0.1647410368753065,0,R2017-04261
4262,4262,46377.41176470588,0.2937612982783805,-0.0215857324231579,0,R2017-04262
4263,4263,52084.75734791524,0.3702346350854911,-0.0030492415432378,0,R2022-04263
4264,4264,83335.6117566644,0.4090246690775082,-0.1752482956876307,0,R2022-04264
4265,4265,16538.674435542605,0.2122050454966576,0.1535523206377632,1,R2021-04265
4266,4266,104169.51469583048,0.3675504171829641,0.0370223175440785,0,R2022-04266
4267,4267,110997.81500364163,0.2948074556134857,-0.1356655667369226,0,R2021-04267
4268,4268,9375.256322624744,0.0749095080341499,0.0331198905626185,1,R2022-04268
4269,4269,208339.02939166097,0.4721159307740466,-0.0924363513491743,0,R2022-04269
4270,4270,22031.29973474801,0.3083707996417819,0.1350215404357309,0,R2023-04270
4271,4271,70000.0,0.3284861682024871,0.0366550403205843,0,R2024-04271
4272,4272,141845.79,0.2095057498183221,0.0871755484824256,0,R2024-04272
4273,4273,10000.0,0.2157874055979207,0.3423321601846158,3,R2024-04273
4274,4274,12500.34176349966,0.1168533369018436,0.1475038746281299,1,R2022-04274
4275,4275,15159.151193633952,0.077797431710576,0.158462178162595,1,R2023-04275
4276,4276,17929.41176470588,0.2775977179980678,-0.1393693866247611,0,R2017-04276
4277,4277,31250.854408749143,0.3710960520736032,-0.1972284657612916,0,R2022-04277
4278,4278,17929.41176470588,0.3470809494492632,0.2344463202680859,1,R2017-04278
4279,4279,52471.30833970927,0.4045450410626487,-0.1645329547089301,0,R2018-04279
4280,4280,96816.14349775785,0.3084498392585299,-0.0062421416964539,0,R2019-04280
4281,4281,156254.27204374573,0.4040485126557027,0.40919431090735,1,R2022-04281
4282,4282,68022.6930963773,0.3335558129294253,0.2382884419321422,1,R2022-04282
4283,4283,5208.475734791525,0.4543111977367092,-0.0753998192001562,0,R2022-04283
4284,4284,249000.0,0.3771126086754867,-0.0169867301068532,0,R2025-04284
4285,4285,52084.75734791524,0.1689203285809065,0.0917101878999954,1,R2022-04285
4286,4286,295000.0,0.6032832908162081,-0.5310683680445598,5,R2024-04286
4287,4287,202122.0159151193,0.5363088862634221,-0.3637661935963012,5,R2023-04287
4288,4288,101061.00795755968,0.3000646220742092,0.0241424188517434,0,R2023-04288
4289,4289,222334.2175066313,0.3997292866840899,-0.0183022941497295,0,R2023-04289
4290,4290,5416.814764183186,0.4076811909203542,-0.211646061733869,0,R2022-04290
4291,4291,10416.95146958305,0.3262101711523366,0.5504650961125918,3,R2022-04291
4292,4292,27749.45375091041,0.330598164845273,-0.0522806539321236,0,R2021-04292
4293,4293,62501.70881749829,0.3631465054360611,-0.1984246649726798,0,R2022-04293
4294,4294,265632.26247436774,0.3722841841333179,0.0238737532391032,0,R2022-04294
4295,4295,250000.0,0.235590395137986,0.2652301322738008,3,R2024-04295
4296,4296,187505.12645249488,0.3526012422182666,0.1238498965958715,1,R2022-04296
4297,4297,35519.30080116533,0.3835609881093552,0.0262142251223454,0,R2021-04297
4298,4298,6063.660477453581,0.4130495295762347,-0.27936239137365,0,R2023-04298
4299,4299,8084.880636604775,0.2812298298447793,0.576029360711236,3,R2023-04299
4300,4300,5208.475734791525,0.1407060819138245,0.0375665043846693,1,R2022-04300
4301,4301,72148.57975236708,0.2623716403455458,0.0727091214722212,1,R2021-04301
4302,4302,312508.54408749146,0.3340580689098874,0.2018006468780528,1,R2022-04302
4303,4303,83335.6117566644,0.3210943212805168,0.2584281583711448,1,R2022-04303
4304,4304,277494.5375091041,0.4248263050761472,0.0866835648516538,1,R2021-04304
4305,4305,31250.854408749143,0.257268172172312,0.0271194931305291,0,R2022-04305
4306,4306,155396.9410050983,0.5361581206242495,-0.4629842789947891,5,R2021-04306
4307,4307,14125.35,0.1855872145301412,0.2112400416578919,3,R2024-04307
4308,4308,32292.54955570745,0.2414033623788799,0.4608449301301344,3,R2022-04308
4309,4309,41667.8058783322,0.3827435614799531,0.0130053566698551,0,R2022-04309
4310,4310,7950.06525198939,0.1230585950046614,0.0102182427546109,1,R2023-04310
4311,4311,13616.96,0.1282789164060316,0.0161596862113653,1,R2024-04311
4312,4312,11131.839708222811,0.1386192815430282,-0.1043587737333962,1,R2023-04312
4313,4313,14970.2009569378,0.156021005525254,0.1249293519871149,1,R2022-04313
4314,4314,106114.05835543766,0.2253147704321597,0.2546889600764715,1,R2023-04314
4315,4315,36459.33014354067,0.3395540302415338,0.4470252237947333,1,R2022-04315
4316,4316,20833.9029391661,0.371515874402213,-0.1658916449811515,0,R2022-04316
4317,4317,19562.0,0.1488646633174733,-0.1237486269591481,1,R2024-04317
4318,4318,13090.64,0.120660558001511,-0.0543897014021386,1,R2024-04318
4319,4319,9249.21120984279,0.14626975769736,0.1253333758935089,1,R2022-04319
4320,4320,12946.093533834586,0.1469331564471774,0.1392346498201014,1,R2022-04320
4321,4321,11717.1,0.2343403133950183,0.1574911728482581,3,R2024-04321
4322,4322,200000.0,0.0795775490937076,0.1061457852141922,1,R2024-04322
4323,4323,50530.50397877984,0.294768023570302,0.2009626150556852,1,R2023-04323
4324,4324,505305.0397877984,0.1352699223360702,0.0646379358867939,2,R2023-04324
4325,4325,687000.0,0.2625721738499356,0.1090538043197938,2,R2024-04325
4326,4326,13125.358851674642,0.3744633950900544,-0.1808003245969037,0,R2022-04326
4327,4327,18328.626110731373,0.2797882519574119,-0.0127303090147588,0,R2022-04327
4328,4328,41667.8058783322,0.2659073295010039,-0.0003070479062261,0,R2022-04328
4329,4329,260423.78673957623,0.2978460451096923,0.4100119737509943,3,R2022-04329
4330,4330,2604.2378673957624,0.3055240442933106,0.0435476179490927,0,R2022-04330
4331,4331,31250.854408749143,0.3734073838830702,-0.1454963236100485,0,R2022-04331
4332,4332,416678.05878332193,0.340297101469461,0.1858245386094573,2,R2022-04332
4333,4333,14062.884483937116,0.2438906591274328,0.0256869823226119,0,R2022-04333
4334,4334,150000.0,0.2923620871118716,0.3048068605182596,3,R2024-04334
4335,4335,151591.51193633952,0.440143735091328,-0.0870599865109808,0,R2023-04335
4336,4336,15000.0,0.1872843149431087,0.3634273509952731,3,R2024-04336
4337,4337,150000.0,0.3364061349323399,0.0976683207067406,1,R2024-04337
4338,4338,100000.0,0.4845949190327526,-0.3172324010899792,0,R2024-04338
4339,4339,15159.151193633952,0.2043969299446019,0.0857476141714849,1,R2023-04339
4340,4340,75795.75596816976,0.366713657012813,0.1514592099209143,1,R2023-04340
4341,4341,104169.51469583048,0.3453321077650515,0.1499610820493502,1,R2022-04341
4342,4342,260423.78673957623,0.2782614996977155,0.0541464101399538,2,R2022-04342
4343,4343,50530.50397877984,0.2218810387438296,-0.0176943837520514,0,R2023-04343
4344,4344,5208.475734791525,0.3208301676573614,-0.1442008747636701,0,R2022-04344
4345,4345,5208.475734791525,0.3669028568207327,-0.1693295990286249,0,R2022-04345
4346,4346,5208.475734791525,0.4812120022274201,-0.2833185503901291,0,R2022-04346
4347,4347,5053.050397877984,0.6032832908162081,-0.5310683680445598,5,R2023-04347
4348,4348,5053.050397877984,0.291246479265791,0.0184215840163423,0,R2023-04348
4349,4349,65823.67464114833,0.5565500428964861,-0.3611264870986947,5,R2022-04349
4350,4350,74481.2030075188,0.3660922135019607,0.0610279390800866,0,R2022-04350
4351,4351,5208.475734791525,0.3669028568207327,-0.1693295990286249,0,R2022-04351
4352,4352,5208.475734791525,0.3857223408774213,-0.1642574585815247,0,R2022-04352
4353,4353,5000.0,0.5586854892871276,-0.5485444782752502,5,R2024-04353
4354,4354,303183.02387267904,0.375735327351863,0.281614029908965,3,R2023-04354
4355,4355,36459.33014354067,0.3979457453588484,-0.1691585043465273,0,R2022-04355
4356,4356,20833.9029391661,0.1757049477252258,0.2485919970270364,1,R2022-04356
4357,4357,4000.0,0.1750302388199951,0.0552048893602804,1,R2024-04357
4358,4358,322925.4955570745,0.3731669443291813,-0.0896085196759824,0,R2022-04358
4359,4359,62053.77990430623,0.2746091978010468,0.2790270439484234,1,R2022-04359
4360,4360,26042.37867395762,0.1976734839027922,0.0434900177533642,0,R2022-04360
4361,4361,3000.0,0.5586854892871276,-0.5485444782752502,5,R2025-04361
4362,4362,18750.512645249488,0.363172187835963,-0.0285049587908952,0,R2022-04362
4363,4363,202122.0159151193,0.3901863067318167,0.1369589722004486,1,R2023-04363
4364,4364,222334.2175066313,0.2023587871629241,0.3651351890508506,3,R2023-04364
4365,4365,18750.512645249488,0.4130495295762347,-0.27936239137365,0,R2022-04365
4366,4366,15159.151193633952,0.2478149055443341,-0.0065365494815987,0,R2023-04366
4367,4367,2604.2378673957624,0.2240548217920352,0.2279897651152947,1,R2022-04367
4368,4368,300000.0,0.1705839482134353,-0.0428037140316778,2,R2024-04368
4369,4369,19201.59151193633,0.2355976238637908,0.0034100066519142,1,R2023-04369
4370,4370,7000.0,0.4533491878607217,-0.2182178013322062,0,R2024-04370
4371,4371,17000.0,0.1118151996082066,0.1333748469477773,1,R2024-04371
4372,4372,30318.302387267904,0.1990715044844352,0.0349514293079854,1,R2023-04372
4373,4373,12596.244031830238,0.1874118840454227,0.0855977169661863,1,R2023-04373
4374,4374,50530.50397877984,0.3118362428995508,0.0983554778856752,0,R2023-04374
4375,4375,30000.0,0.4392952721528878,-0.2319309735905667,0,R2024-04375
4376,4376,61724.92066312997,0.3772108855114395,-0.2748243235172437,0,R2023-04376
4377,4377,96007.9575596817,0.4869024478566738,-0.3866861308263751,5,R2023-04377
4378,4378,10000.0,0.3295484260743541,-0.0019110577561162,1,R2024-04378
4379,4379,18500.0,0.2874778151696451,-0.0744799731126152,1,R2025-04379
4380,4380,16772.529549071616,0.5633116860740127,-0.4951128207760194,5,R2023-04380
4381,4381,50530.50397877984,0.4796240944273769,-0.3782474478012012,5,R2023-04381
4382,4382,34170.40358744394,0.2037079689526016,0.2808979580503932,1,R2019-04382
4383,4383,1000000.0,0.2525545396816225,-0.01303756771615,2,R2024-04383
4384,4384,20212.201591511937,0.497676707184441,-0.4037060403283553,5,R2023-04384
4385,4385,126326.2599469496,0.1342951400402181,0.1776034421197752,1,R2023-04385
4386,4386,50530.50397877984,0.2300324436350817,0.087114389910417,1,R2023-04386
4387,4387,143000.0,0.3048540689781792,-0.1591986109359818,0,R2024-04387
4388,4388,32000.0,0.2746884976772308,-0.1131652234675284,1,R2024-04388
4389,4389,25000.0,0.1111767778109311,0.0412857405067382,1,R2024-04389
4390,4390,96000.0,0.3502769162093297,0.4800039919336521,3,R2024-04390
4391,4391,125000.0,0.4275853267013285,0.0900523345511702,0,R2024-04391
4392,4392,56000.0,0.5101955225158112,-0.0972770811182784,0,R2025-04392
4393,4393,65689.6551724138,0.4001610580792615,-0.2784063767963909,0,R2023-04393
4394,4394,25265.25198938992,0.5005720684853104,-0.309484381523548,5,R2023-04394
4395,4395,5053.050397877984,0.1376433250271009,0.1088627459681279,1,R2023-04395
4396,4396,353713.5278514589,0.2695918933252537,0.1650567151244381,2,R2023-04396
4397,4397,60000.0,0.245930055581267,0.1614763319748645,1,R2025-04397
4398,4398,4500.0,0.09019893643148,0.0690559032891969,1,R2025-04398
4399,4399,225000.0,0.3970018343363301,-0.1946285920069396,0,R2024-04399
4400,4400,278730.3023872679,0.3656468575668379,-0.0859827840707531,0,R2023-04400
4401,4401,450000.0,0.2560320082288903,0.1334247833835927,2,R2024-04401
4402,4402,313289.124668435,0.1466988386001957,0.0079560739888947,2,R2023-04402
4403,4403,384031.8302387268,0.1433904613373931,0.0088073305634496,2,R2023-04403
4404,4404,343607.4270557029,0.1433904613373931,0.0088073305634496,2,R2023-04404
4405,4405,25265.25198938992,0.4849060533254404,-0.4287731325167541,5,R2023-04405
4406,4406,673066.3129973474,0.1466988386001957,0.0079560739888947,2,R2023-04406
4407,4407,22233.42175066313,0.4681932201671366,-0.2732224881972119,0,R2023-04407
4408,4408,48509.28381962865,0.2406481735554812,-0.1992493326797161,0,R2023-04408
4409,4409,18000.0,0.1870773431958007,0.1169089693017703,1,R2024-04409
4410,4410,300000.0,0.2003514789272953,0.2852277539986017,3,R2025-04410
4411,4411,227545.5207574654,0.4108787506500232,0.0455715472363998,0,R2021-04411
4412,4412,171803.71352785145,0.497676707184441,-0.4037060403283553,5,R2023-04412
4413,4413,4749.867374005305,0.1538939232800416,-0.0750719313075362,0,R2023-04413
4414,4414,17685.676392572943,0.3838096848270415,0.0933854912848265,1,R2023-04414
4415,4415,72763.92572944297,0.3503218912747406,0.0780427651136434,0,R2023-04415
4416,4416,6000.0,0.5586854892871276,-0.5485444782752502,5,R2024-04416
4417,4417,10106.100795755969,0.3473878008677462,-0.1173107704698095,0,R2023-04417
4418,4418,426000.0,0.3563345227115498,-0.1117445297782265,2,R2024-04418
4419,4419,18700.0,0.497676707184441,-0.4037060403283553,5,R2024-04419
4420,4420,15000.0,0.0878555389319046,0.1104997307811698,1,R2024-04420
4421,4421,52084.75734791524,0.2566809980991824,0.5637231150271191,3,R2022-04421
4422,4422,112809.4592481203,0.211209726580262,0.0243306183102621,0,R2022-04422
4423,4423,52084.75734791524,0.283475957059731,0.1554681020979025,1,R2022-04423
4424,4424,10000.0,0.5586854892871276,-0.5485444782752502,5,R2024-04424
4425,4425,6250.170881749829,0.2954237224856298,-0.0156347298800842,0,R2022-04425
4426,4426,14271.223513328778,0.2936020281560952,-0.0928934171511474,0,R2022-04426
4427,4427,34000.0,0.5549938058662975,-0.4432090249051825,5,R2024-04427
4428,4428,26042.37867395762,0.3965698245784583,0.1287211168897492,1,R2022-04428
4429,4429,324252.3670793882,0.2116009669457462,-0.0364684299719104,2,R2021-04429
4430,4430,622615.980861244,0.2691982208159371,0.0389469987467932,2,R2022-04430
4431,4431,15625.427204374571,0.2870667324558458,0.6060595102361005,3,R2022-04431
4432,4432,1718037.1352785146,0.2011012465043812,0.044545446006725,4,R2023-04432
4433,4433,229172.93233082708,0.3156221977433114,0.1099360576746034,1,R2022-04433
4434,4434,1010610.0795755968,0.3806350482417155,-0.2273496061279477,2,R2023-04434
4435,4435,20313.055365686945,0.360679825400412,-0.1448991356625937,0,R2022-04435
4436,4436,29167.46411483253,0.3965394526907833,0.0496751162889392,0,R2022-04436
4437,4437,478946.4278879016,0.4150214343606959,0.4166145361113295,3,R2022-04437
4438,4438,15000.0,0.2613185864211673,-0.1195631127033279,1,R2024-04438
4439,4439,18000.0,0.5098446110227626,-0.4685375803354233,5,R2024-04439
4440,4440,45000.0,0.2248651617805387,0.159330481445144,1,R2024-04440
4441,4441,4687.628161312372,0.4196359688961026,-0.199619219410322,0,R2022-04441
4442,4442,35000.0,0.267656203462054,0.4106769958948453,3,R2024-04442
4443,4443,200000.0,0.0670004144774039,0.0329401243609072,1,R2025-04443
4444,4444,20212.201591511937,0.2009629038343494,0.1396455794400173,1,R2023-04444
4445,4445,7000.0,0.2113080880512093,0.1442598381107974,3,R2025-04445
4446,4446,187505.12645249488,0.4429907888836685,-0.0346488785439331,0,R2022-04446
4447,4447,52084.75734791524,0.4350948351860608,0.0773908365221697,0,R2022-04447
4448,4448,19000.0,0.2937460665548296,0.1321420517130093,1,R2024-04448
4449,4449,202122.0159151193,0.4166113720599488,0.0822921754813206,0,R2023-04449
4450,4450,272864.7214854111,0.3693542786090175,0.2664368709820335,1,R2023-04450
4451,4451,8084.880636604775,0.493812710964069,-0.2737490506208224,0,R2023-04451
4452,4452,3054250.17088175,0.2778638426498239,0.0719930097983252,4,R2022-04452
4453,4453,50000.0,0.2670293477212715,0.0479163922184896,0,R2024-04453
4454,4454,404244.0318302387,0.2744080082987455,-0.0091318586402433,2,R2023-04454
4455,4455,4143.501326259947,0.4910024356843728,-0.062341661423832,0,R2023-04455
4456,4456,1010.6100795755968,0.2625906381511947,0.5177237655462132,3,R2023-04456
4457,4457,98000.0,0.2346313007079739,-0.1236346242014843,1,R2024-04457
4458,4458,18190.981432360742,0.1908976880222789,0.0400002281131344,1,R2023-04458
4459,4459,65184.350132626,0.5586854892871276,-0.5485444782752502,5,R2023-04459
4460,4460,26042.37867395762,0.4518669919686945,-0.0414610270965575,0,R2022-04460
4461,4461,4687.628161312372,0.2938685999456806,-0.0651742861933131,0,R2022-04461
4462,4462,57293.23308270677,0.3208976602805634,-0.0187313390967572,0,R2022-04462
4463,4463,100000.0,0.2183556800492218,0.086347497781051,1,R2024-04463
4464,4464,90954.90716180373,0.4869024478566738,-0.3866861308263751,5,R2023-04464
4465,4465,50530.50397877984,0.4434815982629945,-0.0124611394511396,0,R2023-04465
4466,4466,222334.2175066313,0.3835195736596666,0.3274894942123957,3,R2023-04466
4467,4467,9000.0,0.0756478900225905,0.0840141948874381,1,R2024-04467
4468,4468,20212.201591511937,0.4762508793922753,-0.1675526082758558,0,R2023-04468
4469,4469,354176.34996582364,0.3372290757059768,0.185750914613464,2,R2022-04469
4470,4470,218755.980861244,0.4211701032464686,-0.0502961677648794,0,R2022-04470
4471,4471,3500.0,0.6032832908162081,-0.5310683680445598,5,R2025-04471
4472,4472,50530.50397877984,0.3606410804120723,-0.0330719254076285,0,R2023-04472
4473,4473,252652.5198938992,0.2199987938001917,0.1846014225249662,2,R2023-04473
4474,4474,63907.99726589201,0.3459534365402015,0.0221705489437709,0,R2022-04474
4475,4475,212000.0,0.3257808480348863,0.4882879871382394,3,R2024-04475
4476,4476,125315.649867374,0.479354344467527,-0.2798792039901158,0,R2023-04476
4477,4477,154738.3698143236,0.3311480148916635,-0.1319551991428016,0,R2023-04477
4478,4478,375000.0,0.1849307719756897,0.2498240997136041,3,R2024-04478
4479,4479,70000.0,0.2473308612393888,0.3790633088115839,3,R2024-04479
4480,4480,247599.4694960212,0.5586854892871276,-0.5485444782752502,5,R2023-04480
4481,4481,50530.50397877984,0.4013218332735299,-0.2073516497977269,0,R2023-04481
4482,4482,195553.050397878,0.3938224320444883,0.1757422455361856,1,R2023-04482
4483,4483,70742.70557029177,0.2502326221135965,-0.0659948974463481,0,R2023-04483
4484,4484,364593.3014354067,0.1739635461466624,0.092696370896379,2,R2022-04484
4485,4485,152608.33902939167,0.4082529189612846,-0.1855944668042692,0,R2022-04485
4486,4486,30000.0,0.5586854892871276,-0.5485444782752502,5,R2024-04486
4487,4487,520.8475734791524,0.1766469017431131,0.1095002136741298,1,R2022-04487
4488,4488,6063.660477453581,0.2441007188710556,0.3929434299263298,3,R2023-04488
4489,4489,8333.561175666438,0.4500488314633461,-0.0582332765614195,0,R2022-04489
4490,4490,3031.8302387267904,0.3116793286010382,-0.0501471894967154,0,R2023-04490
4491,4491,186962.8647214854,0.4621626226193744,-0.1704877100096003,0,R2023-04491
4492,4492,181909.81432360745,0.4141371492249694,-0.3510308695110845,5,R2023-04492
4493,4493,60000.0,0.1037802197566868,0.1367331556662527,1,R2024-04493
4494,4494,2000.0,0.2000407075122373,0.0637744611447289,1,R2024-04494
4495,4495,10106.100795755969,0.4202794685015513,-0.0923548158262627,0,R2023-04495
4496,4496,3233.95225464191,0.1341961621936862,0.1874949845188253,1,R2023-04496
4497,4497,151591.51193633952,0.5586854892871276,-0.5485444782752502,5,R2023-04497
4498,4498,70742.70557029177,0.1496266651745679,0.1452536777078245,1,R2023-04498
4499,4499,300000.0,0.2675023679112389,-0.0739162662134276,2,R2024-04499
4500,4500,151591.51193633952,0.1651461616036574,-0.139955088480123,1,R2023-04500
4501,4501,8820.0,0.2435356144494359,0.3035819066742597,3,R2024-04501
4502,4502,25265.25198938992,0.5144356803703627,-0.3909371937271136,5,R2023-04502
4503,4503,25000.0,0.1534813740569514,0.0155536149653359,1,R2024-04503
4504,4504,70742.70557029177,0.1676063337366542,0.0868318425296835,1,R2023-04504
4505,4505,151591.51193633952,0.32850219516147,-0.1483824714334385,0,R2023-04505
4506,4506,150000.0,0.4200641165068864,-0.3405733676086366,5,R2024-04506
4507,4507,45000.0,0.4376896231602594,-0.3963696904117375,5,R2024-04507
4508,4508,70000.0,0.4563764953502789,-0.3142733142849592,0,R2025-04508
4509,4509,10416.95146958305,0.2986417952734287,0.3870677070234707,1,R2022-04509
4510,4510,10000.0,0.4623371691318262,-0.4352974175514421,5,R2024-04510
4511,4511,75795.75596816976,0.2015795062776124,-0.1582889198236217,1,R2023-04511
4512,4512,2122.2811671087534,0.1220500171522074,0.0845431326200516,1,R2023-04512
4513,4513,19979.6067006555,0.321245534229837,0.554146304099444,3,R2021-04513
4514,4514,19706.896551724138,0.5586854892871276,-0.5485444782752502,5,R2023-04514
4515,4515,83248.36125273124,0.4135981276731434,-0.0909911077505728,0,R2021-04515
4516,4516,50000.0,0.2271313695989806,0.0838527526773332,1,R2024-04516
4517,4517,73622.94429708223,0.2203902930955409,0.0622675678619077,1,R2023-04517
4518,4518,50000.0,0.2580280280105123,0.1363110545722584,1,R2024-04518
4519,4519,9244.73,0.168493413576423,-0.0406205188982475,1,R2024-04519
4520,4520,35371.352785145886,0.4623371691318262,-0.4352974175514421,5,R2023-04520
4521,4521,1010.6100795755968,0.1237959704881044,0.2464805424821028,1,R2023-04521
4522,4522,7579.575596816976,0.5372951602994769,-0.432499089202202,5,R2023-04522
4523,4523,5000.0,0.1916331800760067,0.060030091731414,1,R2024-04523
4524,4524,35000.0,0.1283685254213811,-0.0797275598500655,1,R2024-04524
4525,4525,2021.2201591511937,0.2286041845955067,-0.0091962509362671,1,R2023-04525
4526,4526,76796.2599469496,0.3071587576385391,0.4496948472656609,3,R2023-04526
4527,4527,15000.0,0.4130392798530981,-0.2795848083563912,5,R2024-04527
4528,4528,70000.0,0.5586854892871276,-0.5485444782752502,5,R2024-04528
4529,4529,60000.0,0.1598433731953753,0.0453748052658461,1,R2024-04529
4530,4530,332993.44501092494,0.2156658764035004,0.0030369577747128,2,R2021-04530
4531,4531,140000.0,0.433471130077589,0.3119944092107453,3,R2025-04531
4532,4532,101061.00795755968,0.297273260230366,0.2175063388945906,1,R2023-04532
4533,4533,505.3050397877984,0.2986532179821322,-0.0483045781819143,0,R2023-04533
4534,4534,18190.981432360742,0.2649075112777162,0.1365777219153525,1,R2023-04534
4535,4535,151591.51193633952,0.3708946071611252,0.1899418350407145,3,R2023-04535
4536,4536,353713.5278514589,0.4128922829667042,0.1130927016824517,0,R2023-04536
4537,4537,20395.539033457248,0.3753147704864567,-0.0743656932790934,0,R2020-04537
4538,4538,16996.28252788104,0.1735352632523872,0.1314515312036784,1,R2020-04538
4539,4539,67985.13011152417,0.331841797759722,0.0739751452352419,0,R2020-04539
4540,4540,77698.47050254916,0.3977322447943471,-0.0485766776259783,0,R2021-04540
4541,4541,332993.44501092494,0.3452302633228923,0.156299191664645,1,R2021-04541
4542,4542,145837.32057416267,0.3770512930215496,0.0498369635150255,0,R2022-04542
4543,4543,53309.68169761273,0.2226103059038785,0.128666730531696,1,R2023-04543
4544,4544,45323.42007434944,0.4049530852822855,0.0044301200042513,0,R2020-04544
4545,4545,122097.59650400582,0.329517701077781,0.211199570287755,0,R2021-04545
4546,4546,27749.45375091041,0.4685453366227162,-0.1170676706291635,0,R2021-04546
4547,4547,55583.55437665783,0.1097176022239811,0.0633065680119874,1,R2023-04547
4548,4548,3031.8302387267904,0.2524757103845987,-0.073768686996834,0,R2023-04548
4549,4549,50530.50397877984,0.3127424308108711,0.2260673241884593,1,R2023-04549
4550,4550,8084.880636604775,0.3635420654688912,-0.1055527021334776,0,R2023-04550
4551,4551,650.0,0.1695060285726758,0.1060210531222207,1,R2025-04551
4552,4552,19706.896551724138,0.5642541448253051,-0.5058066932578477,5,R2023-04552
4553,4553,75795.75596816976,0.2268279119804384,0.3426120909338783,3,R2023-04553
4554,4554,5000.0,0.1792207652933018,0.2740963399858505,3,R2024-04554
4555,4555,83248.36125273124,0.2209954810161651,-0.0360271684143791,1,R2021-04555
4556,4556,22199.56300072833,0.3738499344837137,0.0786746912812304,0,R2021-04556
4557,4557,19706.896551724138,0.3917956373529513,-0.3349515898192055,5,R2023-04557
4558,4558,58301.45371078808,0.2988554846772241,0.6230507013174357,3,R2018-04558
4559,4559,101061.00795755968,0.4045114910185688,-0.1868821684483375,0,R2023-04559
4560,4560,80848.80636604775,0.5037196231209218,-0.2260056813754739,0,R2023-04560
4561,4561,19201.59151193633,0.2898563130509795,-0.1489630117386309,0,R2023-04561
4562,4562,5000.0,0.1593669713192756,0.0915316537682275,1,R2025-04562
4563,4563,50530.50397877984,0.1564068449883003,0.1794237083686671,1,R2023-04563
4564,4564,119529.41176470587,0.3393713102817111,-0.0361485185130799,0,R2017-04564
4565,4565,40811.01759755165,0.2498404532918776,0.1727477906464992,1,R2018-04565
4566,4566,57374.117647058825,0.4007661495219142,-0.2007280083674109,0,R2017-04566
4567,4567,45477.453580901856,0.309949034440316,-0.0087447540443548,0,R2023-04567
4568,4568,71717.64705882352,0.3867007667816329,-0.0148026161568846,0,R2017-04568
4569,4569,16996.28252788104,0.1922316847083283,0.1156105372440793,1,R2020-04569
4570,4570,191247.05882352943,0.4204726014140011,-0.0906230052193765,0,R2017-04570
4571,4571,119529.41176470587,0.2088242838868027,0.0359382957252963,0,R2017-04571
4572,4572,7187.696514012304,0.3145649253186834,-0.0480442457286126,0,R2022-04572
4573,4573,9328.232593726092,0.2552897693564129,-0.0856365042563641,0,R2018-04573
4574,4574,50530.50397877984,0.5292352970227668,-0.4508051663990526,5,R2023-04574
4575,4575,12500.34176349966,0.2526085209120462,0.3572835610996592,3,R2022-04575
4576,4576,88798.25200291332,0.4294535399563958,0.0345503557269954,0,R2021-04576
4577,4577,179294.11764705885,0.3062083651357389,0.0706251752812249,0,R2017-04577
4578,4578,20000.0,0.3207186940445808,-0.1105243067412008,0,R2025-04578
4579,4579,78022.42152466367,0.3481390654084723,0.2333345105339427,1,R2019-04579
4580,4580,1195.2941176470588,0.303444171898962,0.6077425549677535,3,R2017-04580
4581,4581,88798.25200291332,0.4353674615422903,0.0354096409193367,0,R2021-04581
4582,4582,25265.25198938992,0.1327429378676622,0.1010299502009972,1,R2023-04582
4583,4583,44309.10482019894,0.2059854998353306,0.1847133296148345,1,R2018-04583
4584,4584,31892.376681614347,0.4137718396937809,0.041712539227585,1,R2019-04584
4585,4585,67985.13011152417,0.3030624274589506,0.5980042821791571,3,R2020-04585
4586,4586,2390.5882352941176,0.1433079128037122,0.2059001910277469,1,R2017-04586
4587,4587,291507.2685539404,0.3898527212459735,-0.0499081588375643,2,R2018-04587
4588,4588,2390.5882352941176,0.200370242460653,0.126874881495733,1,R2017-04588
4589,4589,1780491.0,0.174495508782363,0.022468369578105,4,R2025-04589
4590,4590,22780.26905829596,0.3775988245396703,-0.0827105993084893,0,R2019-04590
4591,4591,62158.77640203932,0.4735281811497615,-0.0950603884632753,0,R2021-04591
4592,4592,19979.6067006555,0.3603474307621755,-0.0500217010817227,0,R2021-04592
4593,4593,100000.0,0.2828475774237519,-0.0367902815009468,0,R2024-04593
4594,4594,36459.33014354067,0.4278064946674573,-0.0760492691670103,0,R2022-04594
4595,4595,19320.0,0.2357701391465943,0.5100245542902384,3,R2024-04595
4596,4596,28475.33632286996,0.1947112067973093,0.153619166981752,1,R2019-04596
4597,4597,66598.689002185,0.1438855212596292,0.2055861680450733,1,R2021-04597
4598,4598,156254.27204374573,0.3509371027704344,0.2654762273214665,3,R2022-04598
4599,4599,156254.27204374573,0.4377225953608025,0.0841333035634293,0,R2022-04599
4600,4600,22780.26905829596,0.2117418150036414,0.0162222223864596,0,R2019-04600
4601,4601,17085.20179372197,0.2115448586458604,-0.019816923534004,0,R2019-04601
4602,4602,20502.24215246637,0.2318446235387871,-0.0657403586937497,0,R2019-04602
4603,4603,5549.890750182082,0.3239451759746597,0.3097116176403244,1,R2021-04603
4604,4604,13319.737800436998,0.1959608789291614,0.3909517054917417,1,R2021-04604
4605,4605,22661.71003717472,0.2407476509520001,0.2362346339474115,1,R2020-04605
4606,4606,113901.3452914798,0.3051582159626693,0.5813464906258824,3,R2019-04606
4607,4607,5000.0,0.317972662240331,0.3978989964063485,3,R2025-04607
4608,4608,5053.050397877984,0.019082331627953,0.0220810816091204,1,R2023-04608
4609,4609,87452.18056618211,0.2341854197646197,0.0733216016509829,1,R2018-04609
4610,4610,52084.75734791524,0.3376511050434799,0.462316804358679,3,R2022-04610
4611,4611,119529.41176470587,0.3723355490150629,-0.1693225135906768,0,R2017-04611
4612,4612,141635.687732342,0.170398287792852,0.1199867180465157,1,R2020-04612
4613,4613,213547.5051264525,0.3088140115151693,0.211261791981259,3,R2022-04613
4614,4614,10245.426008968609,0.3432430651535086,-0.0601212484744997,0,R2019-04614
4615,4615,7359.39033457249,0.2435566580884979,0.0312593824739753,0,R2020-04615
4616,4616,18259.140568099054,0.35025726235026,-0.180219116610346,0,R2021-04616
4617,4617,24143.74588235294,0.3159161541941099,-0.110459715262222,0,R2017-04617
4618,4618,23354.805194805194,0.232722448664271,-0.0338333361358553,0,R2022-04618
4619,4619,39302.46588235294,0.3542346475564388,-0.1182822576069424,0,R2017-04619
4620,4620,39302.46588235294,0.3474264005840749,-0.1257998487812497,0,R2017-04620
4621,4621,2219.956300072833,0.2540968037633482,0.2808906365085629,1,R2021-04621
4622,4622,29882.352941176472,0.2904064512842178,0.6327795541573142,3,R2017-04622
4623,4623,443991.2600145666,0.2944417208333312,0.3555274864575327,2,R2021-04623
4624,4624,286466.16541353386,0.325756727963813,0.3056155506910867,3,R2022-04624
4625,4625,3537.1352785145887,0.1090782326937894,0.0761593990930929,1,R2023-04625
4626,4626,165156.95067264573,0.2459022243086441,0.3558769424358753,3,R2019-04626
4627,4627,266394.75600874,0.3933985860517547,0.2315037552993505,1,R2021-04627
4628,4628,27749.45375091041,0.2392563556162353,0.0818110781329672,1,R2021-04628
4629,4629,56950.67264573991,0.2645045198802892,0.2129641003793223,1,R2019-04629
4630,4630,95623.52941176471,0.2608319368909452,0.1887937821890094,1,R2017-04630
4631,4631,79315.98513011153,0.3633847956885663,0.163916631033685,1,R2020-04631
4632,4632,10106.100795755969,0.2465433157852247,-0.0028040139611187,1,R2023-04632
4633,4633,27749.45375091041,0.4490861983206919,-0.2474368593521878,0,R2021-04633
4634,4634,109345.29147982062,0.3308437008312258,0.2059650182541301,1,R2019-04634
4635,4635,2291.729323308271,0.1018343632833771,0.2099973304884211,1,R2022-04635
4636,4636,15625.427204374571,0.3673734637427429,-0.1549645915001365,0,R2022-04636
4637,4637,22917.293233082702,0.2054916840657837,0.1197943358363196,1,R2022-04637
4638,4638,71717.64705882352,0.3439178781456011,0.1769451027251038,0,R2017-04638
4639,4639,166496.72250546247,0.3879822385885513,-0.0252685825668148,0,R2021-04639
4640,4640,44399.12600145666,0.4661197780234393,-0.090587780415689,0,R2021-04640
4641,4641,6798.513011152416,0.2031630718405065,0.2256910126951675,1,R2020-04641
4642,4642,5695.067264573991,0.2289691361137125,0.4142095386176986,3,R2019-04642
4643,4643,2266.171003717472,0.3388586534229205,-0.0021697796173067,0,R2020-04643
4644,4644,101002.35294117648,0.2714185395665677,0.2198979894882565,1,R2017-04644
4645,4645,77698.47050254916,0.446328450492025,0.2009768787812007,1,R2021-04645
4646,4646,7171.764705882353,0.3409308789531832,-0.1843018205004543,0,R2017-04646
4647,4647,443991.2600145666,0.2914344151532087,0.2286440127805602,2,R2021-04647
4648,4648,50530.50397877984,0.0861819568013327,0.0680857479803498,1,R2023-04648
4649,4649,60000.0,0.3775302148404328,-0.0332430419996305,0,R2024-04649
4650,4650,128263.19816373376,0.330405823081056,0.0119335761697565,0,R2018-04650
4651,4651,408110.17597551655,0.3720897290401684,0.1990268143686002,2,R2018-04651
4652,4652,33299.3445010925,0.2849002901638893,0.165976282308268,1,R2021-04652
4653,4653,509.8884758364312,0.1879151715371701,0.1688217968797629,1,R2020-04653
4654,4654,4664.116296863046,0.2183322270142715,0.0534938594556712,1,R2018-04654
4655,4655,388492.35251274577,0.4777101192069632,-0.0328091787323046,0,R2021-04655
4656,4656,22095.167286245352,0.1978635561405384,0.1106494079664172,1,R2020-04656
4657,4657,80449.07063197026,0.1563743097847177,0.071842602634762,1,R2020-04657
4658,4658,8367.058823529413,0.1230286440031399,0.0841296240741513,1,R2017-04658
4659,4659,15692.871085214856,0.2474655601320269,0.3447383562904468,3,R2021-04659
4660,4660,13992.34889058914,0.1592036083054557,0.0410610742812595,1,R2018-04660
4661,4661,15000.0,0.1572048606503232,-0.1432335071901579,1,R2024-04661
4662,4662,29905.0,0.1565907522803576,-0.17782218213904,1,R2024-04662
4663,4663,26000.0,0.2009311416177749,0.2144163596430525,3,R2024-04663
4664,4664,71876.96514012304,0.1587918685720223,0.0838050771232167,1,R2022-04664
4665,4665,113901.3452914798,0.2857903472219614,-0.0300594020101348,0,R2019-04665
4666,4666,3551.9300801165327,0.2803115905638861,0.1653576823022919,0,R2021-04666
4667,4667,41835.294117647056,0.383499999590432,-0.0817874171846239,0,R2017-04667
4668,4668,30209.159261790843,0.2826820261260027,-0.0773365791164622,0,R2022-04668
4669,4669,65000.0,0.2234218710628663,0.0346928066923751,0,R2025-04669
4670,4670,6996.1744452945695,0.2365298036098416,0.3242802197483103,3,R2018-04670
4671,4671,17000.0,0.1454450093948235,-0.145180429898097,1,R2024-04671
4672,4672,88618.20964039788,0.2401014012841627,0.4604624428403486,3,R2018-04672
4673,4673,5976.470588235295,0.343209919549318,-0.011947092558131,0,R2017-04673
4674,4674,4081.101759755165,0.3073065453790437,0.1577963350848435,0,R2018-04674
4675,4675,2832.71375464684,0.2322480588411467,0.4721016638761383,3,R2020-04675
4676,4676,59764.705882352944,0.3841905221349875,-0.1661738757061571,0,R2017-04676
4677,4677,29882.352941176472,0.3387608282315159,-0.0592232449858097,0,R2017-04677
4678,4678,388492.35251274577,0.3351812153940926,0.3252603577789045,3,R2021-04678
4679,4679,1133.085501858736,0.1841164335047898,0.1911092711797101,1,R2020-04679
4680,4680,466411.6296863046,0.3683567464054885,-0.0117911943959949,0,R2018-04680
4681,4681,328448.2758620689,0.3385283901099427,0.1581364972205203,1,R2023-04681
4682,4682,59764.705882352944,0.2357398963121168,-0.0383354660339989,0,R2017-04682
4683,4683,8333.561175666438,0.2696196261471659,0.5148662105546635,3,R2022-04683
4684,4684,16996.28252788104,0.2850139879423462,0.4749336885620685,3,R2020-04684
4685,4685,11099.781500364164,0.2553311732700776,0.5492037472499688,3,R2021-04685
4686,4686,8324.836125273125,0.2026344096605749,0.1092685995171029,1,R2021-04686
4687,4687,50530.50397877984,0.2553425033393414,0.3900873170912749,3,R2023-04687
4688,4688,56654.2750929368,0.1196013970377998,0.1228596527294331,1,R2020-04688
4689,4689,56654.2750929368,0.2761288302805631,0.1924072832037607,1,R2020-04689
4690,4690,78127.13602187287,0.0583990825280875,0.0111789652253692,1,R2022-04690
4691,4691,67710.18455228982,0.1431338449333628,0.1998728305412779,1,R2022-04691
4692,4692,10706.726457399103,0.2309485503250274,0.235369164719953,1,R2019-04692
4693,4693,27905.82959641256,0.3224901086569953,0.1134799487642562,1,R2019-04693
4694,4694,93282.32593726092,0.336181009999438,0.5900676882746526,3,R2018-04694
4695,4695,8000.0,0.1271118804666994,-0.0413155134643043,1,R2024-04695
4696,4696,2847.533632286996,0.2934859263294195,0.0681742483917111,0,R2019-04696
4697,4697,23320.58148431523,0.4003986786124311,-0.0491125706694602,0,R2018-04697
4698,4698,7931.598513011152,0.3440525701523193,0.0968946369203462,0,R2020-04698
4699,4699,27749.45375091041,0.1817280305810583,0.1427551458398856,1,R2021-04699
4700,4700,75795.75596816976,0.2992148320577207,0.1252864159829537,1,R2023-04700
4701,4701,202122.0159151193,0.241906852761941,0.024720798643373,0,R2023-04701
4702,4702,9989.80335032775,0.3060738377476796,0.3510557233892441,3,R2021-04702
4703,4703,70000.0,0.3958097199068358,-0.3208929389117085,5,R2024-04703
4704,4704,64064.25153793575,0.3112066234490223,0.0321767737179961,0,R2022-04704
4705,4705,11660.290742157616,0.2552897693564129,-0.0856365042563641,0,R2018-04705
4706,4706,239058.8235294117,0.2690619607429968,0.0355806048275538,0,R2017-04706
4707,4707,286870.5882352941,0.4162408405025226,-0.0222050421602912,0,R2017-04707
4708,4708,256526.39632746755,0.3978690412398931,-0.1471648156694864,0,R2018-04708
4709,4709,227387.26790450927,0.1641193064622743,0.0770724447860088,1,R2023-04709
4710,4710,202004.7058823529,0.3225169981602847,-0.0979794727913892,0,R2017-04710
4711,4711,304800.0,0.1547851098734756,0.061294184997292,2,R2017-04711
4712,4712,76957.91889824026,0.1983099713121717,0.0267899880695949,0,R2018-04712
4713,4713,44892.119357306816,0.4223440582775669,-0.0593281167064565,0,R2018-04713
4714,4714,578350.4208110177,0.2810240021912683,-0.067311643656012,2,R2018-04714
4715,4715,112521.80566182098,0.2182250535056148,0.0824395574981809,0,R2018-04715
4716,4716,208136.18974751345,0.3840004396816745,-0.16251442269299,0,R2018-04716
4717,4717,152749.80872226474,0.4223440582775669,-0.0593281167064565,0,R2018-04717
4718,4718,11330.85501858736,0.3819967839500565,-0.2203812085906043,0,R2020-04718
4719,4719,227802.6905829596,0.398662317414348,0.1857937330880784,1,R2019-04719
4720,4720,23905.88235294118,0.2872791459540194,-0.0855523984852702,0,R2017-04720
4721,4721,17929.41176470588,0.4461457425060067,-0.1378286984645121,0,R2017-04721
4722,4722,570155.2941176471,0.1983099713121717,0.0267899880695949,2,R2017-04722
4723,4723,43726.090283091056,0.3480289002870943,-0.0623411632507257,0,R2018-04723
4724,4724,37587.44394618834,0.2721448433204627,-0.0626077706319647,0,R2019-04724
4725,4725,208339.02939166097,0.4853672394285458,-0.0864600177229262,0,R2022-04725
4726,4726,58301.45371078808,0.3425515956852855,0.0420330661608196,0,R2018-04726
4727,4727,70000.0,0.1640928246903735,0.2008931976247763,1,R2025-04727
4728,4728,15000.0,0.2070155881165641,0.1405513129107566,1,R2025-04728
4729,4729,166671.2235133288,0.3288910809885815,0.4329778999082453,3,R2022-04729
4730,4730,110997.81500364163,0.2461401843631691,0.1838386894379819,2,R2021-04730
4731,4731,179294.11764705885,0.2439891380291288,0.205822416197959,1,R2017-04731
4732,4732,5737.411764705883,0.2811934681015976,0.6278162969496301,3,R2017-04732
4733,4733,131379.3103448276,0.3002220418576026,0.1256156064565513,1,R2023-04733
4734,4734,78022.42152466367,0.2377092777613068,0.1856138857799334,1,R2019-04734
4735,4735,11660.290742157616,0.2106042983289765,0.3688331126091275,3,R2018-04735
4736,4736,52471.30833970927,0.3132330342190526,0.1603937387074858,1,R2018-04736
4737,4737,1749.0436113236424,0.2915702816272861,0.5928415347514325,3,R2018-04737
4738,4738,81622.03519510331,0.2447353934197186,0.0311027199475478,0,R2018-04738
4739,4739,29882.352941176472,0.237106412306161,0.1470077041685666,1,R2017-04739
4740,4740,69479.82062780269,0.3890727583627453,0.4936571589031903,3,R2019-04740
4741,4741,28746.82352941177,0.3209807000660129,0.0035697252933105,0,R2017-04741
4742,4742,108771.76470588236,0.383766560980595,-0.1090996321395785,0,R2017-04742
4743,4743,5976.470588235295,0.277256839189861,0.5885712804738065,3,R2017-04743
4744,4744,53788.23529411765,0.373196844396915,-0.0347260202637375,0,R2017-04744
4745,4745,396579.9256505576,0.2801788562072825,0.1317936907268279,2,R2020-04745
4746,4746,597.6470588235294,0.2346039603516394,0.0780626515988245,0,R2017-04746
4747,4747,11660.290742157616,0.2724489365049393,0.0159178197525894,0,R2018-04747
4748,4748,71717.64705882352,0.2642018363803357,0.1795250262484036,1,R2017-04748
4749,4749,29150.72685539404,0.4964921003814072,-0.1672906838346836,0,R2018-04749
4750,4750,20988.523335883707,0.1574911874421631,0.0601954890450519,1,R2018-04750
4751,4751,46641.16296863046,0.2830188623447078,-0.0127081280130328,0,R2018-04751
4752,4752,58301.45371078808,0.4211579988931006,-0.1170401007524876,0,R2018-04752
4753,4753,46641.16296863046,0.3425592469691589,-0.1145690519556231,0,R2018-04753
4754,4754,5830.145371078807,0.2306741276652084,0.1394064503323211,1,R2018-04754
4755,4755,29150.72685539404,0.2716659530077029,-0.0346424938812914,0,R2018-04755
4756,4756,35858.82352941176,0.2921551384259583,0.2231017859075717,1,R2017-04756
4757,4757,157778.82352941178,0.2765540806877517,0.1861439479926282,2,R2017-04757
4758,4758,59764.705882352944,0.2955684186729662,0.6084022914333715,3,R2017-04758
4759,4759,29614.34977578475,0.231705939169286,0.2761964447181568,1,R2019-04759
4760,4760,14237.668161434976,0.2120335606891113,-0.0621608774839684,0,R2019-04760
4761,4761,34980.87222647284,0.3941473860635984,-0.2125012781054196,0,R2018-04761
4762,4762,450000.0,0.4002300664026729,-0.228568318222406,2,R2024-04762
4763,4763,75791.8898240245,0.4588424650501541,-0.0644070337624037,0,R2018-04763
4764,4764,93282.32593726092,0.2872791459540194,-0.0855523984852702,0,R2018-04764
4765,4765,10494.261667941852,0.4994478758336871,-0.2999214558048223,0,R2018-04765
4766,4766,14237.668161434976,0.2115960616909025,-0.0457393967586893,0,R2019-04766
4767,4767,57718.86380189366,0.2682064211351454,0.2252414615744352,1,R2021-04767
4768,4768,15159.151193633952,0.229998794041849,0.280187769858268,1,R2023-04768
4769,4769,20502.24215246637,0.2260089829063354,0.118736568552042,1,R2019-04769
4770,4770,30000.0,0.2163025477886216,-0.0302985650307874,1,R2024-04770
4771,4771,65741.17647058824,0.4372996626200839,-0.046892530812962,0,R2017-04771
4772,4772,17490.43611323642,0.3003303194560716,0.0629196651112075,0,R2018-04772
4773,4773,46641.16296863046,0.3154100541211427,0.0342728068856038,0,R2018-04773
4774,4774,10106.100795755969,0.1638987837134825,0.1048175578849475,1,R2023-04774
4775,4775,2390.5882352941176,0.2818438636476384,0.1577969716828411,1,R2017-04775
4776,4776,56654.2750929368,0.4883340796926899,-0.1253369309915694,0,R2020-04776
4777,4777,389453.7107880644,0.3212161251214835,-0.0097153316798433,2,R2018-04777
4778,4778,90950.2677888294,0.3671098436733877,-0.0569686479641431,0,R2018-04778
4779,4779,4081.101759755165,0.2321267462565804,0.2626078216224232,3,R2018-04779
4780,4780,55498.90750182082,0.2694623639049703,-0.0381019641098091,0,R2021-04780
4781,4781,46641.16296863046,0.4532613564631047,-0.1548145277761446,0,R2018-04781
4782,4782,15712.241775057386,0.2338991929984029,-0.0794327428524352,0,R2018-04782
4783,4783,151591.51193633952,0.1662726305581127,0.1246863512634261,1,R2023-04783
4784,4784,797309.4170403588,0.2616995083914939,-0.1499242118539923,2,R2019-04784
4785,4785,139923.48890589137,0.2876844474215976,0.6012299032190672,3,R2018-04785
4786,4786,104169.51469583048,0.2903648068482229,0.1472567038929471,1,R2022-04786
4787,4787,1166.0290742157615,0.2380725427266938,-0.0352547862763315,0,R2018-04787
4788,4788,455605.3811659192,0.2421567164375194,-0.0490877774640578,2,R2019-04788
4789,4789,854260.0896860986,0.2557266496172574,0.0954557567755883,2,R2019-04789
4790,4790,91121.07623318383,0.2421567164375194,-0.0490877774640578,0,R2019-04790
4791,4791,62645.739910313896,0.2421567164375194,-0.0490877774640578,0,R2019-04791
4792,4792,139923.48890589137,0.306253986262757,-0.0537291134194547,0,R2018-04792
4793,4793,95614.38408569244,0.2846485737491708,0.6260238777072599,3,R2018-04793
4794,4794,233205.8148431523,0.2714754955335592,-0.081765223828415,0,R2018-04794
4795,4795,68340.80717488789,0.2421567164375194,-0.0490877774640578,0,R2019-04795
4796,4796,116602.90742157616,0.1803218336332858,0.0566021577638244,1,R2018-04796
4797,4797,68340.80717488789,0.2421567164375194,-0.0490877774640578,0,R2019-04797
4798,4798,9328.232593726092,0.391929385325707,-0.0782577032462818,0,R2018-04798
4799,4799,29150.72685539404,0.4331974049113523,-0.0595464706509113,0,R2018-04799
4800,4800,44399.12600145666,0.5017717126025365,-0.1099617372496911,0,R2021-04800
4801,4801,104169.51469583048,0.4853433937208523,-0.012627956962635,0,R2022-04801
4802,4802,32339.5225464191,0.3680962195253178,0.3629503293409151,3,R2023-04802
4803,4803,9000.0,0.1771373327763836,0.1477782425528047,1,R2024-04803
4804,4804,40424.40318302388,0.2552137669384475,-0.0447873345396345,0,R2023-04804
4805,4805,60000.0,0.2869775274357619,0.5075602378426619,3,R2024-04805
4806,4806,20534.595775673704,0.3676466859339569,-0.168220727022932,0,R2021-04806
4807,4807,17929.41176470588,0.3179301161562206,0.0316907633548584,0,R2017-04807
4808,4808,49972.67127773528,0.2894033336556363,0.0162364248157815,0,R2018-04808
4809,4809,284753.36322869954,0.4100318250168451,0.0797987623905462,0,R2019-04809
4810,4810,284753.36322869954,0.3985701309822784,0.0601839686424465,0,R2019-04810
4811,4811,73650.55762081784,0.3638580208324712,0.1361763848480184,0,R2020-04811
4812,4812,95623.52941176471,0.3924258836743576,-0.0558510235475613,0,R2017-04812
4813,4813,11390.13452914798,0.3788356692297915,-0.0230921377775306,0,R2019-04813
4814,4814,169962.8252788104,0.3918216503353672,0.0458305691954809,0,R2020-04814
4815,4815,58301.45371078808,0.2844235831358409,0.087928303179458,0,R2018-04815
4816,4816,179294.11764705885,0.5054805218206314,-0.1469502024700304,0,R2017-04816
4817,4817,169074.21576128542,0.4957344670485004,-0.1218432519802846,0,R2018-04817
4818,4818,23320.58148431523,0.3001207380153438,-0.046437548191293,0,R2018-04818
4819,4819,151591.51193633952,0.417771776117087,-0.0192197906891626,0,R2023-04819
4820,4820,5976.470588235295,0.2872633945681023,0.366028006392492,3,R2017-04820
4821,4821,145753.6342769702,0.2791972759347357,0.0645418026127441,1,R2018-04821
4822,4822,116602.90742157616,0.177818335193634,0.0746317389513703,1,R2018-04822
4823,4823,208339.02939166097,0.3248355057465073,0.0591292825904428,0,R2022-04823
4824,4824,790297.0822281167,0.2876168522893709,0.0383687559028388,2,R2023-04824
4825,4825,22780.26905829596,0.209098225669272,0.0894671584116559,0,R2019-04825
4826,4826,94348.1427530954,0.2549005952207743,0.5380111000007263,3,R2021-04826
4827,4827,68340.80717488789,0.4680501002646486,-0.3211125088043387,0,R2019-04827
4828,4828,15000.0,0.1266890582830864,0.0959328417341423,1,R2024-04828
4829,4829,79730.94170403587,0.3052927253717785,0.0295235943648546,0,R2019-04829
4830,4830,28475.33632286996,0.3874969030906657,-0.029164976038977,0,R2019-04830
4831,4831,15741.39250191278,0.2562119025565175,0.6125240093775784,3,R2018-04831
4832,4832,74035.87443946188,0.2002169310828311,0.304076063949918,3,R2019-04832
4833,4833,130000.0,0.5586854892871276,-0.5485444782752502,5,R2024-04833
4834,4834,2988.235294117648,0.143679061929824,0.1072839739262648,1,R2017-04834
4835,4835,73650.55762081784,0.4022752058127991,-0.0349513146644766,0,R2020-04835
4836,4836,45560.53811659192,0.3118289805249696,0.0107865354808249,0,R2019-04836
4837,4837,99898.03350327747,0.2839935355778424,0.2198681638412346,1,R2021-04837
4838,4838,72148.57975236708,0.3356625277318463,0.171722724834461,1,R2021-04838
4839,4839,87452.18056618211,0.3200224659973614,0.1351007253655937,0,R2018-04839
4840,4840,34980.87222647284,0.2065677975393991,0.1104169937963063,0,R2018-04840
4841,4841,71717.64705882352,0.4020199226792166,-0.226583172280284,0,R2017-04841
4842,4842,23905.88235294118,0.3015978496521233,-0.0372785356758524,0,R2017-04842
4843,4843,59764.705882352944,0.2527672976440811,0.03846057495454,0,R2017-04843
4844,4844,91121.07623318383,0.220092766992424,0.097704423265587,1,R2019-04844
4845,4845,113901.3452914798,0.2615834388214523,0.2101533323597271,1,R2019-04845
4846,4846,45560.53811659192,0.3765617322618799,-0.1198598872749297,0,R2019-04846
4847,4847,51255.60538116592,0.3086319077961933,0.0999971813744525,1,R2019-04847
4848,4848,20833.9029391661,0.2629109296611929,-0.0536337718698445,0,R2022-04848
4849,4849,22199.56300072833,0.2389910264763614,-0.107380310945548,0,R2021-04849
4850,4850,19565.48331838565,0.2378465121989537,-0.0072117958096955,1,R2019-04850
4851,4851,104169.51469583048,0.4529725137659905,-0.0392915246307887,0,R2022-04851
4852,4852,15625.427204374571,0.2863380182676,0.0107574440368173,0,R2022-04852
4853,4853,29150.72685539404,0.3655322289754781,0.1390501831942999,0,R2018-04853
4854,4854,79315.98513011153,0.3770892682535136,0.3057784979242866,3,R2020-04854
4855,4855,88544.08749145591,0.2893228359118298,0.1443397489369228,1,R2022-04855
4856,4856,40424.40318302388,0.3457351805198143,0.4946054451887408,3,R2023-04856
4857,4857,60000.0,0.2109239243200908,0.0568358924043301,1,R2024-04857
4858,4858,71717.64705882352,0.349883919069385,-0.1449480988805188,0,R2017-04858
4859,4859,41835.294117647056,0.3948095927139938,-0.1397965228504986,0,R2017-04859
4860,4860,57374.117647058825,0.4223197908106245,-0.0725626280376723,0,R2017-04860
4861,4861,216445.73925710123,0.2918003119767123,-0.0959794407048208,0,R2021-04861
4862,4862,208339.02939166097,0.2563048534946229,0.0004630784674206,0,R2022-04862
4863,4863,15625.427204374571,0.3196293793845751,-0.0100699077727083,0,R2022-04863
4864,4864,11099.781500364164,0.3763899854723507,-0.1046307094658018,0,R2021-04864
4865,4865,5208.475734791525,0.3103175828403758,-0.0914172771854553,0,R2022-04865
4866,4866,100000.0,0.3173253450799201,-0.127580390354454,0,R2024-04866
4867,4867,100000.0,0.4335671258669581,-0.3038846096710695,5,R2025-04867
4868,4868,10416.95146958305,0.2462397594863664,0.1497186722526622,0,R2022-04868
4869,4869,22661.71003717472,0.2480098542097905,0.5505246585681188,3,R2020-04869
4870,4870,34170.40358744394,0.3200791863082969,0.5887743473206356,3,R2019-04870
4871,4871,79315.98513011153,0.3474748292459133,0.5576818404967182,3,R2020-04871
4872,4872,70742.70557029177,0.2441059204801923,0.3400271867212698,3,R2023-04872
4873,4873,600000.0,0.1786796471553874,0.0802700386278633,2,R2025-04873
4874,4874,186962.8647214854,0.3848746165740331,0.1708991325204751,0,R2023-04874
4875,4875,107857.68936495794,0.1921104920271715,0.1884008488706941,1,R2018-04875
4876,4876,11099.781500364164,0.280052727112383,0.1471653348077086,0,R2021-04876
4877,4877,50000.0,0.0346077071740228,0.0170106304107681,1,R2024-04877
4878,4878,170852.01793721973,0.4269886862577875,0.0802953380467623,0,R2019-04878
4879,4879,5830.145371078807,0.1638120835384251,0.1250615490829055,1,R2018-04879
4880,4880,583014.5371078808,0.2604148762537209,0.0395440754451602,2,R2018-04880
4881,4881,170852.01793721973,0.3518895837430036,-0.0229255947174762,0,R2019-04881
4882,4882,113308.5501858736,0.3842980960443937,-0.0912570737288712,0,R2020-04882
4883,4883,9112.107623318385,0.3346750746465688,0.5423588872731742,3,R2019-04883
4884,4884,122000.0,0.2180163148807274,0.1183628145279285,1,R2024-04884
4885,4885,69961.74445294568,0.3396478885150056,0.1815021226204801,1,R2018-04885
4886,4886,10000.0,0.4869024478566738,-0.3866861308263751,5,R2024-04886
4887,4887,50000.0,0.0966749667652304,0.1111461461467624,1,R2024-04887
4888,4888,408110.17597551655,0.3553579770789011,0.1846498909235938,2,R2018-04888
4889,4889,31675.29411764706,0.303765043020228,0.4234937181973922,3,R2017-04889
4890,4890,85000.0,0.3984971236877719,0.1985164005131869,1,R2024-04890
4891,4891,10000.0,0.3752376968427993,-0.1387893938385058,0,R2025-04891
4892,4892,58301.45371078808,0.3070226059805317,-0.0172231322895619,0,R2018-04892
4893,4893,93282.32593726092,0.2833972971513206,0.1570897439975615,0,R2018-04893
4894,4894,5695.067264573991,0.2949916440681573,0.0234209367757535,0,R2019-04894
4895,4895,139923.48890589137,0.4205501655051379,0.3321094456023246,3,R2018-04895
4896,4896,305243.99126001453,0.4290434434210196,-0.0056349671686934,0,R2021-04896
4897,4897,95623.52941176471,0.3627072539999572,0.2532302876596825,1,R2017-04897
4898,4898,15159.151193633952,0.2379796705276313,0.268861638842703,1,R2023-04898
4899,4899,45560.53811659192,0.3156701790799444,0.1423465663900693,0,R2019-04899
4900,4900,17000.0,0.044936516177027,0.0629390989471737,1,R2024-04900
4901,4901,74035.87443946188,0.3135146113096212,0.6201927096359258,3,R2019-04901
4902,4902,5000.0,0.1467370987647747,0.1131285407128667,1,R2024-04902
4903,4903,239058.8235294117,0.1908242631695069,0.195172297541438,1,R2017-04903
4904,4904,29882.352941176472,0.3855030224874293,-0.0984541065593361,0,R2017-04904
4905,4905,71717.64705882352,0.5450010207587297,-0.1016615006660781,0,R2017-04905
4906,4906,58301.45371078808,0.1852335809905499,0.2500088853023683,1,R2018-04906
4907,4907,5053.050397877984,0.3186368720304158,-0.0439280897438183,0,R2023-04907
4908,4908,4220000.0,0.2068875079020349,-0.0265560492073143,4,R2024-04908
4909,4909,951791.8215613384,0.1954123972851945,0.0338720084074063,2,R2020-04909
4910,4910,666968.6304514155,0.3437851696180218,-0.1095126677765415,2,R2018-04910
4911,4911,20212.201591511937,0.2285508587109243,-0.0901771100541096,0,R2023-04911
4912,4912,716017.2413793104,0.12965184133877,0.0271867101400221,2,R2023-04912
4913,4913,631128.624535316,0.1887492462095913,0.0558882682992592,2,R2020-04913
4914,4914,543881.0408921933,0.1713631580049781,0.0848050947227895,2,R2020-04914
4915,4915,683408.0717488789,0.1873723070532551,-0.0029159733446244,2,R2019-04915
4916,4916,833356.1175666439,0.2361129604865728,-0.086481978606479,2,R2022-04916
4917,4917,29882.352941176472,0.4242725760364132,0.1960526102302698,3,R2017-04917
4918,4918,22661.71003717472,0.1754996284201233,0.182356336141947,1,R2020-04918
4919,4919,110997.81500364163,0.1855712029758557,0.0379796031987998,1,R2021-04919
4920,4920,250000.0,0.2143298333636998,0.0037312973997446,2,R2024-04920
4921,4921,1019776.9516728624,0.2649534278927211,0.0527487573774177,2,R2020-04921
4922,4922,998980.3350327748,0.235490149321605,0.1631237514514455,2,R2021-04922
4923,4923,101061.00795755968,0.2477249421398225,-0.0741397987431736,0,R2023-04923
4924,4924,27749.45375091041,0.2374743273297743,-0.0746926527294023,0,R2021-04924
4925,4925,83335.6117566644,0.2657200449422084,-0.0482567924732111,0,R2022-04925
4926,4926,5695.067264573991,0.2443483816787541,0.2203310233972012,1,R2019-04926
4927,4927,58301.45371078808,0.3800151654755742,-0.2289034651311879,0,R2018-04927
4928,4928,2868.705882352941,0.2286327362581774,0.0087269781631212,1,R2017-04928
4929,4929,53788.23529411765,0.2693556231235159,0.563874948856068,3,R2017-04929
4930,4930,35858.82352941176,0.4184468630495932,0.0163432346468887,0,R2017-04930
4931,4931,262964.7058823529,0.3914509488147605,0.0476154382081986,0,R2017-04931
4932,4932,35858.82352941176,0.4649660422902807,-0.0830802114367959,0,R2017-04932
4933,4933,56950.67264573991,0.2496678598894745,-0.0096994464561563,0,R2019-04933
4934,4934,145753.6342769702,0.2769657781524947,0.0279877813852849,0,R2018-04934
4935,4935,5737.411764705883,0.2873711633156857,0.1204334344425244,1,R2017-04935
4936,4936,16996.28252788104,0.3579225316417803,0.0876540649688494,0,R2020-04936
4937,4937,59764.705882352944,0.3253287852272543,-0.0494858635577838,0,R2017-04937
4938,4938,597647.0588235294,0.1979165435633108,0.123276261267594,2,R2017-04938
4939,4939,23320.58148431523,0.3440970139245415,0.0485529365236652,1,R2018-04939
4940,4940,27749.45375091041,0.2377204278387693,0.0916424194440148,1,R2021-04940
4941,4941,87452.18056618211,0.3920302170164178,0.0493156134923878,0,R2018-04941
4942,4942,5830.145371078807,0.2547923506778845,0.5918177649427979,3,R2018-04942
4943,4943,115436.87834736038,0.2852733673094746,0.0813796669825738,0,R2018-04943
4944,4944,5549.890750182082,0.2603969267457757,-0.0488236592689343,0,R2021-04944
4945,4945,62501.70881749829,0.3388253386878543,0.6089234229161056,3,R2022-04945
4946,4946,18750.512645249488,0.4200174885860357,0.459465874619803,3,R2022-04946
4947,4947,53470.758500382566,0.2894033336556363,0.0162364248157815,0,R2018-04947
4948,4948,49972.67127773528,0.2894033336556363,0.0162364248157815,0,R2018-04948
4949,4949,49972.67127773528,0.2894033336556363,0.0162364248157815,0,R2018-04949
4950,4950,31482.78500382556,0.3923030382173596,-0.2051144266831883,0,R2018-04950
4951,4951,23320.58148431523,0.3858876516726108,-0.1576419036610938,0,R2018-04951
4952,4952,31892.376681614347,0.4470051376883447,-0.0277093135220632,0,R2019-04952
4953,4953,105928.25112107625,0.1931962174362384,0.125221137899014,1,R2019-04953
4954,4954,261973.0941704036,0.1090568633059683,0.0790057327555649,2,R2019-04954
4955,4955,5713.542463657232,0.105289672296518,0.1282853243334411,1,R2018-04955
4956,4956,142376.68161434977,0.1964909357585721,0.1350658378755044,1,R2019-04956
4957,4957,5125.560538116592,0.3045744571981794,0.1547554508964997,1,R2019-04957
4958,4958,72918.66028708134,0.3219673983983755,-0.0094907775352721,1,R2022-04958
4959,4959,50000.0,0.5773394208667982,-0.4773554109031324,5,R2025-04959
4960,4960,75000.0,0.5773394208667982,-0.4773554109031324,5,R2025-04960
4961,4961,151591.51193633952,0.3163134605982176,0.11985502803231,1,R2023-04961
4962,4962,15000.0,0.1091362795569855,0.080116253968804,1,R2025-04962
4963,4963,79838.19628647214,0.2973389788781724,0.3468888187197781,3,R2023-04963
4964,4964,22199.56300072833,0.2903038069470908,0.2271288352102504,1,R2021-04964
4965,4965,53470.758500382566,0.2894033336556363,0.0162364248157815,0,R2018-04965
4966,4966,145753.6342769702,0.3309270210173462,-0.0467949068189987,0,R2018-04966
4967,4967,46641.16296863046,0.370209397947683,0.5148829109167326,3,R2018-04967
4968,4968,19822.494261667947,0.1460682361854434,-0.0282849304588708,1,R2018-04968
4969,4969,36459.33014354067,0.113806169703514,0.0321225678550438,1,R2022-04969
4970,4970,100000.0,0.5586854892871276,-0.5485444782752502,5,R2024-04970
4971,4971,15000.0,0.2765787775727635,0.2295218996190452,1,R2024-04971
4972,4972,4081.101759755165,0.3445305935787465,-0.1172533473837049,0,R2018-04972
4973,4973,10000.0,0.5571022919709916,-0.4980472496464517,5,R2024-04973
4974,4974,66598.689002185,0.3351175947051981,0.1710754408067511,0,R2021-04974
4975,4975,77698.47050254916,0.3616913903012778,-0.0881960017884399,0,R2021-04975
4976,4976,75000.0,0.5773394208667982,-0.4773554109031324,5,R2025-04976
4977,4977,10000.0,0.5571022919709916,-0.4980472496464517,5,R2024-04977
4978,4978,83670.58823529411,0.4616977203454051,-0.1878699032696651,0,R2017-04978
4979,4979,4243.294117647059,0.1883621256836692,0.0594042889214755,1,R2017-04979
4980,4980,332993.44501092494,0.4448005950760605,-0.0113364097592438,0,R2021-04980
4981,4981,46641.16296863046,0.3061626663632468,0.1700496255601195,0,R2018-04981
4982,4982,19792.20779220779,0.412996148300877,0.010351479073832,1,R2022-04982
4983,4983,30316.7559296098,0.2865633027983003,-0.0599733885119527,0,R2018-04983
4984,4984,28327.1375464684,0.3732593939444381,-0.0184280758423191,0,R2020-04984
4985,4985,7470.588235294118,0.4033252956369699,-0.0989359095030606,0,R2017-04985
4986,4986,5378.823529411765,0.2692988745105347,0.6017530477946487,3,R2017-04986
4987,4987,47811.76470588236,0.3117195049598689,0.6063448800449862,3,R2017-04987
4988,4988,50530.50397877984,0.1213520414540264,-0.0561614248245633,1,R2023-04988
4989,4989,597.6470588235294,0.2752482834649737,0.6346666787600201,3,R2017-04989
4990,4990,47811.76470588236,0.3915739690357597,-0.1802809209729641,0,R2017-04990
4991,4991,33299.3445010925,0.4438021216824637,-0.3213596817328094,0,R2021-04991
4992,4992,169962.8252788104,0.1951817165433204,0.024288499823121,0,R2020-04992
4993,4993,33992.56505576208,0.5123285367259304,0.0026829176588812,0,R2020-04993
4994,4994,33299.3445010925,0.3401558672185912,-0.0134114816960747,0,R2021-04994
4995,4995,33992.56505576208,0.4595936136869439,0.0250183629989168,0,R2020-04995
4996,4996,33992.56505576208,0.4646647061895077,0.0204804062868667,0,R2020-04996
4997,4997,31250.854408749143,0.3604723168942164,-0.0371093702936796,0,R2022-04997
4998,4998,33992.56505576208,0.5046371423168108,0.030152215991485,0,R2020-04998
4999,4999,33299.3445010925,0.5899328654438512,-0.4423211598477445,5,R2021-04999
5000,5000,31250.854408749143,0.3417836476034983,-0.044045263652177,0,R2022-05000
5001,5001,93282.32593726092,0.4120810727522503,0.0407492092267781,0,R2018-05001
5002,5002,33299.3445010925,0.4790896303431237,-0.192741264363702,0,R2021-05002
5003,5003,31250.854408749143,0.4480435586612782,-0.1140439628107731,0,R2022-05003
5004,5004,31250.854408749143,0.4772111538411795,-0.2204416379406338,0,R2022-05004
5005,5005,17085.20179372197,0.3591998767771392,-0.066933427956802,0,R2019-05005
5006,5006,34170.40358744394,0.3774231415681717,-0.075053511558905,0,R2019-05006
5007,5007,17085.20179372197,0.3111272128570491,0.6444453145862232,3,R2019-05007
5008,5008,505305.0397877984,0.2715015848482883,0.0597716920610067,2,R2023-05008
5009,5009,93282.32593726092,0.3403190139372674,0.1682519256931389,1,R2018-05009
5010,5010,46641.16296863046,0.351529751494027,0.1037926242299445,1,R2018-05010
5011,5011,130368.700265252,0.2818799017606788,-0.0907810853634097,1,R2023-05011
5012,5012,15000.0,0.2735251711185003,0.0457389785029469,1,R2024-05012
5013,5013,16996.28252788104,0.4950611301720507,0.002954588124012,0,R2020-05013
5014,5014,5549.890750182082,0.2590329421180203,0.6189535180831636,3,R2021-05014
5015,5015,20833.9029391661,0.2544475916289401,0.0561878911268319,0,R2022-05015
5016,5016,22780.26905829596,0.4554183857320045,-0.2634589568890591,0,R2019-05016
5017,5017,227802.6905829596,0.3345530891672524,-0.1665172099278732,0,R2019-05017
5018,5018,66598.689002185,0.3801453240143637,-0.0158032360899323,0,R2021-05018
5019,5019,170852.01793721973,0.4513620158064203,-0.045978289272389,0,R2019-05019
5020,5020,36258.736059479554,0.3964114016362252,0.0820170538282548,0,R2020-05020
5021,5021,13668.161434977575,0.4357089366845739,-0.1761040325289914,0,R2019-05021
5022,5022,359401.2413793103,0.3772108855114395,-0.2748243235172437,0,R2023-05022
5023,5023,22780.26905829596,0.4554183857320045,-0.2634589568890591,0,R2019-05023
5024,5024,5467.264573991031,0.3256459181891001,0.0987473299669832,0,R2019-05024
5025,5025,5695.067264573991,0.2482776880836408,0.5249419193785765,3,R2019-05025
5026,5026,5125.560538116592,0.277676847809673,0.5945945539711648,3,R2019-05026
5027,5027,33992.56505576208,0.1897279796125437,0.0414047424692217,1,R2020-05027
5028,5028,3125.085440874914,0.2506002187078945,-0.0704950195384514,0,R2022-05028
5029,5029,968161.4349775783,0.5004433412345012,-0.0972536418731427,2,R2019-05029
5030,5030,696848.4304932735,0.395424481877031,-0.0024947954402068,2,R2019-05030
5031,5031,5695.067264573991,0.3098188165738257,0.0753232837889081,0,R2019-05031
5032,5032,4556.053811659192,0.2352417294565984,0.1622881674453055,1,R2019-05032
5033,5033,181672.6457399103,0.291112419765942,0.228836638798211,1,R2019-05033
5034,5034,28475.33632286996,0.2493765294139585,0.0891287207372781,1,R2019-05034
5035,5035,125291.4798206278,0.3648191568237265,0.1128589807122743,1,R2019-05035
5036,5036,150000.0,0.26373364316485,-0.0476542329778919,0,R2025-05036
5037,5037,5546.995515695067,0.3991298265309855,-0.0722390805359834,0,R2019-05037
5038,5038,5695.067264573991,0.2140663581103996,0.2006100737950794,1,R2019-05038
5039,5039,8542.600896860986,0.4074843422914539,-0.0959714922627623,0,R2019-05039
5040,5040,68340.80717488789,0.2582314033113414,-0.13007671015503,0,R2019-05040
5041,5041,9675.91928251121,0.4530585764711581,-0.2089918582895737,0,R2019-05041
5042,5042,134403.5874439462,0.1933499736886068,0.3231679534061695,3,R2019-05042
5043,5043,17085.20179372197,0.121045008615244,0.1574688928383683,1,R2019-05043
5044,5044,77049.81412639405,0.4392445055142981,0.0693621671669307,0,R2020-05044
5045,5045,341704.03587443946,0.3635182568926538,0.0605636733528527,0,R2019-05045
5046,5046,11330.85501858736,0.1446988889484959,0.1739226660795615,1,R2020-05046
5047,5047,121273.20954907162,0.5586854892871276,-0.5485444782752502,5,R2023-05047
5048,5048,5125.560538116592,0.2410350463115622,0.4305747475161441,3,R2019-05048
5049,5049,2278.026905829596,0.4092956432361939,-0.2098283537772288,0,R2019-05049
5050,5050,50530.50397877984,0.3346373252457197,0.1971152633576177,1,R2023-05050
5051,5051,45000.0,0.1287600362379759,-0.0677197178011212,1,R2024-05051
5052,5052,41835.294117647056,0.3769499086490604,-0.1766782950150605,0,R2017-05052
5053,5053,283271.375464684,0.1779068714405936,0.1711051183501992,1,R2020-05053
5054,5054,283271.375464684,0.235057192865702,0.1991946450328416,2,R2020-05054
5055,5055,45560.53811659192,0.3634714924168259,0.5381763873864165,3,R2019-05055
5056,5056,113901.3452914798,0.4285160412366778,0.0414213436092925,0,R2019-05056
5057,5057,97385.65022421523,0.3928087877734552,0.6105249396674142,3,R2019-05057
5058,5058,2278.026905829596,0.0665128343745322,0.0791546383955734,1,R2019-05058
5059,5059,136681.61434977577,0.409656769914397,0.0191464334725355,0,R2019-05059
5060,5060,26197.30941704036,0.2167358137420936,0.2985557279972447,3,R2019-05060
5061,5061,281257.6896787423,0.3443329708280342,0.0002573902090432,2,R2022-05061
5062,5062,2266.171003717472,0.4048225419752175,-0.1714833729638456,0,R2020-05062
5063,5063,3000.0,0.5586854892871276,-0.5485444782752502,5,R2024-05063
5064,5064,50000.0,0.1836204636798964,0.0842265368332479,1,R2025-05064
5065,5065,520847.57347915246,0.1877609735612712,0.0537130071722806,2,R2022-05065
5066,5066,56950.67264573991,0.186743394615835,0.1912325133992985,1,R2019-05066
5067,5067,85426.00896860987,0.2835344531917624,-0.0049987969039851,0,R2019-05067
5068,5068,149951.1210762332,0.2785219006353225,0.0837744482449798,0,R2019-05068
5069,5069,12529.14798206278,0.3871000617088105,-0.2178759263387165,0,R2019-05069
5070,5070,21528.624535315983,0.2205525657184883,0.4710938833117485,3,R2020-05070
5071,5071,6798.513011152416,0.1947178027792009,0.0898974952293643,1,R2020-05071
5072,5072,99144.9814126394,0.4893750999937018,-0.2605207589341477,0,R2020-05072
5073,5073,9112.107623318385,0.1945842362209176,0.1581738519523267,1,R2019-05073
5074,5074,74035.87443946188,0.3394387472428419,-0.0965721410108323,0,R2019-05074
5075,5075,72400.0,0.3743054920806764,-0.1959315547541223,0,R2024-05075
5076,5076,79730.94170403587,0.5426354988419793,-0.1261611914270713,0,R2019-05076
5077,5077,22199.56300072833,0.3624903851048518,0.1488624247158196,1,R2021-05077
5078,5078,200000.0,0.3477850203536545,-0.064454471493367,0,R2024-05078
5079,5079,97018.5676392573,0.2165763870463167,0.2803030511972837,3,R2023-05079
5080,5080,50530.50397877984,0.5586854892871276,-0.5485444782752502,5,R2023-05080
5081,5081,66598.689002185,0.1753563866056536,0.074773820948194,1,R2021-05081
5082,5082,16649.67225054625,0.2821558391646224,0.0393534793338802,0,R2021-05082
5083,5083,22199.56300072833,0.3407337697632782,0.003709199614039,0,R2021-05083
5084,5084,16667.122351332877,0.4103509918136768,-0.067071112262665,0,R2022-05084
5085,5085,33992.56505576208,0.387686229359901,-0.0608125808022992,0,R2020-05085
5086,5086,91121.07623318383,0.3909979079819387,-0.1288274083842079,0,R2019-05086
5087,5087,10000.0,0.4430073988528147,-0.3982984099073685,5,R2024-05087
5088,5088,341704.03587443946,0.3622103918777842,-0.0176894355670489,0,R2019-05088
5089,5089,10251.121076233185,0.1292111431348424,0.1869789574701498,1,R2019-05089
5090,5090,7931.598513011152,0.2449094269140886,0.3837527237724887,1,R2020-05090
5091,5091,34170.40358744394,0.3670044943273783,0.0380730643280206,0,R2019-05091
5092,5092,102511.21076233184,0.2885022367963772,-0.07849897161887,0,R2019-05092
5093,5093,22780.26905829596,0.296467476631616,0.5535146581965713,3,R2019-05093
5094,5094,601312.99734748,0.2590392071840788,0.0375922235738149,2,R2023-05094
5095,5095,33350.132625994695,0.2777189960029358,0.0094734116583373,0,R2023-05095
5096,5096,284000.0,0.2849789064821352,0.0370237686428771,0,R2024-05096
5097,5097,9375.256322624744,0.0529967181390149,-0.0002188007787735,1,R2022-05097
5098,5098,99898.03350327747,0.3942327761532945,0.1763588654509643,1,R2021-05098
5099,5099,73650.55762081784,0.4512807367209417,0.0249908876898989,0,R2020-05099
5100,5100,38849.23525127458,0.3226547123447789,-0.1448021550121542,0,R2021-05100
5101,5101,39657.99256505576,0.4399939763277805,-0.0942868710285903,0,R2020-05101
5102,5102,49949.016751638745,0.3764371479505039,0.0127236624924626,0,R2021-05102
5103,5103,5410.313901345291,0.2970149760883431,-0.0422939986706108,0,R2019-05103
5104,5104,226617.1003717472,0.3905109317711312,0.1901380799751711,1,R2020-05104
5105,5105,22199.56300072833,0.4504277621622954,-0.065263823569013,0,R2021-05105
5106,5106,45323.42007434944,0.4071130776568417,0.0404369876753434,0,R2020-05106
5107,5107,28475.33632286996,0.456404584974323,-0.0594024711446645,0,R2019-05107
5108,5108,56950.67264573991,0.1990825750716706,0.1023260281439892,1,R2019-05108
5109,5109,30722.546419098144,0.2290034048640514,-0.0038234117659971,0,R2023-05109
5110,5110,20833.9029391661,0.4020204746056061,-0.0996986753997166,0,R2022-05110
5111,5111,9112.107623318385,0.300452196133428,0.5028392303945105,3,R2019-05111
5112,5112,3417.0403587443943,0.365842383169603,-0.1810585796820464,0,R2019-05112
5113,5113,1708.5201793721972,0.2968938266596552,-0.1656047519085277,0,R2019-05113
5114,5114,11390.13452914798,0.1336760560890884,0.1475717114865871,1,R2019-05114
5115,5115,148071.74887892377,0.2455485299687102,0.2053866506761694,2,R2019-05115
5116,5116,30000.0,0.1284935526798528,0.1852576302156725,1,R2024-05116
5117,5117,1041.6951469583048,0.3872987620900921,-0.2039806219533597,0,R2022-05117
5118,5118,5695.067264573991,0.2750505939435863,0.5574972826536185,3,R2019-05118
5119,5119,142376.68161434977,0.3627413995674523,0.1927772264184521,1,R2019-05119
5120,5120,22199.56300072833,0.1962926269705867,0.0447036644589419,0,R2021-05120
5121,5121,125291.4798206278,0.3618112181163034,-0.1564236946932283,0,R2019-05121
5122,5122,68340.80717488789,0.3432288883521802,-0.012613888848111,0,R2019-05122
5123,5123,1699.628252788104,0.1507089350111829,0.1888219249143129,1,R2020-05123
5124,5124,396579.9256505576,0.2915676322388369,0.1973038158743583,2,R2020-05124
5125,5125,26197.30941704036,0.2014435157340213,0.1607964668724952,1,R2019-05125
5126,5126,1699.628252788104,0.2237619487246593,0.2158840607735391,1,R2020-05126
5127,5127,6834.080717488789,0.1819026932896674,0.0321930212806445,1,R2019-05127
5128,5128,101977.69516728623,0.4082682873197221,0.016672982818709,0,R2020-05128
5129,5129,22650.37918215613,0.2582727741347323,0.3924759987923508,3,R2020-05129
5130,5130,23958.988380041013,0.1169013799950229,0.0546487973251426,1,R2022-05130
5131,5131,83248.36125273124,0.3723857868459778,0.3110816374710037,3,R2021-05131
5132,5132,22780.26905829596,0.4290549866026324,-0.0481401123872644,0,R2019-05132
5133,5133,88798.25200291332,0.4031699767056259,-0.050137997570167,0,R2021-05133
5134,5134,26042.37867395762,0.3655067718057535,-0.1402597472889704,0,R2022-05134
5135,5135,1041.6951469583048,0.2881416491072448,0.0309611100609883,1,R2022-05135
5136,5136,7579.575596816976,0.3730329071859691,-0.0679689620522274,0,R2023-05136
5137,5137,156254.27204374573,0.4093091416870416,-0.3295943374132853,5,R2022-05137
5138,5138,11330.85501858736,0.3119935091405862,0.1594789450427484,1,R2020-05138
5139,5139,52471.30833970927,0.2901270761872741,0.1228215268283759,0,R2018-05139
5140,5140,69961.74445294568,0.3843660264663167,-0.0586067917539104,0,R2018-05140
5141,5141,96312.26765799256,0.3377588573002432,0.1710837500534785,1,R2020-05141
5142,5142,23320.58148431523,0.4462854709369128,0.0110818618648696,0,R2018-05142
5143,5143,62645.739910313896,0.3878308327151548,0.4510870786392567,3,R2019-05143
5144,5144,15625.427204374571,0.3066024560818821,-0.1995999934287882,0,R2022-05144
5145,5145,26197.30941704036,0.3615756519328867,-0.0751637841087199,0,R2019-05145
5146,5146,13668.161434977575,0.1967316596712819,0.0964087965280688,1,R2019-05146
5147,5147,159461.88340807174,0.4643729502269167,-0.0976269410667966,0,R2019-05147
5148,5148,100597.66816143498,0.2942228495630784,0.07760473201651,0,R2019-05148
5149,5149,100597.66816143498,0.2942228495630784,0.07760473201651,0,R2019-05149
5150,5150,245000.0,0.3325560024212157,0.1083493565477186,1,R2024-05150
5151,5151,22095.167286245352,0.3082785454136696,0.0207902449852232,1,R2020-05151
5152,5152,5046.968609865471,0.4077950547067349,-0.0192281785606,0,R2019-05152
5153,5153,99898.03350327747,0.4092906578512799,0.0476223319295102,0,R2021-05153
5154,5154,88022.9596412556,0.2942228495630784,0.07760473201651,0,R2019-05154
5155,5155,125747.08520179371,0.2942228495630784,0.07760473201651,0,R2019-05155
5156,5156,125747.08520179371,0.2942228495630784,0.07760473201651,0,R2019-05156
5157,5157,21288.161434977577,0.3288206456791365,0.02404753549965,1,R2019-05157
5158,5158,52084.75734791524,0.3334149621146244,-0.0035843962281669,1,R2022-05158
5159,5159,5976.470588235295,0.0412821925572034,0.0933935117838627,1,R2017-05159
5160,5160,24000.0,0.1678848371574569,-0.0434933726179079,1,R2025-05160
5161,5161,24300.0,0.1472067508755659,-0.0937020487244898,1,R2024-05161
5162,5162,23300.0,0.1170709045115288,-0.050286532503391,1,R2024-05162
5163,5163,23300.0,0.1170709045115288,-0.050286532503391,1,R2024-05163
5164,5164,86033.60218728641,0.3246264619791343,0.2491508522543091,1,R2022-05164
5165,5165,3645.933014354067,0.2875108126150638,-0.009534767355283,0,R2022-05165
5166,5166,126326.2599469496,0.3802311445519201,-0.2839337759794569,5,R2023-05166
5167,5167,29640.0,0.120660558001511,-0.0543897014021386,1,R2024-05167
5168,5168,12715.49602122016,0.120660558001511,-0.0543897014021386,1,R2023-05168
5169,5169,4042.4403183023874,0.3817714527467033,-0.0623923998220444,0,R2023-05169
5170,5170,5208.475734791525,0.3522184426789776,-0.0066718221598776,0,R2022-05170
5171,5171,51255.60538116592,0.3770678616269848,-0.0015848463180792,0,R2019-05171
5172,5172,3125.085440874914,0.4309483465183805,-0.255970230774486,0,R2022-05172
5173,5173,11099.781500364164,0.2571154761005672,-0.0185356578609757,0,R2021-05173
5174,5174,179588.24333561177,0.2564819889684319,-0.0197921577698249,0,R2022-05174
5175,5175,440747.5985130111,0.4109207506412692,0.1958851312549797,2,R2020-05175
5176,5176,215630.8954203691,0.2166536781057424,0.1628223906836365,1,R2022-05176
5177,5177,96568.09905316823,0.2264827391012906,0.1963256743452551,1,R2021-05177
5178,5178,45477.453580901856,0.1640562891729709,0.2188505498428034,1,R2023-05178
5179,5179,46876.28161312372,0.1629707730033733,0.3433276357259033,3,R2022-05179
5180,5180,1699628.252788104,0.3897764859451587,0.0071237782111869,4,R2020-05180
5181,5181,305243.99126001453,0.3293970500182483,0.0529380576747949,0,R2021-05181
5182,5182,141788.60888565186,0.3445292480040668,-0.0753995773940677,0,R2021-05182
5183,5183,191151.5241635688,0.2585342289066298,-0.0861412596447292,0,R2020-05183
5184,5184,86578.29570284049,0.358142079006832,-0.0533001477077914,0,R2021-05184
5185,5185,2000.0,0.1772384428555654,-0.0231860065173422,1,R2024-05185
5186,5186,121273.20954907162,0.0946440619852733,-0.0370676778114043,1,R2023-05186
5187,5187,47811.76470588236,0.2958950778532549,-0.2040388653478223,0,R2017-05187
5188,5188,53788.23529411765,0.2222831741140234,0.0231215557993332,0,R2017-05188
5189,5189,3585.8823529411766,0.2857018253298983,0.1124053481991499,1,R2017-05189
5190,5190,20320.0,0.208842983350409,0.0178529321275805,1,R2017-05190
5191,5191,88798.25200291332,0.3915192565922972,-0.2304096099173409,0,R2021-05191
5192,5192,5797.176470588235,0.2627506213677975,0.621923358643669,3,R2017-05192
5193,5193,29882.352941176472,0.2177400667068001,-0.0242198314788829,0,R2017-05193
5194,5194,58301.45371078808,0.3134649954000589,-0.06998625864503,0,R2018-05194
5195,5195,23320.58148431523,0.1776938238760517,0.0733960183594318,0,R2018-05195
5196,5196,56654.2750929368,0.3822260407234422,-0.0957864397194726,0,R2020-05196
5197,5197,58569.41176470588,0.2619395617443298,0.1704414164006929,1,R2017-05197
5198,5198,15159.151193633952,0.1743250765752937,-0.1098543818886324,1,R2023-05198
5199,5199,15159.151193633952,0.2195757419637703,-0.0230709371405964,1,R2023-05199
5200,5200,25000.0,0.2750020239199687,0.1660429986956912,1,R2024-05200
5201,5201,33000.0,0.5586854892871276,-0.5485444782752502,5,R2024-05201
5202,5202,5976.470588235295,0.3083752590981681,0.3909859971543786,1,R2017-05202
5203,5203,157413.9250191278,0.3909304816549889,-0.0785659352120686,0,R2018-05203
5204,5204,5976.470588235295,0.269354555556852,0.0518436669860958,1,R2017-05204
5205,5205,10416.95146958305,0.3051193681753733,0.1246022081684704,0,R2022-05205
5206,5206,28327.1375464684,0.3487035959735475,0.0112449035282279,0,R2020-05206
5207,5207,28327.1375464684,0.3530970761065137,-0.0155326017246467,0,R2020-05207
5208,5208,93282.32593726092,0.4599635633578514,-0.1112546268887216,0,R2018-05208
5209,5209,2390.5882352941176,0.1719358958026392,0.177726955189362,1,R2017-05209
5210,5210,2219.956300072833,0.2867636474176692,0.1397223229504016,0,R2021-05210
5211,5211,11099.781500364164,0.288674702540921,0.1275653282792596,0,R2021-05211
5212,5212,2219.956300072833,0.2712732590367056,0.130314680170987,0,R2021-05212
5213,5213,11099.781500364164,0.2575650881762319,0.11201547577511,0,R2021-05213
5214,5214,10416.95146958305,0.2575650881762319,0.11201547577511,0,R2022-05214
5215,5215,3125.085440874914,0.2598857572478288,0.1269502428315679,0,R2022-05215
5216,5216,11099.781500364164,0.2912896020074385,0.1313146952093648,0,R2021-05216
5217,5217,2219.956300072833,0.2803804393962608,0.1361559624466897,0,R2021-05217
5218,5218,23905.88235294118,0.3308494332260799,0.1162236487284617,1,R2017-05218
5219,5219,83670.58823529411,0.4089289120572012,-0.0773917400010902,0,R2017-05219
5220,5220,45000.0,0.3102782848285103,-0.2227018734146008,0,R2024-05220
5221,5221,35858.82352941176,0.2941211156429538,0.0092117880191559,0,R2017-05221
5222,5222,1078155.294117647,0.2434273157676089,0.0967255743596141,2,R2017-05222
5223,5223,91121.07623318383,0.3838637126010351,0.2035367318427111,1,R2019-05223
5224,5224,198418.8235294117,0.2791145912425374,0.1809678994213665,2,R2017-05224
5225,5225,4781.176470588235,0.2601432281299621,0.6365598239388168,3,R2017-05225
5226,5226,5208.475734791525,0.1983161404401771,0.1832869447444304,1,R2022-05226
5227,5227,210266.16541353383,0.4151467386584686,0.4164003111755688,3,R2022-05227
5228,5228,106510.0371747212,0.334500373493921,0.5414260882378698,3,R2020-05228
5229,5229,5665.4275092936805,0.3135872102853574,0.1428580368018414,1,R2020-05229
5230,5230,113901.3452914798,0.3766963215329217,-0.0333976418707096,0,R2019-05230
5231,5231,64585.87360594796,0.3207102516588092,0.430712904961854,3,R2020-05231
5232,5232,92000.0,0.2609875458016251,0.4886225893036587,3,R2024-05232
5233,5233,5512.696470588236,0.0979077881509289,0.0526974559568615,1,R2017-05233
5234,5234,31250.854408749143,0.2560306970818846,-0.0767046426777337,0,R2022-05234
5235,5235,89647.05882352941,0.3344269648175743,0.6134432467463854,3,R2017-05235
5236,5236,8000.0,0.0589307325986457,0.0941826426497682,1,R2024-05236
5237,5237,17085.20179372197,0.1514881980220291,0.0648187292759278,1,R2019-05237
5238,5238,95623.52941176471,0.3544142746092359,-0.0520957052708641,0,R2017-05238
5239,5239,71717.64705882352,0.342729758837668,-0.0531807971124116,0,R2017-05239
5240,5240,41835.294117647056,0.3726385127129849,-0.1955518299179746,0,R2017-05240
5241,5241,94348.1427530954,0.1999482997381242,0.0345021052170438,1,R2021-05241
5242,5242,235000.0,0.2400633815263153,0.1844413077665946,1,R2025-05242
5243,5243,35320.94117647059,0.3406905647212814,-0.0255115901131153,0,R2017-05243
5244,5244,23905.88235294118,0.4787079196277128,-0.2275163200841247,0,R2017-05244
5245,5245,49949.016751638745,0.3585044681091386,0.0261137912205036,0,R2021-05245
5246,5246,71717.64705882352,0.3232471803916599,0.0297755387924954,0,R2017-05246
5247,5247,1195.2941176470588,0.2649293300287495,0.6260249497968977,3,R2017-05247
5248,5248,20729.73342447027,0.4378323053291708,-0.0237177271336202,0,R2022-05248
5249,5249,119529.41176470587,0.3068341439746901,-0.0225116454603229,0,R2017-05249
5250,5250,10106.100795755969,0.0433999902590874,0.0466312662130896,1,R2023-05250
5251,5251,186564.65187452183,0.3041963954205352,0.074623101987172,0,R2018-05251
5252,5252,101600.0,0.4194397268669483,-0.2059998303849291,0,R2017-05252
5253,5253,80000.0,0.2759176305837684,0.1267284559698137,1,R2024-05253
5254,5254,100000.0,0.4256441530506901,-0.1779074145300989,0,R2025-05254
5255,5255,1792.9411764705883,0.2442473029905054,-0.0296003184022484,0,R2017-05255
5256,5256,2021.2201591511937,0.2070902177932935,0.1069344201104748,1,R2023-05256
5257,5257,50530.50397877984,0.2137670860874704,0.1595562754390653,1,R2023-05257
5258,5258,3986.5470852017934,0.2907189292487679,0.2111708242662875,1,R2019-05258
5259,5259,79315.98513011153,0.3844281823842705,0.3520642054165681,3,R2020-05259
5260,5260,654135.0462739099,0.3093767900587005,0.1859553138108417,2,R2018-05260
5261,5261,89647.05882352941,0.3892089340781602,0.0471907623203901,0,R2017-05261
5262,5262,23905.88235294118,0.3739035860756703,-0.0247481451024615,0,R2017-05262
5263,5263,5976.470588235295,0.1829731975639444,0.0312182639476622,1,R2017-05263
5264,5264,284753.36322869954,0.4236133771725581,-0.0262483920489129,0,R2019-05264
5265,5265,5549.890750182082,0.3608341564174417,0.0032521630123953,0,R2021-05265
5266,5266,179294.11764705885,0.3521992932843777,0.2073559037356647,0,R2017-05266
5267,5267,233082.35294117648,0.3330609022643384,0.0180093916362399,0,R2017-05267
5268,5268,33299.3445010925,0.4329354657034958,-0.0990225540523199,0,R2021-05268
5269,5269,85000.0,0.5586854892871276,-0.5485444782752502,5,R2024-05269
5270,5270,28327.1375464684,0.3549276433880521,0.002481899700286,0,R2020-05270
5271,5271,29882.352941176472,0.4136824557269909,-0.0554588653856625,0,R2017-05271
5272,5272,29882.352941176472,0.3252162415842898,-0.055447454098262,0,R2017-05272
5273,5273,5378.823529411765,0.1954395324301787,0.1970488380402899,1,R2017-05273
5274,5274,27491.76470588236,0.3221600473504965,0.3811009666839812,3,R2017-05274
5275,5275,53788.23529411765,0.4134551696480373,-0.0298818840561245,0,R2017-05275
5276,5276,35858.82352941176,0.1156156645843813,0.1575330963210782,1,R2017-05276
5277,5277,55498.90750182082,0.2551015083728579,-0.0287513300473503,0,R2021-05277
5278,5278,59764.705882352944,0.3410649172688151,0.6158150328409399,3,R2017-05278
5279,5279,5976.470588235295,0.2918479554479367,0.2006700012887224,1,R2017-05279
5280,5280,215152.9411764706,0.2963014686047517,0.0235616328296208,0,R2017-05280
5281,5281,537882.3529411765,0.3541444205815938,0.1115433228788837,2,R2017-05281
5282,5282,5856.941176470588,0.2945811000595681,0.6073972282468699,3,R2017-05282
5283,5283,30318.302387267904,0.4650245324218923,-0.4197490704091128,5,R2023-05283
5284,5284,28475.33632286996,0.4420095179886423,0.0056361020151216,0,R2019-05284
5285,5285,31250.854408749143,0.3268860138079074,-0.0529708203767493,0,R2022-05285
5286,5286,20395.539033457248,0.3509741041339899,-0.0761902940164494,0,R2020-05286
5287,5287,107576.4705882353,0.3735010196285128,-0.0482349389494255,0,R2017-05287
5288,5288,20320.0,0.4052267126743329,-0.0089451331010345,0,R2017-05288
5289,5289,11952.94117647059,0.0965570694328982,0.1665426819962114,1,R2017-05289
5290,5290,23905.88235294118,0.3748089544168468,-0.1289040843781739,0,R2017-05290
5291,5291,59764.705882352944,0.350566405423602,-0.0099215526159625,0,R2017-05291
5292,5292,145753.6342769702,0.4056867559046193,-0.1740792552879575,0,R2018-05292
5293,5293,15625.427204374571,0.3624459347220868,0.4636428225532324,3,R2022-05293
5294,5294,69961.74445294568,0.3337946937796419,0.01972985468082,0,R2018-05294
5295,5295,110997.81500364163,0.3109227416854237,-0.0104389782154227,0,R2021-05295
5296,5296,11390.13452914798,0.34684342548961,0.1373865627689384,1,R2019-05296
5297,5297,14343.529411764706,0.2052385394043558,0.1678913785913865,1,R2017-05297
5298,5298,349808.72226472845,0.3265724090249267,0.6093139527947653,3,R2018-05298
5299,5299,5976.470588235295,0.153257113964415,0.0674732575696867,1,R2017-05299
5300,5300,17929.41176470588,0.3026981526503253,-0.0579113066511296,0,R2017-05300
5301,5301,60636.60477453581,0.1076691330348209,0.1159523156013399,1,R2023-05301
5302,5302,58301.45371078808,0.2814391920749186,0.1580107603659425,0,R2018-05302
5303,5303,56950.67264573991,0.280370625060361,-0.0393550908259659,0,R2019-05303
5304,5304,14000.0,0.2125446798982171,0.2763601276234242,3,R2024-05304
5305,5305,67629.68630451417,0.3973677834430887,0.1071302172749735,1,R2018-05305
5306,5306,3824.941176470588,0.1616511862819339,0.1347767599827293,1,R2017-05306
5307,5307,10416.95146958305,0.3914751090313427,0.5570162039024337,3,R2022-05307
5308,5308,60000.0,0.0417666156360848,0.0573432744265067,1,R2024-05308
5309,5309,46641.16296863046,0.3499483088887759,-0.1355657957029452,0,R2018-05309
5310,5310,91121.07623318383,0.3853863787246572,-0.2128312092324917,0,R2019-05310
5311,5311,53788.23529411765,0.3521131632291074,0.1278567774698157,1,R2017-05311
5312,5312,35858.82352941176,0.3800368383045254,-0.1358968489722986,0,R2017-05312
5313,5313,17490.43611323642,0.2988051763399714,0.1156958867234716,0,R2018-05313
5314,5314,151591.51193633952,0.146494831912274,0.0799403850867702,1,R2023-05314
5315,5315,23905.88235294118,0.4125742627043107,-0.0915168018720336,0,R2017-05315
5316,5316,107576.4705882353,0.415144293434338,0.1869773246876815,0,R2017-05316
5317,5317,54965.4,0.3929254506545266,0.0035829982827697,0,R2024-05317
5318,5318,35858.82352941176,0.1402347595021465,0.1139240703409763,1,R2017-05318
5319,5319,13148.235294117649,0.322122401568997,0.6203210867166836,3,R2017-05319
5320,5320,221129.41176470587,0.3815987195950067,-0.0098666064734614,0,R2017-05320
5321,5321,5737.411764705883,0.2370081043650537,0.1731877058828783,1,R2017-05321
5322,5322,498459.1623529412,0.2416883962498679,0.1169613605851509,2,R2017-05322
5323,5323,52592.94117647059,0.312937069382306,-0.0475461776721495,0,R2017-05323
5324,5324,95623.52941176471,0.3063167788616475,-0.0402933283676856,0,R2017-05324
5325,5325,5830.145371078807,0.3723965613988355,-0.0128280711362666,0,R2018-05325
5326,5326,569.506726457399,0.173615253362954,0.2386152311794003,1,R2019-05326
5327,5327,153915.8377964805,0.3212088741436475,-0.1162827201337694,0,R2018-05327
5328,5328,73459.83167559297,0.2583203478052135,-0.0715546649718691,0,R2018-05328
5329,5329,111901.04470588236,0.401122595464295,-0.0512920722759505,0,R2017-05329
5330,5330,14343.529411764706,0.2524439113685686,0.2179460599836206,1,R2017-05330
5331,5331,33299.3445010925,0.4176424728742413,-0.0102268283295478,0,R2021-05331
5332,5332,33992.56505576208,0.4061909484134034,0.1610859579371642,0,R2020-05332
5333,5333,53788.23529411765,0.2090829107730744,0.0479905041266692,0,R2017-05333
5334,5334,56178.82352941176,0.3133552216389866,-0.1203904205894193,0,R2017-05334
5335,5335,221545.5241009947,0.3062397982402511,0.6234519074445863,3,R2018-05335
5336,5336,2915.072685539404,0.2999389274344559,0.1252689598690768,0,R2018-05336
5337,5337,5976.470588235295,0.2291157499901928,0.122631353641368,1,R2017-05337
5338,5338,226617.1003717472,0.4290473074967201,-0.0099381534526352,0,R2020-05338
5339,5339,56594.16445623342,0.3239154982606828,-0.1029855023540062,0,R2023-05339
5340,5340,81280.0,0.2872791459540194,-0.0855523984852702,0,R2017-05340
5341,5341,89647.05882352941,0.2483302054380543,0.0447411960619101,0,R2017-05341
5342,5342,141044.70588235295,0.3225169981602847,-0.0979794727913892,0,R2017-05342
5343,5343,95730.98699311404,0.3675755415666887,-0.1437807840871382,0,R2018-05343
5344,5344,53788.23529411765,0.4315212730585671,-0.003259668672935,0,R2017-05344
5345,5345,119529.41176470587,0.2926488285704035,0.1814868997213198,0,R2017-05345
5346,5346,81280.0,0.3733119084417846,-0.0259629770366118,0,R2017-05346
5347,5347,72912.94117647059,0.3421406870161058,-0.1174793723081799,0,R2017-05347
5348,5348,65741.17647058824,0.2486478879117104,-0.0082622743826702,0,R2017-05348
5349,5349,11952.94117647059,0.3707627990039804,-0.0625723175404256,0,R2017-05349
5350,5350,38478.95944912013,0.3651585836962204,-0.1787886031869797,0,R2018-05350
5351,5351,51305.279265493504,0.319128720435383,0.0230665432759688,0,R2018-05351
5352,5352,9328.232593726092,0.3013028186782888,0.0423348421218736,0,R2018-05352
5353,5353,277494.5375091041,0.3577444303721249,0.0017794456148213,0,R2021-05353
5354,5354,50000.0,0.6032832908162081,-0.5310683680445598,5,R2024-05354
5355,5355,91018.20830298615,0.3199199929968277,0.0329895222756912,0,R2021-05355
5356,5356,77694.11764705883,0.4754340169295029,-0.0194475521407198,0,R2017-05356
5357,5357,35858.82352941176,0.2772127096453274,0.4020493613550572,3,R2017-05357
5358,5358,11952.94117647059,0.1739411352436982,0.1538238581674386,1,R2017-05358
5359,5359,119529.41176470587,0.3036296108206902,0.0424419879183368,0,R2017-05359
5360,5360,52471.30833970927,0.1694802420288675,0.0150063523686836,1,R2018-05360
5361,5361,21515.29411764706,0.4096886241205268,-0.0619405108580724,0,R2017-05361
5362,5362,634002.2242152466,0.2546871931431922,-0.0704607655451553,2,R2019-05362
5363,5363,10668.0,0.4062789004300342,-0.0420824236664397,0,R2017-05363
5364,5364,95623.52941176471,0.3851689519876154,0.2425812237302828,1,R2017-05364
5365,5365,21528.624535315983,0.252150567835372,0.1906410717319926,0,R2020-05365
5366,5366,3585.8823529411766,0.3065050081154385,-0.0875646775636443,0,R2017-05366
5367,5367,44399.12600145666,0.1746675078777582,0.2408801847304633,1,R2021-05367
5368,5368,358588.23529411765,0.3904447238056353,-0.0080928871602851,0,R2017-05368
5369,5369,4183.529411764706,0.234191336533588,0.2250396111062959,1,R2017-05369
5370,5370,45421.17647058824,0.4154720192355025,-0.0414625093745704,0,R2017-05370
5371,5371,8367.058823529413,0.1555161546667785,0.1111470603667083,1,R2017-05371
5372,5372,151583.779648049,0.362117523521928,0.1158515335465151,3,R2018-05372
5373,5373,130304.83271375464,0.1923479258069198,0.0099848460905144,1,R2020-05373
5374,5374,13604.06120887529,0.365250405675732,0.0010799749484692,0,R2018-05374
5375,5375,107576.4705882353,0.3976871715311064,-0.008903758270963,0,R2017-05375
5376,5376,116602.90742157616,0.3571392620104142,0.0761520863739584,0,R2018-05376
5377,5377,5856.941176470588,0.3914529396350602,0.0447158421544628,0,R2017-05377
5378,5378,541315.0053557768,0.275779258610906,-0.1465689689506316,2,R2018-05378
5379,5379,5976.470588235295,0.1973333194759366,0.1446935165094725,1,R2017-05379
5380,5380,20212.201591511937,0.1620793955901313,0.134395451483919,1,R2023-05380
5381,5381,59764.705882352944,0.2489689453060992,0.1026228080690318,0,R2017-05381
5382,5382,33468.23529411765,0.312925676509801,0.585838463238795,3,R2017-05382
5383,5383,112000.0,0.0895549772151483,0.1756657628194021,1,R2024-05383
5384,5384,13604.06120887529,0.365250405675732,0.0010799749484692,0,R2018-05384
5385,5385,17929.41176470588,0.5741535042473027,-0.3828452816661538,5,R2017-05385
5386,5386,1480109.933085502,0.2161979332276989,0.1399934945087109,4,R2020-05386
5387,5387,849814.1263940521,0.1757032512635373,0.1580071212341322,2,R2020-05387
5388,5388,41835.294117647056,0.3946318052131269,-0.0576251051964047,0,R2017-05388
5389,5389,332993.44501092494,0.4007581684283147,0.01918655385596,0,R2021-05389
5390,5390,8498.14126394052,0.3020021622572054,0.0210728528714909,0,R2020-05390
5391,5391,141635.687732342,0.3849777563404875,0.4107910399708628,3,R2020-05391
5392,5392,8498.14126394052,0.3389004437100107,0.0786121537958655,0,R2020-05392
5393,5393,169962.8252788104,0.3322497249225741,0.0048754847794267,0,R2020-05393
5394,5394,59307.71205947955,0.1884012200807799,0.149078985490064,1,R2020-05394
5395,5395,5549.890750182082,0.0583780827140327,0.0374400938183764,1,R2021-05395
5396,5396,56087.73234200743,0.3938738516543322,0.0304942220492777,0,R2020-05396
5397,5397,56654.2750929368,0.4469728380779664,-0.079280901958987,0,R2020-05397
5398,5398,6798.513011152416,0.3576667933890967,-0.1544571659437695,0,R2020-05398
5399,5399,16649.67225054625,0.4656322464855374,-0.0433060251124317,0,R2021-05399
5400,5400,45000.0,0.3512767213014016,0.5279613112879225,3,R2025-05400
5401,5401,160000.0,0.2565645758823205,0.0849318809480682,2,R2024-05401
5402,5402,58301.45371078808,0.271544676398821,0.0492653288191304,0,R2018-05402
5403,5403,566.542750929368,0.2560350276104199,0.4309469562371586,3,R2020-05403
5404,5404,95650.0,0.5586854892871276,-0.5485444782752502,5,R2024-05404
5405,5405,3399.256505576208,0.1861177509608865,0.012094627137371,1,R2020-05405
5406,5406,224385.65022421523,0.23519158379147,0.0658044501905123,0,R2019-05406
5407,5407,3965.799256505576,0.3814110939304109,-0.0528856708194292,0,R2020-05407
5408,5408,39657.99256505576,0.3363310329832137,-0.0345944608820947,0,R2020-05408
5409,5409,60053.53159851301,0.3318655281152919,0.5972125723790357,3,R2020-05409
5410,5410,4532.342007434944,0.1770652494732648,0.3524142873398231,3,R2020-05410
5411,5411,62319.70260223048,0.4214183689075512,0.0219461883913109,0,R2020-05411
5412,5412,110997.81500364163,0.4300783062748835,0.5205844575775725,3,R2021-05412
5413,5413,21811.89591078067,0.3111654410173997,-0.081787825894829,0,R2020-05413
5414,5414,83248.36125273124,0.2739602235749487,-0.0027560460233177,0,R2021-05414
5415,5415,2266.171003717472,0.4497257022510818,-0.0125958728223388,0,R2020-05415
5416,5416,26639.475600874,0.3023268572538869,0.2429520680243004,3,R2021-05416
5417,5417,22661.71003717472,0.2887147359371629,0.5939196344200609,3,R2020-05417
5418,5418,39657.99256505576,0.321411856563133,-0.0429964477294312,0,R2020-05418
5419,5419,2223.342175066313,0.6032832908162081,-0.5310683680445598,5,R2023-05419
5420,5420,35000.0,0.5586854892871276,-0.5485444782752502,5,R2024-05420
5421,5421,25000.0,0.3358066714573796,-0.1216168753764133,0,R2025-05421
5422,5422,20000.0,0.4075927338881648,-0.2132679285716723,0,R2025-05422
5423,5423,36000.0,0.4740015031558305,-0.301698542531912,0,R2025-05423
5424,5424,90000.0,0.3899194237679991,0.112130971026163,1,R2024-05424
5425,5425,72500.0,0.283460964522261,0.2604271808792861,1,R2024-05425
5426,5426,22000.0,0.0750796007682859,0.0707490179012094,1,R2024-05426
5427,5427,22233.42175066313,0.3852794200341136,-0.239860237892849,0,R2023-05427
5428,5428,8989.376657824934,0.436511565789682,-0.2471995804649414,0,R2023-05428
5429,5429,55583.55437665783,0.3998295296525437,0.0444819734571252,0,R2023-05429
5430,5430,4042.4403183023874,0.2284572437387224,-0.0602399650474427,1,R2023-05430
5431,5431,7000.0,0.5586854892871276,-0.5485444782752502,5,R2025-05431
5432,5432,68721.48541114059,0.2083535712992417,0.070589570461129,1,R2023-05432
5433,5433,90646.84014869887,0.3243114268085516,0.5435822044568465,3,R2020-05433
5434,5434,12500.34176349966,0.2524698750404811,-0.0720975417624711,1,R2022-05434
5435,5435,6659.868900218499,0.2260091022241073,0.1506662103580645,1,R2021-05435
5436,5436,13597.026022304832,0.4215046150664165,-0.0665072563513448,0,R2020-05436
5437,5437,15625.427204374571,0.37276224924057,-0.0420410534275281,0,R2022-05437
5438,5438,26042.37867395762,0.4325590571461327,-0.1891064738302564,0,R2022-05438
5439,5439,349808.72226472845,0.3197192119129467,0.0470398812942558,0,R2018-05439
5440,5440,81582.15613382899,0.1765040349796565,0.1575656111339464,1,R2020-05440
5441,5441,169962.8252788104,0.4488714309721495,-0.0829270988427957,0,R2020-05441
5442,5442,16996.28252788104,0.390020895944955,0.0467288093835147,0,R2020-05442
5443,5443,90646.84014869887,0.4017687157272723,-0.0107056874991078,0,R2020-05443
5444,5444,19500.0,0.4074960284349297,-0.2672588985941008,0,R2024-05444
5445,5445,68000.0,0.2544416646527471,0.1032432450692266,1,R2025-05445
5446,5446,251965.0400582665,0.4987076100138059,0.2312112219154308,1,R2021-05446
5447,5447,52121.933085501856,0.3865452158031593,0.0587364041674644,0,R2020-05447
5448,5448,28475.33632286996,0.3345333965310159,-0.0190698303721897,0,R2019-05448
5449,5449,4439.912600145666,0.0891218907596687,0.1768996579081642,1,R2021-05449
5450,5450,55498.90750182082,0.3678542979345018,0.0065073741284386,0,R2021-05450
5451,5451,44399.12600145666,0.439811907258578,-0.1117944661852905,0,R2021-05451
5452,5452,96312.26765799256,0.1215710204689626,0.2150470376093012,1,R2020-05452
5453,5453,33992.56505576208,0.273041681587537,0.4606119489525483,3,R2020-05453
5454,5454,125000.0,0.4355822462083246,-0.0051829707491725,0,R2025-05454
5455,5455,22661.71003717472,0.3402800593333756,0.0088128440988977,0,R2020-05455
5456,5456,10000.0,0.1765658830495053,0.1823036281191629,1,R2024-05456
5457,5457,25265.25198938992,0.4607801328505733,-0.25457435408076,0,R2023-05457
5458,5458,83335.6117566644,0.417650732040374,-0.2212326895778921,0,R2022-05458
5459,5459,37392.57294429709,0.2055935236080088,0.1043475400507368,1,R2023-05459
5460,5460,68647.7101845523,0.2865039001716958,0.2705819954815844,1,R2022-05460
5461,5461,113000.0,0.3601378649181705,0.1703186732348462,1,R2025-05461
5462,5462,18190.981432360742,0.1864598556998989,0.1485189951088364,1,R2023-05462
5463,5463,8333.561175666438,0.3760513401476723,0.0855040912271913,0,R2022-05463
5464,5464,62501.70881749829,0.1660318014825848,0.0244472148461251,1,R2022-05464
5465,5465,28327.1375464684,0.1588251548067048,0.2167933436458547,1,R2020-05465
5466,5466,5053.050397877984,0.3693523045392603,0.4914091350752944,3,R2023-05466
5467,5467,9375.256322624744,0.3217141469031702,-0.0625542492194898,0,R2022-05467
5468,5468,45323.42007434944,0.4236663846222446,0.0062900995335446,0,R2020-05468
5469,5469,82578.47533632287,0.3404335006242346,0.2599752910991217,1,R2019-05469
5470,5470,6659.868900218499,0.3514883332288552,-0.1709312464797341,0,R2021-05470
5471,5471,45323.42007434944,0.2972820799836341,0.2599723112203635,1,R2020-05471
5472,5472,118973.97769516728,0.2465936006422406,0.1296662957473462,1,R2020-05472
5473,5473,10106.100795755969,0.2253208302305055,0.1337865921073004,0,R2023-05473
5474,5474,1109.9781500364163,0.1610795008221596,0.1593001894045884,1,R2021-05474
5475,5475,56427.65799256505,0.3309458194498245,0.115902807535896,1,R2020-05475
5476,5476,20729.73342447027,0.3122920295781535,0.5103773903242514,3,R2022-05476
5477,5477,254944.2379182156,0.3094532708535711,-0.0792729865068265,0,R2020-05477
5478,5478,10000.0,0.2561222918402565,-0.030941974968739,1,R2025-05478
5479,5479,10106.100795755969,0.3571005573886258,-0.1150371299897645,0,R2023-05479
5480,5480,70742.70557029177,0.2735531528422867,-0.1118903914397738,0,R2023-05480
5481,5481,11330.85501858736,0.267657892842606,0.1027330064412082,1,R2020-05481
5482,5482,2266.171003717472,0.418389585164654,-0.1298770115639778,0,R2020-05482
5483,5483,18129.368029739777,0.3139198930388347,0.034528759574739,0,R2020-05483
5484,5484,10000.0,0.2607120686842497,0.3134944525264401,1,R2025-05484
5485,5485,18869.62855061908,0.422766268069091,-0.1542698880672579,0,R2021-05485
5486,5486,15000.0,0.4997477239613316,-0.4570361534702012,5,R2024-05486
5487,5487,134837.1747211896,0.354347395576045,0.543537135984782,3,R2020-05487
5488,5488,20395.539033457248,0.3148506568319538,-0.0397708683513171,0,R2020-05488
5489,5489,169962.8252788104,0.4037412275077033,0.0076826239056206,0,R2020-05489
5490,5490,18869.62855061908,0.2821031909514055,0.1862978533037816,1,R2021-05490
5491,5491,28475.33632286996,0.3875198122723661,-0.0759294213013425,0,R2019-05491
5492,5492,30000.0,0.198905855791806,0.2404119930501238,3,R2024-05492
5493,5493,28475.33632286996,0.498467214971424,-0.1040908342011488,0,R2019-05493
5494,5494,78127.13602187287,0.3544133351796418,-0.031082401128815,0,R2022-05494
5495,5495,52500.0,0.3159835928238653,0.4867165766815343,3,R2024-05495
5496,5496,100000.0,0.3662924093085489,-0.1591537599654129,0,R2024-05496
5497,5497,56654.2750929368,0.1623225074121184,0.0405449167600198,1,R2020-05497
5498,5498,28475.33632286996,0.3700409817714576,-0.0285567534324438,0,R2019-05498
5499,5499,606.3660477453581,0.3942053939493145,0.0260406127438524,0,R2023-05499
5500,5500,226617.1003717472,0.3988360790002408,-0.0861055504200116,0,R2020-05500
5501,5501,111042.37918215612,0.3957303398354136,-0.1151130951477878,0,R2020-05501
5502,5502,70742.70557029177,0.2727343646785471,0.1397999080627288,1,R2023-05502
5503,5503,79918.426802622,0.3088304088263447,0.1372527443962937,1,R2021-05503
5504,5504,72148.57975236708,0.4499419911925711,-0.0328847279788103,0,R2021-05504
5505,5505,45323.42007434944,0.3356072715240842,-0.1040305727521765,0,R2020-05505
5506,5506,19908.31226765799,0.3961377262425832,0.0063573383958146,0,R2020-05506
5507,5507,10197.769516728624,0.1762636973723508,0.0975256376985748,1,R2020-05507
5508,5508,10000.0,0.2787742186054411,0.1652021606205273,1,R2024-05508
5509,5509,45000.0,0.2925308274278083,0.1217940394550093,1,R2025-05509
5510,5510,30318.302387267904,0.3896069659744369,-0.0241657727196006,0,R2023-05510
5511,5511,63850.501115241634,0.2974585458260226,-0.0485902307175245,0,R2020-05511
5512,5512,60636.60477453581,0.1031874271555988,0.1212636768807272,1,R2023-05512
5513,5513,75378.61616897305,0.2812177280316066,0.1651948415380338,1,R2021-05513
5514,5514,1041.6951469583048,0.2960735771185556,0.4324374258302327,3,R2022-05514
5515,5515,198289.9628252788,0.2259098178537311,0.2236248917028409,1,R2020-05515
5516,5516,22661.71003717472,0.3661137292062579,-0.0585986541653112,0,R2020-05516
5517,5517,15000.0,0.1161255934245008,0.2293849093806299,1,R2024-05517
5518,5518,30000.0,0.3105700832167977,-0.2218577799973231,0,R2024-05518
5519,5519,18059.34450109249,0.1108501354949416,0.0255217250226726,1,R2021-05519
5520,5520,5549.890750182082,0.3034108296442454,0.547496550938786,3,R2021-05520
5521,5521,16649.67225054625,0.2428831403974208,0.0595044435847063,0,R2021-05521
5522,5522,250522.0684632192,0.1963258993006933,0.0308599682621941,2,R2021-05522
5523,5523,20212.201591511937,0.2803324441327223,0.4346398791596442,3,R2023-05523
5524,5524,60636.60477453581,0.2595476925463176,0.1618016272216461,1,R2023-05524
5525,5525,307066.17100371746,0.2839411321687109,0.3671592534272298,3,R2020-05525
5526,5526,207297.33424470268,0.4631750372022816,-0.1018294341649599,0,R2022-05526
5527,5527,17085.20179372197,0.3662071178153561,-0.0627900319028534,0,R2019-05527
5528,5528,2219.956300072833,0.2832001685850995,0.3517276014616995,3,R2021-05528
5529,5529,505.3050397877984,0.1883430991406588,0.1897193535571064,1,R2023-05529
5530,5530,2219.956300072833,0.3285337838188433,0.603433033065533,3,R2021-05530
5531,5531,261973.0941704036,0.3424069869050952,0.2669225637441105,1,R2019-05531
5532,5532,18129.368029739777,0.3086215316853367,-0.063353554153221,0,R2020-05532
5533,5533,33992.56505576208,0.3521113884851871,-0.0378405062659234,0,R2020-05533
5534,5534,71717.64705882352,0.3687063384427381,-0.2636431974844888,0,R2017-05534
5535,5535,45323.42007434944,0.3389990030693224,0.0914999854544616,0,R2020-05535
5536,5536,16083.583394027675,0.3753300556785979,-0.0748551533981773,0,R2021-05536
5537,5537,362587.3605947956,0.2906638644737825,0.5215026580797782,3,R2020-05537
5538,5538,166496.72250546247,0.4454085871532545,0.1888013032150077,1,R2021-05538
5539,5539,83248.36125273124,0.3593159790790965,0.1527054901511362,1,R2021-05539
5540,5540,3872.6457399103138,0.1324435688165255,0.1623283231177781,1,R2019-05540
5541,5541,3399.256505576208,0.2310797687828122,0.1190680295842618,0,R2020-05541
5542,5542,21089.58485069192,0.3029524465016661,0.4964245818903867,3,R2021-05542
5543,5543,96312.26765799256,0.2626239780131075,0.3215375874138897,1,R2020-05543
5544,5544,78127.13602187287,0.2974961927250357,0.5767857520497361,3,R2022-05544
5545,5545,3399.256505576208,0.4985346000774372,-0.0600589387600519,0,R2020-05545
5546,5546,554989.0750182082,0.4185819480237014,0.0192342554080482,0,R2021-05546
5547,5547,55498.90750182082,0.2625781456218673,0.0049769284939022,0,R2021-05547
5548,5548,77698.47050254916,0.4611581419802713,-0.0667853784774242,0,R2021-05548
5549,5549,1699.628252788104,0.0559061058888383,0.0612061034977592,1,R2020-05549
5550,5550,155396.9410050983,0.4099818389057932,-0.0057700371992075,0,R2021-05550
5551,5551,55498.90750182082,0.3508605237997304,-0.0636296881799944,0,R2021-05551
5552,5552,237947.95539033457,0.4182361956873174,0.2852591418989593,1,R2020-05552
5553,5553,150000.0,0.5586854892871276,-0.5485444782752502,5,R2024-05553
5554,5554,169962.8252788104,0.3535489742890344,0.0437229511505983,0,R2020-05554
5555,5555,113308.5501858736,0.2723159111225662,0.1828534375120152,1,R2020-05555
5556,5556,110997.81500364163,0.3026119308291287,-0.0105364408003984,0,R2021-05556
5557,5557,134000.0,0.5586854892871276,-0.5485444782752502,5,R2024-05557
5558,5558,105447.92425345955,0.2396119942492858,0.1028034273296779,1,R2021-05558
5559,5559,166496.72250546247,0.5361581206242495,-0.4629842789947891,5,R2021-05559
5560,5560,104169.51469583048,0.3445551301831876,0.1342714506060847,1,R2022-05560
5561,5561,55498.90750182082,0.3591744343951605,0.0199331503536486,0,R2021-05561
5562,5562,55498.90750182082,0.4046527209578587,-0.0005540065211336,0,R2021-05562
5563,5563,74000.0,0.2775867036439905,-0.0397593667475572,1,R2024-05563
5564,5564,250803.7320574163,0.3680021218076165,0.1983661752286977,1,R2022-05564
5565,5565,22605.055762081785,0.1412559710146657,0.1719211675616787,1,R2020-05565
5566,5566,113308.5501858736,0.4167233226287146,-0.1392207377079054,0,R2020-05566
5567,5567,22095.167286245352,0.3183561081395072,0.1926854388780325,1,R2020-05567
5568,5568,14730.111524163569,0.2199157044713677,0.056524929249663,0,R2020-05568
5569,5569,887982.5200291332,0.4449143204858363,-0.0343816014624297,2,R2021-05569
5570,5570,52084.75734791524,0.4818224663343126,-0.2347211405285152,0,R2022-05570
5571,5571,78127.13602187287,0.5211092255823823,-0.2592768084602189,0,R2022-05571
5572,5572,61048.79825200291,0.4459585747670697,-0.0773757608749767,0,R2021-05572
5573,5573,5549.890750182082,0.3739908329412677,0.0229108197019608,0,R2021-05573
5574,5574,62501.70881749829,0.3361931442804262,0.1554483837584978,1,R2022-05574
5575,5575,83248.36125273124,0.2712845740969538,0.5674101043920934,3,R2021-05575
5576,5576,321893.6635105608,0.4082655413544847,0.1589478495182277,1,R2021-05576
5577,5577,94348.1427530954,0.4199237639889319,0.0016685791706371,0,R2021-05577
5578,5578,72148.57975236708,0.2868339950802892,0.0904486806281497,0,R2021-05578
5579,5579,50000.0,0.3287268998627414,0.0333599353425438,0,R2024-05579
5580,5580,25000.0,0.6032832908162081,-0.5310683680445598,5,R2024-05580
5581,5581,121878.33219412169,0.3628624540320573,-0.0151920131139862,0,R2022-05581
5582,5582,48506.045156591405,0.3667613570438285,-0.0085841546659285,0,R2021-05582
5583,5583,338550.92276144907,0.2145126727065678,0.002441350020221,2,R2022-05583
5584,5584,54954.6468401487,0.3775285554032622,-0.0937641487414009,0,R2020-05584
5585,5585,55753.47211895911,0.3500163173930681,0.1261030840717666,1,R2020-05585
5586,5586,56505.31838565022,0.5259040255335753,-0.2995532371408635,0,R2019-05586
5587,5587,38849.23525127458,0.135140245125939,0.0999552827480713,1,R2021-05587
5588,5588,1166.0290742157615,0.2798398546534963,0.6078486140223816,3,R2018-05588
5589,5589,200000.0,0.5586854892871276,-0.5485444782752502,5,R2024-05589
5590,5590,11099.781500364164,0.1702266447788231,0.2357045738266487,1,R2021-05590
5591,5591,14429.715950473415,0.1972053259660401,0.4559139855544418,3,R2021-05591
5592,5592,12209.75965040058,0.1557784616202731,0.1161058815042964,1,R2021-05592
5593,5593,132018.5812090313,0.3176638083017296,-0.0770551023308873,0,R2021-05593
5594,5594,70742.70557029177,0.1802658217754078,0.105966593754996,1,R2023-05594
5595,5595,80848.80636604775,0.3391398511155569,0.0199243769165968,0,R2023-05595
5596,5596,19424.61762563729,0.3458100374082144,0.5793905974629564,3,R2021-05596
5597,5597,283271.375464684,0.3299954024291756,0.1719036207541786,1,R2020-05597
5598,5598,133197.37800437,0.3968485174972336,-0.0386330815600126,0,R2021-05598
5599,5599,1019.7769516728624,0.2569767883056432,0.0861565502165914,1,R2020-05599
5600,5600,55498.90750182082,0.4414313564744768,-0.0367520170495031,0,R2021-05600
5601,5601,21528.624535315983,0.2891627115092084,0.0384624054383835,0,R2020-05601
5602,5602,56654.2750929368,0.3383354591360284,0.2654561407662789,1,R2020-05602
5603,5603,75145.5207574654,0.4322153150995032,0.0947329908130624,1,R2021-05603
5604,5604,110997.81500364163,0.4089007255734433,-0.1830830791139828,0,R2021-05604
5605,5605,24759.946949602123,0.5586854892871276,-0.5485444782752502,5,R2023-05605
5606,5606,19271.36021872864,0.3478569613029323,-0.1494584870184787,0,R2022-05606
5607,5607,18000.0,0.4949618277945056,-0.3902604410834596,5,R2024-05607
5608,5608,55498.90750182082,0.1773337428598299,0.0491874132306053,1,R2021-05608
5609,5609,77698.47050254916,0.3501360611029726,-0.0317890773299942,0,R2021-05609
5610,5610,348967.8742310321,0.3256101330750982,0.1696704827370125,2,R2022-05610
5611,5611,22199.56300072833,0.2431502465579207,0.217258837077455,1,R2021-05611
5612,5612,20313.055365686945,0.3424181421638494,-0.1275384865786915,0,R2022-05612
5613,5613,219000.0,0.1687630778896202,0.2977897178617487,3,R2024-05613
5614,5614,18000.0,0.4051142956960435,-0.2220233113367875,0,R2025-05614
5615,5615,80000.0,0.5201061876267603,-0.3500344916779037,5,R2025-05615
5616,5616,16000.0,0.2591215791017752,-0.1195253314105937,1,R2024-05616
5617,5617,7769.847050254915,0.2906378816922383,-0.0067778572463755,0,R2021-05617
5618,5618,21089.58485069192,0.3955339398618181,-0.1233212910565587,0,R2021-05618
5619,5619,55498.90750182082,0.3577201207436015,0.0535718354055896,1,R2021-05619
5620,5620,75478.51420247632,0.3638760888163862,0.4956931202412396,3,R2021-05620
5621,5621,38849.23525127458,0.2936897989657996,0.2968350956288802,3,R2021-05621
5622,5622,24920.0,0.2186271315363946,-0.0092576000139792,1,R2024-05622
5623,5623,36815.755280407866,0.159227107712496,0.0812773141647471,1,R2021-05623
5624,5624,22425.613123718387,0.1261004014181575,0.1280042477821791,1,R2022-05624
5625,5625,28327.1375464684,0.3641525561180253,0.0231568868713222,0,R2020-05625
5626,5626,760335.0327749454,0.3777280128817293,0.0444711515854853,0,R2021-05626
5627,5627,5549.890750182082,0.2167812172893649,0.1344558661631663,1,R2021-05627
5628,5628,1109.9781500364163,0.3044353179305833,0.5240577266149555,3,R2021-05628
5629,5629,88798.25200291332,0.3546069533503965,0.165279692023704,0,R2021-05629
5630,5630,38849.23525127458,0.5307606909752492,-0.2380142880056896,0,R2021-05630
5631,5631,20834.28987618354,0.1469331564471774,0.1392346498201014,1,R2021-05631
5632,5632,18190.981432360742,0.2549508135540619,0.0906042946088633,1,R2023-05632
5633,5633,28224.0,0.1242070339386887,-0.0886129139081643,1,R2024-05633
5634,5634,35000.0,0.2342820727916815,0.0720777372181952,1,R2024-05634
5635,5635,78808.44865258558,0.3362188342238388,0.1318739894560304,1,R2021-05635
5636,5636,99898.03350327747,0.1825666020320241,0.1447288112435633,1,R2021-05636
5637,5637,21644.573925710123,0.2260308911111976,0.1772486054929269,1,R2021-05637
5638,5638,5549.890750182082,0.1951438137694568,0.5431379873070495,3,R2021-05638
5639,5639,94348.1427530954,0.3230054881698994,-0.0157386975708676,0,R2021-05639
5640,5640,7000.0,0.0788569566799191,0.093448764224637,1,R2024-05640
5641,5641,15539.69410050983,0.4665320421190297,-0.1171022137996075,0,R2021-05641
5642,5642,8333.561175666438,0.3237156271419704,-0.0404008676988861,0,R2022-05642
5643,5643,105447.92425345955,0.1651717240251576,0.0889642820619991,1,R2021-05643
5644,5644,22198.45302257829,0.3362164659643858,0.4446709825732174,3,R2021-05644
5645,5645,355193.00801165326,0.3293993213126036,0.4492441148740037,3,R2021-05645
5646,5646,8657.82957028405,0.4799266291275866,-0.0832242091859788,0,R2021-05646
5647,5647,22199.56300072833,0.2077285056633043,0.0558159196267619,0,R2021-05647
5648,5648,60000.0,0.3555078822492155,0.1555526803481317,1,R2024-05648
5649,5649,55276.91187181354,0.3141859850601385,0.1053508336479598,0,R2021-05649
5650,5650,249745.0837581937,0.2574299344190929,0.1314446946263411,2,R2021-05650
5651,5651,75478.51420247632,0.2415775626433028,0.1243503058083066,1,R2021-05651
5652,5652,7769.847050254915,0.2271123191213368,0.3017551226628158,3,R2021-05652
5653,5653,19000.0,0.2487600001566498,-0.1235392888698262,1,R2024-05653
5654,5654,33299.3445010925,0.2030885815545448,0.264300573320412,3,R2021-05654
5655,5655,19979.6067006555,0.3167204586437996,0.0085352188963126,0,R2021-05655
5656,5656,2774.945375091041,0.2163634044833717,-0.0629131986180583,0,R2021-05656
5657,5657,34170.40358744394,0.1224080060680765,0.0793204030164663,1,R2019-05657
5658,5658,12209.75965040058,0.3865984032929068,-0.1493823602457161,0,R2021-05658
5659,5659,760000.0,0.4669753359706073,-0.2838279458424791,0,R2024-05659
5660,5660,5549.890750182082,0.3033356825205079,0.5445872325286231,3,R2021-05660
5661,5661,388492.35251274577,0.3258475924891783,-0.0167512778454229,0,R2021-05661
5662,5662,125003.4176349966,0.3763062874969805,0.1383235503005885,1,R2022-05662
5663,5663,99500.0,0.2258179118166852,-0.0426627894483447,0,R2025-05663
5664,5664,38849.23525127458,0.3710937442369367,-0.1637297728064458,0,R2021-05664
5665,5665,55498.90750182082,0.2566261698323082,0.0573712326471448,0,R2021-05665
5666,5666,60000.0,0.4535324778732087,-0.0794881920672195,0,R2025-05666
5667,5667,294144.2097596504,0.2750750355645955,0.0128422824644969,0,R2021-05667
5668,5668,166496.72250546247,0.3557313287121097,0.2515175606064406,1,R2021-05668
5669,5669,20000.0,0.1614350840542602,0.0892491773145859,1,R2024-05669
5670,5670,1109.9781500364163,0.2131056830045675,0.3398224399348727,3,R2021-05670
5671,5671,4042.4403183023874,0.2220302168172132,0.0337336735259629,0,R2023-05671
5672,5672,44399.12600145666,0.138067440044207,0.1666544810284178,1,R2021-05672
5673,5673,91018.20830298615,0.3237456469178046,-0.0371091868505135,0,R2021-05673
5674,5674,116322.97197539304,0.3096176835232697,-0.0171305866398491,0,R2022-05674
5675,5675,5549.890750182082,0.0433184619582619,0.0454421030872258,1,R2021-05675
5676,5676,3329.9344501092496,0.3707613094794712,-0.1051031501770661,0,R2021-05676
5677,5677,72918.66028708134,0.2331961605015964,0.3397598405881848,1,R2022-05677
5678,5678,6565.520757465404,0.2551191249818964,0.5076729794981354,3,R2021-05678
5679,5679,10000.0,0.4650245324218923,-0.4197490704091128,5,R2024-05679
5680,5680,55498.90750182082,0.2319335754782366,0.0016143742705279,0,R2021-05680
5681,5681,1133.085501858736,0.3249649206275051,0.4024993196145973,1,R2020-05681
5682,5682,72918.66028708134,0.2982015707687364,0.1875529060778809,1,R2022-05682
5683,5683,40424.40318302388,0.2117880608454503,-0.0354877619882208,1,R2023-05683
5684,5684,74368.53605243991,0.4039213139784363,-0.0370037549259985,0,R2021-05684
5685,5685,11099.781500364164,0.3263959219211683,-0.0627923993967582,0,R2021-05685
5686,5686,10000.0,0.1102612112829631,0.1320334975388751,1,R2024-05686
5687,5687,97678.07720320464,0.2914843567851522,0.036733720786032,0,R2021-05687
5688,5688,72918.66028708134,0.3531937050513513,-0.0423321745284216,0,R2022-05688
5689,5689,145837.32057416267,0.3890426533382085,-0.1338438164849983,0,R2022-05689
5690,5690,81582.15613382899,0.2902004487467469,0.0960710691038529,1,R2020-05690
5691,5691,520847.57347915246,0.2720046703666537,0.0625399901431225,2,R2022-05691
5692,5692,71717.64705882352,0.3608725581700953,0.3343806919771509,3,R2017-05692
5693,5693,5378.823529411765,0.2488847836682186,0.4163163455461634,3,R2017-05693
5694,5694,65000.0,0.3387465676265769,-0.03032741692982,0,R2024-05694
5695,5695,70742.70557029177,0.2978065647359464,0.4171478437580719,3,R2023-05695
5696,5696,2049000.0,0.280384858196984,-0.1088627724374566,4,R2024-05696
5697,5697,88000.0,0.2239979799122135,0.1345690915323014,1,R2024-05697
5698,5698,93531.67612527312,0.2676439059893686,-0.0955224524411266,0,R2021-05698
5699,5699,60636.60477453581,0.3774636737725315,0.1256825496791446,0,R2023-05699
5700,5700,11099.781500364164,0.1612614897963923,0.1730056220522731,1,R2021-05700
5701,5701,138747.26875455206,0.3398804004934248,-0.1084720770414091,0,R2021-05701
5702,5702,101061.00795755968,0.497676707184441,-0.4037060403283553,5,R2023-05702
5703,5703,225000.0,0.4323233370704498,-0.0820794804901727,0,R2025-05703
5704,5704,11099.781500364164,0.2696718116309011,0.4443042629958543,3,R2021-05704
5705,5705,174904.36113236425,0.3061561045120373,0.1175476965712242,2,R2018-05705
5706,5706,77698.47050254916,0.2128429849392623,0.0415316446837639,0,R2021-05706
5707,5707,5208.475734791525,0.3516306454558389,-0.0047143485682906,0,R2022-05707
5708,5708,27749.45375091041,0.21230228157435,0.1884311565286921,1,R2021-05708
5709,5709,22199.56300072833,0.3438683047200839,-0.0495770874334312,0,R2021-05709
5710,5710,3000.0,0.3495566858114573,-0.1431933458864594,0,R2024-05710
5711,5711,144297.15950473415,0.2648863030941046,0.0784707734734597,0,R2021-05711
5712,5712,5208.475734791525,0.3654129597283662,0.1322435138644629,0,R2022-05712
5713,5713,221995.6300072833,0.2943638961739819,-0.0086138747243392,2,R2021-05713
5714,5714,156254.27204374573,0.4093183139080013,0.1005503021069206,1,R2022-05714
5715,5715,3773.925710123816,0.2425535467473652,0.2466696599113009,1,R2021-05715
5716,5716,333342.4470266576,0.2537959334995879,-0.0754598797058545,2,R2022-05716
5717,5717,5549.890750182082,0.3339098539796255,0.2568480435209141,1,R2021-05717
5718,5718,110997.81500364163,0.4548856670666975,-0.0284647538405312,0,R2021-05718
5719,5719,425000.0,0.3312091008479405,0.1692452979268488,2,R2024-05719
5720,5720,17598.703568827383,0.4254998032132263,-0.0791802688673451,0,R2021-05720
5721,5721,166496.72250546247,0.4007156565706763,-0.1022089696255497,0,R2021-05721
5722,5722,77698.47050254916,0.2141691492270617,0.1928514592954911,1,R2021-05722
5723,5723,1109.9781500364163,0.2682039624664104,0.0059643930554753,0,R2021-05723
5724,5724,4994.901675163875,0.4363407115562798,-0.1188863062699218,0,R2021-05724
5725,5725,177596.50400582663,0.324062178551313,-0.023874922791615,0,R2021-05725
5726,5726,110997.81500364163,0.3712866061900053,-0.0396116639346201,0,R2021-05726
5727,5727,49949.016751638745,0.5136525250963107,-0.1745204681738279,0,R2021-05727
5728,5728,11099.781500364164,0.2855966505564401,0.1244147716981862,0,R2021-05728
5729,5729,255294.9745083758,0.2505748088900917,0.1328766189693406,2,R2021-05729
5730,5730,49949.016751638745,0.2584779416054362,0.1739579494538508,1,R2021-05730
5731,5731,30000.0,0.5275780806035811,-0.16660975687067,0,R2025-05731
5732,5732,8333.561175666438,0.3743150589420795,-0.136926350534321,0,R2022-05732
5733,5733,41667.8058783322,0.3583187755367643,-0.055383858059676,0,R2022-05733
5734,5734,55498.90750182082,0.4015854299218355,-0.0394445984183195,0,R2021-05734
5735,5735,244195.19300801164,0.4593441782826518,-0.0098942237042348,0,R2021-05735
5736,5736,1616976.1273209548,0.3151735302594119,-0.0997092702805508,4,R2023-05736
5737,5737,151591.51193633952,0.4070523359297811,-0.1542406220870973,0,R2023-05737
5738,5738,179294.11764705885,0.3708945188770792,0.4714572064480993,3,R2017-05738
5739,5739,185659.1928251121,0.1476752528681459,-0.002026454039871,1,R2019-05739
5740,5740,40424.40318302388,0.2401633636340686,0.085421401108549,1,R2023-05740
5741,5741,22199.56300072833,0.2078932742237027,0.0012289560493572,0,R2021-05741
5742,5742,13333.697881066302,0.2806385800107241,-0.0147227657916762,0,R2022-05742
5743,5743,50053.45181134655,0.4532984101974064,0.3098763331941211,3,R2022-05743
5744,5744,88798.25200291332,0.3014883527914575,0.061365998212951,0,R2021-05744
5745,5745,5681.700655498908,0.1971825907994623,-0.041102202572065,0,R2021-05745
5746,5746,124639.40520446096,0.2859321778826151,0.1898895476535622,2,R2020-05746
5747,5747,50530.50397877984,0.1510163444529961,0.2024645467309103,1,R2023-05747
5748,5748,1664.9672250546248,0.1085780451864923,0.0912718254804628,1,R2021-05748
5749,5749,34360.742705570294,0.2893459059301612,0.201442565026343,1,R2023-05749
5750,5750,20000.0,0.4623371691318262,-0.4352974175514421,5,R2024-05750
5751,5751,99898.03350327747,0.3791880997058268,0.2154488439696422,1,R2021-05751
5752,5752,10000.0,0.2185451757828431,-0.1207483761329925,1,R2025-05752
5753,5753,199796.0670065549,0.432196052579942,-0.076696697105036,0,R2021-05753
5754,5754,887.9825200291332,0.2530021996096635,-0.0290964522207635,0,R2021-05754
5755,5755,50000.0,0.4054202106232935,-0.2648335714281983,0,R2025-05755
5756,5756,17221.310997815002,0.3705817224586992,0.0823467086145336,1,R2021-05756
5757,5757,619808.6124401914,0.3825821016479764,0.4464396943899233,3,R2022-05757
5758,5758,208339.02939166097,0.2571007209089618,0.0417007890897071,0,R2022-05758
5759,5759,22199.56300072833,0.1604294911013034,0.299690742367286,3,R2021-05759
5760,5760,5053.050397877984,0.4324691693125344,-0.30546643962742,0,R2023-05760
5761,5761,72918.66028708134,0.4113960900623026,0.0302988725086247,0,R2022-05761
5762,5762,21089.58485069192,0.314415633218501,0.2434381328633474,1,R2021-05762
5763,5763,202122.0159151193,0.3530692726047932,-0.2162516972392601,0,R2023-05763
5764,5764,18500.0,0.352766298750119,-0.1074146635732344,0,R2024-05764
5765,5765,83248.36125273124,0.3458659531540562,-0.091060092660575,0,R2021-05765
5766,5766,45834.58646616541,0.3622734562676991,0.232572998333447,1,R2022-05766
5767,5767,83248.36125273124,0.3429561283743595,-0.0804522337813661,0,R2021-05767
5768,5768,33299.3445010925,0.3883425554918414,-0.0245849448870219,0,R2021-05768
5769,5769,5549.890750182082,0.2759304587638368,0.0689061146587084,1,R2021-05769
5770,5770,60000.0,0.1302185203933364,0.1550457828782161,1,R2024-05770
5771,5771,151591.51193633952,0.4593157406767413,-0.0464791652204644,0,R2023-05771
5772,5772,156254.27204374573,0.3917659830317994,0.1405671010249703,1,R2022-05772
5773,5773,83248.36125273124,0.3287979711555651,0.1162136685102288,1,R2021-05773
5774,5774,55498.90750182082,0.3616785748493316,-0.0559858122156823,0,R2021-05774
5775,5775,50530.50397877984,0.5586854892871276,-0.5485444782752502,5,R2023-05775
5776,5776,60000.0,0.4524532848433902,-0.254650949972162,0,R2024-05776
5777,5777,27749.45375091041,0.2953639867295617,-0.0455898168275916,0,R2021-05777
5778,5778,88798.25200291332,0.4288230034362829,-0.0702347358143584,0,R2021-05778
5779,5779,194246.17625637288,0.4824912076343827,-0.1068985383569468,0,R2021-05779
5780,5780,12500.34176349966,0.4419708394704237,-0.3121184247629981,0,R2022-05780
5781,5781,3125.085440874914,0.1697358366539289,0.2147267866008052,1,R2022-05781
5782,5782,3000.0,0.2432718815015615,0.556240539675274,3,R2024-05782
5783,5783,47811.76470588236,0.3735055054315213,0.0508237981440745,0,R2017-05783
5784,5784,4439.912600145666,0.3242600484438936,0.0891876328353024,1,R2021-05784
5785,5785,11000.0,0.1896112693334834,-0.0315533837456276,1,R2024-05785
5786,5786,34170.40358744394,0.3765640053185849,-0.0498635197787146,0,R2019-05786
5787,5787,22780.26905829596,0.3184624856829979,0.3532813206152269,3,R2019-05787
5788,5788,119529.41176470587,0.3662990318540818,-0.0924680085617556,0,R2017-05788
5789,5789,284753.36322869954,0.2824147422855985,-0.0553038102784087,2,R2019-05789
5790,5790,204055.08798775828,0.2908942375275203,-0.0526350276379575,0,R2018-05790
5791,5791,59764.705882352944,0.256469263346153,0.0562893509884603,1,R2017-05791
5792,5792,5976.470588235295,0.279397310560871,0.6090486461895228,3,R2017-05792
5793,5793,149411.76470588235,0.3073508150463722,-0.1489981541666061,0,R2017-05793
5794,5794,20988.523335883707,0.2594519134453729,0.2560064641151225,1,R2018-05794
5795,5795,27336.322869955155,0.280337091561821,0.2012432779737776,1,R2019-05795
5796,5796,80000.0,0.3263436455895542,0.5412572827607014,3,R2025-05796
5797,5797,179294.11764705885,0.1284612281350704,0.1558611421550861,1,R2017-05797
5798,5798,5737.411764705883,0.2544101963261047,0.2357974012404487,1,R2017-05798
5799,5799,4781.176470588235,0.2177836309543737,0.4881488133043802,3,R2017-05799
5800,5800,583014.5371078808,0.3119059539016702,-0.1479446246303832,2,R2018-05800
5801,5801,56950.67264573991,0.3744871421763686,-0.0059774481032018,0,R2019-05801
5802,5802,202122.0159151193,0.1138518276714683,0.0083400030839632,1,R2023-05802
5803,5803,116602.90742157616,0.306038619581335,0.0278878036237076,0,R2018-05803
5804,5804,1075764.705882353,0.321719201474175,0.5728911834414925,3,R2017-05804
5805,5805,8324.836125273125,0.1872318144566473,0.203232089706761,1,R2021-05805
5806,5806,7074.270557029177,0.1705286267874703,0.1992749154410089,1,R2023-05806
5807,5807,85426.00896860987,0.1598777377819544,0.0857998756864584,1,R2019-05807
5808,5808,72918.66028708134,0.3022497516803065,0.1213806354074583,1,R2022-05808
5809,5809,100000.0,0.1833431581911308,0.1667712743405255,1,R2024-05809
5810,5810,25058.29596412556,0.2561726483050643,0.611398360890906,3,R2019-05810
5811,5811,171879.6992481203,0.3034618266468744,0.0541384631617502,2,R2022-05811
5812,5812,10757.64705882353,0.4090232804587871,-0.1864620033248732,0,R2017-05812
5813,5813,226000.0,0.2397742459509901,0.40658959141267,3,R2024-05813
5814,5814,277494.5375091041,0.3052487051924082,0.2738560257814143,3,R2021-05814
5815,5815,17117.50966507177,0.3657665524419129,-0.0684085028583185,0,R2022-05815
5816,5816,95623.52941176471,0.1976119306724809,0.1485958428112756,1,R2017-05816
5817,5817,174904.36113236425,0.2852862486302882,0.1161296765768151,2,R2018-05817
5818,5818,250582.9596412556,0.1736838374441807,0.1266710176068544,1,R2019-05818
5819,5819,22661.71003717472,0.1815440513752113,0.1919872375524133,1,R2020-05819
5820,5820,49949.016751638745,0.4542939341183665,0.2131781908641526,3,R2021-05820
5821,5821,9328.232593726092,0.2902183639633707,-0.0422695570481686,0,R2018-05821
5822,5822,47811.76470588236,0.3546540969786904,-0.0736474509110968,0,R2017-05822
5823,5823,74035.87443946188,0.2872791459540194,-0.0855523984852702,0,R2019-05823
5824,5824,204055.08798775828,0.3588743112006109,-0.0045752618244344,0,R2018-05824
5825,5825,89647.05882352941,0.2230165497214614,0.0684335003114107,1,R2017-05825
5826,5826,107576.4705882353,0.2670393867811287,0.1763276940846585,1,R2017-05826
5827,5827,32648.814078041323,0.3336700984556667,0.1388845570596514,1,R2018-05827
5828,5828,569506.7264573991,0.422042015394507,-0.0240186391892995,0,R2019-05828
5829,5829,33992.56505576208,0.3087460427347493,0.0850099288064166,1,R2020-05829
5830,5830,20405.508798775827,0.2734403533114729,-0.088213739621499,0,R2018-05830
5831,5831,40424.40318302388,0.0497314041541148,0.0979410654104231,1,R2023-05831
5832,5832,5683.677130044843,0.3437823221557897,0.6120386024739484,3,R2019-05832
5833,5833,29284.70588235294,0.3813878401738524,0.4758032629383895,3,R2017-05833
5834,5834,35858.82352941176,0.4151136524195261,-0.0477243912631199,0,R2017-05834
5835,5835,55498.90750182082,0.2807843787059337,0.0161418007056874,0,R2021-05835
5836,5836,54672.64573991031,0.3224685691596965,0.1874594659214717,1,R2019-05836
5837,5837,5695.067264573991,0.2406587032777281,0.5086115908508128,3,R2019-05837
5838,5838,1025112.1076233184,0.4386793275315134,-0.1128654652748152,2,R2019-05838
5839,5839,78889.41176470589,0.3087737397436433,0.2073818354668334,1,R2017-05839
5840,5840,4781.176470588235,0.2649293300287495,0.6260249497968977,3,R2017-05840
5841,5841,66598.689002185,0.3391598801714712,0.0272051147984859,0,R2021-05841
5842,5842,105928.25112107625,0.3138840967372024,0.143822346525305,1,R2019-05842
5843,5843,74035.87443946188,0.5139375247914285,-0.0995112327334835,0,R2019-05843
5844,5844,35858.82352941176,0.2670346872423131,0.631511520298886,3,R2017-05844
5845,5845,31726.39405204461,0.3315074200278731,0.5081231017807569,3,R2020-05845
5846,5846,89193.19,0.3600406141975288,0.2407445327771626,3,R2024-05846
5847,5847,5053.050397877984,0.1795422630953655,0.0990444141493007,1,R2023-05847
5848,5848,8000.0,0.2876867967558879,0.1625315238688783,1,R2025-05848
5849,5849,200000.0,0.19201425305007,0.1438210466342926,1,R2025-05849
5850,5850,337543.76657824934,0.252243182819972,-0.0558046523696952,2,R2023-05850
5851,5851,49949.016751638745,0.1540110107377113,0.2126004704009527,1,R2021-05851
5852,5852,119529.41176470587,0.3304201319499742,-0.0863219960272054,0,R2017-05852
5853,5853,83335.6117566644,0.1353274090347653,0.1829734409632424,1,R2022-05853
5854,5854,200000.0,0.3149923788022545,0.4057624318369388,3,R2024-05854
5855,5855,5976.470588235295,0.2168686500068197,0.1037642009362648,1,R2017-05855
5856,5856,48973.22111706199,0.3560087843044209,0.1100662584943362,0,R2018-05856
5857,5857,29882.352941176472,0.3500289462317541,-0.0381117906072312,0,R2017-05857
5858,5858,148071.74887892377,0.3174278643265069,-0.1465878549491046,0,R2019-05858
5859,5859,116602.90742157616,0.4106586063268999,-0.0246024182568852,0,R2018-05859
5860,5860,71717.64705882352,0.3705378670495892,0.0583893539813886,0,R2017-05860
5861,5861,89647.05882352941,0.3879578260389046,-0.0328427645431266,0,R2017-05861
5862,5862,74534.95529411765,0.3929760003235059,-0.1097831667905086,0,R2017-05862
5863,5863,169962.8252788104,0.1812419135061329,0.0779254259589581,2,R2020-05863
5864,5864,29882.352941176472,0.3121851538768952,0.2257418552333366,3,R2017-05864
5865,5865,83670.58823529411,0.3210557928187715,0.5773893333157788,3,R2017-05865
5866,5866,5695.067264573991,0.3193485331874148,0.6335484597497792,3,R2019-05866
5867,5867,77694.11764705883,0.3529052895225536,0.158687602930604,1,R2017-05867
5868,5868,29150.72685539404,0.2913644293596034,-0.0176644040167772,0,R2018-05868
5869,5869,120195.99453178402,0.3029173293579128,0.0159726168709031,0,R2022-05869
5870,5870,15625.427204374571,0.3358856598616529,0.064593798972517,1,R2022-05870
5871,5871,5467.264573991031,0.3022303827297937,0.5717210956073769,3,R2019-05871
5872,5872,58301.45371078808,0.3865530028047153,0.1901583602552439,1,R2018-05872
5873,5873,14237.668161434976,0.1903999098312304,0.0873995522261959,1,R2019-05873
5874,5874,80848.80636604775,0.3803887437773025,0.3115291806404175,3,R2023-05874
5875,5875,17929.41176470588,0.3217939545528381,-0.0782654358075174,0,R2017-05875
5876,5876,174904.36113236425,0.4432517338169131,-0.0589354364041051,0,R2018-05876
5877,5877,185000.0,0.3292533995900261,0.1517358275838177,1,R2025-05877
5878,5878,64131.59908186689,0.1652471540328783,0.1893983556692074,1,R2018-05878
5879,5879,15159.151193633952,0.2648588774794106,0.2483524423837975,1,R2023-05879
5880,5880,20212.201591511937,0.1973561878162682,0.1427233365531322,1,R2023-05880
5881,5881,12127.320954907162,0.3328584229457008,0.0397115352034603,0,R2023-05881
5882,5882,12127.320954907162,0.2240897385442068,-0.1267750488692171,0,R2023-05882
5883,5883,225000.0,0.2815130105215833,-0.0894661204984399,0,R2024-05883
5884,5884,208339.02939166097,0.2907679536216095,0.0671434089244621,0,R2022-05884
5885,5885,97485.86074980874,0.3601736856390517,-0.0827436206597812,0,R2018-05885
5886,5886,80848.80636604775,0.125437440954253,0.1361705024436298,1,R2023-05886
5887,5887,50530.50397877984,0.1429654296325249,-0.0096220273942396,1,R2023-05887
5888,5888,54672.64573991031,0.2942178910264371,0.144826248737036,1,R2019-05888
5889,5889,22199.56300072833,0.3611530820780317,-0.0787621084394622,0,R2021-05889
5890,5890,7403.587443946188,0.4192455625960692,-0.1901565837144986,0,R2019-05890
5891,5891,18073.450650344304,0.3624773740747073,0.002112358936878,0,R2018-05891
5892,5892,2500000.0,0.2923289126212931,0.1325021232083354,4,R2024-05892
5893,5893,93752.56322624744,0.3820818625665883,0.4673287283887927,3,R2022-05893
5894,5894,67710.18455228982,0.3014086200241749,0.1570266485482055,1,R2022-05894
5895,5895,10106.100795755969,0.2555707333015045,0.499322951432998,3,R2023-05895
5896,5896,113901.3452914798,0.3982286867180464,0.1677177948323049,1,R2019-05896
5897,5897,1139.013452914798,0.1627159389188465,0.1667507774200667,1,R2019-05897
5898,5898,23905.88235294118,0.2902233196656177,0.1764634893115934,1,R2017-05898
5899,5899,47589.59107806692,0.3967956209289687,0.6035426390892378,3,R2020-05899
5900,5900,145753.6342769702,0.3767800933827213,-0.0653296116500501,0,R2018-05900
5901,5901,3417.0403587443943,0.2465814685962865,0.2725383041481765,1,R2019-05901
5902,5902,866588.2352941177,0.238654821155379,0.0491353789617932,2,R2017-05902
5903,5903,10106.100795755969,0.1755977200487883,0.1499149677096126,1,R2023-05903
5904,5904,239058.8235294117,0.2870239657304937,0.6259351333024888,3,R2017-05904
5905,5905,14583.732057416268,0.197807391471117,0.0467113828156692,1,R2022-05905
5906,5906,4532.342007434944,0.2168348989860971,0.1171680921148665,1,R2020-05906
5907,5907,5695.067264573991,0.1937052818223357,0.1228560379366545,1,R2019-05907
5908,5908,4556.053811659192,0.1713480070950161,0.1977881626408165,1,R2019-05908
5909,5909,500000.0,0.272803259493236,0.1535157554049064,2,R2024-05909
5910,5910,5976.470588235295,0.2512726986590045,0.3710696801257391,3,R2017-05910
5911,5911,248000.0,0.3022764211281157,0.3186395439007916,3,R2024-05911
5912,5912,47811.76470588236,0.1439550962388148,0.3076125865561608,3,R2017-05912
5913,5913,79730.94170403587,0.2443526010048759,0.3909224770716681,3,R2019-05913
5914,5914,44399.12600145666,0.2251224783195162,0.1482015710651485,1,R2021-05914
5915,5915,60000.0,0.1390460926615025,0.1309432664136644,1,R2024-05915
5916,5916,83335.6117566644,0.2191087695906474,0.2142746182325082,1,R2022-05916
5917,5917,70742.70557029177,0.3773473652021724,-0.1341029534063418,0,R2023-05917
5918,5918,50000.0,0.2901499839040662,0.2711869133198898,3,R2024-05918
5919,5919,64131.59908186689,0.1735254002812276,0.2231532893028151,1,R2018-05919
5920,5920,155388.23529411765,0.4391576956849852,-0.0420674175228526,0,R2017-05920
5921,5921,166496.72250546247,0.425133093776202,0.366890529136097,3,R2021-05921
5922,5922,5617.882352941177,0.2515382634368724,-0.082540012912942,0,R2017-05922
5923,5923,119529.41176470587,0.2056294671189686,0.0500182519229864,1,R2017-05923
5924,5924,11355.29411764706,0.1112907721677562,0.0807027172888612,1,R2017-05924
5925,5925,46641.16296863046,0.4687213577914311,0.0551555121969172,0,R2018-05925
5926,5926,4994.901675163875,0.3979008314895687,-0.1101377540483952,0,R2021-05926
5927,5927,35858.82352941176,0.4173221721464045,-0.0430439026382345,0,R2017-05927
5928,5928,11660.290742157616,0.4731716053868883,-0.1879947037795381,0,R2018-05928
5929,5929,40424.40318302388,0.2675313879283306,0.4800569831343867,3,R2023-05929
5930,5930,566542.750929368,0.3887707230375439,0.0434658553356476,0,R2020-05930
5931,5931,66598.689002185,0.395754138351774,-0.0400067846262332,0,R2021-05931
5932,5932,28475.33632286996,0.4513767331336046,-0.0424651613561709,0,R2019-05932
5933,5933,52471.30833970927,0.2534789606862277,0.2309547371069127,1,R2018-05933
5934,5934,40424.40318302388,0.3960776045756747,-0.2296124792963171,0,R2023-05934
5935,5935,1763035.9602142314,0.292553707546013,0.04779282886646,4,R2018-05935
5936,5936,55000.0,0.5586854892871276,-0.5485444782752502,5,R2024-05936
5937,5937,60000.0,0.5586854892871276,-0.5485444782752502,5,R2025-05937
5938,5938,65000.0,0.5586854892871276,-0.5485444782752502,5,R2025-05938
5939,5939,77085.44087491457,0.2216593958935538,0.10169058157518,1,R2022-05939
5940,5940,71717.64705882352,0.2547760797905871,-0.0683968720726951,0,R2017-05940
5941,5941,91121.07623318383,0.3224234767002171,0.1072545073352711,0,R2019-05941
5942,5942,22661.71003717472,0.1545949114689648,0.0236105295582579,1,R2020-05942
5943,5943,11660.290742157616,0.3503279821792073,-0.0050081457833181,0,R2018-05943
5944,5944,8000.0,0.1017349623810886,0.0461887818847598,1,R2024-05944
5945,5945,1770881.7498291184,0.3849241890526769,0.1642538062148243,4,R2022-05945
5946,5946,5976.470588235295,0.2095302897297814,0.2114388889274803,1,R2017-05946
5947,5947,9328.232593726092,0.2135797855547567,0.0483172501883556,0,R2018-05947
5948,5948,95623.52941176471,0.27267723313745,0.5165047233083383,3,R2017-05948
5949,5949,59764.705882352944,0.2606039998005415,-0.1523203029529607,0,R2017-05949
5950,5950,28327.1375464684,0.2541997175035847,0.5333997411491931,3,R2020-05950
5951,5951,104169.51469583048,0.3914775439881465,0.4519028021168738,3,R2022-05951
5952,5952,170852.01793721973,0.3624342051185381,0.2668734918587818,1,R2019-05952
5953,5953,286466.16541353386,0.2337929166753813,-0.0295308064225558,2,R2022-05953
5954,5954,145837.32057416267,0.2642083286607636,0.1515462781561278,1,R2022-05954
5955,5955,505305.0397877984,0.2755614979063274,-0.1111073194513724,2,R2023-05955
5956,5956,75000.0,0.1796443055862729,0.1063498276267463,1,R2024-05956
5957,5957,454480.59479553904,0.250348328898493,0.4997560188751525,3,R2020-05957
5958,5958,64869.14498141264,0.3200530633945625,0.1675081994999795,1,R2020-05958
5959,5959,50988.84758364312,0.2121805659951104,0.0828001507652638,1,R2020-05959
5960,5960,9989.80335032775,0.1945431470146049,0.4471182232880022,3,R2021-05960
5961,5961,90646.84014869887,0.2935454360371654,0.2361644661194949,1,R2020-05961
5962,5962,199796.0670065549,0.3748159716011603,0.5485153631820269,3,R2021-05962
5963,5963,270807.43494423793,0.3081091538513979,0.0359159971323255,0,R2020-05963
5964,5964,175000.0,0.2482012219389292,-0.0022078485673602,0,R2024-05964
5965,5965,418352.9411764706,0.4458957872531586,-0.2419340346694764,0,R2017-05965
5966,5966,20395.539033457248,0.3763311192338076,0.5331780235318976,3,R2020-05966
5967,5967,58301.45371078808,0.2972134106994105,0.0784329736252473,0,R2018-05967
5968,5968,125003.4176349966,0.0831923031248427,0.0222202913183666,1,R2022-05968
5969,5969,106114.05835543766,0.2480441281917645,0.1428335884303618,0,R2023-05969
5970,5970,3031.8302387267904,0.3761943890675991,-0.2507071940460533,0,R2023-05970
5971,5971,1136000.0,0.4132269083396913,0.0809873807226014,2,R2024-05971
5972,5972,500000.0,0.2898604289629707,-0.0374209601021629,2,R2024-05972
5973,5973,6659.868900218499,0.1462348856786029,0.1985556673896407,1,R2021-05973
5974,5974,85426.00896860987,0.1461303144172283,0.0498111157174223,1,R2019-05974
5975,5975,29150.72685539404,0.3063507955509428,-0.0126665941135811,0,R2018-05975
5976,5976,56654.2750929368,0.1743370882796452,0.0974421894487229,1,R2020-05976
5977,5977,83248.36125273124,0.09939379074437,0.0372836150041824,1,R2021-05977
5978,5978,87452.18056618211,0.2139292794559281,0.0973645892531927,0,R2018-05978
5979,5979,85426.00896860987,0.1458554323321099,0.0254583248474528,1,R2019-05979
5980,5980,28327.1375464684,0.1313453441144271,0.0439625738525033,1,R2020-05980
5981,5981,200000.0,0.3743832767946524,-0.2929899767867349,0,R2024-05981
5982,5982,4532342.007434944,0.3699228543607,0.2780377004181842,4,R2020-05982
5983,5983,87452.18056618211,0.178015287443938,0.0944098001209188,1,R2018-05983
5984,5984,84981.4126394052,0.119335336457537,0.0284237083439172,1,R2020-05984
5985,5985,84981.4126394052,0.2428913487375935,0.0851311361661286,0,R2020-05985
5986,5986,83248.36125273124,0.1265683868538667,0.0195244742991661,1,R2021-05986
5987,5987,85426.00896860987,0.1098570777286249,0.0457394613721537,1,R2019-05987
5988,5988,73000.0,0.2004822429047466,-0.2262704596822947,1,R2024-05988
5989,5989,429509.2838196287,0.2573520507255215,-0.1090569740908382,2,R2023-05989
5990,5990,85426.00896860987,0.4829585293545491,-0.0614540303390904,0,R2019-05990
5991,5991,87452.18056618211,0.3939085323201596,0.0653099543301851,0,R2018-05991
5992,5992,11390.13452914798,0.2039783983929781,0.1268535531613483,1,R2019-05992
5993,5993,83670.58823529411,0.3889899159105288,0.0446729187466982,0,R2017-05993
5994,5994,237947.95539033457,0.2471192767028632,0.1304925485608153,2,R2020-05994
5995,5995,21515.29411764706,0.2264613777284637,0.1858721000704044,1,R2017-05995
5996,5996,89647.05882352941,0.4099923389266144,-0.0802958231812526,0,R2017-05996
5997,5997,50000.0,0.2414236734173305,-0.1230570949871706,0,R2024-05997
5998,5998,30778.82352941177,0.2866915372870293,0.1089999535799697,0,R2017-05998
5999,5999,54388.10408921933,0.2382482067856358,0.3458800894813109,1,R2020-05999
6000,6000,247599.4694960212,0.4283456771752457,-0.2450458678286901,0,R2023-06000
6001,6001,5665.4275092936805,0.3406825478313996,-0.0864618949077573,0,R2020-06001
6002,6002,79730.94170403587,0.4068308489923602,-0.2296295233060144,0,R2019-06002
6003,6003,95623.52941176471,0.4065228975135845,-0.0851125188529007,0,R2017-06003
6004,6004,113552.9411764706,0.3631461117109689,0.0549399895526792,1,R2017-06004
6005,6005,119529.41176470587,0.0958127928097974,0.0311858175910238,1,R2017-06005
6006,6006,5737.411764705883,0.279734738190904,0.0149318657180546,0,R2017-06006
6007,6007,143435.29411764705,0.2773918936073244,-0.0809646112858317,0,R2017-06007
6008,6008,262356.5416985463,0.3450135336887495,0.0760785708237903,0,R2018-06008
6009,6009,107667.8805535324,0.3201688366870806,0.0626753277087179,0,R2021-06009
6010,6010,227387.26790450927,0.2806345761718306,-0.0099892486007381,0,R2023-06010
6011,6011,3585.8823529411766,0.3133455142060321,0.4492693680703475,3,R2017-06011
6012,6012,131482.35294117648,0.2882501345037017,-0.0053999318040764,0,R2017-06012
6013,6013,115134.89686098654,0.3555628274439447,-0.1283113612442721,0,R2019-06013
6014,6014,2719.4052044609666,0.3624630592540379,0.4263894645165925,3,R2020-06014
6015,6015,23320.58148431523,0.4149279675805603,0.1317693324524725,0,R2018-06015
6016,6016,1708.5201793721972,0.2253388880397634,0.550480749286563,3,R2019-06016
6017,6017,18901.92825112108,0.3799974637197114,-0.0726163119348082,0,R2019-06017
6018,6018,51255.60538116592,0.3504587445983203,0.0075307126809343,0,R2019-06018
6019,6019,40424.40318302388,0.2718806676627978,0.4671409296801773,3,R2023-06019
6020,6020,88843.04932735425,0.2642873805903136,0.3905859647546487,3,R2019-06020
6021,6021,1133.085501858736,0.1453418262715571,0.2089045844022311,1,R2020-06021
6022,6022,227802.6905829596,0.434514401029577,-0.088832272813111,0,R2019-06022
6023,6023,8498.14126394052,0.1888206751879718,0.149720006555396,1,R2020-06023
6024,6024,5581.165919282511,0.3256392686902624,0.5495406224358261,3,R2019-06024
6025,6025,5467.264573991031,0.2648506089866809,0.03010766960982,1,R2019-06025
6026,6026,4862.456470588236,0.2388309287837961,0.0644406319170635,0,R2017-06026
6027,6027,7620.0,0.1697380249591625,0.2264764672443161,1,R2020-06027
6028,6028,107643.12267657992,0.4854762582286215,-0.0507436878599772,0,R2020-06028
6029,6029,6063.660477453581,0.1710179953998434,-0.0395208462270128,0,R2023-06029
6030,6030,33468.23529411765,0.3864036475726625,-0.2591538183592435,0,R2017-06030
6031,6031,69961.74445294568,0.2960642006247173,-0.0802924937412713,0,R2018-06031
6032,6032,142523.22494117648,0.3353870114257819,0.6066038922817778,3,R2017-06032
6033,6033,31499.776951672862,0.4111625306630877,-0.0500978530612908,0,R2020-06033
6034,6034,50988.84758364312,0.3018730236126407,0.1752266426259965,1,R2020-06034
6035,6035,5098.884758364312,0.2014428622059222,0.4596063885513238,3,R2020-06035
6036,6036,28475.33632286996,0.1536698172204608,0.1533587103614853,1,R2019-06036
6037,6037,227802.6905829596,0.4576772177723387,0.0022050917651008,0,R2019-06037
6038,6038,150896.50224215246,0.2942228495630784,0.07760473201651,0,R2019-06038
6039,6039,100597.66816143498,0.2942228495630784,0.07760473201651,0,R2019-06039
6040,6040,83335.6117566644,0.2709584373509647,-0.0344603135661804,0,R2022-06040
6041,6041,68340.80717488789,0.2625371617161655,0.389584240979103,3,R2019-06041
6042,6042,199327.3542600897,0.4288683760862299,0.0157310134531086,0,R2019-06042
6043,6043,100597.66816143498,0.2942228495630784,0.07760473201651,0,R2019-06043
6044,6044,85426.00896860987,0.2750017987289073,0.0186534653351924,0,R2019-06044
6045,6045,11099.781500364164,0.1570035702834876,0.1777773182795547,1,R2021-06045
6046,6046,5695.067264573991,0.4761736157447747,-0.0646666285975605,0,R2019-06046
6047,6047,18224.21524663677,0.3512114604881597,-0.0301999633674823,0,R2019-06047
6048,6048,71384.38661710038,0.2807052670999209,0.594224973029019,3,R2020-06048
6049,6049,2266.171003717472,0.1735881694894123,0.1621419578866934,1,R2020-06049
6050,6050,3986.5470852017934,0.3547748393603446,-0.0897347337961689,0,R2019-06050
6051,6051,56950.67264573991,0.2771676607639847,0.0677508406238773,0,R2019-06051
6052,6052,84981.4126394052,0.408414915989236,0.0149366350287335,0,R2020-06052
6053,6053,16649.67225054625,0.4159965134161103,-0.0289753338325213,0,R2021-06053
6054,6054,27749.45375091041,0.3535326587090463,-0.0739472755814868,0,R2021-06054
6055,6055,53533.63228699551,0.3324483509438322,0.1138961799892776,0,R2019-06055
6056,6056,70000.0,0.1106023232962701,0.1781577717674937,1,R2024-06056
6057,6057,42950.92838196286,0.0702795322459163,0.0211409419899163,1,R2023-06057
6058,6058,68340.80717488789,0.5187258883914696,-0.1235621853836247,0,R2019-06058
6059,6059,5695.067264573991,0.2344445884970658,0.0757848043026196,1,R2019-06059
6060,6060,25058.29596412556,0.3746479584045131,0.068946022735263,0,R2019-06060
6061,6061,9112.107623318385,0.4362067537342008,-0.1903251368355291,0,R2019-06061
6062,6062,11330.85501858736,0.4478999622652284,-0.0724848251506953,0,R2020-06062
6063,6063,113308.5501858736,0.3155066900034955,0.2583125410065224,1,R2020-06063
6064,6064,21411.98910415149,0.2729589068931027,-0.0503419251259355,0,R2021-06064
6065,6065,17881.675539033455,0.2793532973437039,0.008149635172181,0,R2020-06065
6066,6066,20833.9029391661,0.3907469753889284,-0.1120918091381234,0,R2022-06066
6067,6067,18687.69203204661,0.3822518586490262,-0.0980433073820143,0,R2021-06067
6068,6068,19262.453531598512,0.2459968915895578,0.1599785950741739,1,R2020-06068
6069,6069,227802.6905829596,0.3555020501547468,-0.0713092834132121,0,R2019-06069
6070,6070,23905.88235294118,0.2467755952101191,0.2338898996283323,1,R2017-06070
6071,6071,9064.684014869888,0.3183157874952301,0.5976307786545806,3,R2020-06071
6072,6072,18224.21524663677,0.4056676831575783,-0.2196989344702735,0,R2019-06072
6073,6073,72148.57975236708,0.3062553216053117,-0.0255974191396113,0,R2021-06073
6074,6074,16649.67225054625,0.26580258635935,0.435291400742431,3,R2021-06074
6075,6075,16996.28252788104,0.3077486370469697,0.2439573296913038,1,R2020-06075
6076,6076,6798.513011152416,0.2717425908948669,0.0485582668234876,0,R2020-06076
6077,6077,56654.2750929368,0.11851031940856,0.1300845891244155,1,R2020-06077
6078,6078,20395.539033457248,0.1535961814375817,0.2056246357187771,1,R2020-06078
6079,6079,5549.890750182082,0.0889570390204488,0.0660502774158484,1,R2021-06079
6080,6080,39657.99256505576,0.3592960872815842,-0.0406809345926297,0,R2020-06080
6081,6081,9112.107623318385,0.2469040827713849,0.1384101309656241,1,R2019-06081
6082,6082,20395.539033457248,0.2700611204976025,0.4577002455604584,1,R2020-06082
6083,6083,68340.80717488789,0.3445287773313705,0.5113153828876859,3,R2019-06083
6084,6084,16996.28252788104,0.3230203708786807,0.5674099655370773,3,R2020-06084
6085,6085,75000.0,0.0826425817208915,0.043259802378,1,R2024-06085
6086,6086,33031.390134529145,0.3585360186501899,-0.0591654617339174,0,R2019-06086
6087,6087,18750.512645249488,0.2376209787102047,0.5366286120429442,3,R2022-06087
6088,6088,30000.0,0.2328709497042238,0.097968486657515,1,R2024-06088
6089,6089,39657.99256505576,0.4468180286835786,-0.0356054728461662,0,R2020-06089
6090,6090,85426.00896860987,0.4053631574082923,0.0067563654895616,0,R2019-06090
6091,6091,35101.85576208178,0.087397256907475,0.1111288319122039,1,R2020-06091
6092,6092,56654.2750929368,0.3818031753371149,-0.0010935526564056,0,R2020-06092
6093,6093,33992.56505576208,0.3526906623146104,0.0139272878001596,0,R2020-06093
6094,6094,7704.981412639405,0.2844143278372333,0.0307858058060688,0,R2020-06094
6095,6095,16996.28252788104,0.3152002450990557,0.3572307789491878,3,R2020-06095
6096,6096,169962.8252788104,0.4430418274781065,-0.0382525853359743,0,R2020-06096
6097,6097,54168.147641831856,0.2152912910548088,0.1146439123806027,1,R2022-06097
6098,6098,28327.1375464684,0.3694710455445971,0.0232963474027026,0,R2020-06098
6099,6099,73650.55762081784,0.2167726080492029,0.1668998385932004,1,R2020-06099
6100,6100,1699.628252788104,0.3111089008107451,0.0790565612229025,0,R2020-06100
6101,6101,5665.4275092936805,0.2246642066222193,0.3868925784555151,3,R2020-06101
6102,6102,34170.40358744394,0.4458007642090612,-0.2384584971329693,0,R2019-06102
6103,6103,11390.13452914798,0.2121538538888107,0.1440961288178992,1,R2019-06103
6104,6104,2278.026905829596,0.1838039573190335,0.1951551524536841,1,R2019-06104
6105,6105,79315.98513011153,0.258529054979432,0.3249230483005678,3,R2020-06105
6106,6106,70742.70557029177,0.3084860353819292,0.1146075632311414,1,R2023-06106
6107,6107,339925.6505576208,0.2790082985949771,0.2121610536754812,2,R2020-06107
6108,6108,53957.53159851301,0.2740397342487735,-0.0386809881549939,0,R2020-06108
6109,6109,11557.472118959107,0.2031564706882027,0.1673837528171616,1,R2020-06109
6110,6110,101263.1299734748,0.3881806719900426,-0.122043961196203,0,R2023-06110
6111,6111,30000.0,0.290430632692203,0.1129841965348934,3,R2024-06111
6112,6112,96312.26765799256,0.4582604335329571,-0.0451857468142486,0,R2020-06112
6113,6113,9291.301115241637,0.2093723809344617,0.19721125162467,1,R2020-06113
6114,6114,12127.320954907162,0.3073485818988207,-0.1537490746004119,1,R2023-06114
6115,6115,14579.372197309416,0.3580581258688095,-0.0366737432243784,0,R2019-06115
6116,6116,5665.4275092936805,0.2054540359406544,0.2131608743684489,1,R2020-06116
6117,6117,20000.0,0.4394771156116006,-0.2231270940823884,0,R2024-06117
6118,6118,4500.0,0.3778314447623313,-0.0167759721727267,0,R2024-06118
6119,6119,101061.00795755968,0.2135380710384311,0.0950490562991709,1,R2023-06119
6120,6120,11660.290742157616,0.1768938593722856,0.1187985589984179,1,R2018-06120
6121,6121,52471.30833970927,0.3274198834904138,-0.1031536992699524,0,R2018-06121
6122,6122,46641.16296863046,0.4125684639948653,-0.106487645416812,0,R2018-06122
6123,6123,174904.36113236425,0.2658133735854904,0.6127199702492893,3,R2018-06123
6124,6124,189514.7054322877,0.1750376011040385,0.0938272924315673,1,R2018-06124
6125,6125,20395.539033457248,0.2216457215282849,0.4317090453552665,3,R2020-06125
6126,6126,38478.95944912013,0.307506168804672,0.129518389620808,1,R2018-06126
6127,6127,33992.56505576208,0.2382812549222142,0.4173194825901641,3,R2020-06127
6128,6128,89784.23871461363,0.3021134000648233,0.3294200509565777,3,R2018-06128
6129,6129,104810.40892193308,0.2663098667413636,0.5505602386673001,3,R2020-06129
6130,6130,31482.78500382556,0.2875649419066112,-0.00236637968046,0,R2018-06130
6131,6131,23320.58148431523,0.431768324512763,-0.2045086904973899,0,R2018-06131
6132,6132,34980.87222647284,0.3406147435585046,-0.015157876134129,0,R2018-06132
6133,6133,5830.145371078807,0.3530854550918431,-0.1443965718635717,0,R2018-06133
6134,6134,583014.5371078808,0.2146550312836155,-0.0563176329778507,2,R2018-06134
6135,6135,545729.4429708222,0.2551049119554418,0.1766265033855725,2,R2023-06135
6136,6136,9328.232593726092,0.3377837384063105,-0.0836254645622131,0,R2018-06136
6137,6137,17085.20179372197,0.2705828270993345,0.5515787241547895,3,R2019-06137
6138,6138,26818.668706962515,0.335521035044127,0.005474580974909,0,R2018-06138
6139,6139,8162.203519510331,0.1972303957881142,0.1831863226908898,1,R2018-06139
6140,6140,37312.93037490437,0.3075280333382416,0.0194970623857805,0,R2018-06140
6141,6141,29150.72685539404,0.3613362289469992,-0.1135451355865551,0,R2018-06141
6142,6142,10494.261667941852,0.3376555100098363,-0.0707112340985567,0,R2018-06142
6143,6143,11660.290742157616,0.4105204092187293,-0.0506123470707582,0,R2018-06143
6144,6144,2332.058148431523,0.3419579593769907,-0.0936258227866744,0,R2018-06144
6145,6145,113308.5501858736,0.4371659196970645,0.0238708178219486,0,R2020-06145
6146,6146,71717.64705882352,0.2806141432241107,0.0936086767310355,1,R2017-06146
6147,6147,28891.75179801072,0.4967360608124556,-0.2066032100798736,0,R2018-06147
6148,6148,4040.2907421576137,0.196816480273176,0.1301686188115922,1,R2018-06148
6149,6149,1139.013452914798,0.0946340068401327,0.1677428739349723,1,R2019-06149
6150,6150,174904.36113236425,0.1920742763360005,0.1606110815313829,1,R2018-06150
6151,6151,1515.9151193633952,0.1331428564817212,0.1467016539090748,1,R2023-06151
6152,6152,41667.8058783322,0.3015772265834581,-0.0494908484861052,0,R2022-06152
6153,6153,8084.880636604775,0.4299319100759179,-0.2498640984251972,0,R2023-06153
6154,6154,1166.0290742157615,0.1523252086583961,0.1460268322102258,1,R2018-06154
6155,6155,55969.39556235656,0.3649779504727158,0.1726120202729899,1,R2018-06155
6156,6156,16996.28252788104,0.1987612847918752,0.1407009632347746,1,R2020-06156
6157,6157,160000.0,0.1530539548552152,0.1550763710618337,1,R2025-06157
6158,6158,40000.0,0.4977137523946797,-0.4181879501302889,5,R2024-06158
6159,6159,8084.880636604775,0.3502191172867466,-0.246379197043769,0,R2023-06159
6160,6160,3417.0403587443943,0.1660420848124125,0.0612224123746238,1,R2019-06160
6161,6161,660627.8026905829,0.2919027894703759,0.2011498396519598,2,R2019-06161
6162,6162,45560.53811659192,0.319186833764708,0.1852876644013568,1,R2019-06162
6163,6163,34980.87222647284,0.2866790496445041,0.6146972477825863,3,R2018-06163
6164,6164,174904.36113236425,0.3691971402125718,-0.0731874447449723,0,R2018-06164
6165,6165,265758.3075871497,0.3665112741659666,0.1855068695619684,1,R2022-06165
6166,6166,30318.302387267904,0.4200641165068864,-0.3405733676086366,5,R2023-06166
6167,6167,74000.0,0.4109868663170156,0.28398655093569,3,R2024-06167
6168,6168,4556.053811659192,0.372924849974709,0.338295082774697,3,R2019-06168
6169,6169,33299.3445010925,0.1353796697259003,-0.00456782218037,1,R2021-06169
6170,6170,3498.0872226472848,0.3718884547854582,-0.1084144636147574,0,R2018-06170
6171,6171,70000.0,0.1472058370190949,-0.0132893393804313,1,R2025-06171
6172,6172,55969.39556235656,0.2325382200954362,0.1216578875324067,1,R2018-06172
6173,6173,58301.45371078808,0.2878089855605735,0.0561249654449562,1,R2018-06173
6174,6174,5013.925019127774,0.2769245518186088,0.5597933554625303,3,R2018-06174
6175,6175,88798.25200291332,0.2705542582424173,-0.0434295377791,0,R2021-06175
6176,6176,29150.72685539404,0.3110199509915118,-0.0397401727756791,0,R2018-06176
6177,6177,81622.03519510331,0.3430439177719847,0.5997211789788405,3,R2018-06177
6178,6178,104942.61667941854,0.2899069746384117,0.0766656259692009,0,R2018-06178
6179,6179,93282.32593726092,0.371469392755801,-0.229049638588785,0,R2018-06179
6180,6180,99112.47130833972,0.1373405000778731,0.0094144864192809,1,R2018-06180
6181,6181,87452.18056618211,0.4184785371743641,0.0043568001752704,0,R2018-06181
6182,6182,277494.5375091041,0.3757634506175292,0.0362504253027089,0,R2021-06182
6183,6183,58301.45371078808,0.3293888993004939,-0.0929082343840776,0,R2018-06183
6184,6184,453234.2007434944,0.3584458986887228,-0.0127786808005689,2,R2020-06184
6185,6185,124639.40520446096,0.3336913751480107,0.1972729165945883,1,R2020-06185
6186,6186,35000.0,0.0446570536122996,0.0225847803097636,1,R2024-06186
6187,6187,93282.32593726092,0.3275623941889886,0.5837459429301934,3,R2018-06187
6188,6188,22780.26905829596,0.3113098688068645,0.6238345582788982,3,R2019-06188
6189,6189,82138.38310269482,0.2862266694168188,0.1492108307402881,1,R2021-06189
6190,6190,4547.51338944147,0.4054864195006304,-0.1441111221372445,0,R2018-06190
6191,6191,34980.87222647284,0.4949300144374398,-0.2238551203165834,0,R2018-06191
6192,6192,583.0145371078808,0.3247723934231108,-0.0449997547575667,0,R2018-06192
6193,6193,107643.12267657992,0.4283008945584846,0.0430121906402988,0,R2020-06193
6194,6194,125000.0,0.3844403848234197,-0.2479759988301602,0,R2025-06194
6195,6195,56950.67264573991,0.2989651252112522,0.0100222754871094,0,R2019-06195
6196,6196,88798.25200291332,0.3626822995354266,0.0188183684245778,0,R2021-06196
6197,6197,20833.9029391661,0.3005762978935813,-0.0059295360805852,0,R2022-06197
6198,6198,11660.290742157616,0.1764774639195894,-0.0648866374874733,0,R2018-06198
6199,6199,74035.87443946188,0.3210553022138658,0.1023188776271629,0,R2019-06199
6200,6200,58301.45371078808,0.35635597737395,-0.1711746073856495,0,R2018-06200
6201,6201,22199.56300072833,0.3443851990736108,-0.006728067641828,0,R2021-06201
6202,6202,40811.01759755165,0.1506006139415306,0.0092480661712287,1,R2018-06202
6203,6203,5125.560538116592,0.2059826051262342,0.5469637982553821,3,R2019-06203
6204,6204,266394.75600874,0.2932089060529128,0.4574325452969039,3,R2021-06204
6205,6205,11099.781500364164,0.1278179440806352,0.0019581912211883,1,R2021-06205
6206,6206,58301.45371078808,0.3081052845492332,0.6139327799299114,3,R2018-06206
6207,6207,62319.70260223048,0.4141010633106158,-0.0472741312986459,0,R2020-06207
6208,6208,5830.145371078807,0.3396151167611588,0.5220360397530794,3,R2018-06208
6209,6209,60636.60477453581,0.1460138450992177,-0.009192586780315,1,R2023-06209
6210,6210,34170.40358744394,0.184877944642756,0.0714996529920651,0,R2019-06210
6211,6211,34980.87222647284,0.4464642109067934,-0.1339440538970807,0,R2018-06211
6212,6212,20988.523335883707,0.3357784203439645,0.1306576180452082,0,R2018-06212
6213,6213,18190.981432360742,0.4515571263685312,-0.1941277775710135,0,R2023-06213
6214,6214,234381.4080656186,0.3023715551432445,-0.1021412336981099,0,R2022-06214
6215,6215,5830.145371078807,0.3455043824218364,-0.0192682937750872,0,R2018-06215
6216,6216,991.1247130833972,0.178456551838716,0.0772768628875161,1,R2018-06216
6217,6217,7099.368018362664,0.2915387174979771,-0.1777081651611814,0,R2018-06217
6218,6218,34980.87222647284,0.4437698332709063,0.1147221639163211,0,R2018-06218
6219,6219,113901.3452914798,0.4505842041373362,0.0180024075716345,0,R2019-06219
6220,6220,138747.26875455206,0.2171560715069349,0.1534211789944631,1,R2021-06220
6221,6221,1010.6100795755968,0.2553223450022921,-0.1207849764647144,0,R2023-06221
6222,6222,25000.0,0.5040394177028269,-0.3761271311057277,5,R2024-06222
6223,6223,39657.99256505576,0.2859174228217872,0.4927849864419446,3,R2020-06223
6224,6224,204055.08798775828,0.4832863393260919,-0.1129447790949008,0,R2018-06224
6225,6225,249000.0,0.3327129994256904,0.1113279334124346,1,R2024-06225
6226,6226,22780.26905829596,0.3974177298324617,-0.1152713579794664,0,R2019-06226
6227,6227,81622.03519510331,0.2341326553150819,-0.017802003845463,0,R2018-06227
6228,6228,145753.6342769702,0.3301714149649474,0.1780354770456465,1,R2018-06228
6229,6229,11660.290742157616,0.3351692659393023,0.1291181979030661,0,R2018-06229
6230,6230,50000.0,0.3802311445519201,-0.2839337759794569,0,R2024-06230
6231,6231,52471.30833970927,0.2924557513224098,0.1566085406163155,1,R2018-06231
6232,6232,566542.750929368,0.3144912790836353,0.2762148303392914,2,R2020-06232
6233,6233,5830.145371078807,0.1009510465201431,0.1153893935461109,1,R2018-06233
6234,6234,50530.50397877984,0.1193382559363392,0.150975104126978,1,R2023-06234
6235,6235,5125.560538116592,0.2952140948102706,0.1186821967563521,1,R2019-06235
6236,6236,174904.36113236425,0.4801586107329645,0.103357329665273,0,R2018-06236
6237,6237,89497.98206278027,0.2786098225059066,0.5204918617903201,3,R2019-06237
6238,6238,418352.9411764706,0.4904642082774268,-0.2772584162050931,0,R2017-06238
6239,6239,17490.43611323642,0.2248162527670323,0.0414692567338877,0,R2018-06239
6240,6240,118468.55394032138,0.4457643606617058,0.0641564679684644,0,R2018-06240
6241,6241,166496.72250546247,0.3330294815955092,-0.0087642769465426,0,R2021-06241
6242,6242,60000.0,0.3789375535974351,0.0048771641596499,0,R2025-06242
6243,6243,233205.8148431523,0.2698285892216365,0.0145021861750214,0,R2018-06243
6244,6244,11660.290742157616,0.0644941122471289,0.0277374649152913,1,R2018-06244
6245,6245,5000.0,0.4623371691318262,-0.4352974175514421,5,R2024-06245
6246,6246,2050.2242152466365,0.2793436431615166,-0.0142602513030763,0,R2019-06246
6247,6247,56950.67264573991,0.3091739411564083,0.5296207403028325,3,R2019-06247
6248,6248,29150.72685539404,0.4211318695091324,-0.0448115394253806,0,R2018-06248
6249,6249,569.506726457399,0.2109769293776476,0.5153754704385372,3,R2019-06249
6250,6250,22780.26905829596,0.2980432323380527,-0.0005520414674508,0,R2019-06250
6251,6251,2500.0,0.2657141996492329,-0.0337108209593235,1,R2024-06251
6252,6252,10000.0,0.1964038518629423,0.3348382065784721,3,R2024-06252
6253,6253,75795.75596816976,0.2703577847524307,0.1229616182030467,1,R2023-06253
6254,6254,13668.161434977575,0.2433497452493585,0.2123421321445573,1,R2019-06254
6255,6255,233205.8148431523,0.4287054871607136,0.0257240830264331,0,R2018-06255
6256,6256,17490.43611323642,0.4002450438320383,0.0219082310176673,0,R2018-06256
6257,6257,34170.40358744394,0.5086552357951819,-0.1138137399619106,0,R2019-06257
6258,6258,5665.4275092936805,0.3503977134666982,-0.0012608714064023,0,R2020-06258
6259,6259,111167.10875331564,0.566113863980873,-0.4400300584079923,5,R2023-06259
6260,6260,3498.0872226472848,0.2160482424941127,-0.0125721551271,0,R2018-06260
6261,6261,39865.470852017934,0.2613969591129712,0.2062319713258729,0,R2019-06261
6262,6262,93282.32593726092,0.4149517742626031,-0.2130242993364265,0,R2018-06262
6263,6263,19633.87012987013,0.2071303926282512,0.1210659157436451,1,R2022-06263
6264,6264,520847.57347915246,0.3054483912010923,0.0857506478807393,2,R2022-06264
6265,6265,19135.42600896861,0.3546771753299967,-0.0679735655398002,0,R2019-06265
6266,6266,1075.764705882353,0.2529960700572133,0.3805260870213722,3,R2017-06266
6267,6267,34583.69461883408,0.468788536176711,-0.2406272613412793,0,R2019-06267
6268,6268,243613.38289962825,0.3333867246946967,0.4797161018124006,3,R2020-06268
6269,6269,44399.12600145666,0.4650076731536317,-0.1711082121789875,0,R2021-06269
6270,6270,198224.94261667944,0.5059673446246086,-0.0672838747060441,0,R2018-06270
6271,6271,5695.067264573991,0.3292562266894803,0.2013568134475489,1,R2019-06271
6272,6272,56950.67264573991,0.4392304119728696,-0.1155150743437036,0,R2019-06272
6273,6273,45560.53811659192,0.5789273361756397,-0.3122124731856962,0,R2019-06273
6274,6274,22780.26905829596,0.1643394892137102,0.1574142603853049,1,R2019-06274
6275,6275,148325.74887892377,0.3419071344661472,-0.0215691783955767,0,R2019-06275
6276,6276,79315.98513011153,0.3838900593484298,0.5372073696388421,3,R2020-06276
6277,6277,3417.0403587443943,0.109804474339354,0.1066116853624412,1,R2019-06277
6278,6278,5695.067264573991,0.3764669873321778,-0.0903523859657452,0,R2019-06278
6279,6279,10251.121076233185,0.263774440193212,0.0156957280469483,0,R2019-06279
6280,6280,85426.00896860987,0.4873197770793356,-0.0607065096086421,0,R2019-06280
6281,6281,202122.0159151193,0.0497314041541148,0.0979410654104231,1,R2023-06281
6282,6282,318923.76681614347,0.2301484492187167,0.120777451348908,2,R2019-06282
6283,6283,1139.013452914798,0.2290926925003939,0.2420097620124601,1,R2019-06283
6284,6284,166496.72250546247,0.4682033251275871,-0.0756028109730331,0,R2021-06284
6285,6285,166496.72250546247,0.461601065722903,-0.1267626477409533,0,R2021-06285
6286,6286,25419.4338179036,0.2771494791690163,0.243730661328556,3,R2018-06286
6287,6287,20502.24215246637,0.257608490322885,0.5159010904259422,3,R2019-06287
6288,6288,5695.067264573991,0.2184258753719433,0.1520469373084291,1,R2019-06288
6289,6289,203955.3903345725,0.360434588971067,0.0558875484446596,0,R2020-06289
6290,6290,2266.171003717472,0.0900180745376529,0.1454677662246468,1,R2020-06290
6291,6291,6000000.0,0.1525333199231615,0.0538165001854432,4,R2025-06291
6292,6292,61048.79825200291,0.2681253158540767,0.1308747318159797,1,R2021-06292
6293,6293,20833.9029391661,0.3078375313460476,-0.0641361373187237,0,R2022-06293
6294,6294,91121.07623318383,0.2850598925964122,0.5096792493161211,3,R2019-06294
6295,6295,6834.080717488789,0.2500803815632581,0.5611951330238244,3,R2019-06295
6296,6296,113901.3452914798,0.2564669599014733,0.1680089154526371,1,R2019-06296
6297,6297,122097.59650400582,0.4398470748230073,-0.0072205576239653,0,R2021-06297
6298,6298,91121.07623318383,0.2175221940817006,0.0989766081775114,1,R2019-06298
6299,6299,7403.587443946188,0.3036515020253488,0.6156898087534137,3,R2019-06299
6300,6300,5125.560538116592,0.3676693164722025,0.5703099638877458,3,R2019-06300
6301,6301,5665.4275092936805,0.3095716325083394,0.5395693855297335,3,R2020-06301
6302,6302,98029.17771883289,0.2276352332489755,-0.0197706846899945,1,R2023-06302
6303,6303,5695.067264573991,0.3110552645519856,0.1810595033176823,1,R2019-06303
6304,6304,244195.19300801164,0.3197885328552756,0.5433715762148413,3,R2021-06304
6305,6305,86059.46417843865,0.4086502962942729,-0.0120447277823317,0,R2020-06305
6306,6306,170852.01793721973,0.3330572878108008,0.5896159601712956,3,R2019-06306
6307,6307,2050.2242152466365,0.4196742617628042,0.2564402746376042,3,R2019-06307
6308,6308,4556.053811659192,0.134023176017314,0.1651274492519311,1,R2019-06308
6309,6309,51255.60538116592,0.4545962128946034,-0.1880628965742488,0,R2019-06309
6310,6310,277917.7718832891,0.4865198258885239,-0.4635399589655815,5,R2023-06310
6311,6311,56654.2750929368,0.3790013633811516,0.0368882386137256,0,R2020-06311
6312,6312,3980.852017937219,0.1555631549473899,0.0903249245379352,1,R2019-06312
6313,6313,22199.56300072833,0.2252567687506388,0.213026809312744,1,R2021-06313
6314,6314,16173.991031390136,0.3954459885864172,-0.0669790917369964,0,R2019-06314
6315,6315,26806.68161434977,0.2727446607116075,-0.0326532191517595,0,R2019-06315
6316,6316,341704.03587443946,0.2701296565969737,-0.0774739605525383,2,R2019-06316
6317,6317,158631.97026022305,0.3134961402559452,-0.0127097151658234,0,R2020-06317
6318,6318,31250.854408749143,0.4715780798116548,-0.1096670625044457,0,R2022-06318
6319,6319,31250.854408749143,0.4524939863595963,-0.1001935193749347,0,R2022-06319
6320,6320,30318.302387267904,0.5586854892871276,-0.5485444782752502,5,R2023-06320
6321,6321,30318.302387267904,0.4650245324218923,-0.4197490704091128,5,R2023-06321
6322,6322,30318.302387267904,0.5586854892871276,-0.5485444782752502,5,R2023-06322
6323,6323,30318.302387267904,0.5248942989853754,-0.1730365921501261,0,R2023-06323
6324,6324,30000.0,0.5586854892871276,-0.5485444782752502,5,R2024-06324
6325,6325,30318.302387267904,0.4646645465871733,-0.105014898002678,0,R2023-06325
6326,6326,30000.0,0.5586854892871276,-0.5485444782752502,5,R2024-06326
6327,6327,30318.302387267904,0.4563940189109995,-0.2057602046220368,0,R2023-06327
6328,6328,30318.302387267904,0.5318468939321178,-0.3885469579619352,5,R2023-06328
6329,6329,16996.28252788104,0.3345789725381068,0.3027994567676753,1,R2020-06329
6330,6330,118973.97769516728,0.3565215473653972,0.2557223124242407,1,R2020-06330
6331,6331,46641.16296863046,0.3458121599884561,-0.1453532251143325,0,R2018-06331
6332,6332,1749.0436113236424,0.0866330587837752,0.0432886354082803,1,R2018-06332
6333,6333,4687.628161312372,0.2469445615502999,0.5682631168211001,3,R2022-06333
6334,6334,169962.8252788104,0.3778570817685847,-0.2538764207029576,0,R2020-06334
6335,6335,17490.43611323642,0.3761735366208981,-0.0901179774988953,0,R2018-06335
6336,6336,23320.58148431523,0.3474782891447486,0.0415690019342278,1,R2018-06336
6337,6337,150000.0,0.4144620579869187,-0.3447624695880824,0,R2025-06337
6338,6338,174904.36113236425,0.2465099883360297,0.1493891407903473,2,R2018-06338
6339,6339,455605.3811659192,0.287522912580126,0.262805343102,2,R2019-06339
6340,6340,3399.256505576208,0.3289364623086881,0.3941573939059126,3,R2020-06340
6341,6341,164644.39461883408,0.3547768740756096,0.216610077459541,1,R2019-06341
6342,6342,18224.21524663677,0.2653446081978484,0.5873130035928004,3,R2019-06342
6343,6343,23320.58148431523,0.4679962482312558,0.0047180423532259,0,R2018-06343
6344,6344,169962.8252788104,0.4275131371947883,-0.0721034271293229,0,R2020-06344
6345,6345,60108.798775822506,0.426388334956689,-0.2564942542299723,0,R2018-06345
6346,6346,34980.87222647284,0.4137156637995113,-0.138090327661014,0,R2018-06346
6347,6347,23320.58148431523,0.2227880817745482,0.2254251454196275,1,R2018-06347
6348,6348,5247.130833970927,0.3380555463141945,0.5163810666579599,3,R2018-06348
6349,6349,11660.290742157616,0.0780551027118996,0.0493303900927979,1,R2018-06349
6350,6350,17490.43611323642,0.1159662766018573,0.1223491780248818,1,R2018-06350
6351,6351,2000.0,0.3926740910946101,-0.0868262163565778,0,R2024-06351
6352,6352,39865.470852017934,0.3904728189472658,-0.0379887771126323,0,R2019-06352
6353,6353,46641.16296863046,0.3525967268432098,0.0386125568438573,0,R2018-06353
6354,6354,34980.87222647284,0.5447582639030144,-0.0948898115951026,0,R2018-06354
6355,6355,860000.0,0.2584511893463261,0.132064014393867,2,R2024-06355
6356,6356,104942.61667941854,0.4902817546761346,-0.0307816144848589,0,R2018-06356
6357,6357,104942.61667941854,0.3185930413623511,-0.0083311908264676,0,R2018-06357
6358,6358,34170.40358744394,0.2026985824108907,0.2129920150281006,1,R2019-06358
6359,6359,683.4080717488789,0.2839839411621038,0.2099074256250674,1,R2019-06359
6360,6360,270000.0,0.1292462331124451,0.0077073974724884,2,R2025-06360
6361,6361,9112.107623318385,0.3725487202455407,-0.0765030673724344,0,R2019-06361
6362,6362,70835.26999316474,0.2228736312920934,0.1227844669723908,1,R2022-06362
6363,6363,10416.95146958305,0.1912032656228307,0.2487323926487222,1,R2022-06363
6364,6364,3498.0872226472848,0.3254213228069844,0.2385625250605758,1,R2018-06364
6365,6365,68340.80717488789,0.4906530770563518,-0.0738987211519792,0,R2019-06365
6366,6366,5778.736059479554,0.2790668573844382,0.5743522655068721,3,R2020-06366
6367,6367,68340.80717488789,0.4076881613726502,-0.0072714603343695,0,R2019-06367
6368,6368,52471.30833970927,0.4058576977867976,0.0731392955641446,0,R2018-06368
6369,6369,495562.3565416986,0.1869772578988326,0.0436388102543971,2,R2018-06369
6370,6370,100000.0,0.1675211861711144,0.1163907788245951,1,R2025-06370
6371,6371,4783.856502242153,0.3083017979435969,0.4203923759400819,3,R2019-06371
6372,6372,3417.0403587443943,0.1580660996541523,0.2240873963824228,1,R2019-06372
6373,6373,93282.32593726092,0.5075020736513478,-0.228574250394358,0,R2018-06373
6374,6374,42589.21193573069,0.3166295888907039,-0.0698800690301773,0,R2018-06374
6375,6375,33334.244702665754,0.3372505533472497,-0.1078574155455063,0,R2022-06375
6376,6376,70000.0,0.4650245324218923,-0.4197490704091128,5,R2024-06376
6377,6377,11099.781500364164,0.2169064058702708,0.0180166293659924,0,R2021-06377
6378,6378,4664.116296863046,0.1672181706488062,0.2084318363447115,1,R2018-06378
6379,6379,5247.130833970927,0.1720218451701271,0.1664433028666177,1,R2018-06379
6380,6380,1049.4261667941853,0.1967130825011115,0.104828564136669,1,R2018-06380
6381,6381,69961.74445294568,0.259724325735052,0.1358581537524275,1,R2018-06381
6382,6382,5247.130833970927,0.1643250379098022,0.1796083666462976,1,R2018-06382
6383,6383,16324.407039020662,0.2226005468172327,0.029029862635631,1,R2018-06383
6384,6384,28475.33632286996,0.2892095743478453,0.5715216750458854,3,R2019-06384
6385,6385,291507.2685539404,0.3259484609543892,0.5904729457827987,3,R2018-06385
6386,6386,6996.1744452945695,0.2491677474160429,0.0368965316628161,0,R2018-06386
6387,6387,23320.58148431523,0.349889200456849,-0.0510237064939433,0,R2018-06387
6388,6388,69961.74445294568,0.4466765135506297,-0.005631786378832,0,R2018-06388
6389,6389,39865.470852017934,0.5339726469741654,-0.1714548427192204,0,R2019-06389
6390,6390,437260.9028309106,0.2395692521262234,0.0568543524987503,2,R2018-06390
6391,6391,1189739.7769516727,0.2497391288500983,0.02591249053154,2,R2020-06391
6392,6392,4000.0,0.2493182035761721,0.2066739132189947,1,R2024-06392
6393,6393,29150.72685539404,0.5741535042473027,-0.3828452816661538,5,R2018-06393
6394,6394,29150.72685539404,0.3439059875832128,-0.1247268736246036,0,R2018-06394
6395,6395,69961.74445294568,0.3117995302990516,-0.0014049097106469,0,R2018-06395
6396,6396,68340.80717488789,0.4565593950068375,0.0073162961079487,0,R2019-06396
6397,6397,19500.0,0.1408516240246559,-0.1270530805800972,1,R2024-06397
6398,6398,2448.6610558530992,0.1508230679285347,0.0774217315986303,1,R2018-06398
6399,6399,23320.58148431523,0.4372814072412407,-0.0965866384823517,0,R2018-06399
6400,6400,29150.72685539404,0.5259040255335753,-0.2995532371408635,0,R2018-06400
6401,6401,29150.72685539404,0.2923708616733627,-0.0482480704603482,0,R2018-06401
6402,6402,209885.23335883708,0.3722559803852276,0.0276843496495856,0,R2018-06402
6403,6403,29150.72685539404,0.2923708616733627,-0.0482480704603482,0,R2018-06403
6404,6404,29150.72685539404,0.3439059875832128,-0.1247268736246036,0,R2018-06404
6405,6405,29150.72685539404,0.3439059875832128,-0.1247268736246036,0,R2018-06405
6406,6406,11390.13452914798,0.0988094065167234,0.1347692919976071,1,R2019-06406
6407,6407,63215.2466367713,0.302983548691034,0.3023357837415669,3,R2019-06407
6408,6408,31726.39405204461,0.2546420789101519,0.0479429016362087,0,R2020-06408
6409,6409,5467.264573991031,0.2093031889596147,0.1271777533021359,1,R2019-06409
6410,6410,29150.72685539404,0.2923708616733627,-0.0482480704603482,0,R2018-06410
6411,6411,29150.72685539404,0.2923708616733627,-0.0482480704603482,0,R2018-06411
6412,6412,29150.72685539404,0.3288696987107522,-0.0894383659667963,0,R2018-06412
6413,6413,29150.72685539404,0.3439059875832128,-0.1247268736246036,0,R2018-06413
6414,6414,29150.72685539404,0.3439059875832128,-0.1247268736246036,0,R2018-06414
6415,6415,29150.72685539404,0.2988365242269366,-0.0073378190195727,0,R2018-06415
6416,6416,34980.87222647284,0.4159388147411338,-0.1862680728196475,0,R2018-06416
6417,6417,57135.42463657232,0.3782013652645985,-0.0485988170573321,0,R2018-06417
6418,6418,72918.66028708134,0.3296387429632301,0.1032178673011431,0,R2022-06418
6419,6419,54672.64573991031,0.2401381332836263,0.0980780683487767,1,R2019-06419
6420,6420,121273.20954907162,0.5586854892871276,-0.5485444782752502,5,R2023-06420
6421,6421,34980.87222647284,0.1907245510883881,0.0458151029444901,0,R2018-06421
6422,6422,18186.02230483272,0.3521555685085177,-0.069679359492819,0,R2020-06422
6423,6423,297337.4139250192,0.2823742765313192,-0.1170771758818694,2,R2018-06423
6424,6424,1071246.6843501327,0.2463866062952195,0.1241233712042752,2,R2023-06424
6425,6425,161697.6127320955,0.3740006940374862,-0.1853242265664786,0,R2023-06425
6426,6426,5830.145371078807,0.2928690410059817,-0.0092120072792298,0,R2018-06426
6427,6427,45560.53811659192,0.3138492999478567,-0.0790782874776662,0,R2019-06427
6428,6428,170852.01793721973,0.1782882695938814,-0.0014337037331863,1,R2019-06428
6429,6429,23320.58148431523,0.3381829637278113,-0.0316617411942562,0,R2018-06429
6430,6430,52471.30833970927,0.2366851871078837,0.0493018967969581,1,R2018-06430
6431,6431,36459.33014354067,0.3343932313177215,0.0182416180992753,0,R2022-06431
6432,6432,18750.512645249488,0.3492630801324386,0.2800383424767579,3,R2022-06432
6433,6433,200000.0,0.4076897672034344,-0.3316081929905756,5,R2024-06433
6434,6434,10000.0,0.3946385626317047,-0.3387886813906698,5,R2025-06434
6435,6435,10000.0,0.3946385626317047,-0.3387886813906698,5,R2025-06435
6436,6436,25265.25198938992,0.3741868171975416,-0.2655219504039328,0,R2023-06436
6437,6437,20000.0,0.3347967508935953,-0.2636617977141888,0,R2024-06437
6438,6438,20000.0,0.4267169430128131,-0.3215737071992858,5,R2024-06438
6439,6439,10000.0,0.3946385626317047,-0.3387886813906698,5,R2025-06439
6440,6440,10000.0,0.3946385626317047,-0.3387886813906698,0,R2025-06440
6441,6441,51255.60538116592,0.2747830525420138,0.2588771592516171,1,R2019-06441
6442,6442,13288.414349775783,0.2300563831058996,-0.0297446214146337,1,R2019-06442
6443,6443,11734.196322869955,0.2300563831058996,-0.0297446214146337,1,R2019-06443
6444,6444,19979.6067006555,0.3985489529819802,-0.167534440828278,0,R2021-06444
6445,6445,4439.912600145666,0.3330814750543954,-0.1026197925851234,0,R2021-06445
6446,6446,113308.5501858736,0.3514594671495895,-0.148440797021691,0,R2020-06446
6447,6447,216445.73925710123,0.2918003119767123,-0.0959794407048208,0,R2021-06447
6448,6448,113901.3452914798,0.3471291575185799,-0.1255759515055899,0,R2019-06448
6449,6449,5549.890750182082,0.2924423513971055,-0.0393250198612269,0,R2021-06449
6450,6450,11952.94117647059,0.3996502469786888,-0.1601896586498268,0,R2017-06450
6451,6451,20000.0,0.285904456273533,-0.1747107762448074,0,R2024-06451
6452,6452,200000.0,0.4630779058318531,-0.3320759635855651,0,R2024-06452
6453,6453,14163.5687732342,0.1037689530889626,0.1175858485648355,1,R2020-06453
6454,6454,17882.51121076233,0.3041445547034794,-0.0565942786131987,0,R2019-06454
6455,6455,1000000.0,0.2354032761641783,-0.0118041190506941,2,R2024-06455
6456,6456,20000.0,0.3784060102933165,-0.3160763102307648,5,R2024-06456
6457,6457,20000.0,0.3946385626317047,-0.3387886813906698,0,R2024-06457
6458,6458,10000.0,0.3055708434982066,-0.075611374651852,0,R2025-06458
6459,6459,175000.0,0.2585838714661737,0.0495387956020531,2,R2025-06459
6460,6460,74900.0,0.2429016662949164,0.3675908025111319,3,R2024-06460
6461,6461,75290.45092838196,0.2396501770184672,0.2156258339258614,3,R2023-06461
6462,6462,3585.8823529411766,0.2403340946453886,-0.0537246542566042,0,R2017-06462
6463,6463,468762.8161312372,0.4765125421658914,0.0010890107729093,0,R2022-06463
6464,6464,554989.0750182082,0.3908006849650691,-0.0217554476303646,0,R2021-06464
6465,6465,283271.375464684,0.40227199715556,0.0363570029712898,0,R2020-06465
6466,6466,174904.36113236425,0.367367768728496,0.0280925132178279,0,R2018-06466
6467,6467,75795.75596816976,0.31726955466875,0.1764393501568391,1,R2023-06467
6468,6468,10000.0,0.3946385626317047,-0.3387886813906698,5,R2025-06468
6469,6469,10000.0,0.3099082896906378,-0.198036641654698,0,R2025-06469
6470,6470,4781.176470588235,0.3245863234469847,0.6346765603210529,3,R2017-06470
6471,6471,62645.739910313896,0.3238860951773671,0.1453189509515994,1,R2019-06471
6472,6472,11330.85501858736,0.2618440323023712,0.1635441578859105,1,R2020-06472
6473,6473,36441.9066564652,0.4197929424237308,-0.068475296990636,0,R2018-06473
6474,6474,87452.18056618211,0.2209366960521765,0.1560007919450297,0,R2018-06474
6475,6475,277494.5375091041,0.261991535139506,0.2273279053276101,2,R2021-06475
6476,6476,6592.047058823529,0.2653387759733039,-0.038490517371832,0,R2017-06476
6477,6477,46641.16296863046,0.3969728583957831,0.0132699246826537,1,R2018-06477
6478,6478,221995.6300072833,0.4605288962869749,-0.1168212272453851,0,R2021-06478
6479,6479,205022.4215246637,0.3115022222296063,-0.0846054377468662,0,R2019-06479
6480,6480,349808.72226472845,0.4312279953596086,-0.0217259867278328,0,R2018-06480
6481,6481,29882.352941176472,0.3050747162068048,0.2660534463941303,3,R2017-06481
6482,6482,151591.51193633952,0.2366095084352132,0.1202340427617816,1,R2023-06482
6483,6483,16018.136470588235,0.3031205282517052,-0.0611649587086596,0,R2017-06483
6484,6484,21089.58485069192,0.3215165487902836,0.4416214550107547,3,R2021-06484
6485,6485,55498.90750182082,0.2769516673220998,0.1103881112393045,1,R2021-06485
6486,6486,322990.053557766,0.3910132065732468,-0.0775762812845301,2,R2018-06486
6487,6487,149411.76470588235,0.3193387336841888,0.2216606890196714,1,R2017-06487
6488,6488,45560.53811659192,0.277630078244216,0.0581463166562098,0,R2019-06488
6489,6489,150000.0,0.3814743394353285,-0.2691240729006855,5,R2025-06489
6490,6490,141635.687732342,0.3535020250028911,0.020073901293496,0,R2020-06490
6491,6491,159751.8133129304,0.1631836986838117,0.1908221875098682,1,R2018-06491
6492,6492,47811.76470588236,0.3724971102438001,-0.1975462213280567,0,R2017-06492
6493,6493,59764.705882352944,0.2907558698234403,-0.0515088126305926,0,R2017-06493
6494,6494,29150.72685539404,0.4110970412491608,-0.0098321568100113,0,R2018-06494
6495,6495,59764.705882352944,0.3706029505929126,0.0507484218875836,0,R2017-06495
6496,6496,51255.60538116592,0.4094854505168746,0.0007404060208974,0,R2019-06496
6497,6497,59764.705882352944,0.3871956429308583,-0.2084952446927713,0,R2017-06497
6498,6498,5830.145371078807,0.2678285153718858,0.6298109897573639,3,R2018-06498
6499,6499,4664.116296863046,0.1909376250728504,0.1381484528426904,1,R2018-06499
6500,6500,45560.53811659192,0.2784273764206871,0.0680437145009989,0,R2019-06500
6501,6501,23905.88235294118,0.1998032288880537,0.0108410482995341,1,R2017-06501
6502,6502,88798.25200291332,0.4219308486809111,-0.1214285437326906,0,R2021-06502
6503,6503,23320.58148431523,0.3974947116977937,-0.0883991439326912,0,R2018-06503
6504,6504,56178.82352941176,0.3788052144927251,-0.0971124691827794,0,R2017-06504
6505,6505,29882.352941176472,0.3420069336777688,0.0218176972761388,0,R2017-06505
6506,6506,35858.82352941176,0.43147422813755,-0.0469677032978225,0,R2017-06506
6507,6507,33992.56505576208,0.413256132124675,0.0495983933016724,0,R2020-06507
6508,6508,126225.7249070632,0.3172270547189292,0.5652278579318655,3,R2020-06508
6509,6509,56950.67264573991,0.2113585819437968,0.0132834348560107,1,R2019-06509
6510,6510,40811.01759755165,0.4284527531486262,0.0354122103377279,0,R2018-06510
6511,6511,62501.70881749829,0.1775657282027498,0.2151425280160614,1,R2022-06511
6512,6512,16649.67225054625,0.2438722647949374,0.0834816331360056,0,R2021-06512
6513,6513,66598.689002185,0.3511808232139615,-0.0212852873281089,0,R2021-06513
6514,6514,15625.427204374571,0.369893650719844,-0.0873870740342728,0,R2022-06514
6515,6515,169962.8252788104,0.4335388291042555,-0.0854310067051564,0,R2020-06515
6516,6516,83670.58823529411,0.3286161168353128,0.2225618160544397,1,R2017-06516
6517,6517,30318.302387267904,0.5318468939321178,-0.3885469579619352,5,R2023-06517
6518,6518,30318.302387267904,0.5586854892871276,-0.5485444782752502,5,R2023-06518
6519,6519,40000.0,0.5586854892871276,-0.5485444782752502,5,R2025-06519
6520,6520,40000.0,0.5586854892871276,-0.5485444782752502,5,R2024-06520
6521,6521,30318.302387267904,0.6032832908162081,-0.5310683680445598,5,R2023-06521
6522,6522,30318.302387267904,0.5586854892871276,-0.5485444782752502,5,R2023-06522
6523,6523,30318.302387267904,0.5586854892871276,-0.5485444782752502,5,R2023-06523
6524,6524,30000.0,0.5586854892871276,-0.5485444782752502,5,R2024-06524
6525,6525,30318.302387267904,0.4695491288104046,-0.180226074826433,0,R2023-06525
6526,6526,30000.0,0.318653688330667,-0.0953457718738491,0,R2025-06526
6527,6527,30000.0,0.5586854892871276,-0.5485444782752502,5,R2025-06527
6528,6528,30000.0,0.5586854892871276,-0.5485444782752502,5,R2025-06528
6529,6529,30000.0,0.5586854892871276,-0.5485444782752502,5,R2024-06529
6530,6530,30000.0,0.5586854892871276,-0.5485444782752502,5,R2024-06530
6531,6531,30000.0,0.5586854892871276,-0.5485444782752502,5,R2024-06531
6532,6532,34170.40358744394,0.5741535042473027,-0.3828452816661538,5,R2019-06532
6533,6533,33992.56505576208,0.3953313760897955,0.0494988366450206,1,R2020-06533
6534,6534,33299.3445010925,0.4343584518281327,-0.0563414189922979,0,R2021-06534
6535,6535,34170.40358744394,0.3427036600978338,-0.0354277465026459,0,R2019-06535
6536,6536,33299.3445010925,0.4467830689779997,-0.0661212400422751,0,R2021-06536
6537,6537,33299.3445010925,0.5062256954624801,-0.012765997460794,0,R2021-06537
6538,6538,33299.3445010925,0.3755409619526587,-0.2136196751865661,0,R2021-06538
6539,6539,263064.82155863073,0.2998426352925926,-0.0210178439559197,0,R2021-06539
6540,6540,33299.3445010925,0.4860092116161073,-0.0726188104356264,0,R2021-06540
6541,6541,33992.56505576208,0.2858103751651576,-0.0088882205428398,0,R2020-06541
6542,6542,33992.56505576208,0.3626010279141738,0.0437426114706077,0,R2020-06542
6543,6543,33299.3445010925,0.4472270780111987,-0.0250283643818443,0,R2021-06543
6544,6544,33299.3445010925,0.4522766980142875,0.0487509574317769,0,R2021-06544
6545,6545,33992.56505576208,0.4335706048625594,0.1005434865914313,0,R2020-06545
6546,6546,34170.40358744394,0.5284374695581565,-0.1991447218569887,0,R2019-06546
6547,6547,11330.85501858736,0.2355854002907667,0.4619685526611009,3,R2020-06547
6548,6548,30318.302387267904,0.4526235754306467,-0.157148097246153,0,R2023-06548
6549,6549,31250.854408749143,0.4511560137684993,-0.1332339276301762,0,R2022-06549
6550,6550,31250.854408749143,0.4646645465871733,-0.105014898002678,0,R2022-06550
6551,6551,31250.854408749143,0.4789503178985148,-0.1224245868721423,0,R2022-06551
6552,6552,104169.51469583048,0.4609212688829976,-0.3474289954138262,0,R2022-06552
6553,6553,30318.302387267904,0.3970417893090155,-0.214122340431253,0,R2023-06553
6554,6554,30318.302387267904,0.2847021742228083,0.0493115491353247,0,R2023-06554
6555,6555,31250.854408749143,0.3796419708430397,-0.1842266225399061,0,R2022-06555
6556,6556,33992.56505576208,0.4890877739875753,-0.1620860314781286,0,R2020-06556
6557,6557,34170.40358744394,0.5545982381793606,-0.1362928898472059,0,R2019-06557
6558,6558,33299.3445010925,0.4874378049759523,0.0031088534951305,0,R2021-06558
6559,6559,33299.3445010925,0.471989858928853,-0.0814506755361633,0,R2021-06559
6560,6560,33992.56505576208,0.4576118469465096,0.0089895995552784,0,R2020-06560
6561,6561,33992.56505576208,0.4576118469465096,0.0089895995552784,0,R2020-06561
6562,6562,33992.56505576208,0.4576118469465096,0.0089895995552784,0,R2020-06562
6563,6563,33299.3445010925,0.4637121554123301,-0.1278897238380573,0,R2021-06563
6564,6564,33299.3445010925,0.5177495316433899,-0.0306508193155569,0,R2021-06564
6565,6565,33992.56505576208,0.4774058241028793,0.0126472249556345,0,R2020-06565
6566,6566,33299.3445010925,0.296579461655402,-0.0427417821616034,0,R2021-06566
6567,6567,33299.3445010925,0.4610669326052147,-0.1249349029398629,0,R2021-06567
6568,6568,30318.302387267904,0.4999150340193387,-0.2116333856106107,0,R2023-06568
6569,6569,40000.0,0.5586854892871276,-0.5485444782752502,5,R2024-06569
6570,6570,30000.0,0.5597516885366358,-0.4778045077359227,5,R2025-06570
6571,6571,30000.0,0.5586854892871276,-0.5485444782752502,5,R2024-06571
6572,6572,52084.75734791524,0.4158301664006401,0.0333814114165327,0,R2022-06572
6573,6573,30000.0,0.5586854892871276,-0.5485444782752502,5,R2024-06573
6574,6574,31250.854408749143,0.3568541859826385,-0.1746855224272146,0,R2022-06574
6575,6575,30318.302387267904,0.4919369972916029,-0.1454969022660644,0,R2023-06575
6576,6576,31250.854408749143,0.5148880623675555,-0.09156605591549,0,R2022-06576
6577,6577,30000.0,0.5586854892871276,-0.5485444782752502,5,R2024-06577
6578,6578,30000.0,0.5586854892871276,-0.5485444782752502,5,R2024-06578
6579,6579,30318.302387267904,0.5586854892871276,-0.5485444782752502,5,R2023-06579
6580,6580,31250.854408749143,0.4646645465871733,-0.105014898002678,0,R2022-06580
6581,6581,30318.302387267904,0.4588697102099013,-0.0987167327508997,0,R2023-06581
6582,6582,30318.302387267904,0.4415765379999689,-0.343055451059591,5,R2023-06582
6583,6583,30000.0,0.5586854892871276,-0.5485444782752502,5,R2024-06583
6584,6584,30000.0,0.5586854892871276,-0.5485444782752502,5,R2024-06584
6585,6585,30000.0,0.5586854892871276,-0.5485444782752502,5,R2024-06585
6586,6586,30000.0,0.5586854892871276,-0.5485444782752502,5,R2024-06586
6587,6587,30000.0,0.5586854892871276,-0.5485444782752502,5,R2024-06587
6588,6588,30000.0,0.5586854892871276,-0.5485444782752502,5,R2024-06588
6589,6589,40000.0,0.5586854892871276,-0.5485444782752502,5,R2024-06589
6590,6590,30000.0,0.5586854892871276,-0.5485444782752502,5,R2025-06590
6591,6591,30318.302387267904,0.5586854892871276,-0.5485444782752502,5,R2023-06591
6592,6592,30000.0,0.5586854892871276,-0.5485444782752502,5,R2024-06592
6593,6593,30000.0,0.5586854892871276,-0.5485444782752502,5,R2025-06593
6594,6594,30000.0,0.5586854892871276,-0.5485444782752502,5,R2024-06594
6595,6595,31250.854408749143,0.4209713647966067,-0.0754915733498824,0,R2022-06595
6596,6596,339925.6505576208,0.5328266392908433,-0.0361187787946387,0,R2020-06596
6597,6597,33992.56505576208,0.4576118469465096,0.0089895995552784,0,R2020-06597
6598,6598,33992.56505576208,0.5476410197980973,-0.1309147269084094,0,R2020-06598
6599,6599,33992.56505576208,0.4856319234688125,-0.0704372608488042,0,R2020-06599
6600,6600,33299.3445010925,0.4330530598295796,-0.0565018069484523,0,R2021-06600
6601,6601,33299.3445010925,0.4500686872834873,-0.1290369761857547,0,R2021-06601
6602,6602,33299.3445010925,0.4481568983017814,-0.0946512335584054,0,R2021-06602
6603,6603,67985.13011152417,0.3340131518558271,0.0729139539925229,0,R2020-06603
6604,6604,34170.40358744394,0.3979204045078672,-0.2567600180888005,0,R2019-06604
6605,6605,5098.884758364312,0.1594580718768121,0.2277994546502024,1,R2020-06605
6606,6606,4994.901675163875,0.1583462354567069,0.1365599377250144,1,R2021-06606
6607,6607,7500.0,0.2052857236048375,-0.03713809705421,1,R2024-06607
6608,6608,27816.11598513011,0.2668347117059381,-0.0321145927754309,0,R2020-06608
6609,6609,33299.3445010925,0.254320249247872,-0.0352849415376069,0,R2021-06609
6610,6610,204235.97960670065,0.3864683546416365,-0.1984445371303523,0,R2021-06610
6611,6611,31250.854408749143,0.3780621534750548,-0.009924716125528,0,R2022-06611
6612,6612,33992.56505576208,0.4356707262975359,-0.0503835840262759,0,R2020-06612
6613,6613,33992.56505576208,0.4356707262975359,-0.0503835840262759,0,R2020-06613
6614,6614,30000.0,0.6032832908162081,-0.5310683680445598,5,R2024-06614
6615,6615,33299.3445010925,0.4319522597707119,-0.1558734332075594,0,R2021-06615
6616,6616,31250.854408749143,0.3414686034332918,-0.0414543960536621,0,R2022-06616
6617,6617,33299.3445010925,0.2286664008495713,0.1926539484691904,0,R2021-06617
6618,6618,34170.40358744394,0.3310022471181755,-0.0707384980280785,0,R2019-06618
6619,6619,33992.56505576208,0.3575880690769631,0.0418791841593118,0,R2020-06619
6620,6620,33992.56505576208,0.4595936136869439,0.0250183629989168,0,R2020-06620
6621,6621,33992.56505576208,0.4890877739875753,-0.1620860314781286,0,R2020-06621
6622,6622,33992.56505576208,0.4890877739875753,-0.1620860314781286,0,R2020-06622
6623,6623,33299.3445010925,0.4758787397869737,-0.2570039391210434,0,R2021-06623
6624,6624,31250.854408749143,0.3455109403236155,-0.0214186953711015,0,R2022-06624
6625,6625,33299.3445010925,0.4664279975299345,-0.1591948151010068,0,R2021-06625
6626,6626,34170.40358744394,0.5394285389441409,-0.1762692260914112,0,R2019-06626
6627,6627,68340.80717488789,0.5205532654167104,-0.1309686086529863,0,R2019-06627
6628,6628,33299.3445010925,0.4844938027936757,-0.3001084867359797,0,R2021-06628
6629,6629,31250.854408749143,0.4355593604714274,-0.0886115160919465,0,R2022-06629
6630,6630,31250.854408749143,0.4537249646244712,-0.2615509624609607,0,R2022-06630
6631,6631,31250.854408749143,0.3577872009512404,-0.0161188267230647,0,R2022-06631
6632,6632,31250.854408749143,0.4703150763780618,-0.2173893081771822,0,R2022-06632
6633,6633,30000.0,0.5586854892871276,-0.5485444782752502,5,R2024-06633
6634,6634,31250.854408749143,0.4911539225989711,-0.1101893790278107,0,R2022-06634
6635,6635,33299.3445010925,0.3361016017619833,-0.0631330297406279,0,R2021-06635
6636,6636,30000.0,0.5586854892871276,-0.5485444782752502,5,R2024-06636
6637,6637,30000.0,0.5586854892871276,-0.5485444782752502,5,R2024-06637
6638,6638,40000.0,0.5586854892871276,-0.5485444782752502,5,R2024-06638
6639,6639,33992.56505576208,0.4527373074626463,0.0268654148881346,0,R2020-06639
6640,6640,33992.56505576208,0.4337996929041135,0.015558805513919,0,R2020-06640
6641,6641,2278.026905829596,0.2548861466257333,0.250039233939497,1,R2019-06641
6642,6642,39865.470852017934,0.2957804527380694,-0.0954441193266348,0,R2019-06642
6643,6643,77698.47050254916,0.4132941688276566,0.5040899630854607,3,R2021-06643
6644,6644,31250.854408749143,0.4751727610646661,-0.2850843301082617,0,R2022-06644
6645,6645,34170.40358744394,0.3303946515905612,-0.0392295003519158,0,R2019-06645
6646,6646,33299.3445010925,0.4576118469465096,0.0089895995552784,0,R2021-06646
6647,6647,33992.56505576208,0.5399218950842426,-0.0337153642279045,0,R2020-06647
6648,6648,33299.3445010925,0.3195382930444762,0.0319007109765478,0,R2021-06648
6649,6649,33299.3445010925,0.299401555683461,-0.0225067708282112,0,R2021-06649
6650,6650,33992.56505576208,0.4546898235828892,0.0235167147603888,0,R2020-06650
6651,6651,33992.56505576208,0.4604173952184164,0.0308752966358092,0,R2020-06651
6652,6652,33299.3445010925,0.452241537806885,-0.2126500923047392,0,R2021-06652
6653,6653,33299.3445010925,0.2949455384671228,0.0170437191191806,0,R2021-06653
6654,6654,20833.9029391661,0.1522965498055766,0.1488910503699827,1,R2022-06654
6655,6655,90646.84014869887,0.3338306508607911,0.2342214460494034,1,R2020-06655
6656,6656,31250.854408749143,0.3600472350144755,-0.0141738437699726,0,R2022-06656
6657,6657,31250.854408749143,0.330765106682766,-0.0230988234382204,0,R2022-06657
6658,6658,33299.3445010925,0.4867046616501971,-0.2945805589693105,0,R2021-06658
6659,6659,33299.3445010925,0.5271917566348786,-0.3630359281588942,0,R2021-06659
6660,6660,33299.3445010925,0.2596441326270614,0.119200443001124,0,R2021-06660
6661,6661,33299.3445010925,0.2286664008495713,0.1926539484691904,0,R2021-06661
6662,6662,33299.3445010925,0.4640273944578758,-0.2031007318572031,0,R2021-06662
6663,6663,33299.3445010925,0.4884300303695489,-0.2207733575809294,0,R2021-06663
6664,6664,58301.45371078808,0.5125447487486653,-0.175478207635074,0,R2018-06664
6665,6665,31250.854408749143,0.3883003059504454,-0.0421554284074303,0,R2022-06665
6666,6666,31250.854408749143,0.3783023176771747,-0.0894009867583443,0,R2022-06666
6667,6667,30000.0,0.5586854892871276,-0.5485444782752502,5,R2024-06667
6668,6668,30000.0,0.5586854892871276,-0.5485444782752502,5,R2024-06668
6669,6669,31250.854408749143,0.3160505117055435,-0.0294369425726564,0,R2022-06669
6670,6670,31250.854408749143,0.3160505117055435,-0.0294369425726564,0,R2022-06670
6671,6671,30000.0,0.5586854892871276,-0.5485444782752502,5,R2024-06671
6672,6672,30000.0,0.5586854892871276,-0.5485444782752502,5,R2024-06672
6673,6673,40000.0,0.5586854892871276,-0.5485444782752502,5,R2024-06673
6674,6674,40000.0,0.5586854892871276,-0.5485444782752502,5,R2024-06674
6675,6675,40000.0,0.5586854892871276,-0.5485444782752502,5,R2024-06675
6676,6676,35858.82352941176,0.3376315649980856,-0.1352465385308273,0,R2017-06676
6677,6677,20502.24215246637,0.3464670372646697,-0.1027474059567626,0,R2019-06677
6678,6678,46641.16296863046,0.3207783975147584,0.5187190343951967,3,R2018-06678
6679,6679,97234.08594319008,0.1021328335847607,0.0440201372440999,1,R2021-06679
6680,6680,34170.40358744394,0.3774231415681717,-0.075053511558905,0,R2019-06680
6681,6681,30000.0,0.6032832908162081,-0.5310683680445598,5,R2024-06681
6682,6682,227802.6905829596,0.3900479066056239,-0.0098732013245309,0,R2019-06682
6683,6683,84070.6962509564,0.3283436731742533,0.6167762903221236,3,R2018-06683
6684,6684,11000.0,0.3240460484380654,0.2552601952105962,3,R2025-06684
6685,6685,50000.0,0.4977137523946797,-0.4181879501302889,5,R2024-06685
6686,6686,58301.45371078808,0.428081043871253,-0.2224022226213453,0,R2018-06686
6687,6687,3125085.440874914,0.2588184268975663,0.1186939411458973,4,R2022-06687
6688,6688,113901.3452914798,0.5513870095708777,-0.0223829852055272,0,R2019-06688
6689,6689,3644.843049327354,0.1854097746145295,0.2096171761240738,1,R2019-06689
6690,6690,5665.4275092936805,0.2537253179634907,0.0659981343005692,0,R2020-06690
6691,6691,5665.4275092936805,0.2537253179634907,0.0659981343005692,0,R2020-06691
6692,6692,2278.026905829596,0.4003435607265035,-0.1289555298562656,0,R2019-06692
6693,6693,4439.912600145666,0.2545156275300821,0.287357083983167,1,R2021-06693
6694,6694,142768.77323420075,0.4010620430992707,0.4878347498474514,3,R2020-06694
6695,6695,11099.781500364164,0.1619876359101323,0.1594562442142805,1,R2021-06695
6696,6696,64131.59908186689,0.3647983173154286,0.532416271138451,3,R2018-06696
6697,6697,10000.0,0.2242251037604535,0.0090532371430569,0,R2024-06697
6698,6698,10251.121076233185,0.2090861891913587,0.126634316841976,1,R2019-06698
6699,6699,45560.53811659192,0.2143260449242011,0.1361766459370879,1,R2019-06699
6700,6700,17085.20179372197,0.3161250383833739,-0.0119355718438482,0,R2019-06700
6701,6701,3000.0,0.1780167184983459,-0.0457182046385811,1,R2025-06701
6702,6702,35519.30080116533,0.193426187917304,0.0688099460599218,0,R2021-06702
6703,6703,532789.51201748,0.2831597625178724,0.0756003261425013,2,R2021-06703
6704,6704,4556.053811659192,0.3451884856685713,0.6110234771969222,3,R2019-06704
6705,6705,50000.0,0.5586854892871276,-0.5485444782752502,5,R2024-06705
6706,6706,69793.57484620642,0.3659604289307991,-0.0239536467881551,0,R2022-06706
6707,6707,74923.52512745811,0.3795330339930113,-0.0877903801638292,0,R2021-06707
6708,6708,52000.0,0.3053876515701444,0.105984556213462,3,R2025-06708
6709,6709,1025112.1076233184,0.2168910794452704,0.0368068477714694,2,R2019-06709
6710,6710,332993.44501092494,0.3214645593714218,0.1380717837789931,2,R2021-06710
6711,6711,11330.85501858736,0.486748133312226,-0.1245600286072954,0,R2020-06711
6712,6712,56950.67264573991,0.3428220714675188,-0.0281851315605645,0,R2019-06712
6713,6713,28475.33632286996,0.3667215896316325,0.0020212975096981,0,R2019-06713
6714,6714,5695.067264573991,0.2037977440865162,0.1925504358252748,1,R2019-06714
6715,6715,443991.2600145666,0.3117634968035617,0.1605549920554308,2,R2021-06715
6716,6716,33299.3445010925,0.188692596936511,0.0846157566513025,0,R2021-06716
6717,6717,2219.956300072833,0.2314088214802959,0.284662957268617,1,R2021-06717
6718,6718,227802.6905829596,0.2677527575106267,0.0614984133955755,2,R2019-06718
6719,6719,1366.8161434977578,0.3153499192203809,0.195479207236025,1,R2019-06719
6720,6720,91121.07623318383,0.2840976108243943,0.6299205486815006,3,R2019-06720
6721,6721,284753.36322869954,0.2801637508116376,0.2255315294496263,2,R2019-06721
6722,6722,4556.053811659192,0.3383868925607186,-0.1236275123989252,0,R2019-06722
6723,6723,6659.868900218499,0.3249571036954672,0.0419779328752374,0,R2021-06723
6724,6724,5467.264573991031,0.3008573962601099,0.1578730816604202,1,R2019-06724
6725,6725,17085.20179372197,0.3948450308271508,-0.137872397418198,0,R2019-06725
6726,6726,45560.53811659192,0.2944213529115653,-0.0694463272451597,0,R2019-06726
6727,6727,100000.0,0.3880276194045064,-0.1616031452811761,0,R2025-06727
6728,6728,2306.5022421524664,0.2974813629568376,0.0162753498299619,0,R2019-06728
6729,6729,55521.18959107807,0.1884804237909189,0.054514497169127,1,R2020-06729
6730,6730,8542.600896860986,0.3874250170588241,0.0360280104988479,0,R2019-06730
6731,6731,68340.80717488789,0.3365229222583364,0.1818895996536778,1,R2019-06731
6732,6732,63784.75336322869,0.0994068092204143,0.1351117717696378,1,R2019-06732
6733,6733,213926.54275092937,0.298412809990583,0.0120189720967794,0,R2020-06733
6734,6734,170852.01793721973,0.1453238924296672,0.0576418379942058,1,R2019-06734
6735,6735,3986.5470852017934,0.385318788681292,-0.1777332936379593,0,R2019-06735
6736,6736,5665.4275092936805,0.3873619101388618,-0.1120960419083232,0,R2020-06736
6737,6737,51255.60538116592,0.4589793237288835,-0.0468830662386649,0,R2019-06737
6738,6738,135970.26022304833,0.166292172967031,0.0634216067736542,1,R2020-06738
6739,6739,252652.5198938992,0.3660553911846425,-0.1168888819314416,0,R2023-06739
6740,6740,2278.026905829596,0.330217032770334,0.0619584415328814,0,R2019-06740
6741,6741,20395.539033457248,0.3883685344538166,-0.0165946035360306,0,R2020-06741
6742,6742,17085.20179372197,0.3727772120286061,0.0384549278228931,0,R2019-06742
6743,6743,34170.40358744394,0.4091961525112937,0.0059763694721198,0,R2019-06743
6744,6744,91121.07623318383,0.3658148502930097,0.2064124001401351,1,R2019-06744
6745,6745,35858.82352941176,0.4540212045977251,0.0862384777592139,0,R2017-06745
6746,6746,136681.61434977577,0.4875169198373332,-0.2436445051457616,0,R2019-06746
6747,6747,418352.9411764706,0.335015272235759,0.0978353345137261,2,R2017-06747
6748,6748,11330.85501858736,0.1346591749968537,0.1293080508984023,1,R2020-06748
6749,6749,656896.5517241379,0.1510134071784653,0.1897826946043768,2,R2023-06749
6750,6750,5125.560538116592,0.4081997168419105,-0.2048349454943374,0,R2019-06750
6751,6751,10820.627802690582,0.2929727930972281,-0.1157542700535699,0,R2019-06751
6752,6752,113901.3452914798,0.3849282165962247,0.2194334312621744,1,R2019-06752
6753,6753,136681.61434977577,0.4946593392441991,-0.3389989898354272,5,R2019-06753
6754,6754,5353.363228699552,0.3470186913073412,0.1875862549586582,1,R2019-06754
6755,6755,2847.533632286996,0.2699062414659276,0.1100772371173273,1,R2019-06755
6756,6756,28475.33632286996,0.2958942451817958,-0.0148896788133252,0,R2019-06756
6757,6757,5549.890750182082,0.1283132007089457,0.2036730655337725,1,R2021-06757
6758,6758,2278.026905829596,0.3142135992788944,0.3231559224998135,3,R2019-06758
6759,6759,52394.61883408071,0.3817307817593295,-0.0428800061126229,0,R2019-06759
6760,6760,5695.067264573991,0.2345470144625434,0.4574189147364529,3,R2019-06760
6761,6761,5549.890750182082,0.1871636974014115,0.2168511261382308,1,R2021-06761
6762,6762,5549.890750182082,0.1472727856717962,0.2270573816251607,1,R2021-06762
6763,6763,4532.342007434944,0.1884884444605318,0.1043422714032429,1,R2020-06763
6764,6764,12463.940520446096,0.276333334814444,-0.1099258669455379,0,R2020-06764
6765,6765,22286.65873605948,0.3002419855942242,-0.035490602377151,0,R2020-06765
6766,6766,21528.624535315983,0.3211202253204924,-0.051526422517795,0,R2020-06766
6767,6767,34170.40358744394,0.189754765076326,0.0234635370398754,1,R2019-06767
6768,6768,3075.336322869955,0.1729368137203502,0.085462653414666,1,R2019-06768
6769,6769,400000.0,0.3103922742143544,-0.1252646775051987,2,R2024-06769
6770,6770,566.542750929368,0.3304470031649089,0.3596956753052566,3,R2020-06770
6771,6771,566542.750929368,0.1477085592426062,0.0607290262901897,2,R2020-06771
6772,6772,288936.8029739777,0.3924628971636109,0.1100316100309984,1,R2020-06772
6773,6773,166496.72250546247,0.263131340944244,-0.0605737751018133,0,R2021-06773
6774,6774,67985.13011152417,0.3973241072124332,0.080033268661057,0,R2020-06774
6775,6775,51255.60538116592,0.4309880450300091,0.024946394878938,0,R2019-06775
6776,6776,88544.08749145591,0.3666178300564857,0.0133685322249806,0,R2022-06776
6777,6777,11897.397769516729,0.2191159042085264,0.421475376120377,3,R2020-06777
6778,6778,72918.66028708134,0.2162610998585611,0.0246001948239576,0,R2022-06778
6779,6779,8324.836125273125,0.2681863869444377,0.52258513324451,3,R2021-06779
6780,6780,22095.167286245352,0.189225305362274,0.1141234126061888,1,R2020-06780
6781,6781,1708520.1793721972,0.2680456480409718,-0.0689884799798359,4,R2019-06781
6782,6782,505.3050397877984,0.1336744552024869,0.0603940310866372,1,R2023-06782
6783,6783,63650.0,0.3242943966528681,-0.1159506953913698,0,R2025-06783
6784,6784,96816.14349775785,0.4767355494120725,0.0237619678138062,0,R2019-06784
6785,6785,31250.854408749143,0.4710417682223468,-0.360742186765921,0,R2022-06785
6786,6786,91121.07623318383,0.3343112905768999,0.0194697425301887,0,R2019-06786
6787,6787,17085.20179372197,0.3592101865087948,-0.1797991278706477,0,R2019-06787
6788,6788,4556.053811659192,0.3147231499533061,0.5686878048598711,3,R2019-06788
6789,6789,1708.5201793721972,0.2265254114861124,0.0300509044980218,1,R2019-06789
6790,6790,17085.20179372197,0.2593748747776787,0.5895071046749757,3,R2019-06790
6791,6791,91121.07623318383,0.4646529779602777,-0.0458621433559345,0,R2019-06791
6792,6792,36258.736059479554,0.3015316106233173,-0.0703577253920758,0,R2020-06792
6793,6793,56950.67264573991,0.2040165516575387,0.0903334038235714,1,R2019-06793
6794,6794,566.542750929368,0.1388559142291293,0.1609766765132148,1,R2020-06794
6795,6795,55498.90750182082,0.3163946532858007,-0.0697540220154653,0,R2021-06795
6796,6796,72918.66028708134,0.2473685451121992,0.0683425588261825,1,R2022-06796
6797,6797,5353.363228699552,0.2511215085490884,0.2436556734605402,1,R2019-06797
6798,6798,2083.3902939166096,0.2459238976357621,0.2880553791487003,3,R2022-06798
6799,6799,56950.67264573991,0.3658390726642604,-0.1352771335558577,0,R2019-06799
6800,6800,5125.560538116592,0.2075593973171881,0.4410866633362601,3,R2019-06800
6801,6801,221995.6300072833,0.3094090702956616,-0.0776275959004847,0,R2021-06801
6802,6802,33299.3445010925,0.2501767495680178,0.028793293619733,0,R2021-06802
6803,6803,190000.0,0.1844959035467366,0.0593761295569208,1,R2024-06803
6804,6804,74035.87443946188,0.2568008915125301,-0.0378542999643851,0,R2019-06804
6805,6805,28475.33632286996,0.2898811854772302,0.0281280676603512,0,R2019-06805
6806,6806,39865.470852017934,0.3529865871247369,0.5537797853974645,3,R2019-06806
6807,6807,93752.56322624744,0.3972166896023001,-0.0947873908049013,0,R2022-06807
6808,6808,119596.4125560538,0.4291372164428508,0.0216734330896882,0,R2019-06808
6809,6809,119596.4125560538,0.4264068588270686,0.057669923272687,0,R2019-06809
6810,6810,41835.294117647056,0.3145992762896675,-0.0245280373302947,0,R2017-06810
6811,6811,230000.0,0.5586854892871276,-0.5485444782752502,5,R2024-06811
6812,6812,100000.0,0.46374568622829,-0.4306267513217573,5,R2024-06812
6813,6813,4994.901675163875,0.2642607365300993,0.3619470467381845,3,R2021-06813
6814,6814,31250.854408749143,0.1599261740077882,0.2020008973022983,1,R2022-06814
6815,6815,5596.939556235655,0.1349755881514933,0.179616886268691,1,R2018-06815
6816,6816,28475.33632286996,0.2955901497023684,0.5513463117847244,3,R2019-06816
6817,6817,27749.45375091041,0.2590800619835651,0.154566672098455,1,R2021-06817
6818,6818,9064.684014869888,0.2551270298792075,0.0909350197532321,0,R2020-06818
6819,6819,505305.0397877984,0.1623389905630145,0.1004929520260543,2,R2023-06819
6820,6820,83670.58823529411,0.4430210259961619,-0.0853301492497999,0,R2017-06820
6821,6821,116602.90742157616,0.3884583965496889,-0.1687231905271052,0,R2018-06821
6822,6822,785864.5302257829,0.283536671904682,0.0161710403569403,2,R2021-06822
6823,6823,66936.4705882353,0.313555667031959,0.0404397524516518,0,R2017-06823
6824,6824,5378.823529411765,0.3014307521965514,0.6139292524130758,3,R2017-06824
6825,6825,5130.527926549351,0.2438771287614021,0.2435758621957618,1,R2018-06825
6826,6826,683408.0717488789,0.2821329057496107,0.1625909293210782,2,R2019-06826
6827,6827,5856.941176470588,0.1937052818223357,0.1228560379366545,1,R2017-06827
6828,6828,227524.23529411765,0.3675755415666887,-0.1437807840871382,0,R2017-06828
6829,6829,34980.87222647284,0.3391343638029827,-0.0450963999622537,0,R2018-06829
6830,6830,47811.76470588236,0.288333949338204,0.1861790753842849,1,R2017-06830
6831,6831,20212.201591511937,0.5571022919709916,-0.4980472496464517,5,R2023-06831
6832,6832,156254.27204374573,0.3411843302327531,0.0854900986926096,1,R2022-06832
6833,6833,11952.94117647059,0.2022376166907314,0.1733010311540253,1,R2017-06833
6834,6834,71717.64705882352,0.4796457412335022,-0.1553200481910311,0,R2017-06834
6835,6835,59764.705882352944,0.3157451410680919,0.598430345827226,3,R2017-06835
6836,6836,17929.41176470588,0.1269239283931249,0.0951854959052459,1,R2017-06836
6837,6837,9562.35294117647,0.4077906239982017,-0.0704947307972187,0,R2017-06837
6838,6838,1195.2941176470588,0.2241734592272891,-0.0427420803339376,1,R2017-06838
6839,6839,40000.0,0.2449056246518736,-0.0701378769977819,0,R2025-06839
6840,6840,30000.0,0.3056228284569183,-0.1640042735963034,0,R2025-06840
6841,6841,11952.94117647059,0.1503193280718218,0.1123245843291319,1,R2017-06841
6842,6842,5208.475734791525,0.1148510796356726,0.1847712103281369,1,R2022-06842
6843,6843,3585.8823529411766,0.3254230200337068,0.1759848095013185,0,R2017-06843
6844,6844,59764.705882352944,0.3446337146878654,0.6076419955192544,3,R2017-06844
6845,6845,4781.176470588235,0.3606266409317789,-0.0565975673388105,0,R2017-06845
6846,6846,500000.0,0.3428835402507507,0.2432106189094485,2,R2024-06846
6847,6847,9911.247130833974,0.2593883229070717,0.4771953337128397,3,R2018-06847
6848,6848,23905.88235294118,0.3199317659962243,0.0294952778913284,0,R2017-06848
6849,6849,239058.8235294117,0.4230205839928063,-0.1430285186407705,0,R2017-06849
6850,6850,87452.18056618211,0.3238054957320383,-0.0447657511165724,0,R2018-06850
6851,6851,79315.98513011153,0.3242598709895589,0.4966256598823352,3,R2020-06851
6852,6852,29150.72685539404,0.28329031657647,0.1200287462241673,0,R2018-06852
6853,6853,17490.43611323642,0.1535713521626748,0.1741836203964529,1,R2018-06853
6854,6854,566.542750929368,0.3008472193914028,0.1201439158422355,0,R2020-06854
6855,6855,17085.20179372197,0.3697798003978639,-0.0357986197226981,0,R2019-06855
6856,6856,151583.779648049,0.2399342895549775,-0.0187990055330072,0,R2018-06856
6857,6857,1139.013452914798,0.2334035698260927,0.0644747759931678,0,R2019-06857
6858,6858,138747.26875455206,0.3214106183943094,0.2859785592808588,3,R2021-06858
6859,6859,70000.0,0.5571022919709916,-0.4980472496464517,5,R2024-06859
6860,6860,113901.3452914798,0.4301319149751543,-0.0955603750140516,0,R2019-06860
6861,6861,46641.16296863046,0.2810285692807009,0.0554815324165226,0,R2018-06861
6862,6862,3399.256505576208,0.2474977941202082,0.4075482585261065,3,R2020-06862
6863,6863,50530.50397877984,0.5586854892871276,-0.5485444782752502,5,R2023-06863
6864,6864,9681.614349775784,0.2793866895993645,-0.1348737007390495,0,R2019-06864
6865,6865,40811.01759755165,0.2056328723437039,0.1816923180811194,1,R2018-06865
6866,6866,46641.16296863046,0.373920394391726,0.0434656989876635,0,R2018-06866
6867,6867,209885.23335883708,0.3278784057315787,0.1611710859191281,1,R2018-06867
6868,6868,13668.161434977575,0.4284134640656185,-0.1391588282355827,0,R2019-06868
6869,6869,16324.407039020662,0.2568452495807438,0.059115228371823,0,R2018-06869
6870,6870,90646.84014869887,0.2474973394580427,0.2667298624797388,1,R2020-06870
6871,6871,110997.81500364163,0.2803739221393462,0.1572191005037896,1,R2021-06871
6872,6872,2483.04932735426,0.2741398859916346,0.4062913980449059,3,R2019-06872
6873,6873,55811.65919282511,0.2853539803511903,0.6010186853827002,3,R2019-06873
6874,6874,110997.81500364163,0.3332207432431119,0.0264438556555736,0,R2021-06874
6875,6875,45560.53811659192,0.4874250264026474,-0.0658305484859051,0,R2019-06875
6876,6876,99898.03350327747,0.3971790563602002,0.1200427311465586,1,R2021-06876
6877,6877,20212.201591511937,0.2467237931518877,0.4507062633590186,3,R2023-06877
6878,6878,13319.737800436998,0.2762939187142235,0.0130981194088723,0,R2021-06878
6879,6879,40424.40318302388,0.365787347913502,0.1370632328402159,3,R2023-06879
6880,6880,1819.005355776588,0.217332934098413,0.1155036305636795,1,R2018-06880
6881,6881,3474.7666411629693,0.1586577516838462,0.1377882070414735,1,R2018-06881
6882,6882,17085.20179372197,0.396755504155961,-0.1848363228909351,0,R2019-06882
6883,6883,53533.63228699551,0.3525879442830398,-0.0244987930388624,0,R2019-06883
6884,6884,90646.84014869887,0.1605873871851192,0.1777285671667585,1,R2020-06884
6885,6885,80300.44843049327,0.1798776823269793,0.1560789752122407,1,R2019-06885
6886,6886,51255.60538116592,0.3398664443918273,0.5470803392842344,3,R2019-06886
6887,6887,2278.026905829596,0.3669389815731755,0.0183588329162013,0,R2019-06887
6888,6888,78127.13602187287,0.4359578122787386,-0.1501973826854579,0,R2022-06888
6889,6889,113901.3452914798,0.3546564491667991,0.1500145502465657,0,R2019-06889
6890,6890,125003.4176349966,0.287945821002531,0.1858286412956243,1,R2022-06890
6891,6891,75478.51420247632,0.1717687684137714,0.0516488703712389,1,R2021-06891
6892,6892,18695.910780669143,0.3160059778342989,-0.0926620755503919,0,R2020-06892
6893,6893,138747.26875455206,0.2229200756891939,0.0574258339624297,0,R2021-06893
6894,6894,113901.3452914798,0.4413911218937822,-0.0531464532582533,0,R2019-06894
6895,6895,17708.817498291184,0.4120157410545063,0.0906718213164606,0,R2022-06895
6896,6896,56950.67264573991,0.4831538530715392,-0.1817621174432404,0,R2019-06896
6897,6897,13668.161434977575,0.4249748009211662,-0.0340968720393037,0,R2019-06897
6898,6898,2278.026905829596,0.1691171313083162,0.231822916062785,1,R2019-06898
6899,6899,44991.03139013453,0.4898022067420172,-0.0832295462979102,0,R2019-06899
6900,6900,44399.12600145666,0.4057072767702036,-0.1128993301165436,0,R2021-06900
6901,6901,7973.094170403587,0.1905680968259235,0.1666970306898645,1,R2019-06901
6902,6902,22661.71003717472,0.1361844959672872,0.104489434207167,1,R2020-06902
6903,6903,23905.88235294118,0.3536717614342249,-0.0289411481812455,0,R2017-06903
6904,6904,11390.13452914798,0.3149015195968142,-0.0289013030944357,0,R2019-06904
6905,6905,67985.13011152417,0.3516923475577496,0.0428955006843175,0,R2020-06905
6906,6906,8542.600896860986,0.1746719996765009,0.0253730779231459,1,R2019-06906
6907,6907,75174.88789237668,0.3048424931929754,-0.0523965863670226,0,R2019-06907
6908,6908,22780.26905829596,0.3068283771188548,0.6141941834761582,3,R2019-06908
6909,6909,5438.810408921933,0.271803265117816,0.439076413208652,3,R2020-06909
6910,6910,23905.88235294118,0.2639729512204334,0.0192157503521504,0,R2017-06910
6911,6911,7973.094170403587,0.1981600399670067,0.2036776251235837,1,R2019-06911
6912,6912,8203.53903345725,0.3108055412361427,0.5258212712726839,3,R2020-06912
6913,6913,4994.901675163875,0.3116197283777777,-0.1292443589973314,0,R2021-06913
6914,6914,31250.854408749143,0.4653966529704908,-0.1589758353065586,0,R2022-06914
6915,6915,31250.854408749143,0.4646645465871733,-0.105014898002678,0,R2022-06915
6916,6916,31250.854408749143,0.4209713647966067,-0.0754915733498824,0,R2022-06916
6917,6917,30318.302387267904,0.1925484725795591,0.0218752834622539,1,R2023-06917
6918,6918,30318.302387267904,0.4588697102099013,-0.0987167327508997,0,R2023-06918
6919,6919,40000.0,0.5586854892871276,-0.5485444782752502,5,R2024-06919
6920,6920,31250.854408749143,0.4337655481335384,-0.0190141029245139,0,R2022-06920
6921,6921,31250.854408749143,0.4595790362812726,-0.1784771388867706,0,R2022-06921
6922,6922,31250.854408749143,0.4795164508264467,-0.113458731399177,0,R2022-06922
6923,6923,30000.0,0.5586854892871276,-0.5485444782752502,5,R2024-06923
6924,6924,30000.0,0.4623371691318262,-0.4352974175514421,5,R2024-06924
6925,6925,30318.302387267904,0.427620895208319,-0.2928458414180104,0,R2023-06925
6926,6926,30318.302387267904,0.4400978862918032,-0.4034934322294927,5,R2023-06926
6927,6927,30318.302387267904,0.5583472396801318,-0.3437942532819715,5,R2023-06927
6928,6928,50530.50397877984,0.23892197212367,0.0301683453685558,0,R2023-06928
6929,6929,30318.302387267904,0.5156618388300278,-0.1678507297107823,0,R2023-06929
6930,6930,30000.0,0.5586854892871276,-0.5485444782752502,5,R2024-06930
6931,6931,30318.302387267904,0.5586854892871276,-0.5485444782752502,5,R2023-06931
6932,6932,30000.0,0.5875492581195945,-0.4520110729926755,5,R2024-06932
6933,6933,40000.0,0.5586854892871276,-0.5485444782752502,5,R2025-06933
6934,6934,30000.0,0.5586854892871276,-0.5485444782752502,5,R2024-06934
6935,6935,30000.0,0.5586854892871276,-0.5485444782752502,5,R2024-06935
6936,6936,40000.0,0.5586854892871276,-0.5485444782752502,5,R2025-06936
6937,6937,40000.0,0.5586854892871276,-0.5485444782752502,5,R2025-06937
6938,6938,30318.302387267904,0.5586854892871276,-0.5485444782752502,5,R2023-06938
6939,6939,350000.0,0.2359339766310079,-0.0102163882079213,2,R2025-06939
6940,6940,30000.0,0.5586854892871276,-0.5485444782752502,5,R2024-06940
6941,6941,100000.0,0.3350260128568968,-0.2844266696062711,0,R2025-06941
6942,6942,40000.0,0.4623371691318262,-0.4352974175514421,5,R2024-06942
6943,6943,40000.0,0.5586854892871276,-0.5485444782752502,5,R2024-06943
6944,6944,30318.302387267904,0.3552975396710784,-0.1035518689914893,0,R2023-06944
6945,6945,20212.201591511937,0.4440554336234968,-0.3655610063332814,5,R2023-06945
6946,6946,30318.302387267904,0.6032832908162081,-0.5310683680445598,5,R2023-06946
6947,6947,40000.0,0.6032832908162081,-0.5310683680445598,5,R2024-06947
6948,6948,31250.854408749143,0.4745584758075306,-0.0767508321536134,0,R2022-06948
6949,6949,40000.0,0.5586854892871276,-0.5485444782752502,5,R2024-06949
6950,6950,31250.854408749143,0.4506823462092669,-0.2451133592772788,0,R2022-06950
6951,6951,1030000.0,0.2510544247937287,-0.151678627409147,2,R2025-06951
6952,6952,134307.3561544064,0.2745668433178334,0.0579385722502761,1,R2021-06952
6953,6953,34170.40358744394,0.559851850943758,-0.1352529046585174,0,R2019-06953
6954,6954,33992.56505576208,0.4125165318985395,-0.0994854592775291,0,R2020-06954
6955,6955,68340.80717488789,0.512883730335406,-0.3149801610218807,0,R2019-06955
6956,6956,33992.56505576208,0.4585775799893384,0.0242023789084882,0,R2020-06956
6957,6957,33299.3445010925,0.4719647967991394,-0.0591739476197734,0,R2021-06957
6958,6958,68340.80717488789,0.4819443156769105,-0.2551911972539132,0,R2019-06958
6959,6959,33299.3445010925,0.4259967652621155,-0.1880357703560318,0,R2021-06959
6960,6960,33299.3445010925,0.483472793457093,0.0338678818527474,0,R2021-06960
6961,6961,34170.40358744394,0.4961438452564502,-0.1219815378649153,0,R2019-06961
6962,6962,31250.854408749143,0.4354591797420532,-0.0306439611936554,0,R2022-06962
6963,6963,30000.0,0.5586854892871276,-0.5485444782752502,5,R2024-06963
6964,6964,33992.56505576208,0.4595936136869439,0.0250183629989168,0,R2020-06964
6965,6965,33299.3445010925,0.2596635787264491,-0.0307704984169412,0,R2021-06965
6966,6966,33299.3445010925,0.2286664008495713,0.1926539484691904,0,R2021-06966
6967,6967,33299.3445010925,0.4237609321161396,0.0053307324482252,0,R2021-06967
6968,6968,56950.67264573991,0.5033979946692815,-0.0130281535057243,0,R2019-06968
6969,6969,31250.854408749143,0.4771939504328088,-0.1455863841679527,0,R2022-06969
6970,6970,31250.854408749143,0.3160505117055435,-0.0294369425726564,0,R2022-06970
6971,6971,68340.80717488789,0.5394285389441409,-0.1762692260914112,0,R2019-06971
6972,6972,33299.3445010925,0.4576118469465096,0.0089895995552784,0,R2021-06972
6973,6973,33992.56505576208,0.4576118469465096,0.0089895995552784,0,R2020-06973
6974,6974,33299.3445010925,0.2384855228927309,0.0910752763348463,0,R2021-06974
6975,6975,1263390.3345724908,0.2499770641190273,0.0839696172534695,2,R2020-06975
6976,6976,33992.56505576208,0.4585775799893384,0.0242023789084882,0,R2020-06976
6977,6977,30318.302387267904,0.5318468939321178,-0.3885469579619352,5,R2023-06977
6978,6978,30318.302387267904,0.5034921595755051,-0.2319490069904809,0,R2023-06978
6979,6979,31250.854408749143,0.5148880623675555,-0.09156605591549,0,R2022-06979
6980,6980,30318.302387267904,0.5624656232635086,-0.3727677481346123,5,R2023-06980
6981,6981,30000.0,0.6032832908162081,-0.5310683680445598,5,R2024-06981
6982,6982,30318.302387267904,0.5318468939321178,-0.3885469579619352,5,R2023-06982
6983,6983,30000.0,0.5586854892871276,-0.5485444782752502,5,R2024-06983
6984,6984,40000.0,0.5586854892871276,-0.5485444782752502,5,R2025-06984
6985,6985,30000.0,0.5586854892871276,-0.5485444782752502,5,R2024-06985
6986,6986,30000.0,0.4893509394500173,-0.4091733267225072,5,R2025-06986
6987,6987,30000.0,0.5586854892871276,-0.5485444782752502,5,R2025-06987
6988,6988,40000.0,0.5586854892871276,-0.5485444782752502,5,R2024-06988
6989,6989,30000.0,0.5586854892871276,-0.5485444782752502,5,R2024-06989
6990,6990,40000.0,0.6032832908162081,-0.5310683680445598,5,R2024-06990
6991,6991,31250.854408749143,0.4689960497898346,-0.2216722763107677,0,R2022-06991
6992,6992,31250.854408749143,0.3713769707376391,-0.1356557505593141,0,R2022-06992
6993,6993,40000.0,0.5586854892871276,-0.5485444782752502,5,R2024-06993
6994,6994,40000.0,0.5586854892871276,-0.5485444782752502,5,R2024-06994
6995,6995,31250.854408749143,0.4236843593595358,-0.1391034205878877,0,R2022-06995
6996,6996,34170.40358744394,0.4926263971445759,-0.1083240747096122,0,R2019-06996
6997,6997,33299.3445010925,0.5170987435396047,-0.1035754483174151,0,R2021-06997
6998,6998,33299.3445010925,0.4758787397869737,-0.2570039391210434,0,R2021-06998
6999,6999,56950.67264573991,0.3940133105726304,-0.0621120942003235,0,R2019-06999
7000,7000,2847.533632286996,0.2286225059471282,0.1549094481043161,1,R2019-07000
7001,7001,338554.3766578249,0.3890612775312237,0.1303737353207507,1,R2023-07001
7002,7002,113901.3452914798,0.3780925039545543,-0.0612069221561392,0,R2019-07002
7003,7003,34170.40358744394,0.4457359460781367,-0.0168821764999015,0,R2019-07003
7004,7004,33299.3445010925,0.4748241759298783,-0.2268129953329885,0,R2021-07004
7005,7005,31250.854408749143,0.3379621077869845,-0.0515116848729363,0,R2022-07005
7006,7006,33299.3445010925,0.340433126182446,-0.0510913343716736,0,R2021-07006
7007,7007,31250.854408749143,0.3455109403236155,-0.0214186953711015,0,R2022-07007
7008,7008,31250.854408749143,0.4480435586612782,-0.1140439628107731,0,R2022-07008
7009,7009,33299.3445010925,0.4896695483152898,-0.1923079950028773,0,R2021-07009
7010,7010,33299.3445010925,0.2410177668944063,0.0661642063673757,0,R2021-07010
7011,7011,33299.3445010925,0.2942738704832664,-0.0248611490826321,0,R2021-07011
7012,7012,33299.3445010925,0.414309411206211,-0.1126524170968221,0,R2021-07012
7013,7013,34170.40358744394,0.4232797340532553,-0.0694882199657708,0,R2019-07013
7014,7014,33299.3445010925,0.4574608964193767,0.0131571210485985,0,R2021-07014
7015,7015,68340.80717488789,0.4564010510658537,-0.0890520426894796,0,R2019-07015
7016,7016,33299.3445010925,0.4585064570147568,-0.2772782520122093,0,R2021-07016
7017,7017,33299.3445010925,0.4113210287862497,-0.0326271950325349,0,R2021-07017
7018,7018,102027.54399387914,0.5535098965922526,-0.3473158192908525,5,R2018-07018
7019,7019,68340.80717488789,0.2828472776237037,-0.0132917359570351,0,R2019-07019
7020,7020,33992.56505576208,0.2858103751651576,-0.0088882205428398,0,R2020-07020
7021,7021,33299.3445010925,0.4797559217816599,-0.288879306747143,0,R2021-07021
7022,7022,33299.3445010925,0.4824248150786867,-0.0837612029102214,0,R2021-07022
7023,7023,33992.56505576208,0.4646647061895077,0.0204804062868667,0,R2020-07023
7024,7024,33299.3445010925,0.2912291156522873,-0.0474627164675033,0,R2021-07024
7025,7025,33299.3445010925,0.4519221802890045,-0.1359064801424232,0,R2021-07025
7026,7026,33299.3445010925,0.2493785740713079,0.193218137452748,0,R2021-07026
7027,7027,102511.21076233184,0.4939056634883617,-0.1459112140372696,0,R2019-07027
7028,7028,87452.18056618211,0.4935156043312355,-0.1675010937549347,0,R2018-07028
7029,7029,31250.854408749143,0.4345609168926583,-0.1750498323332122,0,R2022-07029
7030,7030,31250.854408749143,0.3363264785481555,-0.1344005784657544,0,R2022-07030
7031,7031,31250.854408749143,0.4772111538411795,-0.2204416379406338,0,R2022-07031
7032,7032,31250.854408749143,0.5097216866285766,-0.2629827755766312,0,R2022-07032
7033,7033,30000.0,0.5586854892871276,-0.5485444782752502,5,R2024-07033
7034,7034,102027.54399387914,0.4766543586766803,-0.0536864644686555,0,R2018-07034
7035,7035,34170.40358744394,0.5545982381793606,-0.1362928898472059,0,R2019-07035
7036,7036,72876.8171384851,0.4286184257535108,-0.2489326556749355,0,R2018-07036
7037,7037,33299.3445010925,0.4758787397869737,-0.2570039391210434,0,R2021-07037
7038,7038,33992.56505576208,0.5170941648572405,-0.0161905341432146,0,R2020-07038
7039,7039,5830.145371078807,0.2499060698092106,-0.0505311218566329,1,R2018-07039
7040,7040,113308.5501858736,0.3765318277445467,-0.0313359925280978,0,R2020-07040
7041,7041,5549.890750182082,0.2926321854835069,0.3686359636270525,3,R2021-07041
7042,7042,1986298.884758364,0.3326808014790526,-0.0306440032354842,4,R2020-07042
7043,7043,16996.28252788104,0.0804660694105168,0.1433910224214251,1,R2020-07043
7044,7044,73650.55762081784,0.3297623697952963,0.4130461164907065,3,R2020-07044
7045,7045,39657.99256505576,0.493205266871158,-0.0424799827852879,0,R2020-07045
7046,7046,16996.28252788104,0.2347229220021736,0.5089741114733992,3,R2020-07046
7047,7047,135000.0,0.3187248058069409,0.0671108636627035,1,R2024-07047
7048,7048,15863.197026022304,0.2343676974126841,0.1742353831861443,1,R2020-07048
7049,7049,398654.7085201794,0.432194524462604,-0.2206199363061992,0,R2019-07049
7050,7050,338550.92276144907,0.2783248639697173,0.1465242133859747,2,R2022-07050
7051,7051,46690.18567639257,0.2277604786765475,0.1236120115427574,1,R2023-07051
7052,7052,176856.76392572944,0.2382935407057386,0.1954868815774116,1,R2023-07052
7053,7053,17882.51121076233,0.2156354989967375,0.1834107702445245,1,R2019-07053
7054,7054,113901.3452914798,0.2976397592596343,0.1565984952597394,1,R2019-07054
7055,7055,453234.2007434944,0.3205060624726192,0.1673785339669085,2,R2020-07055
7056,7056,96816.14349775785,0.4414519944927693,-0.0591990610130436,1,R2019-07056
7057,7057,10251.121076233185,0.5302967478334271,-0.2908833034866264,0,R2019-07057
7058,7058,39865.470852017934,0.4711616010999551,-0.0741068720518513,0,R2019-07058
7059,7059,142376.68161434977,0.2775720826405479,-0.0468340967711677,0,R2019-07059
7060,7060,50988.84758364312,0.3823418206717855,0.2765628007145498,3,R2020-07060
7061,7061,56950.67264573991,0.3687771142839698,0.0167023918475435,0,R2019-07061
7062,7062,22661.71003717472,0.2616021260586853,0.4749412762810365,3,R2020-07062
7063,7063,62319.70260223048,0.3213835616700768,0.5074996111363634,3,R2020-07063
7064,7064,20374.557047163365,0.4387076060354974,-0.2059860012909793,0,R2022-07064
7065,7065,3031.8302387267904,0.278250868186032,-0.0210640082809278,1,R2023-07065
7066,7066,213195.1360594796,0.2617084552692701,-0.0249213145614851,0,R2020-07066
7067,7067,21641.255605381164,0.3004843645988965,-0.0753233418424185,0,R2019-07067
7068,7068,800000.0,0.2210928060589135,-0.058121642132562,2,R2025-07068
7069,7069,108206.27802690584,0.3096509658834542,-0.0196341690545109,0,R2019-07069
7070,7070,20374.557047163365,0.3920387273998602,-0.1093948011901069,0,R2022-07070
7071,7071,20000.0,0.2458429372489657,-0.0396006704148816,1,R2025-07071
7072,7072,1139.013452914798,0.2200878414363039,0.0167216962409879,0,R2019-07072
7073,7073,215560.0,0.1707276265574272,0.1260675798023685,1,R2024-07073
7074,7074,52121.933085501856,0.4074247392785387,0.0338920785854597,0,R2020-07074
7075,7075,19208.065427509293,0.156021005525254,0.1249293519871149,1,R2020-07075
7076,7076,18542.94423791821,0.1551304822498806,0.1724820077023984,1,R2020-07076
7077,7077,63452.78810408922,0.4730088927602503,-0.3486563746731969,0,R2020-07077
7078,7078,22780.26905829596,0.2108859170046368,0.2088425906403748,1,R2019-07078
7079,7079,5549.890750182082,0.2309973913289918,0.0015573178710113,0,R2021-07079
7080,7080,16649.67225054625,0.2441975961754753,0.3112850334777018,3,R2021-07080
7081,7081,5695.067264573991,0.2813460517925024,0.5700052666755911,3,R2019-07081
7082,7082,321893.6635105608,0.3101645471354575,0.3775707287189541,2,R2021-07082
7083,7083,569.506726457399,0.3874983519810957,-0.1184262873926726,0,R2019-07083
7084,7084,13668.161434977575,0.2967265520279771,0.6181323848182938,3,R2019-07084
7085,7085,5125.560538116592,0.2020923657688263,0.220688140679774,1,R2019-07085
7086,7086,155396.9410050983,0.4653775625546791,-0.0701829638363089,0,R2021-07086
7087,7087,142376.68161434977,0.2852458749100309,0.0746683592092946,0,R2019-07087
7088,7088,2774.945375091041,0.0917150673701962,0.1322123423675986,1,R2021-07088
7089,7089,5665.4275092936805,0.2304136782864504,0.5322244456162866,3,R2020-07089
7090,7090,67985.13011152417,0.2391658295844527,0.525783961433526,3,R2020-07090
7091,7091,5665.4275092936805,0.1761656226555533,0.4236637630058739,3,R2020-07091
7092,7092,90646.84014869887,0.43239507613502,0.0289261077167777,0,R2020-07092
7093,7093,19792.20779220779,0.2981116785522593,0.2126413492022409,1,R2022-07093
7094,7094,8084.880636604775,0.3679427318333056,-0.0056545615152125,0,R2023-07094
7095,7095,166496.72250546247,0.4209725450332478,0.0402321919913319,0,R2021-07095
7096,7096,164297.3977695167,0.2948720151993378,0.2328396868306977,2,R2020-07096
7097,7097,56950.67264573991,0.4309795441988384,-0.091176236203069,0,R2019-07097
7098,7098,28475.33632286996,0.4792707799885341,-0.0053337199274944,0,R2019-07098
7099,7099,5665.4275092936805,0.4233126396434721,-0.0736097068751924,0,R2020-07099
7100,7100,15863.197026022304,0.3142307605876623,-0.1242921237153183,0,R2020-07100
7101,7101,113901.3452914798,0.4018225305714666,-0.0204859940551428,0,R2019-07101
7102,7102,5053050.397877984,0.1685335130382746,0.049897480523725,4,R2023-07102
7103,7103,203955.3903345725,0.3525881361629633,-0.1448732548828188,0,R2020-07103
7104,7104,150000.0,0.3354378914068409,0.5238025235503744,3,R2024-07104
7105,7105,13992.34889058914,0.3585679045459256,0.0376311315573132,0,R2018-07105
7106,7106,2915.072685539404,0.2326581488416633,0.2216118272661958,3,R2018-07106
7107,7107,116179.3721973094,0.4424013158404717,-0.0065816241876188,0,R2019-07107
7108,7108,23320.58148431523,0.3823101679198669,-0.0146202032174298,0,R2018-07108
7109,7109,12210.224215246635,0.220401677420044,0.0254267534284304,0,R2019-07109
7110,7110,23320.58148431523,0.2832708700564328,0.4300595889481711,3,R2018-07110
7111,7111,81622.03519510331,0.4259196919902803,-0.0715811682694158,0,R2018-07111
7112,7112,113308.5501858736,0.3695857406683562,0.0420689229398198,0,R2020-07112
7113,7113,363000.0,0.4362233889103777,-0.2668321297464557,0,R2024-07113
7114,7114,11077.276205049737,0.1362518270116028,0.1555054183055231,1,R2018-07114
7115,7115,22780.26905829596,0.1813959483653025,-0.009157308782151,0,R2019-07115
7116,7116,311235.86420975963,0.1944929669288185,0.1544694254957099,2,R2021-07116
7117,7117,19818.834080717486,0.1847141690739716,0.1298862190941174,1,R2019-07117
7118,7118,29150.72685539404,0.212633480895428,0.0829580497546434,1,R2018-07118
7119,7119,86286.15149196635,0.2782311364767698,0.1656876952900554,1,R2018-07119
7120,7120,3399.256505576208,0.2603106014994706,0.271456267071018,1,R2020-07120
7121,7121,5053.050397877984,0.4701744416834761,-0.0514941922547944,0,R2023-07121
7122,7122,2219.956300072833,0.1719161190304641,0.1697314094424997,1,R2021-07122
7123,7123,34170.40358744394,0.3638743243356535,-0.0003614199151447,0,R2019-07123
7124,7124,5053.050397877984,0.4126693475767028,0.0313060690051979,0,R2023-07124
7125,7125,5125.560538116592,0.2772514444102804,0.5789498202476604,3,R2019-07125
7126,7126,19979.6067006555,0.1978577816222738,0.3234986804825119,3,R2021-07126
7127,7127,15574.592042846216,0.2111945008811503,0.4192886418056963,3,R2018-07127
7128,7128,2604.2378673957624,0.2929695513156227,-0.0945072713054399,0,R2022-07128
7129,7129,5053.050397877984,0.4888946664765561,-0.1284256869404174,0,R2023-07129
7130,7130,443991.2600145666,0.2264748296025336,0.0425439497292993,2,R2021-07130
7131,7131,11390.13452914798,0.1730264731516326,0.4308317313605082,3,R2019-07131
7132,7132,12127.320954907162,0.2068671288565185,0.1534275129917346,3,R2023-07132
7133,7133,53637.33741392503,0.4914136721949903,-0.1070954601038041,0,R2018-07133
7134,7134,9112.107623318385,0.269616641450046,-0.0417277278467127,0,R2019-07134
7135,7135,590508.3758193736,0.2165540859396706,0.0930715042205255,2,R2021-07135
7136,7136,5000.0,0.1672001493514187,0.1542263756110559,1,R2024-07136
7137,7137,16515.695067264573,0.1420748014522482,0.1831651149730434,1,R2019-07137
7138,7138,128263.19816373376,0.2802925452261336,0.0315594675936102,0,R2018-07138
7139,7139,52084.75734791524,0.3690464111185668,-0.0057049861580272,0,R2022-07139
7140,7140,23320.58148431523,0.2702891396815274,0.5643212266450692,3,R2018-07140
7141,7141,5665.4275092936805,0.2934675857578021,0.5835495361295036,3,R2020-07141
7142,7142,341704.03587443946,0.2398987052609314,0.2378801063830511,2,R2019-07142
7143,7143,93282.32593726092,0.3608020394270473,-0.1051509038887897,0,R2018-07143
7144,7144,50000.0,0.4977137523946797,-0.4181879501302889,5,R2024-07144
7145,7145,3417.0403587443943,0.152965587195667,0.1483951984612985,1,R2019-07145
7146,7146,8542.600896860986,0.2038014037441601,0.144304861010366,1,R2019-07146
7147,7147,79315.98513011153,0.3571273668208768,0.5948335986203166,3,R2020-07147
7148,7148,23794.795539033457,0.4827311311716565,-0.2017931999815732,0,R2020-07148
7149,7149,5830.145371078807,0.2815901379609548,0.5689840602896067,3,R2018-07149
7150,7150,14429.715950473415,0.4363318388295271,-0.0998118472358764,0,R2021-07150
7151,7151,6798.513011152416,0.2080815792292385,0.189035061300744,1,R2020-07151
7152,7152,54672.64573991031,0.3361843248714751,0.1983875647952866,1,R2019-07152
7153,7153,55498.90750182082,0.4589529589573135,-0.0103284662709218,0,R2021-07153
7154,7154,17085.20179372197,0.3647376863671462,-0.0070156545237169,0,R2019-07154
7155,7155,15642.81411764706,0.1856908668291609,0.0293356152218648,1,R2017-07155
7156,7156,6574.117647058823,0.3626975015209159,-0.0448926567715507,0,R2017-07156
7157,7157,128263.19816373376,0.3585477815276202,0.0084977237314385,0,R2018-07157
7158,7158,1195.2941176470588,0.4103334329260886,-0.0138782315109636,0,R2017-07158
7159,7159,8187.764705882353,0.2041028577382136,-0.0041570082467272,0,R2017-07159
7160,7160,119529.41176470587,0.3054136139271226,0.04283302370517,0,R2017-07160
7161,7161,155388.23529411765,0.3911706944441391,-0.101705043763992,0,R2017-07161
7162,7162,69961.74445294568,0.431768324512763,-0.2045086904973899,0,R2018-07162
7163,7163,41835.294117647056,0.1279889970461915,0.1282835465599811,1,R2017-07163
7164,7164,89647.05882352941,0.3900351380547109,0.3605722943002339,1,R2017-07164
7165,7165,151591.51193633952,0.2265915757810147,-0.0515762572607351,0,R2023-07165
7166,7166,143435.29411764705,0.3140022726119524,0.0880283674089413,1,R2017-07166
7167,7167,4781.176470588235,0.2845130860036485,0.5673528929808263,3,R2017-07167
7168,7168,59764.705882352944,0.4020199226792166,-0.226583172280284,0,R2017-07168
7169,7169,23905.88235294118,0.1996517801124469,0.1528664189538886,1,R2017-07169
7170,7170,102511.21076233184,0.3917423596289962,0.4666249815958759,3,R2019-07170
7171,7171,11330.85501858736,0.2014428622059222,0.4596063885513238,3,R2020-07171
7172,7172,91121.07623318383,0.3616470635703166,-0.0322703708252342,0,R2019-07172
7173,7173,5830.145371078807,0.2596778057518509,0.6131984678814729,3,R2018-07173
7174,7174,59765.90117647059,0.3473924229293798,0.3286561397845684,3,R2017-07174
7175,7175,5665.4275092936805,0.2449088154780643,-0.0076184405500401,0,R2020-07175
7176,7176,5830.145371078807,0.2915281799538002,0.3833390420574634,3,R2018-07176
7177,7177,2390.5882352941176,0.2787240654830499,0.1437120655963601,1,R2017-07177
7178,7178,17929.41176470588,0.194147722993708,0.1548838673588713,1,R2017-07178
7179,7179,22199.56300072833,0.4087384320670351,-0.2358605812939503,0,R2021-07179
7180,7180,16649.67225054625,0.4241528335820051,-0.1036372587662936,0,R2021-07180
7181,7181,41835.294117647056,0.3659447192457243,-0.1227025585908911,0,R2017-07181
7182,7182,23905.88235294118,0.2065522288698941,0.2007869398309786,1,R2017-07182
7183,7183,3036047.0588235296,0.3317650294167795,0.1053432618373012,4,R2017-07183
7184,7184,119529.41176470587,0.4600083668351434,-0.0624847779543184,0,R2017-07184
7185,7185,11660.290742157616,0.3099443244087891,0.3802185402657646,3,R2018-07185
7186,7186,20534.595775673704,0.2349464070040743,0.209439332472809,1,R2021-07186
7187,7187,95623.52941176471,0.3169839932631003,-0.0058132554924271,0,R2017-07187
7188,7188,31077.64705882353,0.2009630293127369,0.176449026126058,1,R2017-07188
7189,7189,2098.8523335883706,0.1531348678686586,0.0950095217679422,1,R2018-07189
7190,7190,149612.8609882353,0.3124513373969892,-0.0445352102574085,0,R2017-07190
7191,7191,22112.941176470587,0.1837734706398698,0.188510518074556,1,R2017-07191
7192,7192,43282.51121076233,0.2721520460034048,0.0363714093343808,0,R2019-07192
7193,7193,98014.11764705884,0.3470741345406933,0.6112256407261845,3,R2017-07193
7194,7194,443991.2600145666,0.2771739063547135,-0.1055482503810383,2,R2021-07194
7195,7195,3986.5470852017934,0.1854722885200382,0.1823928743007904,1,R2019-07195
7196,7196,102511.21076233184,0.4136716949008572,-0.0903457507033749,0,R2019-07196
7197,7197,107576.4705882353,0.385294454174279,-0.2232716794001942,0,R2017-07197
7198,7198,42432.94117647059,0.2468298535953323,0.0033559790825853,0,R2017-07198
7199,7199,11390.13452914798,0.2248482654976298,0.1872868365826328,1,R2019-07199
7200,7200,2332.058148431523,0.188023412197294,0.126413341955729,1,R2018-07200
7201,7201,95623.52941176471,0.1414518995337366,0.0410311566788531,1,R2017-07201
7202,7202,54361.97647058823,0.4846069695213457,-0.315055716385293,0,R2017-07202
7203,7203,60430.0,0.1645782141618812,-0.0419472541555956,1,R2024-07203
7204,7204,17929.41176470588,0.1367981406303392,0.1599940644826668,1,R2017-07204
7205,7205,47214.117647058825,0.4470736489883313,-0.2725387763402094,0,R2017-07205
7206,7206,4758.959107806692,0.1910173980267471,0.1280126429666968,1,R2020-07206
7207,7207,13148.235294117649,0.2879994182271107,-0.0553728578381066,0,R2017-07207
7208,7208,23905.88235294118,0.3273684142949001,-0.0575461136785219,0,R2017-07208
7209,7209,11330.85501858736,0.1776251715445387,0.1820987099697761,1,R2020-07209
7210,7210,59764.705882352944,0.2421904576150187,0.1223873959401594,1,R2017-07210
7211,7211,33175.85921958685,0.2992356464239025,0.0077881964819109,0,R2018-07211
7212,7212,57374.117647058825,0.4266842699520526,-0.0657400853100353,0,R2017-07212
7213,7213,48050.82352941176,0.3842710381710384,-0.0571311689218931,0,R2017-07213
7214,7214,64545.882352941175,0.3199089631962579,-0.1847093069136831,0,R2017-07214
7215,7215,58569.41176470588,0.3471192379996636,0.1923554853947388,1,R2017-07215
7216,7216,3000.0,0.082302112138762,0.0962478428983615,1,R2024-07216
7217,7217,358588.23529411765,0.4769650384921557,-0.074655922687144,0,R2017-07217
7218,7218,84981.4126394052,0.2326903359086945,0.4846479309939121,3,R2020-07218
7219,7219,78808.44865258558,0.3538260044124998,0.3766002391951704,3,R2021-07219
7220,7220,94348.1427530954,0.3204690841617772,-0.0495397049483031,0,R2021-07220
7221,7221,79315.98513011153,0.2271016422853893,0.200574979038727,1,R2020-07221
7222,7222,71710.78806426933,0.2267681935777393,0.1007170011440194,1,R2018-07222
7223,7223,145825.88235294115,0.3395723649865963,0.2883377328382883,3,R2017-07223
7224,7224,408110.17597551655,0.3269540063697475,-0.0059001554050507,2,R2018-07224
7225,7225,69961.74445294568,0.3219874512644312,0.0440663384379587,0,R2018-07225
7226,7226,77694.11764705883,0.2898984539300644,0.0030150592566759,0,R2017-07226
7227,7227,59764.705882352944,0.3300072102765208,0.1010563665457414,1,R2017-07227
7228,7228,83670.58823529411,0.3061767665087476,0.156264254130788,1,R2017-07228
7229,7229,19124.70588235294,0.4052837624139629,-0.0114922305925137,0,R2017-07229
7230,7230,14343.529411764706,0.1954359981372631,0.2126224425836804,1,R2017-07230
7231,7231,93232.9411764706,0.3007260310188309,0.1877118957751836,1,R2017-07231
7232,7232,45000.0,0.5586854892871276,-0.5485444782752502,5,R2024-07232
7233,7233,5247.130833970927,0.2946505355202169,0.6506407024809693,3,R2018-07233
7234,7234,60636.60477453581,0.3772108855114395,-0.2748243235172437,0,R2023-07234
7235,7235,23905.88235294118,0.4308867170678932,-0.1770623715623377,0,R2017-07235
7236,7236,5856.941176470588,0.3296521315877879,-0.0569562875242709,0,R2017-07236
7237,7237,58301.45371078808,0.4440725898658467,-0.1951114500576746,0,R2018-07237
7238,7238,96816.14349775785,0.36704763662803,0.5220029349130715,3,R2019-07238
7239,7239,17929.41176470588,0.3218030990516045,-0.063181527967785,0,R2017-07239
7240,7240,5976.470588235295,0.2536850188727221,0.1184909043097115,0,R2017-07240
7241,7241,59764.705882352944,0.3876480337451217,-0.0184661373820507,0,R2017-07241
7242,7242,23905.88235294118,0.3118728147992443,0.6172148548432591,3,R2017-07242
7243,7243,24486.610558530992,0.315982779186068,-0.0335360956820141,0,R2018-07243
7244,7244,5830.145371078807,0.1997335943807351,0.2133594229158577,1,R2018-07244
7245,7245,47811.76470588236,0.3019773883502323,0.0806749954159045,0,R2017-07245
7246,7246,5617.882352941177,0.1791013899577481,0.1890942763436407,1,R2017-07246
7247,7247,7171.764705882353,0.323516701730379,-0.0153712446543426,0,R2017-07247
7248,7248,2988.235294117648,0.2969773874959799,-0.0156270737189932,0,R2017-07248
7249,7249,5856.941176470588,0.1255482721687723,0.1212366722042564,1,R2017-07249
7250,7250,27491.76470588236,0.2455990547663411,0.1657699924169164,1,R2017-07250
7251,7251,17490.43611323642,0.3970825461053493,-0.222507519835928,0,R2018-07251
7252,7252,47811.76470588236,0.5963981310924502,-0.4380161324096142,5,R2017-07252
7253,7253,496047.0588235294,0.3481998807970399,-0.0232490182234854,2,R2017-07253
7254,7254,59765.90117647059,0.2832500245278395,0.2628201772055333,1,R2017-07254
7255,7255,11330.85501858736,0.2569715212586793,0.5251710751398538,3,R2020-07255
7256,7256,120576.21326042378,0.3996231117975488,-0.047678891225665,0,R2022-07256
7257,7257,128263.19816373376,0.3174703154969426,0.6221148216293046,3,R2018-07257
7258,7258,29882.352941176472,0.3882380046649619,-0.0331131530757481,0,R2017-07258
7259,7259,25652.639632746752,0.3831105984727523,-0.0832831151215305,0,R2018-07259
7260,7260,9562.35294117647,0.1638314056565434,0.1050915460253341,1,R2017-07260
7261,7261,79315.98513011153,0.4224204299198988,0.0399026799216995,0,R2020-07261
7262,7262,20988.523335883707,0.3170004654787768,-0.0405554046776833,0,R2018-07262
7263,7263,81622.03519510331,0.3100342722585645,0.4834665148548975,3,R2018-07263
7264,7264,59263.184376470585,0.3981101823106794,-0.1068541042916434,0,R2017-07264
7265,7265,197223.5294117647,0.4459811306524618,0.032436842546779,0,R2017-07265
7266,7266,17490.43611323642,0.3707538829758987,-0.0678358936781751,0,R2018-07266
7267,7267,26818.668706962515,0.1437561247052612,0.001265381521837,1,R2018-07267
7268,7268,15946.188340807174,0.132886534717214,0.1183839046045558,1,R2019-07268
7269,7269,13833.768936495797,0.1973046603331185,0.0680998625522437,1,R2018-07269
7270,7270,23320.58148431523,0.2168645813533082,0.3716733463108793,3,R2018-07270
7271,7271,2332.058148431523,0.2917542418180077,0.6005032704869185,3,R2018-07271
7272,7272,179294.11764705885,0.3239446380643075,-0.0783209977899778,0,R2017-07272
7273,7273,233205.8148431523,0.211796001289087,0.1630261321720841,1,R2018-07273
7274,7274,4897.322111706199,0.1701615599862928,0.0199923683609432,1,R2018-07274
7275,7275,378746.74435542605,0.2956208856600175,-0.1645752206012777,2,R2021-07275
7276,7276,90000.0,0.4907371911316581,-0.1470468132257919,0,R2024-07276
7277,7277,179294.11764705885,0.3610063484854879,0.2880076193471825,1,R2017-07277
7278,7278,71717.64705882352,0.315772071433627,0.5878015880601201,3,R2017-07278
7279,7279,23905.88235294118,0.2467596207451181,0.0159248932846108,0,R2017-07279
7280,7280,9112.107623318385,0.2352350913993692,0.1625401450147309,1,R2019-07280
7281,7281,180000.0,0.4296562537680091,-0.2330446677283329,0,R2025-07281
7282,7282,17857.42750929368,0.208217439280181,0.3685587224617378,3,R2020-07282
7283,7283,29150.72685539404,0.2476499480066457,0.0971125253805657,0,R2018-07283
7284,7284,95623.52941176471,0.2981439490641978,-0.0589395259519492,0,R2017-07284
7285,7285,11660.290742157616,0.2841267077292576,0.0288226460628706,0,R2018-07285
7286,7286,774826.3198163735,0.2861559938195119,-0.0309002337633535,2,R2018-07286
7287,7287,169962.8252788104,0.4896871663267224,-0.0821232574839452,0,R2020-07287
7288,7288,22661.71003717472,0.3571679537356251,0.1451068598495515,1,R2020-07288
7289,7289,29150.72685539404,0.2612384287909925,-0.1094653952977572,0,R2018-07289
7290,7290,61048.79825200291,0.2911307165609883,0.5140514446360201,3,R2021-07290
7291,7291,101749.21285386384,0.3847651569977794,-0.0538194099120406,0,R2018-07291
7292,7292,2390.5882352941176,0.2835962778766185,0.0217304237183517,0,R2017-07292
7293,7293,35371.352785145886,0.2678047912570483,0.1830516186516547,1,R2023-07293
7294,7294,1500.0,0.2842348823702154,0.0430254624178431,1,R2024-07294
7295,7295,2988.235294117648,0.2046160503876453,0.1739007670767532,1,R2017-07295
7296,7296,29882.352941176472,0.2409044394661271,-0.0397520427665743,0,R2017-07296
7297,7297,41835.294117647056,0.2130093560675306,0.1141841331674785,1,R2017-07297
7298,7298,17929.41176470588,0.1925421971882635,0.1438988350131848,1,R2017-07298
7299,7299,47811.76470588236,0.3073476009535142,0.1796552925794596,1,R2017-07299
7300,7300,96816.14349775785,0.3339730776432023,0.3428019367528366,1,R2019-07300
7301,7301,53788.23529411765,0.3072532756172887,0.5762056080351581,3,R2017-07301
7302,7302,41835.294117647056,0.3735345693133991,0.3117560150081321,3,R2017-07302
7303,7303,4430.910482019894,0.3186239338127301,0.6175415565189251,3,R2018-07303
7304,7304,19000.0,0.2044009684276017,-0.0307119771484403,1,R2024-07304
7305,7305,311598.5130111524,0.3324165970860196,0.042379590272412,0,R2020-07305
7306,7306,101600.0,0.4077275254275634,-0.0656093185024115,0,R2017-07306
7307,7307,18190.981432360742,0.3379419030644744,0.378165148599478,3,R2023-07307
7308,7308,10106.100795755969,0.1104214313528702,0.1054918617205276,1,R2023-07308
7309,7309,233703.5809018568,0.2789075752730842,0.2376050165383613,3,R2023-07309
7310,7310,3031.8302387267904,0.3446771320753419,-0.0131220357714587,0,R2023-07310
7311,7311,31250.854408749143,0.1265105066229235,0.2126045581878392,1,R2022-07311
7312,7312,53255.0185873606,0.2326385974097462,0.1228372021583915,1,R2020-07312
7313,7313,210895.8485069192,0.2797848126443169,0.0109633764806988,0,R2021-07313
7314,7314,113552.9411764706,0.3597071936730417,0.0170571848191694,0,R2017-07314
7315,7315,5378.823529411765,0.2763656272248823,0.632162300850728,3,R2017-07315
7316,7316,5976.470588235295,0.2945646452372472,-0.116403902226438,0,R2017-07316
7317,7317,13000.0,0.275123490960474,0.4873695612295783,3,R2024-07317
7318,7318,23320.58148431523,0.2069194884447018,0.1547428475408829,1,R2018-07318
7319,7319,2332.058148431523,0.2094517976042487,0.1519001193326895,1,R2018-07319
7320,7320,107643.12267657992,0.3855267275236019,0.1816953310735762,1,R2020-07320
7321,7321,3417.0403587443943,0.0959832360776652,0.0837039628726936,1,R2019-07321
7322,7322,15159.151193633952,0.2846242845512124,0.2266691109069312,1,R2023-07322
7323,7323,19979.6067006555,0.3358628869540335,0.2029398115436158,1,R2021-07323
7324,7324,20502.24215246637,0.3119702414936136,0.6289529146592137,3,R2019-07324
7325,7325,17085.20179372197,0.3304159049820127,0.1696999045883747,1,R2019-07325
7326,7326,145837.32057416267,0.1651129661188308,0.094440479809021,1,R2022-07326
7327,7327,107667.8805535324,0.3980944306493885,0.0068683673993387,0,R2021-07327
7328,7328,97000.0,0.5586854892871276,-0.5485444782752502,5,R2025-07328
7329,7329,220000.0,0.5586854892871276,-0.5485444782752502,5,R2024-07329
7330,7330,569.506726457399,0.1018490718631035,0.1183287139750912,1,R2019-07330
7331,7331,39865.470852017934,0.3147135534258127,0.5421942593489139,3,R2019-07331
7332,7332,80000.0,0.5586854892871276,-0.5485444782752502,5,R2024-07332
7333,7333,44399.12600145666,0.2068736923442934,0.1666904248344237,1,R2021-07333
7334,7334,33992.56505576208,0.2109596181493403,0.3533679706906159,3,R2020-07334
7335,7335,56654.2750929368,0.3789070752367031,0.4944900211896679,3,R2020-07335
7336,7336,22661.71003717472,0.3189789579405433,0.6451912765980435,3,R2020-07336
7337,7337,34170.40358744394,0.3129891055700194,0.6462428246432765,3,R2019-07337
7338,7338,35858.82352941176,0.3814540888668138,0.066872041788098,0,R2017-07338
7339,7339,81622.03519510331,0.1514648782750534,0.0377177731565219,1,R2018-07339
7340,7340,62501.70881749829,0.1865632406309685,0.108763208305069,1,R2022-07340
7341,7341,44225.882352941175,0.3986412273983264,-0.059314149181422,0,R2017-07341
7342,7342,16649.67225054625,0.1443589036525933,0.1926004955628361,1,R2021-07342
7343,7343,27336.322869955155,0.2957078196310058,0.5321804496167744,3,R2019-07343
7344,7344,466411.6296863046,0.3601148764321776,0.0418066934339102,0,R2018-07344
7345,7345,119529.41176470587,0.2879348470227778,-0.0159430413681919,0,R2017-07345
7346,7346,179294.11764705885,0.2290365731301601,0.1464369117007225,2,R2017-07346
7347,7347,11660.290742157616,0.4324476839014018,-0.2445189452284361,0,R2018-07347
7348,7348,3399.256505576208,0.2966212811499734,0.132542867497396,1,R2020-07348
7349,7349,4781.176470588235,0.2179212588414704,0.2330165983927859,1,R2017-07349
7350,7350,69961.74445294568,0.1425165475486331,0.1073534317155913,1,R2018-07350
7351,7351,1792.9411764705883,0.1893028564880606,-0.039192852716714,1,R2017-07351
7352,7352,29150.72685539404,0.4219607523713923,-0.057335692618429,0,R2018-07352
7353,7353,988508.2352941176,0.2852032830916645,0.243087849078134,2,R2017-07353
7354,7354,9562.35294117647,0.1876035329511381,0.2023692632266933,1,R2017-07354
7355,7355,23905.88235294118,0.4256291745416045,-0.0722887933068168,0,R2017-07355
7356,7356,119529.41176470587,0.4745387854073564,0.0366092381450566,0,R2017-07356
7357,7357,9328.232593726092,0.1995409400579143,0.0293937804957876,0,R2018-07357
7358,7358,11952.94117647059,0.4175267995175424,-0.1359386719106729,0,R2017-07358
7359,7359,37651.76470588236,0.2327460650346857,0.1300673302685072,1,R2017-07359
7360,7360,110997.81500364163,0.3323516212954202,0.0019510257368657,0,R2021-07360
7361,7361,83670.58823529411,0.2299150037386611,0.0916089306803171,0,R2017-07361
7362,7362,31250.854408749143,0.3789648285391245,-0.1968676931434001,0,R2022-07362
7363,7363,29882.352941176472,0.4087804382093525,-0.2005629022304942,0,R2017-07363
7364,7364,71717.64705882352,0.3705159117684055,0.0131789621076333,0,R2017-07364
7365,7365,29150.72685539404,0.4261734270244013,-0.1921949805482461,0,R2018-07365
7366,7366,95623.52941176471,0.3883418617752511,0.0184756941159632,0,R2017-07366
7367,7367,47811.76470588236,0.2889276166971843,-0.0310571611861246,0,R2017-07367
7368,7368,30000.0,0.3076684339782415,-0.1305291226982276,0,R2025-07368
7369,7369,35858.82352941176,0.3849702790781974,-0.0399436448181712,0,R2017-07369
7370,7370,27336.322869955155,0.4091461015483784,-0.0620460633553679,0,R2019-07370
7371,7371,552199.653557766,0.3464912416074672,0.5381977472481166,3,R2018-07371
7372,7372,59764.705882352944,0.2489689453060992,0.1026228080690318,0,R2017-07372
7373,7373,169962.8252788104,0.3369621106295865,-0.0171726101453359,0,R2020-07373
7374,7374,415213.8583014538,0.339366672914482,0.4645441547906965,3,R2018-07374
7375,7375,59764.705882352944,0.1265105066229235,0.2126045581878392,1,R2017-07375
7376,7376,22780.26905829596,0.3781485974954567,-0.1145001032484192,0,R2019-07376
7377,7377,59764.705882352944,0.4778955077134926,-0.0069721919728342,0,R2017-07377
7378,7378,165600.2305882353,0.4755657357842779,0.0016640378408227,0,R2017-07378
7379,7379,40998.58823529412,0.3567197138636859,-0.0472367028373123,0,R2017-07379
7380,7380,14343.529411764706,0.2717363298208857,0.0050199407426988,0,R2017-07380
7381,7381,175000.0,0.3055024693546899,0.110216425888894,1,R2024-07381
7382,7382,4944.931764705882,0.2721679125098318,0.6090277795520451,3,R2017-07382
7383,7383,119529.41176470587,0.4042464316212864,0.1935980981441246,1,R2017-07383
7384,7384,2219956.300072833,0.1397735072037556,0.1290923102180148,4,R2021-07384
7385,7385,83335.6117566644,0.3683046914327194,0.0767134378851085,1,R2022-07385
7386,7386,149411.76470588235,0.3146084781044799,0.203820975963907,1,R2017-07386
7387,7387,17490.43611323642,0.3511209196058636,-0.053688869098845,0,R2018-07387
7388,7388,139923.48890589137,0.246499110424443,-0.0294125238933436,0,R2018-07388
7389,7389,58301.45371078808,0.3951926374398481,0.5339145234556922,3,R2018-07389
7390,7390,9562.35294117647,0.2693831881000484,0.3821081793686076,3,R2017-07390
7391,7391,23905.88235294118,0.1615954800200408,0.1419795763468593,1,R2017-07391
7392,7392,131482.35294117648,0.3287736168867981,-0.0658327640834358,0,R2017-07392
7393,7393,100000.0,0.1278143399932852,0.1509387898195085,1,R2024-07393
7394,7394,35858.82352941176,0.3379202781948189,0.0272592643271501,0,R2017-07394
7395,7395,22199.56300072833,0.2870511294255873,0.6421800031634474,3,R2021-07395
7396,7396,2390.5882352941176,0.443793296912958,-0.1684600819258308,0,R2017-07396
7397,7397,69961.74445294568,0.3240037311618841,-0.0421032714964114,0,R2018-07397
7398,7398,16169.76127320955,0.1418431821134786,0.0429003227149964,1,R2023-07398
7399,7399,2332.058148431523,0.1343395415231269,0.1501629408619813,1,R2018-07399
7400,7400,3498.0872226472848,0.0952090260737145,0.080402844361403,1,R2018-07400
7401,7401,53533.63228699551,0.2324922946185711,0.0652915216883377,0,R2019-07401
7402,7402,57514.38408569244,0.3501806122280834,0.179347862765862,1,R2018-07402
7403,7403,119529.41176470587,0.3909340970376873,0.1081956297767478,0,R2017-07403
7404,7404,11660.290742157616,0.4468814901885898,-0.0787952028921802,0,R2018-07404
7405,7405,47811.76470588236,0.3177523462955794,-0.0089309796419193,0,R2017-07405
7406,7406,9562.35294117647,0.2317935751067558,0.016854419840656,1,R2017-07406
7407,7407,35858.82352941176,0.2978599286055126,0.0611919615724623,0,R2017-07407
7408,7408,71717.64705882352,0.3273807321168856,0.0105648395001092,0,R2017-07408
7409,7409,145753.6342769702,0.2769657781524947,0.0279877813852849,0,R2018-07409
7410,7410,1212670.237184392,0.3202854210229437,0.1157044002045795,2,R2018-07410
7411,7411,29882.352941176472,0.1078208689620325,0.0143668799147865,1,R2017-07411
7412,7412,58301.45371078808,0.185434005855714,0.1862297032393621,1,R2018-07412
7413,7413,99112.47130833972,0.2312034088347461,-0.0289057709156069,0,R2018-07413
7414,7414,145753.6342769702,0.2769657781524947,0.0279877813852849,0,R2018-07414
7415,7415,1819005.355776588,0.334636863158978,0.1381379217324649,4,R2018-07415
7416,7416,81361.39839766933,0.3975658353398267,0.2255606171451342,1,R2021-07416
7417,7417,89647.05882352941,0.3485446899065831,-0.1593398568380135,0,R2017-07417
7418,7418,5695.067264573991,0.279831171937382,0.587610451284589,3,R2019-07418
7419,7419,11952.94117647059,0.4770248470690038,-0.2111732866703637,0,R2017-07419
7420,7420,2390.5882352941176,0.2465151233911888,0.3124929999187639,1,R2017-07420
7421,7421,125505.88235294116,0.3401663819245228,0.5887212502179121,3,R2017-07421
7422,7422,65741.17647058824,0.1359330816873751,0.15942591339267,1,R2017-07422
7423,7423,17490.43611323642,0.1505944465462904,-0.006595427721393,1,R2018-07423
7424,7424,199327.3542600897,0.3828166834522923,0.1689532397759062,1,R2019-07424
7425,7425,53228.83289124668,0.2381058239158938,-0.0912579744225836,1,R2023-07425
7426,7426,104169.51469583048,0.2149150648487558,0.1437405576751237,1,R2022-07426
7427,7427,35858.82352941176,0.3152423816560238,-0.0393226371692825,0,R2017-07427
7428,7428,91121.07623318383,0.2930644233879498,0.5873473888259647,3,R2019-07428
7429,7429,7171.764705882353,0.2924342665132239,0.1771868386255128,1,R2017-07429
7430,7430,47811.76470588236,0.3848647669561567,-0.159393082594852,0,R2017-07430
7431,7431,5737.411764705883,0.2809309507555562,0.4454449462219906,3,R2017-07431
7432,7432,29882.352941176472,0.221603523835405,0.1311944157049616,1,R2017-07432
7433,7433,143435.29411764705,0.2965640213489494,0.0521149143573253,0,R2017-07433
7434,7434,5665.4275092936805,0.2449088154780643,-0.0076184405500401,0,R2020-07434
7435,7435,59764.705882352944,0.2112644182390037,-0.0622279217263941,0,R2017-07435
7436,7436,25101.176470588234,0.5104999535219785,-0.1136812772512543,0,R2017-07436
7437,7437,56776.470588235294,0.2156698001988022,0.2220882293259217,1,R2017-07437
7438,7438,27491.76470588236,0.4114512137457167,-0.0437366507664833,0,R2017-07438
7439,7439,22661.71003717472,0.1479187555354666,0.2025078251834788,1,R2020-07439
7440,7440,49519.893899204246,0.106467633167632,0.0879060436446095,1,R2023-07440
7441,7441,47811.76470588236,0.4012339168488639,0.0102622731441521,0,R2017-07441
7442,7442,239058.8235294117,0.3533783837105075,0.573558202091201,3,R2017-07442
7443,7443,278739.03345724905,0.3551923052601439,0.5505100165775273,3,R2020-07443
7444,7444,7769.847050254915,0.2709874263129249,0.5111596740505067,3,R2021-07444
7445,7445,20395.539033457248,0.4884027591498557,-0.125335524629405,0,R2020-07445
7446,7446,84981.4126394052,0.1629204659147793,0.2500249495740512,1,R2020-07446
7447,7447,6798.513011152416,0.4681031038976868,-0.1222412048164798,0,R2020-07447
7448,7448,16996.28252788104,0.3814928097333247,0.0795261021043375,0,R2020-07448
7449,7449,30000.0,0.2381614148409134,0.1203191964881333,1,R2024-07449
7450,7450,75795.75596816976,0.2567874191830148,0.3059097653279765,3,R2023-07450
7451,7451,5665.4275092936805,0.2514479758755717,0.196916686244245,1,R2020-07451
7452,7452,10106.100795755969,0.3358793783990075,-0.2091102208957993,0,R2023-07452
7453,7453,19850.0,0.4018164290806488,-0.2634860620834738,0,R2024-07453
7454,7454,84981.4126394052,0.3993851785250446,-0.0056394344737919,0,R2020-07454
7455,7455,18500.0,0.6032832908162081,-0.5310683680445598,5,R2024-07455
7456,7456,40424.40318302388,0.5586854892871276,-0.5485444782752502,5,R2023-07456
7457,7457,79315.98513011153,0.3004684165537776,-0.0689011648982175,0,R2020-07457
7458,7458,21528.624535315983,0.1720538706151983,0.0958994392218427,1,R2020-07458
7459,7459,2832.71375464684,0.2876086429344237,0.1715291109316198,1,R2020-07459
7460,7460,3125.085440874914,0.3126773200730263,0.3368502211010445,3,R2022-07460
7461,7461,20032.95167286245,0.2755951401789935,-0.0221933712936905,0,R2020-07461
7462,7462,81028.40495265841,0.3864878651088595,-0.2876147009766422,0,R2021-07462
7463,7463,50988.84758364312,0.3909563462265449,-0.0190553238282232,0,R2020-07463
7464,7464,192026.21995630005,0.2210776565682904,0.0250556681173561,0,R2021-07464
7465,7465,5665.4275092936805,0.2711533717785078,0.5983371375999752,3,R2020-07465
7466,7466,99898.03350327747,0.2563274438920223,0.3839227609464198,3,R2021-07466
7467,7467,13319.737800436998,0.2682159056615193,0.4139328602956469,3,R2021-07467
7468,7468,5665.4275092936805,0.2230704197314932,0.5050098045684362,3,R2020-07468
7469,7469,58920.44609665428,0.4448837694308921,0.03221056292662,0,R2020-07469
7470,7470,87814.12639405204,0.2599240532666053,-0.0743407891308195,0,R2020-07470
7471,7471,32648.814078041323,0.349047600326776,-0.0591126544798935,0,R2018-07471
7472,7472,16649.67225054625,0.1239242863519819,0.1232210497866132,1,R2021-07472
7473,7473,15159.151193633952,0.0681864436325967,0.1250369997596959,1,R2023-07473
7474,7474,554989.0750182082,0.3894206509586723,0.0131551749127488,0,R2021-07474
7475,7475,100000.0,0.3356987588229703,-0.1589621909715769,1,R2025-07475
7476,7476,20368.099053168244,0.28059367410784,-0.0383810891183456,0,R2021-07476
7477,7477,90646.84014869887,0.3959181154351169,0.4230288635312622,3,R2020-07477
7478,7478,90646.84014869887,0.452657221039031,-0.027888503115929,0,R2020-07478
7479,7479,4192.416356877323,0.1664664542935469,0.0390421830708656,1,R2020-07479
7480,7480,20395.539033457248,0.3691516632576537,0.0413850909992165,0,R2020-07480
7481,7481,78127.13602187287,0.4924621054421839,-0.1174093066162424,0,R2022-07481
7482,7482,52084.75734791524,0.3555624381443143,-0.027473199938587,0,R2022-07482
7483,7483,20833.9029391661,0.333610853587002,0.0493936986703204,0,R2022-07483
7484,7484,170000.0,0.3312133923658393,0.0416722710415642,0,R2025-07484
7485,7485,47500.0,0.0756014089692215,0.0563347693834749,1,R2025-07485
7486,7486,17800.0,0.2386596524760362,0.1998431495910584,1,R2024-07486
7487,7487,15000.0,0.5586854892871276,-0.5485444782752502,5,R2024-07487
7488,7488,17500.0,0.0789392544163663,0.1467695833269377,1,R2024-07488
7489,7489,17500.0,0.4977137523946797,-0.4181879501302889,5,R2024-07489
7490,7490,192015.9151193634,0.3026566309087052,0.1164272277304379,1,R2023-07490
7491,7491,165000.0,0.1071107046731118,0.051749470077877,1,R2025-07491
7492,7492,45477.453580901856,0.3058737059104137,0.193808052539351,1,R2023-07492
7493,7493,20212.201591511937,0.3701929393835196,0.0191981587531238,0,R2023-07493
7494,7494,45000.0,0.4647637393070659,-0.4537027795234288,5,R2024-07494
7495,7495,83335.6117566644,0.2718597931658797,0.1679209596405381,1,R2022-07495
7496,7496,15625.427204374571,0.3413116694728617,-0.1680285717193932,0,R2022-07496
7497,7497,83335.6117566644,0.3938423225243605,-0.25842556833295,0,R2022-07497
7498,7498,33000.0,0.46374568622829,-0.4306267513217573,5,R2024-07498
7499,7499,332993.44501092494,0.2938750703040053,0.2077676139496762,2,R2021-07499
7500,7500,40500.0,0.3798314511262516,0.0283575625350053,1,R2024-07500
7501,7501,209885.23335883708,0.3988948693678645,0.0043630290532896,0,R2018-07501
7502,7502,3645.933014354067,0.1705612462541624,0.1604840093701721,1,R2022-07502
7503,7503,15625.427204374571,0.379804761845761,-0.0434050966914345,0,R2022-07503
7504,7504,51413.75464684015,0.4370104317233819,-0.0648116990410138,0,R2020-07504
7505,7505,104169.51469583048,0.3701711575105744,0.0818293584918355,0,R2022-07505
7506,7506,88798.25200291332,0.3023158710760757,0.1622289933999819,0,R2021-07506
7507,7507,5549.890750182082,0.4145361656703468,-0.0210874961134607,0,R2021-07507
7508,7508,209885.23335883708,0.3386322120146379,0.0919112432875722,0,R2018-07508
7509,7509,88858.99551569506,0.361462640355252,0.1570695191344885,1,R2019-07509
7510,7510,39941.263940520446,0.4192626854957128,0.0256094941153491,0,R2020-07510
7511,7511,2219.956300072833,0.2004581274853184,0.1715151097279324,1,R2021-07511
7512,7512,90000.0,0.2341016606673196,0.3811764713754664,3,R2024-07512
7513,7513,45323.42007434944,0.257002613289058,0.0074169930990086,0,R2020-07513
7514,7514,75795.75596816976,0.1635467789833076,-0.0767773873189351,1,R2023-07514
7515,7515,83248.36125273124,0.3547345809362084,0.0240464292205974,0,R2021-07515
7516,7516,79315.98513011153,0.4217112420038008,-0.036968228964889,0,R2020-07516
7517,7517,60000.0,0.0497314041541148,0.0979410654104231,1,R2024-07517
7518,7518,8084.880636604775,0.2503412580856298,0.0674898396831568,1,R2023-07518
7519,7519,185000.0,0.46374568622829,-0.4306267513217573,5,R2024-07519
7520,7520,36381.962864721485,0.3294843552956282,-0.006385153358182,0,R2023-07520
7521,7521,57293.23308270677,0.1991512152894841,0.3227124099459411,3,R2022-07521
7522,7522,11330.85501858736,0.474752141117212,0.0005097967554583,0,R2020-07522
7523,7523,89000.0,0.5418225168606328,-0.2867811534725276,0,R2024-07523
7524,7524,38000.0,0.5586854892871276,-0.5485444782752502,5,R2024-07524
7525,7525,119794.94190020506,0.3531823152268902,0.2232203670471752,0,R2022-07525
7526,7526,12500.34176349966,0.2524698750404811,-0.0720975417624711,1,R2022-07526
7527,7527,15625.427204374571,0.3477225702160776,-0.0876524101840658,0,R2022-07527
7528,7528,67710.18455228982,0.2108354930753211,0.1780074467133658,1,R2022-07528
7529,7529,114586.46616541354,0.3745469647226328,0.1896128261177323,1,R2022-07529
7530,7530,39865.470852017934,0.2469142209670503,0.1415953541813848,1,R2019-07530
7531,7531,15625.427204374571,0.2563186069782357,-0.1149603982703855,0,R2022-07531
7532,7532,19979.6067006555,0.2847503299225867,0.0720143698459631,1,R2021-07532
7533,7533,5665.4275092936805,0.3987142165194884,-0.0060287768049155,0,R2020-07533
7534,7534,22198.45302257829,0.3769215587295335,0.1808648119911562,1,R2021-07534
7535,7535,32859.479553903344,0.3436065494011693,0.1422871464468573,0,R2020-07535
7536,7536,5549.890750182082,0.186924100235016,0.2149430260495554,1,R2021-07536
7537,7537,56950.67264573991,0.4097730332442666,-0.2379379847141609,0,R2019-07537
7538,7538,11099.781500364164,0.2041939164610746,0.1507773122334325,1,R2021-07538
7539,7539,84981.4126394052,0.3830197183601482,0.1478637682213038,0,R2020-07539
7540,7540,407910.780669145,0.4550807551997468,0.0370878111866538,0,R2020-07540
7541,7541,21528.624535315983,0.1574201786186452,0.1809634127694134,1,R2020-07541
7542,7542,2219.956300072833,0.218558206445238,0.1510227519209751,1,R2021-07542
7543,7543,85901.85676392572,0.1970137553634956,-0.0681703294518271,1,R2023-07543
7544,7544,5665.4275092936805,0.20044196513799,0.3930509713653383,3,R2020-07544
7545,7545,20962.081784386617,0.230886411787918,0.187607454014601,1,R2020-07545
7546,7546,226617.1003717472,0.3600042213392659,0.4798044039081649,3,R2020-07546
7547,7547,4348.895464684015,0.1219853289894668,0.0509621908436154,1,R2020-07547
7548,7548,16996.28252788104,0.3527370935387189,0.0951396894423029,0,R2020-07548
7549,7549,85000.0,0.2534308646042403,0.2976503352050506,1,R2025-07549
7550,7550,3399.256505576208,0.1242980032189521,0.1171411215754024,1,R2020-07550
7551,7551,4532.342007434944,0.2393876403117423,0.0931669439570915,1,R2020-07551
7552,7552,220000.0,0.1216837189992541,0.0188557610903176,1,R2024-07552
7553,7553,13874.726875455206,0.3432609694559264,0.0076235306599798,0,R2021-07553
7554,7554,135970.26022304833,0.3990658903019385,0.1728286132881264,0,R2020-07554
7555,7555,79315.98513011153,0.3791236859584293,-0.0922853793898153,0,R2020-07555
7556,7556,20502.24215246637,0.2784288676321204,0.111109471763012,0,R2019-07556
7557,7557,22661.71003717472,0.2935541086121676,0.2962643651905765,1,R2020-07557
7558,7558,57293.23308270677,0.3849410550670196,0.017519111835103,0,R2022-07558
7559,7559,135970.26022304833,0.392016149597577,-0.0118836240378111,0,R2020-07559
7560,7560,94000.0,0.3020391014813866,0.1054288247143858,1,R2024-07560
7561,7561,166496.72250546247,0.4688163949294551,-0.0094503061040207,0,R2021-07561
7562,7562,144297.15950473415,0.4373737690513794,-0.0830164675893018,0,R2021-07562
7563,7563,18000.0,0.1573702252599269,0.0920327416438438,1,R2024-07563
7564,7564,16649.67225054625,0.2668196671743117,0.3406042889856333,1,R2021-07564
7565,7565,49949.016751638745,0.1665360190752837,0.0180558954314396,1,R2021-07565
7566,7566,60636.60477453581,0.317945570649791,-0.0130589056553062,0,R2023-07566
7567,7567,56654.2750929368,0.1623225074121184,0.0405449167600198,1,R2020-07567
7568,7568,52084.75734791524,0.3740689703220076,-0.2012284475157801,0,R2022-07568
7569,7569,2847.533632286996,0.4159882434104875,-0.0103667853744841,0,R2019-07569
7570,7570,66668.48940533151,0.2809999945787771,0.1276549991906309,1,R2022-07570
7571,7571,30318.302387267904,0.1152637965487109,0.1616778130811823,1,R2023-07571
7572,7572,90000.0,0.2324124259239129,0.0749545592365165,1,R2024-07572
7573,7573,4532.342007434944,0.4146638311423301,-0.1473627283798705,0,R2020-07573
7574,7574,33992.56505576208,0.3476591432303891,-0.166520058528606,0,R2020-07574
7575,7575,5053.050397877984,0.1948604375117494,0.0212302919283534,1,R2023-07575
7576,7576,1133.085501858736,0.2591941938530323,0.253841158170791,0,R2020-07576
7577,7577,3399.256505576208,0.3245464993248422,-0.0667288789142891,0,R2020-07577
7578,7578,33992.56505576208,0.4046068517927203,-0.0838732784954477,0,R2020-07578
7579,7579,84981.4126394052,0.3255306025745721,0.1059901666012797,1,R2020-07579
7580,7580,400000.0,0.3979215885762493,-0.0544320528872197,2,R2024-07580
7581,7581,30000.0,0.2798806933358584,-0.0490997233090332,0,R2024-07581
7582,7582,200000.0,0.5586854892871276,-0.5485444782752502,5,R2024-07582
7583,7583,20395.539033457248,0.361519058965841,0.0830579805719971,1,R2020-07583
7584,7584,10106.100795755969,0.3565888410896776,-0.1728724449858402,0,R2023-07584
7585,7585,70742.70557029177,0.2398637838185409,0.1509236412358006,1,R2023-07585
7586,7586,60000.0,0.1275806473087656,0.1916249595017521,1,R2024-07586
7587,7587,38849.23525127458,0.5049381005894704,-0.2892124380431782,0,R2021-07587
7588,7588,16649.67225054625,0.2409829683090714,-0.02904374417145,0,R2021-07588
7589,7589,283271.375464684,0.3622564415225881,-0.0544728918310722,0,R2020-07589
7590,7590,39657.99256505576,0.1041065432681016,0.1878290985509708,1,R2020-07590
7591,7591,5000.0,0.1704729443781477,0.1107500708518568,1,R2025-07591
7592,7592,114270.84927314465,0.2140727691117397,0.1571576063049612,1,R2018-07592
7593,7593,4994.901675163875,0.1769169737505635,0.1345408788709378,1,R2021-07593
7594,7594,56654.2750929368,0.1442393383808534,0.1834869089252491,1,R2020-07594
7595,7595,15000.0,0.19200680917763,0.0874093734707741,1,R2024-07595
7596,7596,135970.26022304833,0.4346157599101645,-0.0324780406740204,0,R2020-07596
7597,7597,10000.0,0.5380436642748843,-0.2743941950040972,0,R2025-07597
7598,7598,16649.67225054625,0.3367567022998835,-0.0456471819273388,0,R2021-07598
7599,7599,56654.2750929368,0.2400877859143099,0.1692912421022023,1,R2020-07599
7600,7600,62501.70881749829,0.147962597628994,-0.0079208922732756,1,R2022-07600
7601,7601,15159.151193633952,0.2993873262217474,0.1976251492821781,1,R2023-07601
7602,7602,5665.4275092936805,0.3934975093456727,-0.0819139019724893,0,R2020-07602
7603,7603,11330.85501858736,0.3352562606315762,0.0177378325771439,0,R2020-07603
7604,7604,25000.0,0.2764509141169328,0.2373142774918593,3,R2025-07604
7605,7605,242546.41909814323,0.3574234960772783,0.498041875460262,3,R2023-07605
7606,7606,51255.60538116592,0.1656205013383613,0.2012219809535292,1,R2019-07606
7607,7607,158631.97026022305,0.334645149498089,-0.0244097275966316,0,R2020-07607
7608,7608,62501.70881749829,0.4101655861751587,-0.2439291060021272,0,R2022-07608
7609,7609,20822.712267658,0.1204590633437015,0.0861814233493777,1,R2020-07609
7610,7610,8611.449814126394,0.3252160450133818,-0.0435917667939011,0,R2020-07610
7611,7611,75000.0,0.5586854892871276,-0.5485444782752502,5,R2024-07611
7612,7612,110997.81500364163,0.3758978983569264,-0.1182484072187716,0,R2021-07612
7613,7613,332993.44501092494,0.2691394298865896,0.4894033251967869,3,R2021-07613
7614,7614,78127.13602187287,0.2769152545358125,0.2037474239954483,1,R2022-07614
7615,7615,88798.25200291332,0.2752472775982251,0.1997074353466834,1,R2021-07615
7616,7616,2219.956300072833,0.2522526351081165,0.5454825603003172,3,R2021-07616
7617,7617,49949.016751638745,0.3157717112964856,0.0582995002538627,0,R2021-07617
7618,7618,5549.890750182082,0.2875614023208367,0.2146483120782925,1,R2021-07618
7619,7619,176856.76392572944,0.3695537069648476,-0.1941462320386636,0,R2023-07619
7620,7620,38849.23525127458,0.3603542635003408,-0.021032931403512,0,R2021-07620
7621,7621,28327.1375464684,0.169996081152731,0.1250491176667115,1,R2020-07621
7622,7622,35519.30080116533,0.2810664917916142,0.1505021883245585,0,R2021-07622
7623,7623,160000.0,0.2631944710280854,-0.2444186886707899,0,R2024-07623
7624,7624,271944.646758922,0.3762395340259508,0.1592666020469736,1,R2021-07624
7625,7625,84981.4126394052,0.4578297798677486,-0.1031507684592678,0,R2020-07625
7626,7626,170852.01793721973,0.4182382067055389,0.2458891023770557,1,R2019-07626
7627,7627,129358.0901856764,0.6032832908162081,-0.5310683680445598,5,R2023-07627
7628,7628,169962.8252788104,0.314253053180618,0.0543892601481722,0,R2020-07628
7629,7629,320000.0,0.1698616502013607,0.243565001143304,3,R2024-07629
7630,7630,55498.90750182082,0.2281167251361142,0.201422706955246,1,R2021-07630
7631,7631,226617.1003717472,0.4032886784556198,-0.0278688061337975,0,R2020-07631
7632,7632,7812.713602187287,0.3364279513197395,-0.022462648756809,0,R2022-07632
7633,7633,245578.24933687,0.3334251128881134,0.216200783897629,1,R2023-07633
7634,7634,396579.9256505576,0.3941542775202911,0.0481647784080511,0,R2020-07634
7635,7635,7365.055762081784,0.2572471556277501,0.1004186755137137,1,R2020-07635
7636,7636,73650.55762081784,0.2830170091138514,0.0962050261727139,1,R2020-07636
7637,7637,65689.6551724138,0.3096442197083138,0.1617529281051257,1,R2023-07637
7638,7638,50530.50397877984,0.6032832908162081,-0.5310683680445598,5,R2023-07638
7639,7639,90000.0,0.3848823415862492,-0.2403291459328608,1,R2024-07639
7640,7640,223964.4565960356,0.142778471097681,0.0815884034107085,1,R2022-07640
7641,7641,216672.59056732745,0.4412903541174435,0.424385978430414,1,R2022-07641
7642,7642,41835.294117647056,0.1745964488859692,0.1772021100799293,1,R2017-07642
7643,7643,16996.28252788104,0.2821288718117922,0.0211758979800062,0,R2020-07643
7644,7644,105447.92425345955,0.2162580270068616,0.0247992100749109,1,R2021-07644
7645,7645,250000.0,0.29126025004277,-0.2257917928643746,0,R2024-07645
7646,7646,61048.79825200291,0.3442937094625395,-0.0937606853066777,0,R2021-07646
7647,7647,58000.0,0.3812160221152855,-0.3922485751100989,5,R2024-07647
7648,7648,14000.0,0.2761036191679532,-0.0790942768068904,1,R2025-07648
7649,7649,78127.13602187287,0.3803398191067859,0.1728482622532708,1,R2022-07649
7650,7650,169962.8252788104,0.3860777987402292,0.1449432182696345,1,R2020-07650
7651,7651,520847.57347915246,0.2931530440105435,0.0978828220605707,2,R2022-07651
7652,7652,3498.0872226472848,0.1917945276132256,0.1997243038103984,1,R2018-07652
7653,7653,906.4684014869888,0.3238514482698333,0.1669858284927184,0,R2020-07653
7654,7654,6231.970260223048,0.4296061835556599,-0.0791705178883228,0,R2020-07654
7655,7655,85901.85676392572,0.4745500382927178,-0.3201601664781319,0,R2023-07655
7656,7656,21882.80853605244,0.3308698852445587,-0.0294399465076798,0,R2021-07656
7657,7657,252652.5198938992,0.6032832908162081,-0.5310683680445598,5,R2023-07657
7658,7658,174077.58620689655,0.2211117087239176,-0.0220221601875075,1,R2023-07658
7659,7659,2779177.718832891,0.3157049575040371,-0.2064755614009505,4,R2023-07659
7660,7660,50000.0,0.1190415666687237,0.0201034432230424,1,R2024-07660
7661,7661,13319.737800436998,0.2980140560380543,0.0323084182847192,0,R2021-07661
7662,7662,8498.14126394052,0.1665497598982741,0.197187024441697,1,R2020-07662
7663,7663,31250.854408749143,0.2281198873503976,-0.0295580624617087,0,R2022-07663
7664,7664,55498.90750182082,0.2389509964551257,-0.0841221042900161,0,R2021-07664
7665,7665,32189.36635105608,0.1951137168861866,0.059763172247851,0,R2021-07665
7666,7666,20000.0,0.4869024478566738,-0.3866861308263751,5,R2024-07666
7667,7667,20000.0,0.4514210620464778,-0.2810523119574805,0,R2025-07667
7668,7668,151591.51193633952,0.5586854892871276,-0.5485444782752502,5,R2023-07668
7669,7669,150000.0,0.6032832908162081,-0.5310683680445598,5,R2024-07669
7670,7670,50282.01019664967,0.4965641115033553,-0.120398029071593,0,R2021-07670
7671,7671,166496.72250546247,0.3312189762730017,0.313108379818987,3,R2021-07671
7672,7672,78123.94797245602,0.1947221740697032,0.1447625515515968,1,R2018-07672
7673,7673,40424.40318302388,0.497676707184441,-0.4037060403283553,5,R2023-07673
7674,7674,25000.0,0.2927699095104524,-0.0768837454140726,1,R2024-07674
7675,7675,92128.18645302256,0.3205053712144023,0.157951813982351,1,R2021-07675
7676,7676,25751.493080844863,0.3245106042813386,-0.0356994031869368,0,R2021-07676
7677,7677,40424.40318302388,0.1655013421147515,0.1950689764226447,1,R2023-07677
7678,7678,5665.4275092936805,0.3773086831524457,-0.0218037800583914,0,R2020-07678
7679,7679,77698.47050254916,0.3474453740189672,0.1228755146581417,0,R2021-07679
7680,7680,67985.13011152417,0.4124670063189438,-0.1496232222647818,0,R2020-07680
7681,7681,11330.85501858736,0.2666045026739819,0.3966018360376893,3,R2020-07681
7682,7682,100453.0225782957,0.3823385234269268,0.5746959024677644,3,R2021-07682
7683,7683,16649.67225054625,0.3160271904047463,-0.1362836689081651,0,R2021-07683
7684,7684,5378.823529411765,0.1810367528555224,-0.0188216705126627,0,R2017-07684
7685,7685,156254.27204374573,0.2590995976822341,0.0940555838462429,2,R2022-07685
7686,7686,221995.6300072833,0.3643343986082424,0.2023057618340629,1,R2021-07686
7687,7687,2266.171003717472,0.2955543611548299,0.039606675583022,0,R2020-07687
7688,7688,33299.3445010925,0.1456722736817912,0.1031343642801713,1,R2021-07688
7689,7689,161462.74777853725,0.3098774486690315,0.4377002259478917,3,R2022-07689
7690,7690,203955.3903345725,0.3408294467480658,0.1099135345390362,0,R2020-07690
7691,7691,27749.45375091041,0.3393317039739938,0.0201622700986728,0,R2021-07691
7692,7692,8324.836125273125,0.1713814175434065,0.0848787669758776,1,R2021-07692
7693,7693,199796.0670065549,0.3802699669863552,0.057383143081387,0,R2021-07693
7694,7694,188696.2855061908,0.3049133550965032,-0.106375066340872,0,R2021-07694
7695,7695,400000.0,0.5286204830018226,-0.5057148552272501,5,R2024-07695
7696,7696,33299.3445010925,0.2512851021270381,0.0830227488852973,0,R2021-07696
7697,7697,13319.737800436998,0.3366373990471027,0.532475207200351,3,R2021-07697
7698,7698,18190.981432360742,0.3217546287937721,-0.1725730761158223,0,R2023-07698
7699,7699,1664.9672250546248,0.3618771399421395,-0.0750767498006456,0,R2021-07699
7700,7700,36459.33014354067,0.2823325511600831,0.0430006931281936,0,R2022-07700
7701,7701,16068.70026525199,0.46374568622829,-0.4306267513217573,5,R2023-07701
7702,7702,55498.90750182082,0.3709187898834747,-0.1487420352511946,0,R2021-07702
7703,7703,177088.17498291182,0.3961491760794183,0.0742836985220163,0,R2022-07703
7704,7704,133197.37800437,0.4187387986643192,0.0347959340209871,0,R2021-07704
7705,7705,339925.6505576208,0.338849238948699,0.0559947300183821,0,R2020-07705
7706,7706,108222.86962855062,0.2716778779191189,0.4225078998883749,3,R2021-07706
7707,7707,14203.0,0.1526905477666809,-0.1104209500752227,1,R2024-07707
7708,7708,16637.954887218046,0.1168533369018436,0.1475038746281299,1,R2022-07708
7709,7709,74123.0,0.1216202171845695,-0.0264875100200308,1,R2024-07709
7710,7710,16649.67225054625,0.2786080639120388,0.1870548033501693,1,R2021-07710
7711,7711,366292.7895120175,0.3880620568199812,-0.1485360323010572,2,R2021-07711
7712,7712,110997.81500364163,0.4483888763743296,-0.0205507660108964,0,R2021-07712
7713,7713,2021.2201591511937,0.1745905909976299,0.3092945910453502,3,R2023-07713
7714,7714,23333.97129186603,0.1483065661916855,0.1395724646941377,1,R2022-07714
7715,7715,22481.864661654137,0.0671351874418634,0.0373432234949286,1,R2022-07715
7716,7716,66598.689002185,0.2489303034486398,0.0182089241546584,0,R2021-07716
7717,7717,115000.0,0.2089848177209325,-0.023279761034423,1,R2024-07717
7718,7718,33992.56505576208,0.3556411763060149,-0.0436498692588723,0,R2020-07718
7719,7719,33299.3445010925,0.4288037240675269,0.0305720621901964,0,R2021-07719
7720,7720,221995.6300072833,0.3885924815482174,-0.0648067921997444,0,R2021-07720
7721,7721,6500.0,0.2708383061644799,0.1250202868793274,1,R2024-07721
7722,7722,5549.890750182082,0.3286918222155159,-0.0104629334588392,0,R2021-07722
7723,7723,44399.12600145666,0.4218880217303757,-0.0651044236888791,0,R2021-07723
7724,7724,5549.890750182082,0.1838695282169103,0.1604831211438127,1,R2021-07724
7725,7725,88798.25200291332,0.2906000365373334,0.0781156244014761,0,R2021-07725
7726,7726,15159.151193633952,0.2937963731586326,0.1596045455451406,1,R2023-07726
7727,7727,8700.0,0.5586854892871276,-0.5485444782752502,5,R2024-07727
7728,7728,60636.60477453581,0.2795858668855397,-0.2276095651738934,0,R2023-07728
7729,7729,33299.3445010925,0.3609841406472761,0.2491929590993594,3,R2021-07729
7730,7730,12127.320954907162,0.1268915869782726,0.1539608947770907,1,R2023-07730
7731,7731,2219.956300072833,0.2815060209728194,-0.0177883149844412,0,R2021-07731
7732,7732,468762.8161312372,0.3105033979040128,0.1293080549923748,2,R2022-07732
7733,7733,1109.9781500364163,0.2888266923583644,-0.0010915772880048,0,R2021-07733
7734,7734,60636.60477453581,0.3619513561271313,0.3917569165978997,3,R2023-07734
7735,7735,156254.27204374573,0.3073629217259148,0.4321503878006116,1,R2022-07735
7736,7736,6659.868900218499,0.2203549147483172,0.0351693469388761,1,R2021-07736
7737,7737,27749.45375091041,0.4684799609175118,-0.2483503551015048,0,R2021-07737
7738,7738,255294.9745083758,0.2624678322116256,0.1514006747838096,2,R2021-07738
7739,7739,8000.0,0.1950972109804379,-0.2088914011169147,1,R2024-07739
7740,7740,350000.0,0.362155815343332,-0.0147603546843602,0,R2024-07740
7741,7741,502558.5309869932,0.2691687605288277,-0.1025218730396347,2,R2018-07741
7742,7742,339925.6505576208,0.3065773393811588,0.0591811128821183,2,R2020-07742
7743,7743,227802.6905829596,0.1362997825712922,0.0625259698420098,1,R2019-07743
7744,7744,14583.732057416268,0.1517213800154867,0.054719289646392,1,R2022-07744
7745,7745,39657.99256505576,0.1910444669009685,0.3706275545838954,3,R2020-07745
7746,7746,80000.0,0.2201673573213423,0.0659883577024194,1,R2025-07746
7747,7747,30318.302387267904,0.5586854892871276,-0.5485444782752502,5,R2023-07747
7748,7748,8879.825200291332,0.272574030957943,0.5160167392073327,3,R2021-07748
7749,7749,49949.016751638745,0.434098087409935,-0.1129663728670518,0,R2021-07749
7750,7750,133197.37800437,0.3159435521446157,0.4534976148646889,1,R2021-07750
7751,7751,32272.941176470587,0.2924472391575434,0.0387894969100942,0,R2017-07751
7752,7752,81028.40495265841,0.2159538432387419,0.1651393600274671,1,R2021-07752
7753,7753,22199.56300072833,0.4795577724557403,-0.028418851841399,0,R2021-07753
7754,7754,260423.78673957623,0.2478384248332318,0.1707156673165232,2,R2022-07754
7755,7755,60636.60477453581,0.5156160110779978,-0.2433714578260927,0,R2023-07755
7756,7756,4439.912600145666,0.3949200325342617,-0.1879118072547269,0,R2021-07756
7757,7757,11099.781500364164,0.3235979921936733,0.0442809730467509,0,R2021-07757
7758,7758,52084.75734791524,0.4094165671883032,-0.0025663336139459,0,R2022-07758
7759,7759,13319.737800436998,0.2346505012311026,0.1197364048526415,1,R2021-07759
7760,7760,17870.648215586305,0.4564425757012791,-0.098671558426868,0,R2021-07760
7761,7761,70000.0,0.3362074407731483,0.0893524138722255,0,R2025-07761
7762,7762,277494.5375091041,0.3280080205821001,0.2454394522981205,1,R2021-07762
7763,7763,41667.8058783322,0.1423908629332932,0.2044107654741811,1,R2022-07763
7764,7764,1109.9781500364163,0.1446733008385058,0.2089337313889527,1,R2021-07764
7765,7765,250000.0,0.4869024478566738,-0.3866861308263751,5,R2024-07765
7766,7766,131379.3103448276,0.2273772425659397,0.0018380830268033,0,R2023-07766
7767,7767,10416.95146958305,0.1917633354855609,0.043177644373637,0,R2022-07767
7768,7768,22199.56300072833,0.3744108205226298,-0.0669996720148135,0,R2021-07768
7769,7769,15159.151193633952,0.4869024478566738,-0.3866861308263751,5,R2023-07769
7770,7770,33299.3445010925,0.3899036082707411,-0.1239091288236075,0,R2021-07770
7771,7771,180734.50650344303,0.3354847015761035,0.2177742246871674,1,R2018-07771
7772,7772,202122.0159151193,0.3552280179052252,0.0282599395081679,0,R2023-07772
7773,7773,82138.38310269482,0.3153468102269879,0.1130662945151738,3,R2021-07773
7774,7774,11543.772760378732,0.3287260917436889,-0.093449931701265,0,R2021-07774
7775,7775,110997.81500364163,0.470825171873919,-0.2593656114983023,0,R2021-07775
7776,7776,11099.781500364164,0.3834286894521219,-0.1298200452265648,0,R2021-07776
7777,7777,11099.781500364164,0.3937872154807287,-0.0480949394702554,0,R2021-07777
7778,7778,72148.57975236708,0.5576111840123497,-0.126937263874704,0,R2021-07778
7779,7779,19979.6067006555,0.2567672524777108,0.0194950927295403,0,R2021-07779
7780,7780,70742.70557029177,0.1970278025965645,0.4547744880902896,3,R2023-07780
7781,7781,4439.912600145666,0.3445660063990298,-0.0164349111000914,0,R2021-07781
7782,7782,46876.28161312372,0.179678368659734,0.1628872508600295,1,R2022-07782
7783,7783,41667.8058783322,0.3238753629500893,0.5327076542471106,3,R2022-07783
7784,7784,94348.1427530954,0.3081186409607032,0.2325000143376903,1,R2021-07784
7785,7785,5695.067264573991,0.2419615438187071,-0.0054119234460964,0,R2019-07785
7786,7786,84981.4126394052,0.2687475018442911,0.009933346010182,0,R2020-07786
7787,7787,3000.0,0.1988579593400522,0.017665267115871,1,R2024-07787
7788,7788,38849.23525127458,0.4745645071487046,-0.165481070538513,0,R2021-07788
7789,7789,44399.12600145666,0.3856143898588181,0.1300918958190792,0,R2021-07789
7790,7790,24105.395484340857,0.262553035423629,0.0175303906057936,0,R2021-07790
7791,7791,312508.54408749146,0.1621598435388629,0.0890065070832624,2,R2022-07791
7792,7792,177596.50400582663,0.3437966533371757,-0.0375927594071881,0,R2021-07792
7793,7793,40514.20247632921,0.1415817557658719,0.1902523409102592,1,R2021-07793
7794,7794,8695.28981544771,0.2999016659693968,-0.0591385448220729,0,R2022-07794
7795,7795,15625.427204374571,0.2216209507506477,0.1907431448181854,1,R2022-07795
7796,7796,20867.58922068463,0.3515151636324337,-0.0174333618974394,0,R2021-07796
7797,7797,11654.770575382374,0.4403765552452077,0.031033710184421,0,R2021-07797
7798,7798,349671.0875331565,0.2862166025028282,-0.1074980286626197,2,R2023-07798
7799,7799,260423.78673957623,0.2777980102252853,0.0246830444892246,0,R2022-07799
7800,7800,55498.90750182082,0.332819338112794,-0.0169207465642167,0,R2021-07800
7801,7801,20212.201591511937,0.2522783807684749,0.0021175008816095,0,R2023-07801
7802,7802,22199.56300072833,0.131864426637947,0.23952118756251,1,R2021-07802
7803,7803,66598.689002185,0.3172880539475103,-0.1153389575790516,0,R2021-07803
7804,7804,26042.37867395762,0.199089135996922,0.2253904516509542,1,R2022-07804
7805,7805,67710.18455228982,0.3328961868903095,0.3096919986081183,1,R2022-07805
7806,7806,98961.03896103895,0.3446331070543039,0.1416745372156469,1,R2022-07806
7807,7807,8879.825200291332,0.1828539242785855,0.1863705877669908,1,R2021-07807
7808,7808,13319.737800436998,0.3155776411704294,0.2647783917003612,1,R2021-07808
7809,7809,4439.912600145666,0.1400666158937368,-0.0077272920316475,1,R2021-07809
7810,7810,2021220.1591511937,0.3381620448798921,-0.0181725562775357,4,R2023-07810
7811,7811,15625.427204374571,0.3147486094891386,0.0007475218337553,0,R2022-07811
7812,7812,77698.47050254916,0.2708485733111554,0.1767016822685038,1,R2021-07812
7813,7813,68818.64530225782,0.0652563012876506,0.0075627562499561,1,R2021-07813
7814,7814,5695.067264573991,0.2891855927601795,0.1401904830322599,1,R2019-07814
7815,7815,328705.8823529412,0.3624647802695597,0.1114623012950173,0,R2017-07815
7816,7816,75795.75596816976,0.25088132369976,0.0926118083856443,1,R2023-07816
7817,7817,49949.016751638745,0.2717146193571596,0.1173503373246803,1,R2021-07817
7818,7818,166496.72250546247,0.2657200449422084,-0.0482567924732111,0,R2021-07818
7819,7819,104169.51469583048,0.3078971227830501,0.2245647993982627,1,R2022-07819
7820,7820,15539.69410050983,0.099799465832792,0.0610325539347755,1,R2021-07820
7821,7821,119529.41176470587,0.4575862996376155,0.0260354873610282,0,R2017-07821
7822,7822,1000.0,0.1408516240246559,-0.1270530805800972,1,R2024-07822
7823,7823,36459.33014354067,0.31185748181208,-0.0339919927677512,0,R2022-07823
7824,7824,52084.75734791524,0.2224262933923545,0.1337769837056805,1,R2022-07824
7825,7825,13992.34889058914,0.1715484707019848,0.2504813848062297,1,R2018-07825
7826,7826,103990.58823529413,0.3291287811185036,0.1444365669938493,0,R2017-07826
7827,7827,330000.0,0.2373550211035028,0.3186017256387016,3,R2024-07827
7828,7828,11099.781500364164,0.2175137617374848,0.0397487176849571,0,R2021-07828
7829,7829,36459.33014354067,0.2901861631237575,-0.027039388070818,0,R2022-07829
7830,7830,51918.08612440192,0.3119059539016702,-0.1479446246303832,0,R2022-07830
7831,7831,240000.0,0.0696510672396871,0.046963454919162,1,R2024-07831
7832,7832,50530.50397877984,0.2554501023294186,-0.0153325228821817,1,R2023-07832
7833,7833,16649.67225054625,0.2527406500863539,-0.0404385734965542,0,R2021-07833
7834,7834,729186.6028708135,0.3162251245401435,0.1523581197456327,2,R2022-07834
7835,7835,22199.56300072833,0.1008248147592438,0.0248824972759993,1,R2021-07835
7836,7836,40811.01759755165,0.2940918606606531,0.0120767925902577,0,R2018-07836
7837,7837,23905.88235294118,0.3462104892979781,-0.0003205468089152,0,R2017-07837
7838,7838,5000.0,0.4419461942028341,-0.3475742146590348,5,R2024-07838
7839,7839,183146.39475600875,0.2800682629913955,0.0507048081613333,2,R2021-07839
7840,7840,5549.890750182082,0.1558481688026301,0.1114677279279317,1,R2021-07840
7841,7841,26042.37867395762,0.2852011009737632,0.0202482571857476,0,R2022-07841
7842,7842,100000.0,0.3068676846222504,0.136781939566514,1,R2024-07842
7843,7843,113308.5501858736,0.3452199714348968,0.2028490258848804,1,R2020-07843
7844,7844,5053.050397877984,0.2102738924810861,0.1436998385351311,1,R2023-07844
7845,7845,110997.81500364163,0.3955576141522271,-0.0437805718960264,0,R2021-07845
7846,7846,200000.0,0.5586854892871276,-0.5485444782752502,5,R2024-07846
7847,7847,56594.16445623342,0.3207305724988761,-0.1575249296581657,0,R2023-07847
7848,7848,200000.0,0.1642759570901794,0.0441248697350505,2,R2024-07848
7849,7849,27749.45375091041,0.4971030788745864,-0.1025675371274356,0,R2021-07849
7850,7850,275000.0,0.399314832409911,-0.0377393477488663,0,R2024-07850
7851,7851,15863.197026022304,0.2516373840927328,0.2333251957311608,1,R2020-07851
7852,7852,5053.050397877984,0.2824233333826523,0.3486203348655722,1,R2023-07852
7853,7853,5247.130833970927,0.1045912721099088,0.1529769135879309,1,R2018-07853
7854,7854,20833.9029391661,0.2077235791679067,0.1039945977360548,1,R2022-07854
7855,7855,88544.08749145591,0.2902568319113549,0.0013117625459594,0,R2022-07855
7856,7856,9989.80335032775,0.2613209739790007,-0.0208262175435086,0,R2021-07856
7857,7857,343759.3984962406,0.2941089183767254,-0.073687544992212,2,R2022-07857
7858,7858,488390.3860160233,0.2778405268777276,-0.0782892817918131,2,R2021-07858
7859,7859,272864.7214854111,0.2519777593462987,0.0341517647457293,2,R2023-07859
7860,7860,202930.50397877983,0.2284632162576143,0.2200964232411675,1,R2023-07860
7861,7861,84981.4126394052,0.2340113171266083,0.110115489060964,1,R2020-07861
7862,7862,406261.1073137389,0.2460953998746149,-0.004821870675029,2,R2022-07862
7863,7863,6850.0,0.4829178370701621,-0.4796823302077548,5,R2024-07863
7864,7864,82870.02652519893,0.226001026781419,0.0997009066949159,1,R2023-07864
7865,7865,66598.689002185,0.4228658052960073,-0.2443737647204648,0,R2021-07865
7866,7866,88544.08749145591,0.429123178877554,-0.1044448291122228,0,R2022-07866
7867,7867,45477.453580901856,0.1060421895091914,0.0467681589809568,1,R2023-07867
7868,7868,40000.0,0.4109509403562747,-0.3216672051884121,0,R2025-07868
7869,7869,40424.40318302388,0.4028513441292214,-0.296049385962061,0,R2023-07869
7870,7870,72148.57975236708,0.308511785708905,-0.0985472057528919,0,R2021-07870
7871,7871,27749.45375091041,0.4377751575119791,-0.1061554140626055,0,R2021-07871
7872,7872,46876.28161312372,0.3900919009203517,-0.1252830949545719,0,R2022-07872
7873,7873,41667.8058783322,0.3037253360184009,0.1333688082806488,1,R2022-07873
7874,7874,5000.136705399864,0.4805159619825332,-0.123931318827347,0,R2022-07874
