,Unnamed: 0,project_value,nlp_x,nlp_y,cluster,permit_id
0,0,15625.427204374571,0.5545768441445428,0.468865729753932,3,D2022-00000
1,1,75669.28941176471,0.000469359551048,0.0014875298097645,0,D2017-00001
2,2,17490.43611323642,0.545973565957885,0.7201936012051111,3,D2018-00002
3,3,15000.0,0.887065521212539,-0.4572844426827051,1,D2024-00003
4,4,16649.67225054625,0.5545768441445428,0.468865729753932,3,D2021-00004
5,5,16996.28252788104,0.545973565957885,0.7201936012051111,3,D2020-00005
6,6,15000.0,0.887065521212539,-0.4572844426827051,1,D2024-00006
7,7,17085.20179372197,0.887065521212539,-0.4572844426827051,1,D2019-00007
8,8,17490.43611323642,0.545973565957885,0.7201936012051111,3,D2018-00008
9,9,17929.41176470588,0.0,0.0,0,D2017-00009
10,10,17085.20179372197,0.5903399058715699,0.4683549538211937,3,D2019-00010
11,11,15159.151193633952,0.0900658312913554,-0.0101070885407876,0,D2023-00011
12,12,17085.20179372197,0.545973565957885,0.7201936012051111,3,D2019-00012
13,13,17085.20179372197,0.5534396761666587,0.459281963194749,3,D2019-00013
14,14,17929.41176470588,0.646268136560931,0.2389418022506655,3,D2017-00014
15,15,17929.41176470588,0.2258200855335509,-0.117717913321529,0,D2017-00015
16,16,34170.40358744394,0.0770835237040857,-0.0155924377891209,0,D2019-00016
17,17,17490.43611323642,0.0,0.0,0,D2018-00017
18,18,17490.43611323642,0.545973565957885,0.7201936012051111,3,D2018-00018
19,19,1133085.501858736,0.0069177421517813,0.0170716441380737,0,D2020-00019
20,20,16649.67225054625,0.545973565957885,0.7201936012051111,3,D2021-00020
21,21,17085.20179372197,0.545973565957885,0.7201936012051111,3,D2019-00021
22,22,16649.67225054625,0.5534396761666587,0.459281963194749,3,D2021-00022
23,23,17490.43611323642,0.2556928910164887,0.1000134293652024,0,D2018-00023
24,24,17929.41176470588,0.4898189952913064,0.5716533783149209,3,D2017-00024
25,25,17085.20179372197,0.4141454163393455,0.5469688271741937,3,D2019-00025
26,26,17490.43611323642,0.545973565957885,0.7201936012051111,3,D2018-00026
27,27,17085.20179372197,0.887065521212539,-0.4572844426827051,1,D2019-00027
28,28,15159.151193633952,0.887065521212539,-0.4572844426827051,1,D2023-00028
29,29,27749.45375091041,0.0555798710145771,0.1149250337342786,0,D2021-00029
30,30,17929.41176470588,0.4898189952913064,0.5716533783149209,3,D2017-00030
31,31,17085.20179372197,0.887065521212539,-0.4572844426827051,1,D2019-00031
32,32,17929.41176470588,0.2556928910164887,0.1000134293652024,0,D2017-00032
33,33,17929.41176470588,0.646268136560931,0.2389418022506655,3,D2017-00033
34,34,17929.41176470588,0.887065521212539,-0.4572844426827051,1,D2017-00034
35,35,83248.36125273124,0.124003206019944,-0.0610569778374428,0,D2021-00035
36,36,17929.41176470588,0.646268136560931,0.2389418022506655,3,D2017-00036
37,37,17490.43611323642,0.2087182237946988,-0.1043755260474003,0,D2018-00037
38,38,17490.43611323642,0.0957977624659927,-0.0432781949357902,0,D2018-00038
39,39,83248.36125273124,0.1185249310938454,-0.0582099121951211,0,D2021-00039
40,40,17085.20179372197,0.0020726462421404,0.005272321530383,0,D2019-00040
41,41,17929.41176470588,0.4898189952913064,0.5716533783149209,3,D2017-00041
42,42,17929.41176470588,0.887065521212539,-0.4572844426827051,1,D2017-00042
43,43,16996.28252788104,0.0348964683153171,0.0554614237697945,0,D2020-00043
44,44,17929.41176470588,0.887065521212539,-0.4572844426827051,1,D2017-00044
45,45,15000.0,0.0995099514095536,0.0286558270707766,0,D2024-00045
46,46,15625.427204374571,0.887065521212539,-0.4572844426827051,1,D2022-00046
47,47,17929.41176470588,0.887065521212539,-0.4572844426827051,1,D2017-00047
48,48,17490.43611323642,0.887065521212539,-0.4572844426827051,1,D2018-00048
49,49,15159.151193633952,0.887065521212539,-0.4572844426827051,1,D2023-00049
50,50,17929.41176470588,0.887065521212539,-0.4572844426827051,1,D2017-00050
51,51,17490.43611323642,0.0274774273666104,0.0518649149099165,0,D2018-00051
52,52,17929.41176470588,0.887065521212539,-0.4572844426827051,1,D2017-00052
53,53,40000.0,0.2514699606499581,0.2361507717810912,0,D2024-00053
54,54,15159.151193633952,0.0779683544293603,0.0004547506324834,0,D2023-00054
55,55,17490.43611323642,0.188125643650428,-0.0912769873064225,0,D2018-00055
56,56,15625.427204374571,0.4995641077258353,0.3987776989783874,3,D2022-00056
57,57,40000.0,0.2053573863271598,-0.0288252252095637,0,D2024-00057
58,58,15000.0,0.5534396761666587,0.459281963194749,3,D2024-00058
59,59,16649.67225054625,0.887065521212539,-0.4572844426827051,1,D2021-00059
60,60,16649.67225054625,0.5545768441445428,0.468865729753932,3,D2021-00060
61,61,15625.427204374571,0.2951121396391136,0.2241444126987211,0,D2022-00061
62,62,15625.427204374571,0.5545768441445428,0.468865729753932,3,D2022-00062
63,63,17490.43611323642,0.5038804697957854,0.6674460547759036,3,D2018-00063
64,64,17085.20179372197,0.887065521212539,-0.4572844426827051,1,D2019-00064
65,65,17085.20179372197,0.887065521212539,-0.4572844426827051,1,D2019-00065
66,66,15625.427204374571,0.887065521212539,-0.4572844426827051,1,D2022-00066
67,67,16649.67225054625,0.887065521212539,-0.4572844426827051,1,D2021-00067
68,68,16649.67225054625,0.5534396761666587,0.459281963194749,3,D2021-00068
69,69,16649.67225054625,0.887065521212539,-0.4572844426827051,1,D2021-00069
70,70,15625.427204374571,0.887065521212539,-0.4572844426827051,1,D2022-00070
71,71,17929.41176470588,0.2556928910164887,0.1000134293652024,0,D2017-00071
72,72,15159.151193633952,0.2571152312962459,0.3105972716873807,0,D2023-00072
73,73,15000.0,0.0520034303299837,0.0602240569211737,0,D2024-00073
74,74,16996.28252788104,0.0059355170558831,0.0145995440622057,0,D2020-00074
75,75,16996.28252788104,0.0068092668730538,0.0170108692031103,0,D2020-00075
76,76,16996.28252788104,0.0068092668730538,0.0170108692031103,0,D2020-00076
77,77,16649.67225054625,0.887065521212539,-0.4572844426827051,1,D2021-00077
78,78,17929.41176470588,0.887065521212539,-0.4572844426827051,1,D2017-00078
79,79,17085.20179372197,0.2221310215655728,-0.105894584986223,0,D2019-00079
80,80,16996.28252788104,0.5534396761666587,0.459281963194749,3,D2020-00080
81,81,1664.9672250546248,0.887065521212539,-0.4572844426827051,1,D2021-00081
82,82,17490.43611323642,0.887065521212539,-0.4572844426827051,1,D2018-00082
83,83,16996.28252788104,0.887065521212539,-0.4572844426827051,1,D2020-00083
84,84,16649.67225054625,0.887065521212539,-0.4572844426827051,1,D2021-00084
85,85,16649.67225054625,0.5534396761666587,0.459281963194749,3,D2021-00085
86,86,17490.43611323642,0.545973565957885,0.7201936012051111,3,D2018-00086
87,87,17490.43611323642,0.545973565957885,0.7201936012051111,3,D2018-00087
88,88,16996.28252788104,0.5534396761666587,0.459281963194749,3,D2020-00088
89,89,17929.41176470588,0.0,0.0,0,D2017-00089
90,90,16996.28252788104,0.545973565957885,0.7201936012051111,3,D2020-00090
91,91,23320.58148431523,0.0561002889550958,0.1170410019844146,0,D2018-00091
92,92,23320.58148431523,0.0561002889550958,0.1170410019844146,0,D2018-00092
93,93,16996.28252788104,0.3468132016715148,0.1391412913753662,0,D2020-00093
94,94,17929.41176470588,0.0059534920296943,0.0146450083639771,0,D2017-00094
95,95,15625.427204374571,0.887065521212539,-0.4572844426827051,1,D2022-00095
96,96,17490.43611323642,0.545973565957885,0.7201936012051111,3,D2018-00096
97,97,15625.427204374571,0.545973565957885,0.7201936012051111,3,D2022-00097
98,98,15159.151193633952,0.0964254739986117,-0.028424062501621,0,D2023-00098
99,99,15000.0,0.887065521212539,-0.4572844426827051,1,D2024-00099
100,100,16649.67225054625,0.545973565957885,0.7201936012051111,3,D2021-00100
101,101,17085.20179372197,0.887065521212539,-0.4572844426827051,1,D2019-00101
102,102,17929.41176470588,0.887065521212539,-0.4572844426827051,1,D2017-00102
103,103,15625.427204374571,0.887065521212539,-0.4572844426827051,1,D2022-00103
104,104,17085.20179372197,0.558889803236791,0.3066938298019666,3,D2019-00104
105,105,15159.151193633952,0.0348964683153171,0.0554614237697945,0,D2023-00105
106,106,40000.0,0.1181008426535172,0.2295457905507322,0,D2025-00106
107,107,15000.0,0.2364435694149883,0.1980238497028231,3,D2024-00107
108,108,23905.88235294118,0.646268136560931,0.2389418022506655,3,D2017-00108
109,109,17490.43611323642,0.887065521212539,-0.4572844426827051,1,D2018-00109
110,110,15625.427204374571,0.5545768441445428,0.468865729753932,3,D2022-00110
111,111,15625.427204374571,0.887065521212539,-0.4572844426827051,1,D2022-00111
112,112,17085.20179372197,0.887065521212539,-0.4572844426827051,1,D2019-00112
113,113,16996.28252788104,0.1071971071261803,-0.0452658749555099,0,D2020-00113
114,114,17085.20179372197,0.545973565957885,0.7201936012051111,3,D2019-00114
115,115,17085.20179372197,0.2498919389165307,-0.1272087374274527,0,D2019-00115
116,116,17929.41176470588,0.545973565957885,0.7201936012051111,3,D2017-00116
117,117,15625.427204374571,0.5534396761666587,0.459281963194749,3,D2022-00117
118,118,16996.28252788104,0.545973565957885,0.7201936012051111,3,D2020-00118
119,119,17085.20179372197,0.3541400944157772,0.4754682870448625,3,D2019-00119
120,120,11952.94117647059,0.0054308774616673,0.0089949766434141,0,D2017-00120
121,121,16649.67225054625,0.5545768441445428,0.468865729753932,3,D2021-00121
122,122,17085.20179372197,0.5331430691291652,0.6712112221893428,3,D2019-00122
123,123,17085.20179372197,0.887065521212539,-0.4572844426827051,1,D2019-00123
124,124,40000.0,0.2053573863271598,-0.0288252252095637,0,D2025-00124
125,125,15000.0,0.3605626268116275,0.3145096887999944,0,D2024-00125
126,126,15625.427204374571,0.5534396761666587,0.459281963194749,3,D2022-00126
127,127,15625.427204374571,0.5545768441445428,0.468865729753932,3,D2022-00127
128,128,17085.20179372197,0.545973565957885,0.7201936012051111,3,D2019-00128
129,129,16649.67225054625,0.5545768441445428,0.468865729753932,3,D2021-00129
130,130,16996.28252788104,0.5534396761666587,0.459281963194749,3,D2020-00130
131,131,15000.0,0.3605626268116275,0.3145096887999944,0,D2024-00131
132,132,17929.41176470588,0.887065521212539,-0.4572844426827051,1,D2017-00132
133,133,17085.20179372197,0.887065521212539,-0.4572844426827051,1,D2019-00133
134,134,17929.41176470588,0.5364155105898365,0.6904821558214014,3,D2017-00134
135,135,22661.71003717472,0.0010529413163043,0.0013954455160894,0,D2020-00135
136,136,15159.151193633952,0.887065521212539,-0.4572844426827051,1,D2023-00136
137,137,15000.0,0.2675092321054341,0.2270541346979914,0,D2024-00137
138,138,15625.427204374571,0.5534396761666587,0.459281963194749,3,D2022-00138
139,139,17929.41176470588,0.4898189952913064,0.5716533783149209,3,D2017-00139
140,140,15625.427204374571,0.5534396761666587,0.459281963194749,3,D2022-00140
141,141,17929.41176470588,0.0,0.0,0,D2017-00141
142,142,17085.20179372197,0.4561955248637752,0.6045190370228757,3,D2019-00142
143,143,51255.60538116592,0.0953692400460813,-0.0487247614451734,0,D2019-00143
144,144,16649.67225054625,0.2087182237946988,-0.1043755260474003,0,D2021-00144
145,145,16996.28252788104,0.5545768441445428,0.468865729753932,3,D2020-00145
146,146,16649.67225054625,0.5545768441445428,0.468865729753932,3,D2021-00146
147,147,16649.67225054625,0.5507498224340364,0.4238133417074143,3,D2021-00147
148,148,17929.41176470588,0.887065521212539,-0.4572844426827051,1,D2017-00148
149,149,17490.43611323642,0.2556928910164887,0.1000134293652024,0,D2018-00149
150,150,16649.67225054625,0.5545768441445428,0.468865729753932,3,D2021-00150
151,151,17085.20179372197,0.2285889725939283,-0.1099531151578676,0,D2019-00151
152,152,17929.41176470588,0.4898189952913064,0.5716533783149209,3,D2017-00152
153,153,17085.20179372197,0.887065521212539,-0.4572844426827051,1,D2019-00153
154,154,17490.43611323642,0.3360081026840525,0.5316540280040477,0,D2018-00154
155,155,17929.41176470588,0.2258200855335509,-0.117717913321529,0,D2017-00155
156,156,15625.427204374571,0.887065521212539,-0.4572844426827051,1,D2022-00156
157,157,15625.427204374571,0.545973565957885,0.7201936012051111,3,D2022-00157
158,158,17085.20179372197,0.887065521212539,-0.4572844426827051,1,D2019-00158
159,159,17085.20179372197,0.545973565957885,0.7201936012051111,3,D2019-00159
160,160,15625.427204374571,0.5534396761666587,0.459281963194749,3,D2022-00160
161,161,17490.43611323642,0.887065521212539,-0.4572844426827051,1,D2018-00161
162,162,16649.67225054625,0.5545768441445428,0.468865729753932,3,D2021-00162
163,163,15159.151193633952,0.2335409704481808,0.2818515169697327,0,D2023-00163
164,164,25000.0,0.0948408649238584,0.2074606894705597,0,D2024-00164
165,165,17085.20179372197,0.0777411988523331,0.1530938993615833,0,D2019-00165
166,166,15159.151193633952,0.0206140190874954,0.0380251147233128,0,D2023-00166
167,167,15159.151193633952,0.887065521212539,-0.4572844426827051,1,D2023-00167
168,168,15000.0,0.2506872833134258,0.2464152228309453,0,D2024-00168
169,169,17929.41176470588,0.887065521212539,-0.4572844426827051,1,D2017-00169
170,170,16996.28252788104,0.4509657061184872,0.2515890513810633,0,D2020-00170
171,171,15159.151193633952,0.3374195470254229,0.1246647922493839,0,D2023-00171
172,172,17085.20179372197,0.545973565957885,0.7201936012051111,3,D2019-00172
173,173,16649.67225054625,0.887065521212539,-0.4572844426827051,1,D2021-00173
174,174,16996.28252788104,0.545973565957885,0.7201936012051111,3,D2020-00174
175,175,15625.427204374571,0.887065521212539,-0.4572844426827051,1,D2022-00175
176,176,15625.427204374571,0.0165290481846518,0.0347934614537401,0,D2022-00176
177,177,17929.41176470588,0.887065521212539,-0.4572844426827051,1,D2017-00177
178,178,40000.0,0.2571152312962459,0.3105972716873807,0,D2024-00178
179,179,15625.427204374571,0.4561955248637752,0.6045190370228757,3,D2022-00179
180,180,15159.151193633952,0.3418501291875403,0.4108919051446949,0,D2023-00180
181,181,15000.0,0.0933658162546164,0.1979479219247243,0,D2024-00181
182,182,25000.0,0.0091687432380647,0.0172528045892756,0,D2024-00182
183,183,15159.151193633952,0.0299339828052281,0.0590791882744783,0,D2023-00183
184,184,40000.0,0.3529021821016657,0.294972173269057,0,D2025-00184
185,185,15159.151193633952,0.0995099514095536,0.0286558270707766,0,D2023-00185
186,186,16996.28252788104,0.5545768441445428,0.468865729753932,3,D2020-00186
187,187,15625.427204374571,0.3529021821016657,0.294972173269057,0,D2022-00187
188,188,17929.41176470588,0.646268136560931,0.2389418022506655,3,D2017-00188
189,189,17085.20179372197,0.4631367753302953,0.611040777828544,3,D2019-00189
190,190,17929.41176470588,0.2258200855335509,-0.117717913321529,0,D2017-00190
191,191,17929.41176470588,0.4898189952913064,0.5716533783149209,3,D2017-00191
192,192,40000.0,0.0718618108243299,0.1444330305000941,0,D2025-00192
193,193,16996.28252788104,0.545973565957885,0.7201936012051111,3,D2020-00193
194,194,50000.0,0.009435224663243,0.0257910186788612,0,D2025-00194
195,195,16996.28252788104,0.887065521212539,-0.4572844426827051,1,D2020-00195
196,196,15159.151193633952,0.887065521212539,-0.4572844426827051,1,D2023-00196
197,197,17085.20179372197,0.4862813748516931,0.627994096631037,3,D2019-00197
198,198,17929.41176470588,0.887065521212539,-0.4572844426827051,1,D2017-00198
199,199,17085.20179372197,0.0845574891283614,-0.0329442913981167,0,D2019-00199
200,200,15625.427204374571,0.0426577592650906,0.0498278831227649,0,D2022-00200
201,201,15159.151193633952,0.3605626268116275,0.3145096887999944,0,D2023-00201
202,202,17085.20179372197,0.545973565957885,0.7201936012051111,3,D2019-00202
203,203,15625.427204374571,0.0426577592650906,0.0498278831227649,0,D2022-00203
204,204,16649.67225054625,0.887065521212539,-0.4572844426827051,1,D2021-00204
205,205,16649.67225054625,0.887065521212539,-0.4572844426827051,1,D2021-00205
206,206,17085.20179372197,0.545973565957885,0.7201936012051111,3,D2019-00206
207,207,17490.43611323642,0.4717577813437564,0.6073956730550956,3,D2018-00207
208,208,17490.43611323642,0.2556928910164887,0.1000134293652024,0,D2018-00208
209,209,17490.43611323642,0.1855576826558811,-0.0909285245241059,0,D2018-00209
210,210,17929.41176470588,0.545973565957885,0.7201936012051111,3,D2017-00210
211,211,15625.427204374571,0.4011742431043547,0.4711883784326161,0,D2022-00211
212,212,15000.0,0.2571152312962459,0.3105972716873807,0,D2024-00212
213,213,17085.20179372197,0.887065521212539,-0.4572844426827051,1,D2019-00213
214,214,16649.67225054625,0.887065521212539,-0.4572844426827051,1,D2021-00214
215,215,15159.151193633952,0.0779683544293603,0.0004547506324834,0,D2023-00215
216,216,15159.151193633952,0.3595486104043427,0.31797252368592,0,D2023-00216
217,217,15159.151193633952,0.2335409704481808,0.2818515169697327,0,D2023-00217
218,218,17929.41176470588,0.887065521212539,-0.4572844426827051,1,D2017-00218
219,219,17930.60705882353,0.0,0.0,0,D2017-00219
220,220,17929.41176470588,0.887065521212539,-0.4572844426827051,1,D2017-00220
221,221,17085.20179372197,0.887065521212539,-0.4572844426827051,1,D2019-00221
222,222,17490.43611323642,0.3360081026840525,0.5316540280040477,3,D2018-00222
223,223,17085.20179372197,0.545973565957885,0.7201936012051111,3,D2019-00223
224,224,15625.427204374571,0.0348964683153171,0.0554614237697945,0,D2022-00224
225,225,17929.41176470588,0.887065521212539,-0.4572844426827051,1,D2017-00225
226,226,16649.67225054625,0.5042604074569608,0.0328595635842554,0,D2021-00226
227,227,16996.28252788104,0.887065521212539,-0.4572844426827051,1,D2020-00227
228,228,17490.43611323642,0.887065521212539,-0.4572844426827051,1,D2018-00228
229,229,28125.76896787423,0.0514226091598744,0.108566734053302,0,D2022-00229
230,230,11330.85501858736,0.0486454447014333,0.1025616099608274,0,D2020-00230
231,231,15625.427204374571,0.0004568804706914,0.0011204083286643,0,D2022-00231
232,232,16649.67225054625,0.545973565957885,0.7201936012051111,3,D2021-00232
233,233,17929.41176470588,0.887065521212539,-0.4572844426827051,1,D2017-00233
234,234,17929.41176470588,0.887065521212539,-0.4572844426827051,1,D2017-00234
235,235,17490.43611323642,0.4804033637277451,0.6162789434051698,3,D2018-00235
236,236,15159.151193633952,0.646268136560931,0.2389418022506655,3,D2023-00236
237,237,165156.95067264573,0.0449734698536144,0.0957662146764918,0,D2019-00237
238,238,17929.41176470588,0.545973565957885,0.7201936012051111,3,D2017-00238
239,239,15000.0,0.2646642696958916,0.3126379399724573,0,D2024-00239
240,240,17929.41176470588,0.2258200855335509,-0.117717913321529,0,D2017-00240
241,241,15625.427204374571,0.0031427511881754,0.0027929578140066,0,D2022-00241
242,242,17490.43611323642,0.4399225877097019,0.5680563008560429,3,D2018-00242
243,243,52084.75734791524,0.0628598948649671,0.0097970102664811,0,D2022-00243
244,244,671084.7130833972,0.0056777361324561,0.0125027119948053,0,D2018-00244
245,245,17929.41176470588,0.887065521212539,-0.4572844426827051,1,D2017-00245
246,246,150000.0,0.0089168384608962,0.0231427732624414,0,D2024-00246
247,247,72148.57975236708,0.0434289683390393,0.0861910294139537,0,D2021-00247
248,248,27286.47214854112,0.1059890646206238,0.2314850583653352,0,D2023-00248
249,249,17490.43611323642,0.887065521212539,-0.4572844426827051,1,D2018-00249
250,250,15159.151193633952,0.0121910908801602,0.0230035902916625,0,D2023-00250
251,251,17085.20179372197,0.0814000539945343,0.0619214582520649,0,D2019-00251
252,252,27286.47214854112,0.0514226091598744,0.108566734053302,0,D2023-00252
253,253,15625.427204374571,0.0,0.0,0,D2022-00253
254,254,159308.11659192824,0.0067395373911162,0.0164327142483152,0,D2019-00254
255,255,76099.59529411765,0.0015242686099571,0.0020827981245138,0,D2017-00255
256,256,17929.41176470588,0.887065521212539,-0.4572844426827051,1,D2017-00256
257,257,15625.427204374571,0.5545768441445428,0.468865729753932,3,D2022-00257
258,258,17929.41176470588,0.0,0.0,0,D2017-00258
259,259,17085.20179372197,0.545973565957885,0.7201936012051111,3,D2019-00259
260,260,15625.427204374571,0.0348964683153171,0.0554614237697945,0,D2022-00260
261,261,17490.43611323642,0.545973565957885,0.7201936012051111,3,D2018-00261
262,262,16996.28252788104,0.0348964683153171,0.0554614237697945,0,D2020-00262
263,263,40000.0,0.5534396761666587,0.459281963194749,3,D2025-00263
264,264,40000.0,0.0995099514095536,0.0286558270707766,0,D2025-00264
265,265,17929.41176470588,0.646268136560931,0.2389418022506655,3,D2017-00265
266,266,17929.41176470588,0.887065521212539,-0.4572844426827051,1,D2017-00266
267,267,17085.20179372197,0.887065521212539,-0.4572844426827051,1,D2019-00267
268,268,17085.20179372197,0.545973565957885,0.7201936012051111,3,D2019-00268
269,269,15625.427204374571,0.887065521212539,-0.4572844426827051,1,D2022-00269
270,270,17929.41176470588,0.4898189952913064,0.5716533783149209,3,D2017-00270
271,271,16996.28252788104,0.0348964683153171,0.0554614237697945,0,D2020-00271
272,272,17085.20179372197,0.545973565957885,0.7201936012051111,3,D2019-00272
273,273,17490.43611323642,0.545973565957885,0.7201936012051111,3,D2018-00273
274,274,17085.20179372197,0.887065521212539,-0.4572844426827051,1,D2019-00274
275,275,17085.20179372197,0.887065521212539,-0.4572844426827051,1,D2019-00275
276,276,17929.41176470588,0.545973565957885,0.7201936012051111,3,D2017-00276
277,277,17929.41176470588,0.4898189952913064,0.5716533783149209,3,D2017-00277
278,278,17929.41176470588,0.450779000501266,0.2211805419870015,0,D2017-00278
279,279,15159.151193633952,0.887065521212539,-0.4572844426827051,1,D2023-00279
280,280,15000.0,0.5534396761666587,0.459281963194749,3,D2024-00280
281,281,17490.43611323642,0.545973565957885,0.7201936012051111,3,D2018-00281
282,282,16649.67225054625,0.5545768441445428,0.468865729753932,3,D2021-00282
283,283,17490.43611323642,0.0,0.0,0,D2018-00283
284,284,16649.67225054625,0.0527333398921276,-0.0170031196277221,0,D2021-00284
285,285,16996.28252788104,0.4717577813437564,0.6073956730550956,3,D2020-00285
286,286,17490.43611323642,0.545973565957885,0.7201936012051111,3,D2018-00286
287,287,23905.88235294118,1.963926879403676e-05,8.291085832398578e-05,0,D2017-00287
288,288,17929.41176470588,0.4898189952913064,0.5716533783149209,3,D2017-00288
289,289,17929.41176470588,0.887065521212539,-0.4572844426827051,1,D2017-00289
290,290,16996.28252788104,0.545973565957885,0.7201936012051111,3,D2020-00290
291,291,16649.67225054625,0.887065521212539,-0.4572844426827051,1,D2021-00291
292,292,1664.9672250546248,0.5534396761666587,0.459281963194749,3,D2021-00292
293,293,17085.20179372197,0.0551207199274947,-0.0207805453342009,0,D2019-00293
294,294,16649.67225054625,0.5534396761666587,0.459281963194749,3,D2021-00294
295,295,17490.43611323642,0.4717577813437564,0.6073956730550956,3,D2018-00295
296,296,17490.43611323642,0.545973565957885,0.7201936012051111,3,D2018-00296
297,297,17085.20179372197,0.887065521212539,-0.4572844426827051,1,D2019-00297
298,298,17929.41176470588,0.545973565957885,0.7201936012051111,3,D2017-00298
299,299,16649.67225054625,0.887065521212539,-0.4572844426827051,1,D2021-00299
300,300,15625.427204374571,0.5545768441445428,0.468865729753932,3,D2022-00300
301,301,17929.41176470588,0.0,0.0,0,D2017-00301
302,302,15625.427204374571,0.2221310215655728,-0.105894584986223,0,D2022-00302
303,303,17490.43611323642,0.2258200855335509,-0.117717913321529,0,D2018-00303
304,304,15159.151193633952,0.3605626268116275,0.3145096887999944,0,D2023-00304
305,305,15159.151193633952,0.4561955248637752,0.6045190370228757,3,D2023-00305
306,306,15000.0,0.2053573863271598,-0.0288252252095637,0,D2024-00306
307,307,15000.0,0.2053573863271598,-0.0288252252095637,0,D2024-00307
308,308,17929.41176470588,0.0,0.0,0,D2017-00308
309,309,17085.20179372197,0.545973565957885,0.7201936012051111,3,D2019-00309
310,310,17085.20179372197,0.545973565957885,0.7201936012051111,3,D2019-00310
311,311,16996.28252788104,0.545973565957885,0.7201936012051111,3,D2020-00311
312,312,15625.427204374571,0.887065521212539,-0.4572844426827051,1,D2022-00312
313,313,15159.151193633952,0.887065521212539,-0.4572844426827051,1,D2023-00313
314,314,15159.151193633952,0.887065521212539,-0.4572844426827051,1,D2023-00314
315,315,15000.0,0.5534396761666587,0.459281963194749,3,D2024-00315
316,316,15159.151193633952,0.1276754281330061,0.0117906149326522,0,D2023-00316
317,317,15159.151193633952,0.2053573863271598,-0.0288252252095637,0,D2023-00317
318,318,15625.427204374571,0.5545768441445428,0.468865729753932,3,D2022-00318
319,319,15000.0,0.5534396761666587,0.459281963194749,3,D2024-00319
320,320,15000.0,0.0779683544293603,0.0004547506324834,0,D2024-00320
321,321,15000.0,0.3595486104043427,0.31797252368592,0,D2024-00321
322,322,40000.0,0.887065521212539,-0.4572844426827051,1,D2025-00322
323,323,15000.0,0.2053573863271598,-0.0288252252095637,0,D2024-00323
324,324,17490.43611323642,0.887065521212539,-0.4572844426827051,1,D2018-00324
325,325,17085.20179372197,0.2221310215655728,-0.105894584986223,0,D2019-00325
326,326,17929.41176470588,0.2300740643943853,-0.1160311869476933,0,D2017-00326
327,327,22738.726790450928,0.0071905412358005,0.0180406134784508,0,D2023-00327
328,328,15159.151193633952,0.5534396761666587,0.459281963194749,3,D2023-00328
329,329,16996.28252788104,0.3555307049268807,0.3027788813911262,0,D2020-00329
330,330,17085.20179372197,0.545973565957885,0.7201936012051111,3,D2019-00330
331,331,17929.41176470588,0.2258200855335509,-0.117717913321529,0,D2017-00331
332,332,16996.28252788104,0.5534396761666587,0.459281963194749,3,D2020-00332
333,333,16996.28252788104,0.545973565957885,0.7201936012051111,3,D2020-00333
334,334,15625.427204374571,0.5534396761666587,0.459281963194749,3,D2022-00334
335,335,11330.85501858736,0.0074239686857324,0.019157520630096,0,D2020-00335
336,336,16996.28252788104,0.0685950735909552,0.1507200015266547,0,D2020-00336
337,337,15159.151193633952,0.887065521212539,-0.4572844426827051,1,D2023-00337
338,338,17085.20179372197,0.887065521212539,-0.4572844426827051,1,D2019-00338
339,339,16996.28252788104,0.0348964683153171,0.0554614237697945,0,D2020-00339
340,340,16996.28252788104,0.545973565957885,0.7201936012051111,3,D2020-00340
341,341,17490.43611323642,0.887065521212539,-0.4572844426827051,1,D2018-00341
342,342,17490.43611323642,0.545973565957885,0.7201936012051111,3,D2018-00342
343,343,15625.427204374571,0.887065521212539,-0.4572844426827051,1,D2022-00343
344,344,17085.20179372197,0.0590290605846709,-0.0225735273597431,0,D2019-00344
345,345,17929.41176470588,0.887065521212539,-0.4572844426827051,1,D2017-00345
346,346,17929.41176470588,0.646268136560931,0.2389418022506655,3,D2017-00346
347,347,17929.41176470588,0.887065521212539,-0.4572844426827051,1,D2017-00347
348,348,15159.151193633952,0.5534396761666587,0.459281963194749,3,D2023-00348
349,349,17929.41176470588,0.2556928910164887,0.1000134293652024,0,D2017-00349
350,350,17490.43611323642,0.6266972503245193,-0.3233963004655211,1,D2018-00350
351,351,16996.28252788104,0.5545768441445428,0.468865729753932,3,D2020-00351
352,352,11952.94117647059,0.0229564787067739,0.0434728207877115,0,D2017-00352
353,353,16996.28252788104,0.545973565957885,0.7201936012051111,3,D2020-00353
354,354,17085.20179372197,0.887065521212539,-0.4572844426827051,1,D2019-00354
355,355,40000.0,0.3335488887002106,0.2572110249018425,0,D2024-00355
356,356,15625.427204374571,0.5545768441445428,0.468865729753932,3,D2022-00356
357,357,17085.20179372197,0.5331430691291652,0.6712112221893428,3,D2019-00357
358,358,17085.20179372197,0.887065521212539,-0.4572844426827051,1,D2019-00358
359,359,15625.427204374571,0.5545768441445428,0.468865729753932,3,D2022-00359
360,360,16996.28252788104,0.545973565957885,0.7201936012051111,3,D2020-00360
361,361,17085.20179372197,0.545973565957885,0.7201936012051111,3,D2019-00361
362,362,17490.43611323642,0.545973565957885,0.7201936012051111,3,D2018-00362
363,363,17490.43611323642,0.188125643650428,-0.0912769873064225,0,D2018-00363
364,364,23905.88235294118,0.545973565957885,0.7201936012051111,3,D2017-00364
365,365,16649.67225054625,0.545973565957885,0.7201936012051111,3,D2021-00365
366,366,16996.28252788104,0.545973565957885,0.7201936012051111,3,D2020-00366
367,367,17490.43611323642,0.887065521212539,-0.4572844426827051,1,D2018-00367
368,368,16996.28252788104,0.545973565957885,0.7201936012051111,3,D2020-00368
369,369,15159.151193633952,0.2053573863271598,-0.0288252252095637,0,D2023-00369
370,370,17929.41176470588,0.545973565957885,0.7201936012051111,3,D2017-00370
371,371,40000.0,0.2185205395778889,0.2696598895841194,0,D2024-00371
372,372,15000.0,0.2625192530595966,0.2611493369816611,0,D2024-00372
373,373,17085.20179372197,0.887065521212539,-0.4572844426827051,1,D2019-00373
374,374,17929.41176470588,0.4898189952913064,0.5716533783149209,3,D2017-00374
375,375,17490.43611323642,0.545973565957885,0.7201936012051111,3,D2018-00375
376,376,17085.20179372197,0.188125643650428,-0.0912769873064225,0,D2019-00376
377,377,16649.67225054625,0.0196871528068354,0.0424366038678986,0,D2021-00377
378,378,151591.51193633952,0.2335409704481808,0.2818515169697327,0,D2023-00378
379,379,15159.151193633952,0.558889803236791,0.3066938298019666,3,D2023-00379
380,380,15625.427204374571,0.5545768441445428,0.468865729753932,3,D2022-00380
381,381,17490.43611323642,0.887065521212539,-0.4572844426827051,1,D2018-00381
382,382,16996.28252788104,0.4717577813437564,0.6073956730550956,3,D2020-00382
383,383,17490.43611323642,0.887065521212539,-0.4572844426827051,1,D2018-00383
384,384,15000.0,0.5545768441445428,0.468865729753932,3,D2024-00384
385,385,16649.67225054625,0.5545768441445428,0.468865729753932,3,D2021-00385
386,386,16996.28252788104,0.887065521212539,-0.4572844426827051,1,D2020-00386
387,387,15159.151193633952,0.887065521212539,-0.4572844426827051,1,D2023-00387
388,388,15159.151193633952,0.0900658312913554,-0.0101070885407876,0,D2023-00388
389,389,15000.0,0.5545768441445428,0.468865729753932,3,D2024-00389
390,390,60000.0,0.0784427610018901,0.156664918717891,0,D2025-00390
391,391,15000.0,0.5545768441445428,0.468865729753932,3,D2024-00391
392,392,15159.151193633952,0.887065521212539,-0.4572844426827051,1,D2023-00392
393,393,16649.67225054625,0.0218160197447733,0.0451104843362717,0,D2021-00393
394,394,17929.41176470588,0.188125643650428,-0.0912769873064225,0,D2017-00394
395,395,16996.28252788104,0.0348964683153171,0.0554614237697945,0,D2020-00395
396,396,17490.43611323642,0.4561955248637752,0.6045190370228757,3,D2018-00396
397,397,17085.20179372197,0.545973565957885,0.7201936012051111,3,D2019-00397
398,398,17085.20179372197,0.0845574891283614,-0.0329442913981167,0,D2019-00398
399,399,15625.427204374571,0.887065521212539,-0.4572844426827051,1,D2022-00399
400,400,17929.41176470588,0.887065521212539,-0.4572844426827051,1,D2017-00400
401,401,16996.28252788104,0.545973565957885,0.7201936012051111,3,D2020-00401
402,402,17490.43611323642,0.887065521212539,-0.4572844426827051,1,D2018-00402
403,403,16996.28252788104,0.887065521212539,-0.4572844426827051,1,D2020-00403
404,404,15625.427204374571,0.0527333398921276,-0.0170031196277221,0,D2022-00404
405,405,16996.28252788104,0.545973565957885,0.7201936012051111,3,D2020-00405
406,406,15000.0,0.3605626268116275,0.3145096887999944,0,D2024-00406
407,407,15159.151193633952,0.3595486104043427,0.31797252368592,0,D2023-00407
408,408,17929.41176470588,0.646268136560931,0.2389418022506655,3,D2017-00408
409,409,17085.20179372197,0.887065521212539,-0.4572844426827051,1,D2019-00409
410,410,17490.43611323642,0.545973565957885,0.7201936012051111,3,D2018-00410
411,411,17085.20179372197,0.887065521212539,-0.4572844426827051,1,D2019-00411
412,412,15625.427204374571,0.887065521212539,-0.4572844426827051,1,D2022-00412
413,413,17490.43611323642,0.0957977624659927,-0.0432781949357902,0,D2018-00413
414,414,17085.20179372197,0.558889803236791,0.3066938298019666,3,D2019-00414
415,415,15625.427204374571,0.5545768441445428,0.468865729753932,3,D2022-00415
416,416,17929.41176470588,0.887065521212539,-0.4572844426827051,1,D2017-00416
417,417,17929.41176470588,0.2284659248547965,0.5050289348470394,0,D2017-00417
418,418,17490.43611323642,0.545973565957885,0.7201936012051111,3,D2018-00418
419,419,17490.43611323642,0.887065521212539,-0.4572844426827051,1,D2018-00419
420,420,17490.43611323642,0.887065521212539,-0.4572844426827051,1,D2018-00420
421,421,15625.427204374571,0.2221310215655728,-0.105894584986223,0,D2022-00421
422,422,17085.20179372197,0.4561955248637752,0.6045190370228757,3,D2019-00422
423,423,15625.427204374571,0.5545768441445428,0.468865729753932,3,D2022-00423
424,424,15000.0,0.3595486104043427,0.31797252368592,0,D2024-00424
425,425,15000.0,0.3605626268116275,0.3145096887999944,0,D2024-00425
426,426,17929.41176470588,0.4116462676427643,0.5301714722786246,0,D2017-00426
427,427,17490.43611323642,0.0957977624659927,-0.0432781949357902,0,D2018-00427
428,428,17490.43611323642,0.887065521212539,-0.4572844426827051,1,D2018-00428
429,429,16996.28252788104,0.5534396761666587,0.459281963194749,3,D2020-00429
430,430,17490.43611323642,0.4536412946904066,0.5987004442968877,3,D2018-00430
431,431,17490.43611323642,0.887065521212539,-0.4572844426827051,1,D2018-00431
432,432,17085.20179372197,0.887065521212539,-0.4572844426827051,1,D2019-00432
433,433,17490.43611323642,0.545973565957885,0.7201936012051111,3,D2018-00433
434,434,15625.427204374571,0.5534396761666587,0.459281963194749,3,D2022-00434
435,435,15159.151193633952,0.2571152312962459,0.3105972716873807,0,D2023-00435
436,436,15625.427204374571,0.887065521212539,-0.4572844426827051,1,D2022-00436
437,437,15625.427204374571,0.5534396761666587,0.459281963194749,3,D2022-00437
438,438,17929.41176470588,0.545973565957885,0.7201936012051111,3,D2017-00438
439,439,17085.20179372197,0.887065521212539,-0.4572844426827051,1,D2019-00439
440,440,15625.427204374571,0.887065521212539,-0.4572844426827051,1,D2022-00440
441,441,17929.41176470588,0.887065521212539,-0.4572844426827051,1,D2017-00441
442,442,17929.41176470588,0.887065521212539,-0.4572844426827051,1,D2017-00442
443,443,16649.67225054625,0.887065521212539,-0.4572844426827051,1,D2021-00443
444,444,15625.427204374571,0.887065521212539,-0.4572844426827051,1,D2022-00444
445,445,15159.151193633952,0.887065521212539,-0.4572844426827051,1,D2023-00445
446,446,17490.43611323642,0.887065521212539,-0.4572844426827051,1,D2018-00446
447,447,15625.427204374571,0.5545768441445428,0.468865729753932,3,D2022-00447
448,448,17490.43611323642,0.887065521212539,-0.4572844426827051,1,D2018-00448
449,449,17490.43611323642,0.2258200855335509,-0.117717913321529,0,D2018-00449
450,450,16996.28252788104,0.545973565957885,0.7201936012051111,3,D2020-00450
451,451,17929.41176470588,0.545973565957885,0.7201936012051111,3,D2017-00451
452,452,17085.20179372197,0.545973565957885,0.7201936012051111,3,D2019-00452
453,453,17929.41176470588,0.001265512324605,0.003571552091103,0,D2017-00453
454,454,17490.43611323642,0.545973565957885,0.7201936012051111,3,D2018-00454
455,455,15000.0,0.3529021821016657,0.294972173269057,0,D2024-00455
456,456,16996.28252788104,0.887065521212539,-0.4572844426827051,1,D2020-00456
457,457,17490.43611323642,0.0057108133484395,0.0150183694499526,0,D2018-00457
458,458,17490.43611323642,0.887065521212539,-0.4572844426827051,1,D2018-00458
459,459,17490.43611323642,0.887065521212539,-0.4572844426827051,1,D2018-00459
460,460,17929.41176470588,0.887065521212539,-0.4572844426827051,1,D2017-00460
461,461,17929.41176470588,0.646268136560931,0.2389418022506655,3,D2017-00461
462,462,17929.41176470588,0.887065521212539,-0.4572844426827051,1,D2017-00462
463,463,15159.151193633952,0.2571152312962459,0.3105972716873807,0,D2023-00463
464,464,15159.151193633952,0.0896747294785865,-0.000669455267811,0,D2023-00464
465,465,17929.41176470588,0.646268136560931,0.2389418022506655,3,D2017-00465
466,466,16996.28252788104,0.5534396761666587,0.459281963194749,3,D2020-00466
467,467,75669.28941176471,0.000469359551048,0.0014875298097645,0,D2017-00467
468,468,75669.28941176471,0.000469359551048,0.0014875298097645,0,D2017-00468
469,469,16996.28252788104,0.5534396761666587,0.459281963194749,3,D2020-00469
470,470,22780.26905829596,0.057215244488098,0.11776499131702,0,D2019-00470
471,471,17085.20179372197,0.887065521212539,-0.4572844426827051,1,D2019-00471
472,472,16996.28252788104,0.545973565957885,0.7201936012051111,3,D2020-00472
473,473,40000.0,0.887065521212539,-0.4572844426827051,1,D2025-00473
474,474,16649.67225054625,0.5545768441445428,0.468865729753932,3,D2021-00474
475,475,16996.28252788104,0.887065521212539,-0.4572844426827051,1,D2020-00475
476,476,17929.41176470588,0.558889803236791,0.3066938298019666,3,D2017-00476
477,477,23905.88235294118,0.004107683494074,0.0070287403070538,0,D2017-00477
478,478,25000.0,0.0923713005650774,0.2014247661520659,0,D2025-00478
479,479,17929.41176470588,0.2258200855335509,-0.117717913321529,0,D2017-00479
480,480,15625.427204374571,0.887065521212539,-0.4572844426827051,1,D2022-00480
481,481,17085.20179372197,0.381633516846582,0.4911094052137501,0,D2019-00481
482,482,15159.151193633952,0.887065521212539,-0.4572844426827051,1,D2023-00482
483,483,17929.41176470588,0.646268136560931,0.2389418022506655,3,D2017-00483
484,484,17929.41176470588,0.887065521212539,-0.4572844426827051,1,D2017-00484
485,485,17490.43611323642,0.0498300142642267,0.1056445744967554,0,D2018-00485
486,486,16996.28252788104,0.3026786718590334,0.2426038823856232,0,D2020-00486
487,487,17929.41176470588,0.2556928910164887,0.1000134293652024,0,D2017-00487
488,488,17929.41176470588,0.646268136560931,0.2389418022506655,3,D2017-00488
489,489,15159.151193633952,0.5507498224340364,0.4238133417074143,3,D2023-00489
490,490,11952.94117647059,0.0067058601777577,0.0167119082256929,0,D2017-00490
491,491,16996.28252788104,0.003440388728868,0.0063497657746214,0,D2020-00491
492,492,17490.43611323642,0.545973565957885,0.7201936012051111,3,D2018-00492
493,493,16649.67225054625,0.5534396761666587,0.459281963194749,3,D2021-00493
494,494,16649.67225054625,0.5534396761666587,0.459281963194749,3,D2021-00494
495,495,16649.67225054625,0.0734415974340787,0.1614098083565405,0,D2021-00495
496,496,23905.88235294118,0.004107683494074,0.0070287403070538,0,D2017-00496
497,497,25000.0,0.0951734031691816,0.207552028138379,0,D2025-00497
498,498,16649.67225054625,0.5545768441445428,0.468865729753932,3,D2021-00498
499,499,15159.151193633952,0.887065521212539,-0.4572844426827051,1,D2023-00499
500,500,15625.427204374571,0.5534396761666587,0.459281963194749,3,D2022-00500
501,501,15625.427204374571,0.545973565957885,0.7201936012051111,3,D2022-00501
502,502,15625.427204374571,0.0348964683153171,0.0554614237697945,0,D2022-00502
503,503,15000.0,0.0900658312913554,-0.0101070885407876,0,D2024-00503
504,504,15000.0,0.3595486104043427,0.31797252368592,0,D2024-00504
505,505,15000.0,0.5534396761666587,0.459281963194749,3,D2024-00505
506,506,15159.151193633952,0.5545768441445428,0.468865729753932,3,D2023-00506
507,507,40000.0,0.2053573863271598,-0.0288252252095637,0,D2025-00507
508,508,20212.201591511937,0.002487107907631,0.0042530898501104,0,D2023-00508
509,509,15625.427204374571,0.545973565957885,0.7201936012051111,3,D2022-00509
510,510,40000.0,0.2335409704481808,0.2818515169697327,0,D2025-00510
511,511,15000.0,0.2053573863271598,-0.0288252252095637,0,D2025-00511
512,512,17929.41176470588,0.887065521212539,-0.4572844426827051,1,D2017-00512
513,513,15625.427204374571,0.5534396761666587,0.459281963194749,3,D2022-00513
514,514,17929.41176470588,0.646268136560931,0.2389418022506655,3,D2017-00514
515,515,15625.427204374571,0.5534396761666587,0.459281963194749,3,D2022-00515
516,516,17929.41176470588,0.0,0.0,0,D2017-00516
517,517,15625.427204374571,0.5534396761666587,0.459281963194749,3,D2022-00517
518,518,15625.427204374571,0.0,0.0,0,D2022-00518
519,519,40000.0,0.3605626268116275,0.3145096887999944,0,D2025-00519
520,520,15159.151193633952,0.3555307049268807,0.3027788813911262,0,D2023-00520
521,521,15000.0,0.2351984929048936,0.2355310204370733,0,D2024-00521
522,522,15159.151193633952,0.5545768441445428,0.468865729753932,3,D2023-00522
523,523,15159.151193633952,0.3595486104043427,0.31797252368592,0,D2023-00523
524,524,40000.0,0.5534396761666587,0.459281963194749,3,D2025-00524
525,525,17929.41176470588,0.2258200855335509,-0.117717913321529,0,D2017-00525
526,526,15000.0,0.5534396761666587,0.459281963194749,3,D2024-00526
527,527,15625.427204374571,0.3167993373728343,0.2462219617449452,0,D2022-00527
528,528,15625.427204374571,0.545973565957885,0.7201936012051111,3,D2022-00528
529,529,60000.0,0.066285940202018,0.1333724622741664,0,D2025-00529
530,530,17929.41176470588,0.887065521212539,-0.4572844426827051,1,D2017-00530
531,531,17929.41176470588,0.887065521212539,-0.4572844426827051,1,D2017-00531
532,532,15000.0,0.2053573863271598,-0.0288252252095637,0,D2024-00532
533,533,15625.427204374571,0.887065521212539,-0.4572844426827051,1,D2022-00533
534,534,17929.41176470588,0.887065521212539,-0.4572844426827051,1,D2017-00534
535,535,17490.43611323642,0.545973565957885,0.7201936012051111,3,D2018-00535
536,536,17929.41176470588,0.887065521212539,-0.4572844426827051,1,D2017-00536
537,537,17085.20179372197,0.887065521212539,-0.4572844426827051,1,D2019-00537
538,538,50000.0,0.0162635418820151,0.0370794229977096,0,D2025-00538
539,539,50000.0,0.0112411660039992,0.0282293571842254,0,D2025-00539
540,540,50000.0,0.0109225079939673,0.0274624962653389,0,D2025-00540
541,541,15000.0,0.2053573863271598,-0.0288252252095637,0,D2025-00541
542,542,15000.0,0.887065521212539,-0.4572844426827051,1,D2024-00542
543,543,15000.0,0.887065521212539,-0.4572844426827051,1,D2025-00543
544,544,40000.0,0.0099719440330381,0.0285132119256186,0,D2024-00544
545,545,15000.0,0.2118552603871279,0.2520349197941602,0,D2024-00545
546,546,45000.0,0.1151078994723669,0.2464729710328858,0,D2024-00546
547,547,60000.0,0.1235805765237442,0.2595932540272924,0,D2025-00547
548,548,40000.0,0.0856902271409,0.1405268688968284,0,D2024-00548
549,549,40000.0,0.2053573863271598,-0.0288252252095637,0,D2024-00549
550,550,40000.0,0.3595486104043427,0.31797252368592,0,D2025-00550
551,551,40000.0,0.0995099514095536,0.0286558270707766,0,D2025-00551
552,552,40000.0,0.3605626268116275,0.3145096887999944,0,D2025-00552
553,553,147054.60986547085,0.0238089214540943,0.0410179796656578,0,D2019-00553
554,554,196073.1928251121,0.0065536730835476,0.0103371806105286,0,D2019-00554
555,555,6500000.0,0.0056042122125022,0.0043201473504921,2,D2024-00555
556,556,17929.41176470588,0.0,0.0,0,D2017-00556
557,557,37352.94117647059,0.0636439568676596,0.1388924011565469,0,D2017-00557
558,558,17085.20179372197,0.0838053841267571,0.0100719725563923,0,D2019-00558
559,559,15000.0,0.887065521212539,-0.4572844426827051,1,D2024-00559
560,560,15000.0,0.887065521212539,-0.4572844426827051,1,D2024-00560
561,561,17929.41176470588,0.887065521212539,-0.4572844426827051,1,D2017-00561
562,562,17490.43611323642,0.0092064680205699,0.023398599335952,0,D2018-00562
563,563,15159.151193633952,0.0145217204036101,0.035367975653995,0,D2023-00563
564,564,15159.151193633952,0.014010986055489,0.0341558303721503,0,D2023-00564
565,565,17929.41176470588,0.0957977624659927,-0.0432781949357902,0,D2017-00565
566,566,17490.43611323642,0.0092064680205699,0.023398599335952,0,D2018-00566
567,567,16649.67225054625,0.0527333398921276,-0.0170031196277221,0,D2021-00567
568,568,17929.41176470588,0.0,0.0,0,D2017-00568
569,569,17085.20179372197,0.5001263163642853,0.6781549152288618,3,D2019-00569
570,570,17929.41176470588,0.0,0.0,0,D2017-00570
571,571,15159.151193633952,0.5534396761666587,0.459281963194749,3,D2023-00571
572,572,17085.20179372197,0.887065521212539,-0.4572844426827051,1,D2019-00572
573,573,15159.151193633952,0.3605626268116275,0.3145096887999944,3,D2023-00573
574,574,17490.43611323642,0.887065521212539,-0.4572844426827051,1,D2018-00574
575,575,16649.67225054625,0.5545768441445428,0.468865729753932,3,D2021-00575
576,576,15000.0,0.887065521212539,-0.4572844426827051,1,D2024-00576
577,577,15625.427204374571,0.4536412946904066,0.5987004442968877,3,D2022-00577
578,578,15625.427204374571,0.887065521212539,-0.4572844426827051,1,D2022-00578
579,579,15159.151193633952,0.2571152312962459,0.3105972716873807,0,D2023-00579
580,580,40424.40318302388,0.0367905210580015,0.0711423403582147,0,D2023-00580
581,581,58667.0,0.0929287918330562,0.2043420587712899,0,D2024-00581
582,582,33500.0,0.008020031087565,0.0228441206591368,0,D2024-00582
583,583,35000.0,0.0058807361475392,0.015429207179547,0,D2024-00583
584,584,20000.0,0.008020031087565,0.0228441206591368,0,D2024-00584
585,585,20000.0,0.1014027896579109,0.2185912318882781,0,D2024-00585
586,586,20000.0,0.1014027896579109,0.2185912318882781,0,D2024-00586
587,587,15000.0,0.2053573863271598,-0.0288252252095637,0,D2024-00587
588,588,50000.0,0.0479865439663722,0.1008768249772963,0,D2024-00588
589,589,15000.0,0.2506872833134258,0.2464152228309453,0,D2024-00589
590,590,15000.0,0.3605626268116275,0.3145096887999944,0,D2024-00590
591,591,50000.0,0.0292914769024722,0.055809288249539,0,D2024-00591
592,592,15000.0,0.3595486104043427,0.31797252368592,0,D2024-00592
593,593,15000.0,0.3605626268116275,0.3145096887999944,0,D2024-00593
594,594,16649.67225054625,0.0527333398921276,-0.0170031196277221,0,D2021-00594
595,595,15159.151193633952,0.0348964683153171,0.0554614237697945,0,D2023-00595
596,596,15000.0,0.0498529983399265,0.0513314782280168,0,D2024-00596
597,597,15000.0,0.2053573863271598,-0.0288252252095637,0,D2024-00597
598,598,17085.20179372197,0.545973565957885,0.7201936012051111,3,D2019-00598
599,599,17929.41176470588,0.0,0.0,0,D2017-00599
600,600,16649.67225054625,0.887065521212539,-0.4572844426827051,1,D2021-00600
601,601,33299.3445010925,0.1019750467550502,-0.0471371438975091,0,D2021-00601
602,602,17490.43611323642,0.545973565957885,0.7201936012051111,3,D2018-00602
603,603,16649.67225054625,0.5534396761666587,0.459281963194749,3,D2021-00603
604,604,16649.67225054625,0.5545768441445428,0.468865729753932,3,D2021-00604
605,605,28327.1375464684,0.0272293522843467,0.0539364642815817,0,D2020-00605
606,606,17929.41176470588,0.887065521212539,-0.4572844426827051,1,D2017-00606
607,607,17929.41176470588,0.545973565957885,0.7201936012051111,3,D2017-00607
608,608,17490.43611323642,0.2258200855335509,-0.117717913321529,0,D2018-00608
609,609,17490.43611323642,0.188125643650428,-0.0912769873064225,0,D2018-00609
610,610,17929.41176470588,0.0,0.0,0,D2017-00610
611,611,15159.151193633952,0.5545768441445428,0.468865729753932,3,D2023-00611
612,612,17085.20179372197,0.0069879514419336,0.0171073733916099,0,D2019-00612
613,613,17490.43611323642,0.545973565957885,0.7201936012051111,3,D2018-00613
614,614,17490.43611323642,0.887065521212539,-0.4572844426827051,1,D2018-00614
615,615,15625.427204374571,0.3529021821016657,0.294972173269057,0,D2022-00615
616,616,15159.151193633952,0.887065521212539,-0.4572844426827051,1,D2023-00616
617,617,15000.0,0.2053573863271598,-0.0288252252095637,0,D2024-00617
618,618,17929.41176470588,0.887065521212539,-0.4572844426827051,1,D2017-00618
619,619,15625.427204374571,0.887065521212539,-0.4572844426827051,1,D2022-00619
620,620,16996.28252788104,0.887065521212539,-0.4572844426827051,1,D2020-00620
621,621,17490.43611323642,0.646268136560931,0.2389418022506655,3,D2018-00621
622,622,17490.43611323642,0.0956638116397091,-0.0389822819735811,0,D2018-00622
623,623,16996.28252788104,0.5729422450092624,0.5340451908687276,3,D2020-00623
624,624,17085.20179372197,0.545973565957885,0.7201936012051111,3,D2019-00624
625,625,11099.781500364164,0.0,0.0,0,D2021-00625
626,626,15625.427204374571,0.5545768441445428,0.468865729753932,3,D2022-00626
627,627,17085.20179372197,0.887065521212539,-0.4572844426827051,1,D2019-00627
628,628,17085.20179372197,0.0702352668268889,0.0186599555829375,0,D2019-00628
629,629,17085.20179372197,0.0734598894571622,-0.0155238308478891,0,D2019-00629
630,630,16649.67225054625,0.558889803236791,0.3066938298019666,3,D2021-00630
631,631,15625.427204374571,0.3167993373728343,0.2462219617449452,0,D2022-00631
632,632,17490.43611323642,0.887065521212539,-0.4572844426827051,1,D2018-00632
633,633,17085.20179372197,0.545973565957885,0.7201936012051111,3,D2019-00633
634,634,15159.151193633952,0.887065521212539,-0.4572844426827051,1,D2023-00634
635,635,15159.151193633952,0.2675092321054341,0.2270541346979914,0,D2023-00635
636,636,17929.41176470588,0.887065521212539,-0.4572844426827051,1,D2017-00636
637,637,16996.28252788104,0.545973565957885,0.7201936012051111,3,D2020-00637
638,638,17929.41176470588,0.887065521212539,-0.4572844426827051,1,D2017-00638
639,639,17929.41176470588,0.545973565957885,0.7201936012051111,3,D2017-00639
640,640,17490.43611323642,0.545973565957885,0.7201936012051111,3,D2018-00640
641,641,17085.20179372197,0.4561955248637752,0.6045190370228757,3,D2019-00641
642,642,17490.43611323642,0.545973565957885,0.7201936012051111,3,D2018-00642
643,643,16649.67225054625,0.2854027736180792,0.2622219295166072,0,D2021-00643
644,644,17929.41176470588,0.545973565957885,0.7201936012051111,3,D2017-00644
645,645,17490.43611323642,0.887065521212539,-0.4572844426827051,1,D2018-00645
646,646,17490.43611323642,0.0957977624659927,-0.0432781949357902,0,D2018-00646
647,647,17929.41176470588,0.887065521212539,-0.4572844426827051,1,D2017-00647
648,648,16649.67225054625,0.1331534240013177,0.2188574076000868,0,D2021-00648
649,649,17929.41176470588,0.4898189952913064,0.5716533783149209,3,D2017-00649
650,650,16996.28252788104,0.5534396761666587,0.459281963194749,3,D2020-00650
651,651,16996.28252788104,0.545973565957885,0.7201936012051111,3,D2020-00651
652,652,17490.43611323642,0.545973565957885,0.7201936012051111,3,D2018-00652
653,653,17490.43611323642,0.4831666505863174,0.6374040272789662,3,D2018-00653
654,654,15159.151193633952,0.887065521212539,-0.4572844426827051,1,D2023-00654
655,655,16996.28252788104,0.3418501291875403,0.4108919051446949,0,D2020-00655
656,656,16996.28252788104,0.5534396761666587,0.459281963194749,3,D2020-00656
657,657,17085.20179372197,0.545973565957885,0.7201936012051111,3,D2019-00657
658,658,16649.67225054625,0.887065521212539,-0.4572844426827051,1,D2021-00658
659,659,16649.67225054625,0.5534396761666587,0.459281963194749,3,D2021-00659
660,660,17490.43611323642,0.887065521212539,-0.4572844426827051,1,D2018-00660
661,661,15000.0,0.2053573863271598,-0.0288252252095637,0,D2024-00661
662,662,17490.43611323642,0.545973565957885,0.7201936012051111,3,D2018-00662
663,663,17490.43611323642,0.887065521212539,-0.4572844426827051,1,D2018-00663
664,664,15000.0,0.2053573863271598,-0.0288252252095637,0,D2024-00664
665,665,15000.0,0.3605626268116275,0.3145096887999944,0,D2025-00665
666,666,15625.427204374571,0.5545768441445428,0.468865729753932,3,D2022-00666
667,667,17929.41176470588,0.887065521212539,-0.4572844426827051,1,D2017-00667
668,668,16649.67225054625,0.5545768441445428,0.468865729753932,3,D2021-00668
669,669,15000.0,0.5534396761666587,0.459281963194749,3,D2024-00669
670,670,16996.28252788104,0.545973565957885,0.7201936012051111,3,D2020-00670
671,671,16649.67225054625,0.0,0.0,0,D2021-00671
672,672,15000.0,0.887065521212539,-0.4572844426827051,1,D2024-00672
673,673,15625.427204374571,0.5545768441445428,0.468865729753932,3,D2022-00673
674,674,16996.28252788104,0.887065521212539,-0.4572844426827051,1,D2020-00674
675,675,15000.0,0.5534396761666587,0.459281963194749,3,D2025-00675
676,676,17490.43611323642,0.4831666505863174,0.6374040272789662,3,D2018-00676
677,677,17085.20179372197,0.558889803236791,0.3066938298019666,3,D2019-00677
678,678,15000.0,0.2053573863271598,-0.0288252252095637,0,D2024-00678
679,679,8000.0,0.0,0.0,0,D2024-00679
680,680,15000.0,0.0,0.0,0,D2024-00680
681,681,15000.0,0.0,0.0,0,D2024-00681
682,682,15000.0,0.0,0.0,0,D2024-00682
683,683,17490.43611323642,0.545973565957885,0.7201936012051111,3,D2018-00683
684,684,50000.0,0.1002033945642913,0.2178862425571449,0,D2024-00684
685,685,15000.0,0.2854027736180792,0.2622219295166072,3,D2024-00685
686,686,15625.427204374571,0.5545768441445428,0.468865729753932,3,D2022-00686
687,687,18000.0,0.0641131653414161,0.0816973707346912,0,D2025-00687
688,688,22780.26905829596,0.3259824020349467,0.4543475488523274,3,D2019-00688
689,689,27749.45375091041,0.049022577707084,-0.0180144567671962,0,D2021-00689
690,690,26042.37867395762,0.1083006676983156,0.2325186241140966,0,D2022-00690
691,691,60000.0,0.222024402094404,0.0975934095677761,0,D2025-00691
692,692,50530.50397877984,0.0012662873550053,0.0031824072618416,0,D2023-00692
693,693,17085.20179372197,0.887065521212539,-0.4572844426827051,1,D2019-00693
694,694,20000.0,0.0157348514817854,0.0375169174525799,0,D2024-00694
695,695,40000.0,0.5534396761666587,0.459281963194749,3,D2025-00695
696,696,15159.151193633952,0.0348964683153171,0.0554614237697945,0,D2023-00696
697,697,15159.151193633952,0.887065521212539,-0.4572844426827051,1,D2023-00697
698,698,52084.75734791524,0.0393833239420619,0.0843213085061592,0,D2022-00698
699,699,16000.0,0.0420841190618768,0.0927949980429006,0,D2024-00699
700,700,20000.0,0.1061277340313173,0.2270185332569729,0,D2024-00700
701,701,15000.0,0.0779683544293603,0.0004547506324834,0,D2024-00701
702,702,505305.0397877984,0.016291813764971,0.0390725636549775,0,D2023-00702
703,703,15159.151193633952,0.2053573863271598,-0.0288252252095637,0,D2023-00703
704,704,17490.43611323642,0.545973565957885,0.7201936012051111,3,D2018-00704
705,705,17929.41176470588,0.0,0.0,0,D2017-00705
706,706,17929.41176470588,0.887065521212539,-0.4572844426827051,1,D2017-00706
707,707,17929.41176470588,0.887065521212539,-0.4572844426827051,1,D2017-00707
708,708,16649.67225054625,0.0527333398921276,-0.0170031196277221,0,D2021-00708
709,709,15625.427204374571,0.3555307049268807,0.3027788813911262,0,D2022-00709
710,710,15625.427204374571,0.0348964683153171,0.0554614237697945,0,D2022-00710
711,711,16649.67225054625,0.1055314390872806,-0.0423388287129338,0,D2021-00711
712,712,17929.41176470588,0.887065521212539,-0.4572844426827051,1,D2017-00712
713,713,16649.67225054625,0.5545768441445428,0.468865729753932,3,D2021-00713
714,714,15625.427204374571,0.5545768441445428,0.468865729753932,3,D2022-00714
715,715,16996.28252788104,0.0956638116397091,-0.0389822819735811,0,D2020-00715
716,716,1664.9672250546248,0.5534396761666587,0.459281963194749,3,D2021-00716
717,717,15159.151193633952,0.2571152312962459,0.3105972716873807,0,D2023-00717
718,718,20833.9029391661,0.0482762533294663,0.0254160573392423,0,D2022-00718
719,719,16649.67225054625,0.887065521212539,-0.4572844426827051,1,D2021-00719
720,720,15000.0,0.316243741904559,0.1542014523832588,0,D2024-00720
721,721,15000.0,0.3605626268116275,0.3145096887999944,0,D2024-00721
722,722,16649.67225054625,0.558889803236791,0.3066938298019666,3,D2021-00722
723,723,16649.67225054625,0.887065521212539,-0.4572844426827051,1,D2021-00723
724,724,15000.0,0.3605626268116275,0.3145096887999944,0,D2024-00724
725,725,16649.67225054625,0.545973565957885,0.7201936012051111,3,D2021-00725
726,726,15000.0,0.2675092321054341,0.2270541346979914,0,D2024-00726
727,727,40000.0,0.5534396761666587,0.459281963194749,3,D2024-00727
728,728,16649.67225054625,0.887065521212539,-0.4572844426827051,1,D2021-00728
729,729,17085.20179372197,0.545973565957885,0.7201936012051111,3,D2019-00729
730,730,16996.28252788104,0.545973565957885,0.7201936012051111,3,D2020-00730
731,731,16996.28252788104,0.887065521212539,-0.4572844426827051,1,D2020-00731
732,732,1263262.599469496,0.1016585251003818,0.0986324413700138,0,D2023-00732
733,733,15625.427204374571,0.545973565957885,0.7201936012051111,3,D2022-00733
734,734,16996.28252788104,0.0817425894927332,0.1730824718203309,0,D2020-00734
735,735,16649.67225054625,0.3468132016715148,0.1391412913753662,0,D2021-00735
736,736,1699.628252788104,0.5534396761666587,0.459281963194749,3,D2020-00736
737,737,16649.67225054625,0.5545768441445428,0.468865729753932,3,D2021-00737
738,738,16996.28252788104,0.545973565957885,0.7201936012051111,3,D2020-00738
739,739,16996.28252788104,0.0817425894927332,0.1730824718203309,0,D2020-00739
740,740,16649.67225054625,0.3026786718590334,0.2426038823856232,0,D2021-00740
741,741,16649.67225054625,0.006080665784809,0.0033733327883085,0,D2021-00741
742,742,15625.427204374571,0.887065521212539,-0.4572844426827051,1,D2022-00742
743,743,20423.597960670064,0.0653109805784616,0.1401251414318287,0,D2021-00743
744,744,15159.151193633952,0.887065521212539,-0.4572844426827051,1,D2023-00744
745,745,16996.28252788104,0.0482997114123154,0.1027568512513341,0,D2020-00745
746,746,16996.28252788104,0.545973565957885,0.7201936012051111,3,D2020-00746
747,747,16649.67225054625,0.545973565957885,0.7201936012051111,3,D2021-00747
748,748,16996.28252788104,0.887065521212539,-0.4572844426827051,1,D2020-00748
749,749,17929.41176470588,0.545973565957885,0.7201936012051111,3,D2017-00749
750,750,15625.427204374571,0.5534396761666587,0.459281963194749,3,D2022-00750
751,751,16649.67225054625,0.5545768441445428,0.468865729753932,3,D2021-00751
752,752,15625.427204374571,0.5545768441445428,0.468865729753932,3,D2022-00752
753,753,15000.0,0.2078640316527696,0.0969895700505499,0,D2024-00753
754,754,16649.67225054625,0.4000176460099223,0.5151513680211799,0,D2021-00754
755,755,15625.427204374571,0.545973565957885,0.7201936012051111,3,D2022-00755
756,756,15000.0,0.2571152312962459,0.3105972716873807,0,D2024-00756
757,757,15625.427204374571,0.887065521212539,-0.4572844426827051,1,D2022-00757
758,758,17929.41176470588,0.887065521212539,-0.4572844426827051,1,D2017-00758
759,759,16996.28252788104,0.1435821852196876,0.1262808043900697,0,D2020-00759
760,760,17490.43611323642,0.545973565957885,0.7201936012051111,3,D2018-00760
761,761,15625.427204374571,0.887065521212539,-0.4572844426827051,1,D2022-00761
762,762,15625.427204374571,0.887065521212539,-0.4572844426827051,1,D2022-00762
763,763,16996.28252788104,0.887065521212539,-0.4572844426827051,1,D2020-00763
764,764,15625.427204374571,0.4536412946904066,0.5987004442968877,3,D2022-00764
765,765,16649.67225054625,0.007946133187968,0.0150074765004647,0,D2021-00765
766,766,15159.151193633952,0.5534396761666587,0.459281963194749,3,D2023-00766
767,767,16649.67225054625,0.1334144806473169,0.2456776676537287,0,D2021-00767
768,768,15625.427204374571,0.646268136560931,0.2389418022506655,3,D2022-00768
769,769,100000.0,0.0032464949225883,0.0046829313582721,0,D2024-00769
770,770,17490.43611323642,0.545973565957885,0.7201936012051111,3,D2018-00770
771,771,15000.0,0.887065521212539,-0.4572844426827051,1,D2024-00771
772,772,17929.41176470588,0.2556928910164887,0.1000134293652024,0,D2017-00772
773,773,15625.427204374571,0.887065521212539,-0.4572844426827051,1,D2022-00773
774,774,15159.151193633952,0.887065521212539,-0.4572844426827051,1,D2023-00774
775,775,16996.28252788104,0.545973565957885,0.7201936012051111,3,D2020-00775
776,776,15625.427204374571,0.5545768441445428,0.468865729753932,3,D2022-00776
777,777,17085.20179372197,0.3291888790159494,0.4351330012337608,3,D2019-00777
778,778,16649.67225054625,0.0348964683153171,0.0554614237697945,0,D2021-00778
779,779,16996.28252788104,0.5545768441445428,0.468865729753932,3,D2020-00779
780,780,15000.0,0.0052133019002637,0.0066877896314356,0,D2024-00780
781,781,15625.427204374571,0.5534396761666587,0.459281963194749,3,D2022-00781
782,782,16649.67225054625,0.545973565957885,0.7201936012051111,3,D2021-00782
783,783,16649.67225054625,0.887065521212539,-0.4572844426827051,1,D2021-00783
784,784,41624.18062636562,0.0015926894301246,0.0032674779647197,0,D2021-00784
785,785,40000.0,0.2350744496439364,0.2857529470273482,0,D2025-00785
786,786,16667.122351332877,0.0011633971877528,0.001508840709693,0,D2022-00786
787,787,16996.28252788104,0.887065521212539,-0.4572844426827051,1,D2020-00787
788,788,16996.28252788104,0.5534396761666587,0.459281963194749,3,D2020-00788
789,789,15159.151193633952,0.887065521212539,-0.4572844426827051,1,D2023-00789
790,790,15625.427204374571,0.545973565957885,0.7201936012051111,3,D2022-00790
791,791,15625.427204374571,0.558889803236791,0.3066938298019666,3,D2022-00791
792,792,16649.67225054625,0.0820196084534228,0.0874265803712529,0,D2021-00792
793,793,16649.67225054625,0.0592534729837776,0.1201602701013078,0,D2021-00793
794,794,15625.427204374571,0.0601040659924041,0.0311289581756762,0,D2022-00794
795,795,15000.0,0.5545768441445428,0.468865729753932,3,D2024-00795
796,796,16649.67225054625,0.887065521212539,-0.4572844426827051,1,D2021-00796
797,797,16649.67225054625,0.0820196084534228,0.0874265803712529,0,D2021-00797
798,798,16649.67225054625,0.0592534729837776,0.1201602701013078,0,D2021-00798
799,799,40000.0,0.383668283663209,0.3277986453537835,0,D2025-00799
800,800,16996.28252788104,0.5545768441445428,0.468865729753932,3,D2020-00800
801,801,17085.20179372197,0.887065521212539,-0.4572844426827051,1,D2019-00801
802,802,15625.427204374571,0.5534396761666587,0.459281963194749,3,D2022-00802
803,803,16649.67225054625,0.5545768441445428,0.468865729753932,3,D2021-00803
804,804,17085.20179372197,0.887065521212539,-0.4572844426827051,1,D2019-00804
805,805,28859.43190094683,0.0965074100434862,0.1191949860939673,0,D2021-00805
806,806,28859.43190094683,0.0965074100434862,0.1191949860939673,0,D2021-00806
807,807,17085.20179372197,0.545973565957885,0.7201936012051111,3,D2019-00807
808,808,17490.43611323642,0.646268136560931,0.2389418022506655,3,D2018-00808
809,809,17085.20179372197,0.545973565957885,0.7201936012051111,3,D2019-00809
810,810,17085.20179372197,0.887065521212539,-0.4572844426827051,1,D2019-00810
811,811,28859.43190094683,0.0881372815429506,0.0976825873098475,0,D2021-00811
812,812,16996.28252788104,0.887065521212539,-0.4572844426827051,1,D2020-00812
813,813,17490.43611323642,0.2556928910164887,0.1000134293652024,0,D2018-00813
814,814,16996.28252788104,0.887065521212539,-0.4572844426827051,1,D2020-00814
815,815,17929.41176470588,0.2927533194382045,0.6501676510993403,3,D2017-00815
816,816,17490.43611323642,0.2556928910164887,0.1000134293652024,0,D2018-00816
817,817,17929.41176470588,0.887065521212539,-0.4572844426827051,1,D2017-00817
818,818,17929.41176470588,0.887065521212539,-0.4572844426827051,1,D2017-00818
819,819,17085.20179372197,0.545973565957885,0.7201936012051111,3,D2019-00819
820,820,17490.43611323642,0.887065521212539,-0.4572844426827051,1,D2018-00820
821,821,17929.41176470588,0.545973565957885,0.7201936012051111,3,D2017-00821
822,822,40000.0,0.383668283663209,0.3277986453537835,0,D2024-00822
823,823,15000.0,0.2053573863271598,-0.0288252252095637,0,D2024-00823
824,824,15625.427204374571,0.5534396761666587,0.459281963194749,3,D2022-00824
825,825,15625.427204374571,0.887065521212539,-0.4572844426827051,1,D2022-00825
826,826,15159.151193633952,0.5534396761666587,0.459281963194749,3,D2023-00826
827,827,17490.43611323642,0.887065521212539,-0.4572844426827051,1,D2018-00827
828,828,16649.67225054625,0.887065521212539,-0.4572844426827051,1,D2021-00828
829,829,58595.35201640465,0.0120498129446477,0.0225412004589205,0,D2022-00829
830,830,58595.35201640465,0.0120498129446477,0.0225412004589205,0,D2022-00830
831,831,11330.85501858736,0.0015909854194672,0.0019088872647057,0,D2020-00831
832,832,15159.151193633952,0.887065521212539,-0.4572844426827051,1,D2023-00832
833,833,31250.854408749143,0.05358867114405,0.039415822116812,0,D2022-00833
834,834,16649.67225054625,0.5545768441445428,0.468865729753932,3,D2021-00834
835,835,16649.67225054625,0.5545768441445428,0.468865729753932,3,D2021-00835
836,836,58595.35201640465,0.0120498129446477,0.0225412004589205,0,D2022-00836
837,837,58595.35201640465,0.0120498129446477,0.0225412004589205,0,D2022-00837
838,838,15625.427204374571,0.5545768441445428,0.468865729753932,3,D2022-00838
839,839,15625.427204374571,0.5545768441445428,0.468865729753932,3,D2022-00839
840,840,17490.43611323642,0.545973565957885,0.7201936012051111,3,D2018-00840
841,841,15625.427204374571,0.5534396761666587,0.459281963194749,3,D2022-00841
842,842,15625.427204374571,0.0348964683153171,0.0554614237697945,0,D2022-00842
843,843,31250.854408749143,0.0678036214146769,0.0017333651633425,0,D2022-00843
844,844,15625.427204374571,0.5545768441445428,0.468865729753932,3,D2022-00844
845,845,40424.40318302388,0.1084992016423882,-0.0022226400298189,0,D2023-00845
846,846,50530.50397877984,0.1084992016423882,-0.0022226400298189,0,D2023-00846
847,847,15000.0,0.3595486104043427,0.31797252368592,0,D2024-00847
848,848,15625.427204374571,0.5545768441445428,0.468865729753932,3,D2022-00848
849,849,15159.151193633952,0.2087182237946988,-0.1043755260474003,0,D2023-00849
850,850,16649.67225054625,0.1036685510840966,0.0040573428884914,0,D2021-00850
851,851,101061.00795755968,0.0006520959963058,0.0009341456055132,0,D2023-00851
852,852,50530.50397877984,0.1084992016423882,-0.0022226400298189,0,D2023-00852
853,853,15625.427204374571,0.887065521212539,-0.4572844426827051,1,D2022-00853
854,854,15159.151193633952,0.887065521212539,-0.4572844426827051,1,D2023-00854
855,855,40000.0,0.3094413087184821,0.2907769411448839,0,D2025-00855
856,856,16649.67225054625,0.5545768441445428,0.468865729753932,3,D2021-00856
857,857,15625.427204374571,0.0914547780660496,0.0209290376243014,0,D2022-00857
858,858,64378.73270211216,0.0017863549922045,0.0024103067502547,0,D2021-00858
859,859,11099.781500364164,0.1271443723639456,0.1671097537025304,0,D2021-00859
860,860,15625.427204374571,0.0433255690673376,-0.0066855835117254,0,D2022-00860
861,861,15000.0,0.2351984929048936,0.2355310204370733,0,D2024-00861
862,862,34360.742705570294,0.0081032476745505,0.0222247540542336,0,D2023-00862
863,863,17490.43611323642,0.4831666505863174,0.6374040272789662,3,D2018-00863
864,864,15159.151193633952,0.887065521212539,-0.4572844426827051,1,D2023-00864
865,865,88798.25200291332,0.0768220944322723,0.1513990583251832,0,D2021-00865
866,866,15159.151193633952,0.3339879016282217,0.3038400780016288,0,D2023-00866
867,867,65000.0,0.0930753933044054,0.2043555717504641,0,D2024-00867
868,868,15625.427204374571,0.5545768441445428,0.468865729753932,3,D2022-00868
869,869,17085.20179372197,0.5507498224340364,0.4238133417074143,3,D2019-00869
870,870,15159.151193633952,0.5545768441445428,0.468865729753932,3,D2023-00870
871,871,15625.427204374571,0.5534396761666587,0.459281963194749,3,D2022-00871
872,872,15625.427204374571,0.5534396761666587,0.459281963194749,3,D2022-00872
873,873,15159.151193633952,0.5534396761666587,0.459281963194749,3,D2023-00873
874,874,16649.67225054625,0.0921437101461468,-0.0464441558249949,0,D2021-00874
875,875,15159.151193633952,0.2053573863271598,-0.0288252252095637,0,D2023-00875
876,876,17929.41176470588,0.2258200855335509,-0.117717913321529,0,D2017-00876
877,877,15000.0,0.3199482836765576,0.299147973713927,0,D2024-00877
878,878,15159.151193633952,0.3595486104043427,0.31797252368592,0,D2023-00878
879,879,23320.58148431523,0.0868015424870065,-0.0172499824979726,0,D2018-00879
880,880,15625.427204374571,0.887065521212539,-0.4572844426827051,1,D2022-00880
881,881,15625.427204374571,0.0087510703952268,0.0245252023301191,0,D2022-00881
882,882,15625.427204374571,0.0094568970192498,0.0267980889286298,0,D2022-00882
883,883,15625.427204374571,0.0287736634255425,0.0533151459714182,0,D2022-00883
884,884,15625.427204374571,0.545973565957885,0.7201936012051111,3,D2022-00884
885,885,15625.427204374571,0.545973565957885,0.7201936012051111,3,D2022-00885
886,886,17490.43611323642,0.887065521212539,-0.4572844426827051,1,D2018-00886
887,887,40323.34217506631,0.0131691730962398,0.0286800271270701,0,D2023-00887
888,888,2219.956300072833,0.0032672175392581,0.0063631225792903,0,D2021-00888
889,889,15625.427204374571,0.0196871528068354,0.0424366038678986,0,D2022-00889
890,890,16649.67225054625,0.0196871528068354,0.0424366038678986,0,D2021-00890
891,891,16649.67225054625,0.0157117391732793,0.0338440325384344,0,D2021-00891
892,892,15625.427204374571,0.0196871528068354,0.0424366038678986,0,D2022-00892
893,893,16649.67225054625,0.0196871528068354,0.0424366038678986,0,D2021-00893
894,894,15000.0,0.2053573863271598,-0.0288252252095637,0,D2024-00894
895,895,16649.67225054625,0.5545768441445428,0.468865729753932,3,D2021-00895
896,896,17929.41176470588,0.0,0.0,0,D2017-00896
897,897,15625.427204374571,0.887065521212539,-0.4572844426827051,1,D2022-00897
898,898,17929.41176470588,0.887065521212539,-0.4572844426827051,1,D2017-00898
899,899,15159.151193633952,0.5534396761666587,0.459281963194749,3,D2023-00899
900,900,15159.151193633952,0.545973565957885,0.7201936012051111,3,D2023-00900
901,901,15159.151193633952,0.887065521212539,-0.4572844426827051,1,D2023-00901
902,902,33299.3445010925,0.0519729302834916,0.1091735626039127,0,D2021-00902
903,903,33299.3445010925,0.0519729302834916,0.1091735626039127,0,D2021-00903
904,904,34409.32265112891,0.1232738664094692,0.1592981953012473,0,D2021-00904
905,905,32292.54955570745,0.1232738664094692,0.1592981953012473,0,D2022-00905
906,906,32292.54955570745,0.1232738664094692,0.1592981953012473,0,D2022-00906
907,907,17929.41176470588,0.545973565957885,0.7201936012051111,3,D2017-00907
908,908,15625.427204374571,0.3529021821016657,0.294972173269057,0,D2022-00908
909,909,50000.0,0.00902855685758,0.0256375289195348,0,D2024-00909
910,910,50000.0,0.008020031087565,0.0228441206591368,0,D2024-00910
911,911,15625.427204374571,0.887065521212539,-0.4572844426827051,1,D2022-00911
912,912,15000.0,0.3605626268116275,0.3145096887999944,0,D2024-00912
913,913,33299.3445010925,0.0022114316555266,0.00408745264493,0,D2021-00913
914,914,50000.0,0.00902855685758,0.0256375289195348,0,D2024-00914
915,915,50000.0,0.1014027896579109,0.2185912318882781,0,D2024-00915
916,916,50000.0,0.00902855685758,0.0256375289195348,0,D2024-00916
917,917,15625.427204374571,0.5534396761666587,0.459281963194749,3,D2022-00917
918,918,15625.427204374571,0.887065521212539,-0.4572844426827051,1,D2022-00918
919,919,16649.67225054625,0.5534396761666587,0.459281963194749,3,D2021-00919
920,920,21875.5980861244,0.0169879958264719,0.0334334761425357,0,D2022-00920
921,921,16649.67225054625,0.545973565957885,0.7201936012051111,3,D2021-00921
922,922,20212.201591511937,0.0154588223838695,0.0368104752412467,0,D2023-00922
923,923,15159.151193633952,0.5534396761666587,0.459281963194749,3,D2023-00923
924,924,20212.201591511937,0.0463003321793317,0.0245141291061783,0,D2023-00924
925,925,15625.427204374571,0.5534396761666587,0.459281963194749,3,D2022-00925
926,926,31250.854408749143,0.0015653340746866,0.0032522535284565,0,D2022-00926
927,927,16649.67225054625,0.887065521212539,-0.4572844426827051,1,D2021-00927
928,928,15625.427204374571,0.887065521212539,-0.4572844426827051,1,D2022-00928
929,929,24974.50837581937,0.0168377935977908,0.0304739294627118,0,D2021-00929
930,930,33992.56505576208,0.0601471083795208,0.1231376946310182,0,D2020-00930
931,931,22661.71003717472,0.0872729001716064,0.0999373993369548,0,D2020-00931
932,932,22661.71003717472,0.0799473618992645,0.0920744936012356,0,D2020-00932
933,933,37055.70628647215,0.0094692239527696,0.0255590536810879,0,D2023-00933
934,934,37055.70628647215,0.0094692239527696,0.0255590536810879,0,D2023-00934
935,935,20833.9029391661,0.0773710684919455,0.0826565083698391,0,D2022-00935
936,936,26042.37867395762,0.0680546094712256,0.0359181858812508,0,D2022-00936
937,937,15625.427204374571,0.0161725011677456,0.0291521089667936,0,D2022-00937
938,938,15625.427204374571,0.0166995607647741,0.0299349491765741,0,D2022-00938
939,939,15625.427204374571,0.5545768441445428,0.468865729753932,3,D2022-00939
940,940,15159.151193633952,0.887065521212539,-0.4572844426827051,1,D2023-00940
941,941,15625.427204374571,0.545973565957885,0.7201936012051111,3,D2022-00941
942,942,15000.0,0.3595486104043427,0.31797252368592,0,D2024-00942
943,943,15159.151193633952,0.2053573863271598,-0.0288252252095637,0,D2023-00943
944,944,16649.67225054625,0.0348964683153171,0.0554614237697945,0,D2021-00944
945,945,15625.427204374571,0.5534396761666587,0.459281963194749,3,D2022-00945
946,946,15000.0,0.0856902271409,0.1405268688968284,0,D2024-00946
947,947,15625.427204374571,0.0348964683153171,0.0554614237697945,0,D2022-00947
948,948,50530.50397877984,0.0006240961849387,0.0013080499126096,0,D2023-00948
949,949,15000.0,0.2571152312962459,0.3105972716873807,0,D2024-00949
950,950,16649.67225054625,0.887065521212539,-0.4572844426827051,1,D2021-00950
951,951,3645933.014354067,0.0110198464734886,0.0241289934629539,2,D2022-00951
952,952,17085.20179372197,0.545973565957885,0.7201936012051111,3,D2019-00952
953,953,15625.427204374571,0.5534396761666587,0.459281963194749,3,D2022-00953
954,954,22661.71003717472,0.0058956512788214,0.014987187885155,0,D2020-00954
955,955,15000.0,0.2053573863271598,-0.0288252252095637,0,D2025-00955
956,956,15625.427204374571,0.887065521212539,-0.4572844426827051,1,D2022-00956
957,957,15000.0,0.0900658312913554,-0.0101070885407876,0,D2024-00957
958,958,15000.0,0.3605626268116275,0.3145096887999944,0,D2024-00958
959,959,15159.151193633952,0.3595486104043427,0.31797252368592,0,D2023-00959
960,960,33415.49692412851,0.0575386802742047,-0.0243446188048574,0,D2022-00960
961,961,15625.427204374571,0.5545768441445428,0.468865729753932,3,D2022-00961
962,962,15159.151193633952,0.887065521212539,-0.4572844426827051,1,D2023-00962
963,963,17085.20179372197,0.887065521212539,-0.4572844426827051,1,D2019-00963
964,964,17085.20179372197,0.5534396761666587,0.459281963194749,3,D2019-00964
965,965,16649.67225054625,0.887065521212539,-0.4572844426827051,1,D2021-00965
966,966,17085.20179372197,0.887065521212539,-0.4572844426827051,1,D2019-00966
967,967,16996.28252788104,0.887065521212539,-0.4572844426827051,1,D2020-00967
968,968,16996.28252788104,0.887065521212539,-0.4572844426827051,1,D2020-00968
969,969,17085.20179372197,0.3418501291875403,0.4108919051446949,3,D2019-00969
970,970,15159.151193633952,0.2506872833134258,0.2464152228309453,0,D2023-00970
971,971,17085.20179372197,0.545973565957885,0.7201936012051111,3,D2019-00971
972,972,17085.20179372197,0.545973565957885,0.7201936012051111,3,D2019-00972
973,973,17085.20179372197,0.887065521212539,-0.4572844426827051,1,D2019-00973
974,974,221881.0663021189,0.0011607020215176,0.0008637999617619,0,D2022-00974
975,975,25000.0,0.0099719440330381,0.0285132119256186,0,D2025-00975
976,976,30000.0,0.093919170798258,0.2080481433991644,0,D2025-00976
977,977,30000.0,0.1007733089239291,0.2217496462036746,0,D2024-00977
978,978,40000.0,0.2141433406410185,0.1968838604573228,0,D2025-00978
979,979,16649.67225054625,0.887065521212539,-0.4572844426827051,1,D2021-00979
980,980,17085.20179372197,0.545973565957885,0.7201936012051111,3,D2019-00980
981,981,17085.20179372197,0.887065521212539,-0.4572844426827051,1,D2019-00981
982,982,16996.28252788104,0.0348964683153171,0.0554614237697945,0,D2020-00982
983,983,16649.67225054625,0.0014005514082616,0.0018458492411516,0,D2021-00983
984,984,16649.67225054625,0.0011711416355765,0.0015414663586867,0,D2021-00984
985,985,17085.20179372197,0.887065521212539,-0.4572844426827051,1,D2019-00985
986,986,11330.85501858736,0.0528345136621119,0.1076579573335967,0,D2020-00986
987,987,16649.67225054625,0.0011711416355765,0.0015414663586867,0,D2021-00987
988,988,15625.427204374571,0.5545768441445428,0.468865729753932,3,D2022-00988
989,989,39063.56801093643,0.0052441938412894,0.0118751403455004,0,D2022-00989
990,990,128497.05039787796,0.0593128731833077,0.120117109255749,0,D2023-00990
991,991,15159.151193633952,0.3595486104043427,0.31797252368592,0,D2023-00991
992,992,49882.41806263656,0.0408233618067588,0.0861369801042216,0,D2021-00992
993,993,44368.81432360743,0.0488074194807467,0.1016570699856438,0,D2023-00993
994,994,17085.20179372197,0.545973565957885,0.7201936012051111,3,D2019-00994
995,995,16649.67225054625,0.5545768441445428,0.468865729753932,3,D2021-00995
996,996,17085.20179372197,0.545973565957885,0.7201936012051111,3,D2019-00996
997,997,16996.28252788104,0.0527333398921276,-0.0170031196277221,0,D2020-00997
998,998,16996.28252788104,0.5471119843066062,0.6993966854045723,3,D2020-00998
999,999,16667.122351332877,0.0480241792054277,0.1024069027246155,0,D2022-00999
1000,1000,15625.427204374571,0.887065521212539,-0.4572844426827051,1,D2022-01000
1001,1001,15159.151193633952,0.887065521212539,-0.4572844426827051,1,D2023-01001
1002,1002,16667.122351332877,0.0557908450860024,0.1141768317537918,0,D2022-01002
1003,1003,16667.122351332877,0.1018904441577239,0.2227105292014231,0,D2022-01003
1004,1004,40000.0,0.2675092321054341,0.2270541346979914,0,D2025-01004
1005,1005,16996.28252788104,0.0773710684919455,0.0826565083698391,0,D2020-01005
1006,1006,15159.151193633952,0.5545768441445428,0.468865729753932,3,D2023-01006
1007,1007,15159.151193633952,0.545973565957885,0.7201936012051111,3,D2023-01007
1008,1008,17085.20179372197,0.887065521212539,-0.4572844426827051,1,D2019-01008
1009,1009,16996.28252788104,0.0013445139226242,0.002332183338337,0,D2020-01009
1010,1010,17085.20179372197,0.887065521212539,-0.4572844426827051,1,D2019-01010
1011,1011,17929.41176470588,0.2556928910164887,0.1000134293652024,0,D2017-01011
1012,1012,17085.20179372197,0.4561955248637752,0.6045190370228757,3,D2019-01012
1013,1013,17085.20179372197,0.545973565957885,0.7201936012051111,3,D2019-01013
1014,1014,15625.427204374571,0.5545768441445428,0.468865729753932,3,D2022-01014
1015,1015,15159.151193633952,0.0767782150189787,-0.0080852461559622,0,D2023-01015
1016,1016,17085.20179372197,0.545973565957885,0.7201936012051111,3,D2019-01016
1017,1017,16996.28252788104,0.545973565957885,0.7201936012051111,3,D2020-01017
1018,1018,17490.43611323642,0.887065521212539,-0.4572844426827051,1,D2018-01018
1019,1019,16996.28252788104,0.887065521212539,-0.4572844426827051,1,D2020-01019
1020,1020,15625.427204374571,0.5534396761666587,0.459281963194749,3,D2022-01020
1021,1021,17490.43611323642,0.545973565957885,0.7201936012051111,3,D2018-01021
1022,1022,15159.151193633952,0.887065521212539,-0.4572844426827051,1,D2023-01022
1023,1023,17929.41176470588,0.646268136560931,0.2389418022506655,3,D2017-01023
1024,1024,17490.43611323642,0.887065521212539,-0.4572844426827051,1,D2018-01024
1025,1025,16649.67225054625,0.887065521212539,-0.4572844426827051,1,D2021-01025
1026,1026,40000.0,0.3094413087184821,0.2907769411448839,0,D2025-01026
1027,1027,15000.0,0.2506872833134258,0.2464152228309453,0,D2024-01027
1028,1028,15159.151193633952,0.5534396761666587,0.459281963194749,3,D2023-01028
1029,1029,17490.43611323642,0.887065521212539,-0.4572844426827051,1,D2018-01029
1030,1030,15159.151193633952,0.887065521212539,-0.4572844426827051,1,D2023-01030
1031,1031,17490.43611323642,0.887065521212539,-0.4572844426827051,1,D2018-01031
1032,1032,17490.43611323642,0.887065521212539,-0.4572844426827051,1,D2018-01032
1033,1033,40000.0,0.5534396761666587,0.459281963194749,3,D2024-01033
1034,1034,17085.20179372197,0.887065521212539,-0.4572844426827051,1,D2019-01034
1035,1035,17085.20179372197,0.381633516846582,0.4911094052137501,3,D2019-01035
1036,1036,17085.20179372197,0.4561955248637752,0.6045190370228757,3,D2019-01036
1037,1037,17085.20179372197,0.545973565957885,0.7201936012051111,3,D2019-01037
1038,1038,16996.28252788104,0.545973565957885,0.7201936012051111,3,D2020-01038
1039,1039,15159.151193633952,0.887065521212539,-0.4572844426827051,1,D2023-01039
1040,1040,45000.0,0.0089343038127282,0.0134636236440405,0,D2025-01040
1041,1041,15625.427204374571,0.5545768441445428,0.468865729753932,3,D2022-01041
1042,1042,16996.28252788104,0.887065521212539,-0.4572844426827051,1,D2020-01042
1043,1043,17085.20179372197,0.3724689694233538,0.4800733323636862,3,D2019-01043
1044,1044,17929.41176470588,0.646268136560931,0.2389418022506655,3,D2017-01044
1045,1045,15625.427204374571,0.5534396761666587,0.459281963194749,3,D2022-01045
1046,1046,17929.41176470588,0.0,0.0,0,D2017-01046
1047,1047,17490.43611323642,0.887065521212539,-0.4572844426827051,1,D2018-01047
1048,1048,17929.41176470588,0.646268136560931,0.2389418022506655,3,D2017-01048
1049,1049,17929.41176470588,0.5364155105898365,0.6904821558214014,3,D2017-01049
1050,1050,17490.43611323642,0.887065521212539,-0.4572844426827051,1,D2018-01050
1051,1051,17929.41176470588,0.887065521212539,-0.4572844426827051,1,D2017-01051
1052,1052,17490.43611323642,0.887065521212539,-0.4572844426827051,1,D2018-01052
1053,1053,17929.41176470588,0.887065521212539,-0.4572844426827051,1,D2017-01053
1054,1054,17929.41176470588,0.2258200855335509,-0.117717913321529,0,D2017-01054
1055,1055,17085.20179372197,0.2258200855335509,-0.117717913321529,0,D2019-01055
1056,1056,17929.41176470588,0.0052133019002637,0.0066877896314356,0,D2017-01056
1057,1057,15159.151193633952,0.4904840594357045,0.4086015831308766,3,D2023-01057
1058,1058,15625.427204374571,0.887065521212539,-0.4572844426827051,1,D2022-01058
1059,1059,17085.20179372197,0.887065521212539,-0.4572844426827051,1,D2019-01059
1060,1060,17490.43611323642,0.4561955248637752,0.6045190370228757,3,D2018-01060
1061,1061,16996.28252788104,0.0348964683153171,0.0554614237697945,0,D2020-01061
1062,1062,17085.20179372197,0.545973565957885,0.7201936012051111,3,D2019-01062
1063,1063,17085.20179372197,0.545973565957885,0.7201936012051111,3,D2019-01063
1064,1064,15625.427204374571,0.887065521212539,-0.4572844426827051,1,D2022-01064
1065,1065,17490.43611323642,0.545973565957885,0.7201936012051111,3,D2018-01065
1066,1066,15159.151193633952,0.0348964683153171,0.0554614237697945,0,D2023-01066
1067,1067,23320.58148431523,0.0084569670333985,0.0194316027867987,0,D2018-01067
1068,1068,17085.20179372197,0.545973565957885,0.7201936012051111,3,D2019-01068
1069,1069,15159.151193633952,0.0800994001748384,-0.0329378233774569,0,D2023-01069
1070,1070,15625.427204374571,0.545973565957885,0.7201936012051111,3,D2022-01070
1071,1071,15625.427204374571,0.5545768441445428,0.468865729753932,3,D2022-01071
1072,1072,16996.28252788104,0.887065521212539,-0.4572844426827051,1,D2020-01072
1073,1073,15625.427204374571,0.887065521212539,-0.4572844426827051,1,D2022-01073
1074,1074,17085.20179372197,0.2280747713673079,0.1025032564717483,0,D2019-01074
1075,1075,17490.43611323642,0.1093086128244313,-0.0548391107896016,0,D2018-01075
1076,1076,16996.28252788104,0.887065521212539,-0.4572844426827051,1,D2020-01076
1077,1077,17490.43611323642,0.545973565957885,0.7201936012051111,3,D2018-01077
1078,1078,17085.20179372197,0.887065521212539,-0.4572844426827051,1,D2019-01078
1079,1079,17490.43611323642,0.0957977624659927,-0.0432781949357902,0,D2018-01079
1080,1080,17490.43611323642,0.0066458764235258,0.0151430293373897,0,D2018-01080
1081,1081,17490.43611323642,0.887065521212539,-0.4572844426827051,1,D2018-01081
1082,1082,17490.43611323642,0.006977272975554,0.0145591664044022,0,D2018-01082
1083,1083,17490.43611323642,0.0868015424870065,-0.0172499824979726,0,D2018-01083
1084,1084,17085.20179372197,0.4571520132191884,0.7073211810948572,3,D2019-01084
1085,1085,17490.43611323642,0.545973565957885,0.7201936012051111,3,D2018-01085
1086,1086,15625.427204374571,0.5545768441445428,0.468865729753932,3,D2022-01086
1087,1087,39773.81659603555,0.0001520029716562,0.0005481918886904,0,D2022-01087
1088,1088,15000.0,0.5545768441445428,0.468865729753932,3,D2024-01088
1089,1089,15159.151193633952,0.3595486104043427,0.31797252368592,0,D2023-01089
1090,1090,19886.897881066303,0.0001520029716562,0.0005481918886904,0,D2022-01090
1091,1091,19886.897881066303,0.0001520029716562,0.0005481918886904,0,D2022-01091
1092,1092,15625.427204374571,0.887065521212539,-0.4572844426827051,1,D2022-01092
1093,1093,15625.427204374571,0.0348964683153171,0.0554614237697945,0,D2022-01093
1094,1094,15625.427204374571,0.3555307049268807,0.3027788813911262,0,D2022-01094
1095,1095,15159.151193633952,0.887065521212539,-0.4572844426827051,1,D2023-01095
1096,1096,15625.427204374571,0.5534396761666587,0.459281963194749,3,D2022-01096
1097,1097,15625.427204374571,0.545973565957885,0.7201936012051111,3,D2022-01097
1098,1098,15159.151193633952,0.3167993373728343,0.2462219617449452,0,D2023-01098
1099,1099,15625.427204374571,0.3529021821016657,0.294972173269057,0,D2022-01099
1100,1100,15625.427204374571,0.1167321117490093,0.196243872648102,0,D2022-01100
1101,1101,15000.0,0.2053573863271598,-0.0288252252095637,0,D2024-01101
1102,1102,15159.151193633952,0.5534396761666587,0.459281963194749,3,D2023-01102
1103,1103,15000.0,0.887065521212539,-0.4572844426827051,1,D2024-01103
1104,1104,15159.151193633952,0.887065521212539,-0.4572844426827051,1,D2023-01104
1105,1105,15000.0,0.3605626268116275,0.3145096887999944,0,D2024-01105
1106,1106,15625.427204374571,0.887065521212539,-0.4572844426827051,1,D2022-01106
1107,1107,16649.67225054625,0.887065521212539,-0.4572844426827051,1,D2021-01107
1108,1108,20000.0,0.008877568463682,0.0243524001244486,0,D2024-01108
1109,1109,15159.151193633952,0.2571152312962459,0.3105972716873807,0,D2023-01109
1110,1110,60000.0,0.0379212035512095,0.0782073565225498,0,D2025-01110
1111,1111,26042.37867395762,0.0223244847510933,0.0419787932095982,0,D2022-01111
1112,1112,15625.427204374571,0.0546094121309499,0.110387007129927,0,D2022-01112
1113,1113,20000.0,0.008020031087565,0.0228441206591368,0,D2024-01113
1114,1114,20000.0,0.0967606080045595,0.2127752985024589,0,D2024-01114
1115,1115,20000.0,0.0967606080045595,0.2127752985024589,0,D2024-01115
1116,1116,15159.151193633952,0.887065521212539,-0.4572844426827051,1,D2023-01116
1117,1117,26042.37867395762,0.0257510020810913,0.0486975093029687,0,D2022-01117
1118,1118,15625.427204374571,0.5534396761666587,0.459281963194749,3,D2022-01118
1119,1119,17929.41176470588,0.2258200855335509,-0.117717913321529,0,D2017-01119
1120,1120,40000.0,0.2571152312962459,0.3105972716873807,0,D2024-01120
1121,1121,15625.427204374571,0.887065521212539,-0.4572844426827051,1,D2022-01121
1122,1122,15000.0,0.5534396761666587,0.459281963194749,3,D2024-01122
1123,1123,15625.427204374571,0.545973565957885,0.7201936012051111,3,D2022-01123
1124,1124,15159.151193633952,0.5534396761666587,0.459281963194749,3,D2023-01124
1125,1125,15000.0,0.887065521212539,-0.4572844426827051,1,D2024-01125
1126,1126,15625.427204374571,0.887065521212539,-0.4572844426827051,1,D2022-01126
1127,1127,62501.70881749829,0.0007546364979942,0.0013743382737354,0,D2022-01127
1128,1128,17929.41176470588,0.545973565957885,0.7201936012051111,3,D2017-01128
1129,1129,15159.151193633952,0.2505026531308357,0.1314080586387692,0,D2023-01129
1130,1130,83335.6117566644,0.0095329548977495,0.0221305374613523,0,D2022-01130
1131,1131,15159.151193633952,0.0885369849804747,0.0268112151015365,0,D2023-01131
1132,1132,72765.0,0.1012347393236511,0.2208420611748998,0,D2024-01132
1133,1133,62501.70881749829,0.0127672017272,0.0238077383347639,0,D2022-01133
1134,1134,16996.28252788104,0.545973565957885,0.7201936012051111,3,D2020-01134
1135,1135,17490.43611323642,0.0201666934713692,0.0359459426329334,0,D2018-01135
1136,1136,15159.151193633952,0.5545768441445428,0.468865729753932,3,D2023-01136
1137,1137,15159.151193633952,0.5545768441445428,0.468865729753932,3,D2023-01137
1138,1138,15159.151193633952,0.2263420255464248,0.1760241872608719,0,D2023-01138
1139,1139,15625.427204374571,0.5545768441445428,0.468865729753932,3,D2022-01139
1140,1140,31250.854408749143,0.0240519252478753,0.0442692580189034,0,D2022-01140
1141,1141,15159.151193633952,0.3595486104043427,0.31797252368592,0,D2023-01141
1142,1142,40000.0,0.5534396761666587,0.459281963194749,3,D2025-01142
1143,1143,30318.302387267904,0.0212740859692279,0.0513684201587208,0,D2023-01143
1144,1144,30318.302387267904,0.0212740859692279,0.0513684201587208,0,D2023-01144
1145,1145,15000.0,0.3595486104043427,0.31797252368592,0,D2024-01145
1146,1146,25000.0,0.1065574870293109,0.2300137172130384,0,D2024-01146
1147,1147,40000.0,0.0099719440330381,0.0285132119256186,0,D2025-01147
1148,1148,30318.302387267904,0.0294521804939522,0.064177605848526,0,D2023-01148
1149,1149,65000.0,0.0967606080045595,0.2127752985024589,0,D2024-01149
1150,1150,15159.151193633952,0.887065521212539,-0.4572844426827051,1,D2023-01150
1151,1151,80000.0,0.0561476895148608,0.112680542213999,0,D2025-01151
1152,1152,15625.427204374571,0.5534396761666587,0.459281963194749,3,D2022-01152
1153,1153,15000.0,0.2571152312962459,0.3105972716873807,0,D2024-01153
1154,1154,15159.151193633952,0.5534396761666587,0.459281963194749,3,D2023-01154
1155,1155,15159.151193633952,0.0995099514095536,0.0286558270707766,0,D2023-01155
1156,1156,15159.151193633952,0.3018998128484954,0.1155741717391149,0,D2023-01156
1157,1157,80000.0,0.0561476895148608,0.112680542213999,0,D2025-01157
1158,1158,31250.854408749143,0.01085413795207,0.0209006150369835,0,D2022-01158
1159,1159,15159.151193633952,0.0348964683153171,0.0554614237697945,0,D2023-01159
1160,1160,15625.427204374571,0.5534396761666587,0.459281963194749,3,D2022-01160
1161,1161,15000.0,0.2053573863271598,-0.0288252252095637,0,D2024-01161
1162,1162,15159.151193633952,0.5545768441445428,0.468865729753932,3,D2023-01162
1163,1163,15159.151193633952,0.545973565957885,0.7201936012051111,3,D2023-01163
1164,1164,15625.427204374571,0.0426577592650906,0.0498278831227649,0,D2022-01164
1165,1165,15625.427204374571,0.887065521212539,-0.4572844426827051,1,D2022-01165
1166,1166,15625.427204374571,0.5545768441445428,0.468865729753932,3,D2022-01166
1167,1167,15625.427204374571,0.887065521212539,-0.4572844426827051,1,D2022-01167
1168,1168,26275.86206896552,0.1924839413480139,0.4121625784323271,0,D2023-01168
1169,1169,15000.0,0.0348964683153171,0.0554614237697945,0,D2024-01169
1170,1170,15000.0,0.3595486104043427,0.31797252368592,0,D2024-01170
1171,1171,27952.0,0.0104934766582407,0.0288065207871814,0,D2025-01171
1172,1172,22361.0,0.0099587746801333,0.0273276098695586,0,D2025-01172
1173,1173,35000.0,0.015128058215295,0.037095639483894,0,D2025-01173
1174,1174,24542.665782493368,0.0103980070501505,0.0284036561876963,0,D2023-01174
1175,1175,15625.427204374571,0.887065521212539,-0.4572844426827051,1,D2022-01175
1176,1176,15159.151193633952,0.887065521212539,-0.4572844426827051,1,D2023-01176
1177,1177,35000.0,0.015128058215295,0.037095639483894,0,D2025-01177
1178,1178,15159.151193633952,0.0491604536139939,0.06912412156418,0,D2023-01178
1179,1179,15159.151193633952,0.5545768441445428,0.468865729753932,3,D2023-01179
1180,1180,15625.427204374571,0.0153900777247597,0.0273293424635743,0,D2022-01180
1181,1181,67329.96582365004,0.058701432880175,-0.0258042437973538,0,D2022-01181
1182,1182,505305.0397877984,0.0092857489533893,0.0262740506004358,0,D2023-01182
1183,1183,26042.37867395762,0.0472083757193929,0.0078238443858766,0,D2022-01183
1184,1184,72868.65892002734,0.058701432880175,-0.0258042437973538,0,D2022-01184
1185,1185,505305.0397877984,0.0092857489533893,0.0262740506004358,0,D2023-01185
1186,1186,15625.427204374571,0.5545768441445428,0.468865729753932,3,D2022-01186
1187,1187,25265.25198938992,0.0106494978090489,0.02054284906683,0,D2023-01187
1188,1188,15625.427204374571,0.545973565957885,0.7201936012051111,3,D2022-01188
1189,1189,15625.427204374571,0.545973565957885,0.7201936012051111,3,D2022-01189
1190,1190,26042.37867395762,0.1349108135397381,0.2285711858915986,0,D2022-01190
1191,1191,20000.0,0.041388434820598,0.0899551043565471,0,D2024-01191
1192,1192,15625.427204374571,0.887065521212539,-0.4572844426827051,1,D2022-01192
1193,1193,20000.0,0.041388434820598,0.0899551043565471,0,D2024-01193
1194,1194,15000.0,0.3595486104043427,0.31797252368592,0,D2024-01194
1195,1195,15159.151193633952,0.2053573863271598,-0.0288252252095637,0,D2023-01195
1196,1196,15625.427204374571,0.887065521212539,-0.4572844426827051,1,D2022-01196
1197,1197,15625.427204374571,0.5534396761666587,0.459281963194749,3,D2022-01197
1198,1198,15625.427204374571,0.887065521212539,-0.4572844426827051,1,D2022-01198
1199,1199,15159.151193633952,0.5545768441445428,0.468865729753932,3,D2023-01199
1200,1200,15625.427204374571,0.5545768441445428,0.468865729753932,3,D2022-01200
1201,1201,15159.151193633952,0.2351984929048936,0.2355310204370733,0,D2023-01201
1202,1202,15000.0,0.2351984929048936,0.2355310204370733,0,D2024-01202
1203,1203,15159.151193633952,0.5545768441445428,0.468865729753932,3,D2023-01203
1204,1204,15159.151193633952,0.5545768441445428,0.468865729753932,3,D2023-01204
1205,1205,25000.0,0.0967606080045595,0.2127752985024589,0,D2024-01205
1206,1206,17929.41176470588,0.1093086128244313,-0.0548391107896016,0,D2017-01206
1207,1207,17929.41176470588,0.1093086128244313,-0.0548391107896016,0,D2017-01207
1208,1208,16996.28252788104,0.545973565957885,0.7201936012051111,3,D2020-01208
1209,1209,17929.41176470588,0.887065521212539,-0.4572844426827051,1,D2017-01209
1210,1210,15159.151193633952,0.0900658312913554,-0.0101070885407876,0,D2023-01210
1211,1211,17490.43611323642,0.887065521212539,-0.4572844426827051,1,D2018-01211
1212,1212,17490.43611323642,0.545973565957885,0.7201936012051111,3,D2018-01212
1213,1213,15625.427204374571,0.5545768441445428,0.468865729753932,3,D2022-01213
1214,1214,15625.427204374571,0.5534396761666587,0.459281963194749,3,D2022-01214
1215,1215,23905.88235294118,0.1360200321964887,0.2397635975181574,0,D2017-01215
1216,1216,16649.67225054625,0.887065521212539,-0.4572844426827051,1,D2021-01216
1217,1217,16649.67225054625,0.887065521212539,-0.4572844426827051,1,D2021-01217
1218,1218,17929.41176470588,0.1093086128244313,-0.0548391107896016,0,D2017-01218
1219,1219,17490.43611323642,0.5331430691291652,0.6712112221893428,3,D2018-01219
1220,1220,15159.151193633952,0.3199482836765576,0.299147973713927,0,D2023-01220
1221,1221,16996.28252788104,0.545973565957885,0.7201936012051111,3,D2020-01221
1222,1222,15000.0,0.2571152312962459,0.3105972716873807,0,D2025-01222
1223,1223,17929.41176470588,0.545973565957885,0.7201936012051111,3,D2017-01223
1224,1224,15159.151193633952,0.887065521212539,-0.4572844426827051,1,D2023-01224
1225,1225,16649.67225054625,0.558889803236791,0.3066938298019666,3,D2021-01225
1226,1226,17085.20179372197,0.4561955248637752,0.6045190370228757,3,D2019-01226
1227,1227,17490.43611323642,0.545973565957885,0.7201936012051111,3,D2018-01227
1228,1228,17929.41176470588,0.887065521212539,-0.4572844426827051,1,D2017-01228
1229,1229,15159.151193633952,0.2053573863271598,-0.0288252252095637,0,D2023-01229
1230,1230,15159.151193633952,0.5534396761666587,0.459281963194749,3,D2023-01230
1231,1231,15159.151193633952,0.2053573863271598,-0.0288252252095637,0,D2023-01231
1232,1232,17490.43611323642,0.545973565957885,0.7201936012051111,3,D2018-01232
1233,1233,16996.28252788104,0.545973565957885,0.7201936012051111,3,D2020-01233
1234,1234,17490.43611323642,0.0,0.0,0,D2018-01234
1235,1235,17929.41176470588,0.646268136560931,0.2389418022506655,3,D2017-01235
1236,1236,15625.427204374571,0.5545768441445428,0.468865729753932,3,D2022-01236
1237,1237,15625.427204374571,0.887065521212539,-0.4572844426827051,1,D2022-01237
1238,1238,15159.151193633952,0.2506872833134258,0.2464152228309453,0,D2023-01238
1239,1239,15625.427204374571,0.887065521212539,-0.4572844426827051,1,D2022-01239
1240,1240,15159.151193633952,0.887065521212539,-0.4572844426827051,1,D2023-01240
1241,1241,15000.0,0.3605626268116275,0.3145096887999944,0,D2024-01241
1242,1242,15000.0,0.2087182237946988,-0.1043755260474003,0,D2024-01242
1243,1243,15000.0,0.887065521212539,-0.4572844426827051,1,D2024-01243
1244,1244,15159.151193633952,0.3595486104043427,0.31797252368592,0,D2023-01244
1245,1245,40000.0,0.3529021821016657,0.294972173269057,0,D2025-01245
1246,1246,16996.28252788104,0.887065521212539,-0.4572844426827051,1,D2020-01246
1247,1247,15159.151193633952,0.887065521212539,-0.4572844426827051,1,D2023-01247
1248,1248,15625.427204374571,0.5534396761666587,0.459281963194749,3,D2022-01248
1249,1249,15625.427204374571,0.5545768441445428,0.468865729753932,3,D2022-01249
1250,1250,15625.427204374571,0.887065521212539,-0.4572844426827051,1,D2022-01250
1251,1251,17929.41176470588,0.545973565957885,0.7201936012051111,3,D2017-01251
1252,1252,17085.20179372197,0.4561955248637752,0.6045190370228757,3,D2019-01252
1253,1253,15159.151193633952,0.5545768441445428,0.468865729753932,3,D2023-01253
1254,1254,17929.41176470588,0.887065521212539,-0.4572844426827051,1,D2017-01254
1255,1255,17929.41176470588,0.887065521212539,-0.4572844426827051,1,D2017-01255
1256,1256,15625.427204374571,0.5534396761666587,0.459281963194749,3,D2022-01256
1257,1257,17929.41176470588,0.887065521212539,-0.4572844426827051,1,D2017-01257
1258,1258,16649.67225054625,0.5534396761666587,0.459281963194749,3,D2021-01258
1259,1259,16996.28252788104,0.3418501291875403,0.4108919051446949,3,D2020-01259
1260,1260,15625.427204374571,0.5534396761666587,0.459281963194749,3,D2022-01260
1261,1261,16649.67225054625,0.887065521212539,-0.4572844426827051,1,D2021-01261
1262,1262,16649.67225054625,0.3511727925427107,0.2863776813851769,0,D2021-01262
1263,1263,17929.41176470588,0.2258200855335509,-0.117717913321529,0,D2017-01263
1264,1264,17929.41176470588,0.887065521212539,-0.4572844426827051,1,D2017-01264
1265,1265,17929.41176470588,0.887065521212539,-0.4572844426827051,1,D2017-01265
1266,1266,16996.28252788104,0.887065521212539,-0.4572844426827051,1,D2020-01266
1267,1267,16996.28252788104,0.887065521212539,-0.4572844426827051,1,D2020-01267
1268,1268,17490.43611323642,0.887065521212539,-0.4572844426827051,1,D2018-01268
1269,1269,17929.41176470588,0.887065521212539,-0.4572844426827051,1,D2017-01269
1270,1270,17929.41176470588,0.2067505617746948,-0.0930058551843605,0,D2017-01270
1271,1271,40000.0,0.3605626268116275,0.3145096887999944,0,D2025-01271
1272,1272,60824.57963089542,0.0071329715476581,0.0172471076972796,0,D2022-01272
1273,1273,17085.20179372197,0.887065521212539,-0.4572844426827051,1,D2019-01273
1274,1274,17929.41176470588,0.887065521212539,-0.4572844426827051,1,D2017-01274
1275,1275,22471.529411764703,0.0515257997843807,0.1042143686732898,0,D2017-01275
1276,1276,17929.41176470588,0.887065521212539,-0.4572844426827051,1,D2017-01276
1277,1277,16996.28252788104,0.887065521212539,-0.4572844426827051,1,D2020-01277
1278,1278,15625.427204374571,0.887065521212539,-0.4572844426827051,1,D2022-01278
1279,1279,15625.427204374571,0.5545768441445428,0.468865729753932,3,D2022-01279
1280,1280,17085.20179372197,0.887065521212539,-0.4572844426827051,1,D2019-01280
1281,1281,15159.151193633952,0.5534396761666587,0.459281963194749,3,D2023-01281
1282,1282,17929.41176470588,0.2258200855335509,-0.117717913321529,0,D2017-01282
1283,1283,17490.43611323642,0.545973565957885,0.7201936012051111,3,D2018-01283
1284,1284,58580.16941176471,0.0718047452560056,0.1407714615095175,0,D2017-01284
1285,1285,17490.43611323642,0.545973565957885,0.7201936012051111,3,D2018-01285
1286,1286,17490.43611323642,0.2425821005336133,0.0963055745031645,0,D2018-01286
1287,1287,17929.41176470588,0.887065521212539,-0.4572844426827051,1,D2017-01287
1288,1288,64131.59908186689,0.0004047959092922,0.0006044273337672,0,D2018-01288
1289,1289,17929.41176470588,0.4898189952913064,0.5716533783149209,3,D2017-01289
1290,1290,15159.151193633952,0.0577293682940992,0.0804570121050338,0,D2023-01290
1291,1291,17490.43611323642,0.2258200855335509,-0.117717913321529,0,D2018-01291
1292,1292,17490.43611323642,0.887065521212539,-0.4572844426827051,1,D2018-01292
1293,1293,17929.41176470588,0.545973565957885,0.7201936012051111,3,D2017-01293
1294,1294,17929.41176470588,0.887065521212539,-0.4572844426827051,1,D2017-01294
1295,1295,17490.43611323642,0.545973565957885,0.7201936012051111,3,D2018-01295
1296,1296,17085.20179372197,0.264738177805675,0.3895956349593268,0,D2019-01296
1297,1297,17490.43611323642,0.887065521212539,-0.4572844426827051,1,D2018-01297
1298,1298,17929.41176470588,0.0,0.0,0,D2017-01298
1299,1299,17929.41176470588,0.646268136560931,0.2389418022506655,3,D2017-01299
1300,1300,42000.0,0.0099719440330381,0.0285132119256186,0,D2024-01300
1301,1301,16649.67225054625,0.4152401005059613,0.6787232926838311,3,D2021-01301
1302,1302,17490.43611323642,0.0957977624659927,-0.0432781949357902,0,D2018-01302
1303,1303,17490.43611323642,0.887065521212539,-0.4572844426827051,1,D2018-01303
1304,1304,15625.427204374571,0.0348964683153171,0.0554614237697945,0,D2022-01304
1305,1305,16996.28252788104,0.545973565957885,0.7201936012051111,3,D2020-01305
1306,1306,17085.20179372197,0.4561955248637752,0.6045190370228757,3,D2019-01306
1307,1307,23905.88235294118,0.646268136560931,0.2389418022506655,3,D2017-01307
1308,1308,22780.26905829596,0.1504878279514326,-0.0766007202627501,0,D2019-01308
1309,1309,16996.28252788104,0.887065521212539,-0.4572844426827051,1,D2020-01309
1310,1310,17929.41176470588,0.887065521212539,-0.4572844426827051,1,D2017-01310
1311,1311,17085.20179372197,0.545973565957885,0.7201936012051111,3,D2019-01311
1312,1312,17085.20179372197,0.545973565957885,0.7201936012051111,3,D2019-01312
1313,1313,17929.41176470588,0.0008854886317151,0.0025005245494338,0,D2017-01313
1314,1314,15625.427204374571,0.887065521212539,-0.4572844426827051,1,D2022-01314
1315,1315,16996.28252788104,0.545973565957885,0.7201936012051111,3,D2020-01315
1316,1316,15000.0,0.2571152312962459,0.3105972716873807,0,D2024-01316
1317,1317,17490.43611323642,0.545973565957885,0.7201936012051111,3,D2018-01317
1318,1318,16996.28252788104,0.887065521212539,-0.4572844426827051,1,D2020-01318
1319,1319,17929.41176470588,0.545973565957885,0.7201936012051111,3,D2017-01319
1320,1320,17929.41176470588,0.887065521212539,-0.4572844426827051,1,D2017-01320
1321,1321,17085.20179372197,0.545973565957885,0.7201936012051111,3,D2019-01321
1322,1322,17929.41176470588,0.887065521212539,-0.4572844426827051,1,D2017-01322
1323,1323,15159.151193633952,0.5534396761666587,0.459281963194749,3,D2023-01323
1324,1324,17929.41176470588,0.887065521212539,-0.4572844426827051,1,D2017-01324
1325,1325,17085.20179372197,0.887065521212539,-0.4572844426827051,1,D2019-01325
1326,1326,15625.427204374571,0.887065521212539,-0.4572844426827051,1,D2022-01326
1327,1327,16996.28252788104,0.545973565957885,0.7201936012051111,3,D2020-01327
1328,1328,17085.20179372197,0.545973565957885,0.7201936012051111,3,D2019-01328
1329,1329,17929.41176470588,0.0,0.0,0,D2017-01329
1330,1330,16996.28252788104,0.5545768441445428,0.468865729753932,3,D2020-01330
1331,1331,17490.43611323642,0.887065521212539,-0.4572844426827051,1,D2018-01331
1332,1332,15159.151193633952,0.3310337306378212,0.2726902002840057,0,D2023-01332
1333,1333,15000.0,0.0767782150189787,-0.0080852461559622,0,D2024-01333
1334,1334,17929.41176470588,0.0,0.0,0,D2017-01334
1335,1335,16996.28252788104,0.5534396761666587,0.459281963194749,3,D2020-01335
1336,1336,17085.20179372197,0.887065521212539,-0.4572844426827051,1,D2019-01336
1337,1337,17490.43611323642,0.887065521212539,-0.4572844426827051,1,D2018-01337
1338,1338,17929.41176470588,0.2556928910164887,0.1000134293652024,0,D2017-01338
1339,1339,17085.20179372197,0.887065521212539,-0.4572844426827051,1,D2019-01339
1340,1340,15000.0,0.0186063529378918,0.0389232308635875,0,D2024-01340
1341,1341,40000.0,0.2351984929048936,0.2355310204370733,0,D2024-01341
1342,1342,15159.151193633952,0.887065521212539,-0.4572844426827051,1,D2023-01342
1343,1343,15000.0,0.3595486104043427,0.31797252368592,0,D2024-01343
1344,1344,17929.41176470588,0.887065521212539,-0.4572844426827051,1,D2017-01344
1345,1345,16649.67225054625,0.545973565957885,0.7201936012051111,3,D2021-01345
1346,1346,15000.0,0.2053573863271598,-0.0288252252095637,0,D2024-01346
1347,1347,17085.20179372197,0.887065521212539,-0.4572844426827051,1,D2019-01347
1348,1348,17490.43611323642,0.545973565957885,0.7201936012051111,3,D2018-01348
1349,1349,17490.43611323642,0.3648422405547735,0.4296791632005197,3,D2018-01349
1350,1350,17929.41176470588,0.545973565957885,0.7201936012051111,3,D2017-01350
1351,1351,17929.41176470588,0.646268136560931,0.2389418022506655,3,D2017-01351
1352,1352,15159.151193633952,0.5534396761666587,0.459281963194749,3,D2023-01352
1353,1353,17490.43611323642,0.887065521212539,-0.4572844426827051,1,D2018-01353
1354,1354,44399.12600145666,0.1329139738670035,-0.0623204870356118,0,D2021-01354
1355,1355,16996.28252788104,0.887065521212539,-0.4572844426827051,1,D2020-01355
1356,1356,15625.427204374571,0.5545768441445428,0.468865729753932,3,D2022-01356
1357,1357,17085.20179372197,0.887065521212539,-0.4572844426827051,1,D2019-01357
1358,1358,17929.41176470588,0.1559704120377997,-0.0724620933189065,0,D2017-01358
1359,1359,15159.151193633952,0.545973565957885,0.7201936012051111,3,D2023-01359
1360,1360,15625.427204374571,0.887065521212539,-0.4572844426827051,1,D2022-01360
1361,1361,17085.20179372197,0.545973565957885,0.7201936012051111,3,D2019-01361
1362,1362,17929.41176470588,0.646268136560931,0.2389418022506655,3,D2017-01362
1363,1363,15625.427204374571,0.5534396761666587,0.459281963194749,3,D2022-01363
1364,1364,16649.67225054625,0.646268136560931,0.2389418022506655,3,D2021-01364
1365,1365,17929.41176470588,0.0,0.0,0,D2017-01365
1366,1366,31250.854408749143,0.0691999948434535,0.0811744247888805,0,D2022-01366
1367,1367,15625.427204374571,0.5534396761666587,0.459281963194749,3,D2022-01367
1368,1368,17490.43611323642,0.887065521212539,-0.4572844426827051,1,D2018-01368
1369,1369,17085.20179372197,0.887065521212539,-0.4572844426827051,1,D2019-01369
1370,1370,17490.43611323642,0.887065521212539,-0.4572844426827051,1,D2018-01370
1371,1371,17085.20179372197,0.887065521212539,-0.4572844426827051,1,D2019-01371
1372,1372,16649.67225054625,0.2087182237946988,-0.1043755260474003,0,D2021-01372
1373,1373,15159.151193633952,0.887065521212539,-0.4572844426827051,1,D2023-01373
1374,1374,17929.41176470588,0.0,0.0,0,D2017-01374
1375,1375,17929.41176470588,0.646268136560931,0.2389418022506655,3,D2017-01375
1376,1376,18224.21524663677,0.0069879514419336,0.0171073733916099,0,D2019-01376
1377,1377,17929.41176470588,0.646268136560931,0.2389418022506655,3,D2017-01377
1378,1378,17490.43611323642,0.0,0.0,0,D2018-01378
1379,1379,16996.28252788104,0.887065521212539,-0.4572844426827051,1,D2020-01379
1380,1380,17490.43611323642,0.0,0.0,0,D2018-01380
1381,1381,17490.43611323642,0.545973565957885,0.7201936012051111,3,D2018-01381
1382,1382,17929.41176470588,0.0,0.0,0,D2017-01382
1383,1383,16996.28252788104,0.887065521212539,-0.4572844426827051,1,D2020-01383
1384,1384,17490.43611323642,0.2556928910164887,0.1000134293652024,0,D2018-01384
1385,1385,16996.28252788104,0.545973565957885,0.7201936012051111,3,D2020-01385
1386,1386,17490.43611323642,0.887065521212539,-0.4572844426827051,1,D2018-01386
1387,1387,16996.28252788104,0.545973565957885,0.7201936012051111,3,D2020-01387
1388,1388,17929.41176470588,0.887065521212539,-0.4572844426827051,1,D2017-01388
1389,1389,17490.43611323642,0.381633516846582,0.4911094052137501,0,D2018-01389
1390,1390,17929.41176470588,0.887065521212539,-0.4572844426827051,1,D2017-01390
1391,1391,15625.427204374571,0.887065521212539,-0.4572844426827051,1,D2022-01391
1392,1392,15625.427204374571,0.887065521212539,-0.4572844426827051,1,D2022-01392
1393,1393,15625.427204374571,0.545973565957885,0.7201936012051111,3,D2022-01393
1394,1394,15625.427204374571,0.887065521212539,-0.4572844426827051,1,D2022-01394
1395,1395,17085.20179372197,0.545973565957885,0.7201936012051111,3,D2019-01395
1396,1396,17490.43611323642,0.545973565957885,0.7201936012051111,3,D2018-01396
1397,1397,17929.41176470588,0.0,0.0,0,D2017-01397
1398,1398,17929.41176470588,0.545973565957885,0.7201936012051111,3,D2017-01398
1399,1399,16649.67225054625,0.0527333398921276,-0.0170031196277221,0,D2021-01399
1400,1400,17929.41176470588,0.545973565957885,0.7201936012051111,3,D2017-01400
1401,1401,16649.67225054625,0.0348964683153171,0.0554614237697945,0,D2021-01401
1402,1402,15159.151193633952,0.2087182237946988,-0.1043755260474003,0,D2023-01402
1403,1403,16996.28252788104,0.887065521212539,-0.4572844426827051,1,D2020-01403
1404,1404,17490.43611323642,0.545973565957885,0.7201936012051111,3,D2018-01404
1405,1405,17490.43611323642,0.887065521212539,-0.4572844426827051,1,D2018-01405
1406,1406,17085.20179372197,0.545973565957885,0.7201936012051111,3,D2019-01406
1407,1407,17929.41176470588,0.887065521212539,-0.4572844426827051,1,D2017-01407
1408,1408,17490.43611323642,0.545973565957885,0.7201936012051111,3,D2018-01408
1409,1409,15625.427204374571,0.5545768441445428,0.468865729753932,3,D2022-01409
1410,1410,17929.41176470588,0.887065521212539,-0.4572844426827051,1,D2017-01410
1411,1411,40000.0,0.3605626268116275,0.3145096887999944,0,D2024-01411
1412,1412,17085.20179372197,0.545973565957885,0.7201936012051111,3,D2019-01412
1413,1413,15159.151193633952,0.0966898932588824,0.0364691428264917,0,D2023-01413
1414,1414,34980.87222647284,0.0597195314775455,0.120894678357575,0,D2018-01414
1415,1415,17085.20179372197,0.887065521212539,-0.4572844426827051,1,D2019-01415
1416,1416,40000.0,0.5534396761666587,0.459281963194749,3,D2025-01416
1417,1417,155388.23529411765,0.0003056191996257,0.0009291567717946,0,D2017-01417
1418,1418,52084.75734791524,0.094962469639502,0.004568763173969,0,D2022-01418
1419,1419,14579.372197309416,0.0778707684383892,-0.0151073094079753,0,D2019-01419
1420,1420,17085.20179372197,0.887065521212539,-0.4572844426827051,1,D2019-01420
1421,1421,16649.67225054625,0.0348964683153171,0.0554614237697945,0,D2021-01421
1422,1422,52084.75734791524,0.0277786381896582,0.0561023177698296,0,D2022-01422
1423,1423,17490.43611323642,0.2087182237946988,-0.1043755260474003,0,D2018-01423
1424,1424,17929.41176470588,0.646268136560931,0.2389418022506655,3,D2017-01424
1425,1425,15625.427204374571,0.545973565957885,0.7201936012051111,3,D2022-01425
1426,1426,17490.43611323642,0.545973565957885,0.7201936012051111,3,D2018-01426
1427,1427,17929.41176470588,0.646268136560931,0.2389418022506655,3,D2017-01427
1428,1428,16649.67225054625,0.5545768441445428,0.468865729753932,3,D2021-01428
1429,1429,35858.82352941176,0.014203374093611,0.0290820808790354,0,D2017-01429
1430,1430,23905.88235294118,0.0179894663253315,0.0373722563168547,0,D2017-01430
1431,1431,17490.43611323642,0.545973565957885,0.7201936012051111,3,D2018-01431
1432,1432,17490.43611323642,0.887065521212539,-0.4572844426827051,1,D2018-01432
1433,1433,17490.43611323642,0.887065521212539,-0.4572844426827051,1,D2018-01433
1434,1434,17085.20179372197,0.887065521212539,-0.4572844426827051,1,D2019-01434
1435,1435,17490.43611323642,0.887065521212539,-0.4572844426827051,1,D2018-01435
1436,1436,17490.43611323642,0.887065521212539,-0.4572844426827051,1,D2018-01436
1437,1437,17490.43611323642,0.887065521212539,-0.4572844426827051,1,D2018-01437
1438,1438,17490.43611323642,0.545973565957885,0.7201936012051111,3,D2018-01438
1439,1439,16996.28252788104,0.5545768441445428,0.468865729753932,3,D2020-01439
1440,1440,17490.43611323642,0.0957977624659927,-0.0432781949357902,0,D2018-01440
1441,1441,17490.43611323642,0.887065521212539,-0.4572844426827051,1,D2018-01441
1442,1442,16649.67225054625,0.4898189952913064,0.5716533783149209,3,D2021-01442
1443,1443,17490.43611323642,0.887065521212539,-0.4572844426827051,1,D2018-01443
1444,1444,17085.20179372197,0.0495263679201773,0.1043007007043348,0,D2019-01444
1445,1445,17490.43611323642,0.887065521212539,-0.4572844426827051,1,D2018-01445
1446,1446,16649.67225054625,0.545973565957885,0.7201936012051111,3,D2021-01446
1447,1447,17490.43611323642,0.2221310215655728,-0.105894584986223,0,D2018-01447
1448,1448,15625.427204374571,0.5545768441445428,0.468865729753932,3,D2022-01448
1449,1449,40000.0,0.383668283663209,0.3277986453537835,0,D2025-01449
1450,1450,17490.43611323642,0.887065521212539,-0.4572844426827051,1,D2018-01450
1451,1451,15159.151193633952,0.887065521212539,-0.4572844426827051,1,D2023-01451
1452,1452,20833.9029391661,0.1241859998342135,0.2076480075586302,0,D2022-01452
1453,1453,17490.43611323642,0.887065521212539,-0.4572844426827051,1,D2018-01453
1454,1454,17929.41176470588,0.887065521212539,-0.4572844426827051,1,D2017-01454
1455,1455,20833.9029391661,0.0944246657462297,0.2071217875083828,0,D2022-01455
1456,1456,20833.9029391661,0.0683618598413535,0.0801314923927134,0,D2022-01456
1457,1457,15625.427204374571,0.5545768441445428,0.468865729753932,3,D2022-01457
1458,1458,17085.20179372197,0.887065521212539,-0.4572844426827051,1,D2019-01458
1459,1459,17490.43611323642,0.2258200855335509,-0.117717913321529,0,D2018-01459
1460,1460,28327.1375464684,0.0817425894927332,0.1730824718203309,0,D2020-01460
1461,1461,28327.1375464684,0.0817425894927332,0.1730824718203309,0,D2020-01461
1462,1462,28327.1375464684,0.0074239686857324,0.019157520630096,0,D2020-01462
1463,1463,17490.43611323642,0.188125643650428,-0.0912769873064225,0,D2018-01463
1464,1464,17085.20179372197,0.545973565957885,0.7201936012051111,3,D2019-01464
1465,1465,17490.43611323642,0.545973565957885,0.7201936012051111,3,D2018-01465
1466,1466,17929.41176470588,0.545973565957885,0.7201936012051111,3,D2017-01466
1467,1467,15625.427204374571,0.887065521212539,-0.4572844426827051,1,D2022-01467
1468,1468,15159.151193633952,0.5545768441445428,0.468865729753932,3,D2023-01468
1469,1469,23905.88235294118,0.2556928910164887,0.1000134293652024,0,D2017-01469
1470,1470,15625.427204374571,0.5545768441445428,0.468865729753932,3,D2022-01470
1471,1471,17929.41176470588,0.887065521212539,-0.4572844426827051,1,D2017-01471
1472,1472,15159.151193633952,0.5534396761666587,0.459281963194749,3,D2023-01472
1473,1473,17929.41176470588,0.545973565957885,0.7201936012051111,3,D2017-01473
1474,1474,16649.67225054625,0.5545768441445428,0.468865729753932,3,D2021-01474
1475,1475,17085.20179372197,0.545973565957885,0.7201936012051111,3,D2019-01475
1476,1476,17085.20179372197,0.2087182237946988,-0.1043755260474003,0,D2019-01476
1477,1477,17929.41176470588,0.646268136560931,0.2389418022506655,3,D2017-01477
1478,1478,17085.20179372197,0.545973565957885,0.7201936012051111,3,D2019-01478
1479,1479,17929.41176470588,0.2556928910164887,0.1000134293652024,0,D2017-01479
1480,1480,16649.67225054625,0.545973565957885,0.7201936012051111,3,D2021-01480
1481,1481,17085.20179372197,0.5364155105898365,0.6904821558214014,3,D2019-01481
1482,1482,15000.0,0.0297138288678663,0.0334675020870072,0,D2024-01482
1483,1483,15159.151193633952,0.6269426891814055,0.4831244642970946,3,D2023-01483
1484,1484,17490.43611323642,0.887065521212539,-0.4572844426827051,1,D2018-01484
1485,1485,70000.0,0.0095009990550932,0.0263509157048567,0,D2025-01485
1486,1486,40000.0,0.5534396761666587,0.459281963194749,3,D2025-01486
1487,1487,15000.0,0.0779683544293603,0.0004547506324834,0,D2024-01487
1488,1488,17929.41176470588,0.887065521212539,-0.4572844426827051,1,D2017-01488
1489,1489,17490.43611323642,0.887065521212539,-0.4572844426827051,1,D2018-01489
1490,1490,17490.43611323642,0.2087182237946988,-0.1043755260474003,0,D2018-01490
1491,1491,17490.43611323642,0.887065521212539,-0.4572844426827051,1,D2018-01491
1492,1492,15159.151193633952,0.2448742616133536,0.2190548078988092,0,D2023-01492
1493,1493,17490.43611323642,0.887065521212539,-0.4572844426827051,1,D2018-01493
1494,1494,17085.20179372197,0.887065521212539,-0.4572844426827051,1,D2019-01494
1495,1495,16996.28252788104,0.5545768441445428,0.468865729753932,3,D2020-01495
1496,1496,16996.28252788104,0.5545768441445428,0.468865729753932,3,D2020-01496
1497,1497,17490.43611323642,0.545973565957885,0.7201936012051111,3,D2018-01497
1498,1498,16996.28252788104,0.558889803236791,0.3066938298019666,3,D2020-01498
1499,1499,17490.43611323642,0.887065521212539,-0.4572844426827051,1,D2018-01499
1500,1500,16649.67225054625,0.0348964683153171,0.0554614237697945,0,D2021-01500
1501,1501,17929.41176470588,0.545973565957885,0.7201936012051111,3,D2017-01501
1502,1502,17929.41176470588,0.0,0.0,0,D2017-01502
1503,1503,16649.67225054625,0.5545768441445428,0.468865729753932,3,D2021-01503
1504,1504,17085.20179372197,0.887065521212539,-0.4572844426827051,1,D2019-01504
1505,1505,17085.20179372197,0.545973565957885,0.7201936012051111,3,D2019-01505
1506,1506,17929.41176470588,0.3468132016715148,0.1391412913753662,0,D2017-01506
1507,1507,17490.43611323642,0.0053348930013989,0.0068305513768926,0,D2018-01507
1508,1508,17490.43611323642,0.545973565957885,0.7201936012051111,3,D2018-01508
1509,1509,41835.294117647056,0.0815469979687409,0.1653304394955216,0,D2017-01509
1510,1510,17929.41176470588,0.887065521212539,-0.4572844426827051,1,D2017-01510
1511,1511,15159.151193633952,0.5545768441445428,0.468865729753932,3,D2023-01511
1512,1512,100000.0,0.0707957046928866,0.1412786826049708,0,D2025-01512
1513,1513,40000.0,0.0900658312913554,-0.0101070885407876,0,D2024-01513
1514,1514,40000.0,0.3605626268116275,0.3145096887999944,0,D2024-01514
1515,1515,15000.0,0.2053573863271598,-0.0288252252095637,0,D2024-01515
1516,1516,15159.151193633952,0.5534396761666587,0.459281963194749,3,D2023-01516
1517,1517,15000.0,0.1151967365189022,0.0140851634374246,0,D2024-01517
1518,1518,15159.151193633952,0.3605626268116275,0.3145096887999944,0,D2023-01518
1519,1519,15159.151193633952,0.483559383414243,0.373792892935746,3,D2023-01519
1520,1520,20212.201591511937,0.0089290903583248,0.0167263178600124,0,D2023-01520
1521,1521,40000.0,0.2571152312962459,0.3105972716873807,0,D2025-01521
1522,1522,15000.0,0.2087182237946988,-0.1043755260474003,0,D2024-01522
1523,1523,16996.28252788104,0.887065521212539,-0.4572844426827051,1,D2020-01523
1524,1524,17929.41176470588,0.887065521212539,-0.4572844426827051,1,D2017-01524
1525,1525,17490.43611323642,0.2221310215655728,-0.105894584986223,0,D2018-01525
1526,1526,15159.151193633952,0.5534396761666587,0.459281963194749,3,D2023-01526
1527,1527,17490.43611323642,0.545973565957885,0.7201936012051111,3,D2018-01527
1528,1528,40000.0,0.2571152312962459,0.3105972716873807,0,D2024-01528
1529,1529,15159.151193633952,0.887065521212539,-0.4572844426827051,1,D2023-01529
1530,1530,15159.151193633952,0.2053573863271598,-0.0288252252095637,0,D2023-01530
1531,1531,40000.0,0.2053573863271598,-0.0288252252095637,0,D2025-01531
1532,1532,15000.0,0.3605626268116275,0.3145096887999944,0,D2024-01532
1533,1533,15625.427204374571,0.0779683544293603,0.0004547506324834,0,D2022-01533
1534,1534,15000.0,0.2053573863271598,-0.0288252252095637,0,D2024-01534
1535,1535,40000.0,0.0767782150189787,-0.0080852461559622,0,D2025-01535
1536,1536,15000.0,0.3605626268116275,0.3145096887999944,0,D2024-01536
1537,1537,15000.0,0.3605626268116275,0.3145096887999944,0,D2024-01537
1538,1538,17490.43611323642,0.887065521212539,-0.4572844426827051,1,D2018-01538
1539,1539,17490.43611323642,0.225561964417486,0.0881842995502705,0,D2018-01539
1540,1540,40000.0,0.5534396761666587,0.459281963194749,3,D2025-01540
1541,1541,15625.427204374571,0.5534396761666587,0.459281963194749,3,D2022-01541
1542,1542,15625.427204374571,0.5545768441445428,0.468865729753932,3,D2022-01542
1543,1543,15159.151193633952,0.887065521212539,-0.4572844426827051,1,D2023-01543
1544,1544,15159.151193633952,0.5534396761666587,0.459281963194749,3,D2023-01544
1545,1545,15159.151193633952,0.2053573863271598,-0.0288252252095637,0,D2023-01545
1546,1546,15625.427204374571,0.5545768441445428,0.468865729753932,3,D2022-01546
1547,1547,17929.41176470588,0.887065521212539,-0.4572844426827051,1,D2017-01547
1548,1548,16649.67225054625,0.5545768441445428,0.468865729753932,3,D2021-01548
1549,1549,17929.41176470588,0.545973565957885,0.7201936012051111,3,D2017-01549
1550,1550,16996.28252788104,0.5534396761666587,0.459281963194749,3,D2020-01550
1551,1551,15000.0,0.3595486104043427,0.31797252368592,3,D2024-01551
1552,1552,17490.43611323642,0.545973565957885,0.7201936012051111,3,D2018-01552
1553,1553,15625.427204374571,0.5545768441445428,0.468865729753932,3,D2022-01553
1554,1554,17085.20179372197,0.887065521212539,-0.4572844426827051,1,D2019-01554
1555,1555,17085.20179372197,0.545973565957885,0.7201936012051111,3,D2019-01555
1556,1556,17085.20179372197,0.545973565957885,0.7201936012051111,3,D2019-01556
1557,1557,16996.28252788104,0.887065521212539,-0.4572844426827051,1,D2020-01557
1558,1558,17085.20179372197,0.545973565957885,0.7201936012051111,3,D2019-01558
1559,1559,16649.67225054625,0.5545768441445428,0.468865729753932,3,D2021-01559
1560,1560,16649.67225054625,0.5534396761666587,0.459281963194749,3,D2021-01560
1561,1561,15625.427204374571,0.0,0.0,0,D2022-01561
1562,1562,15159.151193633952,0.5534396761666587,0.459281963194749,3,D2023-01562
1563,1563,17929.41176470588,0.646268136560931,0.2389418022506655,3,D2017-01563
1564,1564,17085.20179372197,0.0527333398921276,-0.0170031196277221,0,D2019-01564
1565,1565,15625.427204374571,0.0044264388815013,0.006001775643589,0,D2022-01565
1566,1566,15625.427204374571,0.558889803236791,0.3066938298019666,3,D2022-01566
1567,1567,17490.43611323642,0.545973565957885,0.7201936012051111,3,D2018-01567
1568,1568,20833.9029391661,0.0553952384846884,0.1133290130139919,0,D2022-01568
1569,1569,16996.28252788104,0.5534396761666587,0.459281963194749,3,D2020-01569
1570,1570,15625.427204374571,0.887065521212539,-0.4572844426827051,1,D2022-01570
1571,1571,17929.41176470588,0.545973565957885,0.7201936012051111,3,D2017-01571
1572,1572,17085.20179372197,0.4561955248637752,0.6045190370228757,3,D2019-01572
1573,1573,40000.0,0.2509273249278652,0.2250524446551827,0,D2024-01573
1574,1574,15625.427204374571,0.5545768441445428,0.468865729753932,3,D2022-01574
1575,1575,17490.43611323642,0.545973565957885,0.7201936012051111,3,D2018-01575
1576,1576,16649.67225054625,0.5545768441445428,0.468865729753932,3,D2021-01576
1577,1577,17490.43611323642,0.887065521212539,-0.4572844426827051,1,D2018-01577
1578,1578,16649.67225054625,0.5545768441445428,0.468865729753932,3,D2021-01578
1579,1579,17490.43611323642,0.381633516846582,0.4911094052137501,0,D2018-01579
1580,1580,15625.427204374571,0.887065521212539,-0.4572844426827051,1,D2022-01580
1581,1581,16996.28252788104,0.5534396761666587,0.459281963194749,3,D2020-01581
1582,1582,17085.20179372197,0.887065521212539,-0.4572844426827051,1,D2019-01582
1583,1583,15625.427204374571,0.545973565957885,0.7201936012051111,3,D2022-01583
1584,1584,15000.0,0.0900658312913554,-0.0101070885407876,0,D2024-01584
1585,1585,15000.0,0.2053573863271598,-0.0288252252095637,0,D2024-01585
1586,1586,17490.43611323642,0.0957977624659927,-0.0432781949357902,0,D2018-01586
1587,1587,34980.87222647284,0.0059012107732948,0.0149356525473505,0,D2018-01587
1588,1588,17085.20179372197,0.545973565957885,0.7201936012051111,3,D2019-01588
1589,1589,17929.41176470588,0.887065521212539,-0.4572844426827051,1,D2017-01589
1590,1590,16996.28252788104,0.545973565957885,0.7201936012051111,3,D2020-01590
1591,1591,17490.43611323642,0.0,0.0,0,D2018-01591
1592,1592,15625.427204374571,0.5534396761666587,0.459281963194749,3,D2022-01592
1593,1593,16649.67225054625,0.5545768441445428,0.468865729753932,3,D2021-01593
1594,1594,17490.43611323642,0.887065521212539,-0.4572844426827051,1,D2018-01594
1595,1595,17929.41176470588,0.545973565957885,0.7201936012051111,3,D2017-01595
1596,1596,17929.41176470588,0.887065521212539,-0.4572844426827051,1,D2017-01596
1597,1597,17929.41176470588,0.887065521212539,-0.4572844426827051,1,D2017-01597
1598,1598,66598.689002185,0.0300483560702414,0.0569508650488913,0,D2021-01598
1599,1599,17490.43611323642,0.887065521212539,-0.4572844426827051,1,D2018-01599
1600,1600,17929.41176470588,0.887065521212539,-0.4572844426827051,1,D2017-01600
1601,1601,17085.20179372197,0.4561955248637752,0.6045190370228757,3,D2019-01601
1602,1602,17085.20179372197,0.5364155105898365,0.6904821558214014,3,D2019-01602
1603,1603,29150.72685539404,0.0012403013598915,0.0016259464418619,0,D2018-01603
1604,1604,17929.41176470588,0.545973565957885,0.7201936012051111,3,D2017-01604
1605,1605,17929.41176470588,0.887065521212539,-0.4572844426827051,1,D2017-01605
1606,1606,17929.41176470588,0.2258200855335509,-0.117717913321529,0,D2017-01606
1607,1607,17929.41176470588,0.887065521212539,-0.4572844426827051,1,D2017-01607
1608,1608,16996.28252788104,0.887065521212539,-0.4572844426827051,1,D2020-01608
1609,1609,17929.41176470588,0.0,0.0,0,D2017-01609
1610,1610,15625.427204374571,0.887065521212539,-0.4572844426827051,1,D2022-01610
1611,1611,17929.41176470588,0.0,0.0,0,D2017-01611
1612,1612,17929.41176470588,0.0019682708005368,0.0016946457761634,0,D2017-01612
1613,1613,17490.43611323642,0.545973565957885,0.7201936012051111,3,D2018-01613
1614,1614,17929.41176470588,0.646268136560931,0.2389418022506655,3,D2017-01614
1615,1615,17490.43611323642,0.0016838005831315,0.0021344008538213,0,D2018-01615
1616,1616,17929.41176470588,0.887065521212539,-0.4572844426827051,1,D2017-01616
1617,1617,17929.41176470588,0.646268136560931,0.2389418022506655,3,D2017-01617
1618,1618,15000.0,0.3605626268116275,0.3145096887999944,0,D2024-01618
1619,1619,17490.43611323642,0.887065521212539,-0.4572844426827051,1,D2018-01619
1620,1620,34221.2705882353,0.0518180905064133,0.1085427455628099,0,D2017-01620
1621,1621,17929.41176470588,0.887065521212539,-0.4572844426827051,1,D2017-01621
1622,1622,17929.41176470588,0.1673672465560845,-0.0832950952504637,0,D2017-01622
1623,1623,17929.41176470588,0.0,0.0,0,D2017-01623
1624,1624,17929.41176470588,0.0893069050792677,-0.0340122924882774,0,D2017-01624
1625,1625,17929.41176470588,0.2556928910164887,0.1000134293652024,0,D2017-01625
1626,1626,16996.28252788104,0.1829622744079164,-0.0815834312675509,0,D2020-01626
1627,1627,15625.427204374571,0.887065521212539,-0.4572844426827051,1,D2022-01627
1628,1628,15000.0,0.0900658312913554,-0.0101070885407876,0,D2024-01628
1629,1629,17929.41176470588,0.0047928448457088,0.0088734623627311,0,D2017-01629
1630,1630,15159.151193633952,0.5545768441445428,0.468865729753932,3,D2023-01630
1631,1631,15159.151193633952,0.3595486104043427,0.31797252368592,0,D2023-01631
1632,1632,17490.43611323642,0.887065521212539,-0.4572844426827051,1,D2018-01632
1633,1633,15625.427204374571,0.5534396761666587,0.459281963194749,3,D2022-01633
1634,1634,15000.0,0.887065521212539,-0.4572844426827051,1,D2024-01634
1635,1635,17490.43611323642,0.545973565957885,0.7201936012051111,3,D2018-01635
1636,1636,15000.0,0.3605626268116275,0.3145096887999944,0,D2024-01636
1637,1637,16649.67225054625,0.0527333398921276,-0.0170031196277221,0,D2021-01637
1638,1638,15625.427204374571,0.5545768441445428,0.468865729753932,3,D2022-01638
1639,1639,17490.43611323642,0.887065521212539,-0.4572844426827051,1,D2018-01639
1640,1640,16649.67225054625,0.887065521212539,-0.4572844426827051,1,D2021-01640
1641,1641,17085.20179372197,0.0295946365683638,0.0601115353785374,0,D2019-01641
1642,1642,17490.43611323642,0.545973565957885,0.7201936012051111,3,D2018-01642
1643,1643,16649.67225054625,0.545973565957885,0.7201936012051111,3,D2021-01643
1644,1644,17929.41176470588,0.2556928910164887,0.1000134293652024,0,D2017-01644
1645,1645,15000.0,0.2053573863271598,-0.0288252252095637,0,D2024-01645
1646,1646,15000.0,0.2053573863271598,-0.0288252252095637,0,D2024-01646
1647,1647,17929.41176470588,0.0,0.0,0,D2017-01647
1648,1648,15625.427204374571,0.887065521212539,-0.4572844426827051,1,D2022-01648
1649,1649,15625.427204374571,0.5534396761666587,0.459281963194749,3,D2022-01649
1650,1650,15000.0,0.2053573863271598,-0.0288252252095637,0,D2024-01650
1651,1651,17929.41176470588,0.887065521212539,-0.4572844426827051,1,D2017-01651
1652,1652,15625.427204374571,0.5545768441445428,0.468865729753932,3,D2022-01652
1653,1653,15625.427204374571,0.5534396761666587,0.459281963194749,3,D2022-01653
1654,1654,16996.28252788104,0.887065521212539,-0.4572844426827051,1,D2020-01654
1655,1655,15625.427204374571,0.887065521212539,-0.4572844426827051,1,D2022-01655
1656,1656,537882.3529411765,0.001259388792948,0.0021419514088597,0,D2017-01656
1657,1657,15625.427204374571,0.887065521212539,-0.4572844426827051,1,D2022-01657
1658,1658,16649.67225054625,0.0348964683153171,0.0554614237697945,0,D2021-01658
1659,1659,17490.43611323642,0.400165871781416,0.4708736101095528,3,D2018-01659
1660,1660,16996.28252788104,0.887065521212539,-0.4572844426827051,1,D2020-01660
1661,1661,15625.427204374571,0.887065521212539,-0.4572844426827051,1,D2022-01661
1662,1662,16996.28252788104,0.2285889725939283,-0.1099531151578676,0,D2020-01662
1663,1663,17085.20179372197,0.545973565957885,0.7201936012051111,3,D2019-01663
1664,1664,17929.41176470588,0.0086992479983782,0.0175202250369735,0,D2017-01664
1665,1665,15159.151193633952,0.3374195470254229,0.1246647922493839,0,D2023-01665
1666,1666,17490.43611323642,0.0154085214575264,0.0332678544808368,0,D2018-01666
1667,1667,17490.43611323642,0.0179718927853738,0.0375378321986808,0,D2018-01667
1668,1668,16667.122351332877,0.0021259677485447,0.0065901334758849,0,D2022-01668
1669,1669,17085.20179372197,0.4561955248637752,0.6045190370228757,3,D2019-01669
1670,1670,17929.41176470588,0.887065521212539,-0.4572844426827051,1,D2017-01670
1671,1671,29150.72685539404,0.0010529413163043,0.0013954455160894,0,D2018-01671
1672,1672,17929.41176470588,0.5273630109715355,0.6968811946844565,3,D2017-01672
1673,1673,17929.41176470588,0.545973565957885,0.7201936012051111,3,D2017-01673
1674,1674,17490.43611323642,0.887065521212539,-0.4572844426827051,1,D2018-01674
1675,1675,16996.28252788104,0.545973565957885,0.7201936012051111,3,D2020-01675
1676,1676,40000.0,0.0779683544293603,0.0004547506324834,0,D2024-01676
1677,1677,16996.28252788104,0.887065521212539,-0.4572844426827051,1,D2020-01677
1678,1678,17929.41176470588,0.2258200855335509,-0.117717913321529,0,D2017-01678
1679,1679,58301.45371078808,0.0019240281544026,0.0043174284524738,0,D2018-01679
1680,1680,16649.67225054625,0.887065521212539,-0.4572844426827051,1,D2021-01680
1681,1681,15159.151193633952,0.887065521212539,-0.4572844426827051,1,D2023-01681
1682,1682,16649.67225054625,0.887065521212539,-0.4572844426827051,1,D2021-01682
1683,1683,16996.28252788104,0.0956638116397091,-0.0389822819735811,0,D2020-01683
1684,1684,34170.40358744394,0.1642010436977288,0.2342258620238581,0,D2019-01684
1685,1685,17490.43611323642,0.0774547003671959,0.1526362427729125,0,D2018-01685
1686,1686,17085.20179372197,0.887065521212539,-0.4572844426827051,1,D2019-01686
1687,1687,15000.0,0.0133120010383594,0.0335345612753485,0,D2024-01687
1688,1688,15000.0,0.0127637897567036,0.0321772054546456,0,D2024-01688
1689,1689,17490.43611323642,0.0778490732750593,-0.0289401232794921,0,D2018-01689
1690,1690,17490.43611323642,0.887065521212539,-0.4572844426827051,1,D2018-01690
1691,1691,17085.20179372197,0.545973565957885,0.7201936012051111,3,D2019-01691
1692,1692,16996.28252788104,0.887065521212539,-0.4572844426827051,1,D2020-01692
1693,1693,17490.43611323642,0.887065521212539,-0.4572844426827051,1,D2018-01693
1694,1694,17490.43611323642,0.545973565957885,0.7201936012051111,3,D2018-01694
1695,1695,17490.43611323642,0.887065521212539,-0.4572844426827051,1,D2018-01695
1696,1696,17085.20179372197,0.887065521212539,-0.4572844426827051,1,D2019-01696
1697,1697,16996.28252788104,0.887065521212539,-0.4572844426827051,1,D2020-01697
1698,1698,17490.43611323642,0.2258200855335509,-0.117717913321529,0,D2018-01698
1699,1699,17490.43611323642,0.2556928910164887,0.1000134293652024,0,D2018-01699
1700,1700,17490.43611323642,0.887065521212539,-0.4572844426827051,1,D2018-01700
1701,1701,15625.427204374571,0.5545768441445428,0.468865729753932,3,D2022-01701
1702,1702,16996.28252788104,0.545973565957885,0.7201936012051111,3,D2020-01702
1703,1703,16649.67225054625,0.3649210310188942,0.4832303521016994,3,D2021-01703
1704,1704,15159.151193633952,0.887065521212539,-0.4572844426827051,1,D2023-01704
1705,1705,17490.43611323642,0.545973565957885,0.7201936012051111,3,D2018-01705
1706,1706,17085.20179372197,0.4145384699372779,0.6411640989342013,3,D2019-01706
1707,1707,17085.20179372197,0.545973565957885,0.7201936012051111,3,D2019-01707
1708,1708,16649.67225054625,0.887065521212539,-0.4572844426827051,1,D2021-01708
1709,1709,15625.427204374571,0.5164168792975019,-0.1546569152884812,1,D2022-01709
1710,1710,16996.28252788104,0.5534396761666587,0.459281963194749,3,D2020-01710
1711,1711,17085.20179372197,0.545973565957885,0.7201936012051111,3,D2019-01711
1712,1712,17490.43611323642,0.887065521212539,-0.4572844426827051,1,D2018-01712
1713,1713,15625.427204374571,0.5545768441445428,0.468865729753932,3,D2022-01713
1714,1714,15159.151193633952,0.5534396761666587,0.459281963194749,3,D2023-01714
1715,1715,17085.20179372197,0.545973565957885,0.7201936012051111,3,D2019-01715
1716,1716,17085.20179372197,0.887065521212539,-0.4572844426827051,1,D2019-01716
1717,1717,17085.20179372197,0.887065521212539,-0.4572844426827051,1,D2019-01717
1718,1718,17085.20179372197,0.887065521212539,-0.4572844426827051,1,D2019-01718
1719,1719,16996.28252788104,0.545973565957885,0.7201936012051111,3,D2020-01719
1720,1720,15000.0,0.2571152312962459,0.3105972716873807,0,D2024-01720
1721,1721,40000.0,0.383668283663209,0.3277986453537835,0,D2025-01721
1722,1722,15625.427204374571,0.887065521212539,-0.4572844426827051,1,D2022-01722
1723,1723,17490.43611323642,0.2258200855335509,-0.117717913321529,0,D2018-01723
1724,1724,15159.151193633952,0.5534396761666587,0.459281963194749,3,D2023-01724
1725,1725,29882.352941176472,0.075170771622861,-0.0369257890960169,0,D2017-01725
1726,1726,15625.427204374571,0.545973565957885,0.7201936012051111,3,D2022-01726
1727,1727,17085.20179372197,0.887065521212539,-0.4572844426827051,1,D2019-01727
1728,1728,68646.59868900217,0.0381165133689107,0.0713358903003554,0,D2021-01728
1729,1729,17085.20179372197,0.887065521212539,-0.4572844426827051,1,D2019-01729
1730,1730,17085.20179372197,0.545973565957885,0.7201936012051111,3,D2019-01730
1731,1731,17085.20179372197,0.887065521212539,-0.4572844426827051,1,D2019-01731
1732,1732,15625.427204374571,0.887065521212539,-0.4572844426827051,1,D2022-01732
1733,1733,16996.28252788104,0.4697902453831002,0.7676595711558893,3,D2020-01733
1734,1734,16996.28252788104,0.887065521212539,-0.4572844426827051,1,D2020-01734
1735,1735,17490.43611323642,0.545973565957885,0.7201936012051111,3,D2018-01735
1736,1736,55000.0,0.036430273798909,0.0793090886123015,0,D2024-01736
1737,1737,67500.0,0.0930582575208586,0.2027302067262496,0,D2025-01737
1738,1738,17085.20179372197,0.887065521212539,-0.4572844426827051,1,D2019-01738
1739,1739,17085.20179372197,0.887065521212539,-0.4572844426827051,1,D2019-01739
1740,1740,205022.4215246637,0.0016429792892818,0.0014321775271781,0,D2019-01740
1741,1741,16996.28252788104,0.887065521212539,-0.4572844426827051,1,D2020-01741
1742,1742,23320.58148431523,0.029919711357087,0.0562651146859854,0,D2018-01742
1743,1743,15625.427204374571,0.271138022264945,0.247703339775016,0,D2022-01743
1744,1744,15625.427204374571,0.0527333398921276,-0.0170031196277221,0,D2022-01744
1745,1745,17085.20179372197,0.122978296963793,-0.0556655895417202,0,D2019-01745
1746,1746,17929.41176470588,0.3468132016715148,0.1391412913753662,0,D2017-01746
1747,1747,40000.0,0.5534396761666587,0.459281963194749,3,D2025-01747
1748,1748,15159.151193633952,0.0348964683153171,0.0554614237697945,0,D2023-01748
1749,1749,15159.151193633952,0.3595486104043427,0.31797252368592,0,D2023-01749
1750,1750,15000.0,0.2571152312962459,0.3105972716873807,0,D2024-01750
1751,1751,16996.28252788104,0.4561955248637752,0.6045190370228757,3,D2020-01751
1752,1752,16996.28252788104,0.887065521212539,-0.4572844426827051,1,D2020-01752
1753,1753,56654.2750929368,0.043388872832889,0.092555034132948,0,D2020-01753
1754,1754,56654.2750929368,0.043388872832889,0.092555034132948,0,D2020-01754
1755,1755,17085.20179372197,0.545973565957885,0.7201936012051111,3,D2019-01755
1756,1756,17085.20179372197,0.1154054879772151,-0.0456365764713114,0,D2019-01756
1757,1757,17490.43611323642,0.887065521212539,-0.4572844426827051,1,D2018-01757
1758,1758,17490.43611323642,0.0868015424870065,-0.0172499824979726,0,D2018-01758
1759,1759,16996.28252788104,0.000197530106243,0.0004390932869674,0,D2020-01759
1760,1760,17085.20179372197,0.887065521212539,-0.4572844426827051,1,D2019-01760
1761,1761,17085.20179372197,0.887065521212539,-0.4572844426827051,1,D2019-01761
1762,1762,17085.20179372197,0.0517680617016525,0.108168459440944,0,D2019-01762
1763,1763,15625.427204374571,0.887065521212539,-0.4572844426827051,1,D2022-01763
1764,1764,16649.67225054625,0.545973565957885,0.7201936012051111,3,D2021-01764
1765,1765,17085.20179372197,0.887065521212539,-0.4572844426827051,1,D2019-01765
1766,1766,15625.427204374571,0.887065521212539,-0.4572844426827051,1,D2022-01766
1767,1767,17085.20179372197,0.0069879514419336,0.0171073733916099,0,D2019-01767
1768,1768,17085.20179372197,0.0069879514419336,0.0171073733916099,0,D2019-01768
1769,1769,17490.43611323642,0.545973565957885,0.7201936012051111,3,D2018-01769
1770,1770,17085.20179372197,0.545973565957885,0.7201936012051111,3,D2019-01770
1771,1771,17490.43611323642,0.887065521212539,-0.4572844426827051,1,D2018-01771
1772,1772,15625.427204374571,0.5545768441445428,0.468865729753932,3,D2022-01772
1773,1773,15625.427204374571,0.887065521212539,-0.4572844426827051,1,D2022-01773
1774,1774,17929.41176470588,0.646268136560931,0.2389418022506655,3,D2017-01774
1775,1775,5665.4275092936805,0.0006659562413486,0.0012907195423853,0,D2020-01775
1776,1776,15000.0,0.0348964683153171,0.0554614237697945,0,D2024-01776
1777,1777,43726.090283091056,0.0464767894611385,0.0939012351813246,0,D2018-01777
1778,1778,17490.43611323642,0.0590834271562825,0.1208303711451757,0,D2018-01778
1779,1779,17085.20179372197,0.887065521212539,-0.4572844426827051,1,D2019-01779
1780,1780,17085.20179372197,0.887065521212539,-0.4572844426827051,1,D2019-01780
1781,1781,16649.67225054625,0.545973565957885,0.7201936012051111,3,D2021-01781
1782,1782,15000.0,0.887065521212539,-0.4572844426827051,1,D2024-01782
1783,1783,11660.290742157616,0.0007231246241254,0.0012854092522395,0,D2018-01783
1784,1784,17929.41176470588,0.646268136560931,0.2389418022506655,3,D2017-01784
1785,1785,15625.427204374571,0.887065521212539,-0.4572844426827051,1,D2022-01785
1786,1786,22780.26905829596,0.0010529413163043,0.0013954455160894,0,D2019-01786
1787,1787,22780.26905829596,0.0010529413163043,0.0013954455160894,0,D2019-01787
1788,1788,17085.20179372197,0.887065521212539,-0.4572844426827051,1,D2019-01788
1789,1789,16996.28252788104,0.558889803236791,0.3066938298019666,3,D2020-01789
1790,1790,17490.43611323642,0.887065521212539,-0.4572844426827051,1,D2018-01790
1791,1791,17085.20179372197,0.1033041496984557,-0.0437350032804794,0,D2019-01791
1792,1792,17085.20179372197,0.887065521212539,-0.4572844426827051,1,D2019-01792
1793,1793,15000.0,0.5534396761666587,0.459281963194749,3,D2024-01793
1794,1794,40000.0,0.2571152312962459,0.3105972716873807,0,D2025-01794
1795,1795,17490.43611323642,0.0010529413163043,0.0013954455160894,0,D2018-01795
1796,1796,17929.41176470588,0.2556928910164887,0.1000134293652024,0,D2017-01796
1797,1797,17085.20179372197,0.545973565957885,0.7201936012051111,3,D2019-01797
1798,1798,15625.427204374571,0.5545768441445428,0.468865729753932,3,D2022-01798
1799,1799,22500.0,0.0130201196374768,0.0321712840758081,0,D2025-01799
1800,1800,15625.427204374571,0.887065521212539,-0.4572844426827051,1,D2022-01800
1801,1801,60000.0,0.0425879691052497,0.0749683042852137,0,D2025-01801
1802,1802,17085.20179372197,0.887065521212539,-0.4572844426827051,1,D2019-01802
1803,1803,17085.20179372197,0.887065521212539,-0.4572844426827051,1,D2019-01803
1804,1804,16996.28252788104,0.0020070714060164,0.0041779270686219,0,D2020-01804
1805,1805,874521.8056618212,0.0061838151506348,0.0143837100224598,0,D2018-01805
1806,1806,16996.28252788104,0.887065521212539,-0.4572844426827051,1,D2020-01806
1807,1807,16996.28252788104,0.5534396761666587,0.459281963194749,3,D2020-01807
1808,1808,15625.427204374571,0.5545768441445428,0.468865729753932,3,D2022-01808
1809,1809,15625.427204374571,0.545973565957885,0.7201936012051111,3,D2022-01809
1810,1810,15625.427204374571,0.5545768441445428,0.468865729753932,3,D2022-01810
1811,1811,17085.20179372197,0.545973565957885,0.7201936012051111,3,D2019-01811
1812,1812,16649.67225054625,0.5534396761666587,0.459281963194749,3,D2021-01812
1813,1813,25000.0,0.0984947550690775,0.2162517249220551,0,D2024-01813
1814,1814,17929.41176470588,0.0073102670378777,0.0168486396646973,0,D2017-01814
1815,1815,23905.88235294118,0.2556928910164887,0.1000134293652024,0,D2017-01815
1816,1816,480000.0,0.0084032253428427,0.0239562124946526,0,D2024-01816
1817,1817,20000.0,0.0082618607883916,0.0235749735663361,0,D2024-01817
1818,1818,20000.0,0.0082348572536964,0.0233385999682633,0,D2024-01818
1819,1819,17929.41176470588,0.887065521212539,-0.4572844426827051,1,D2017-01819
1820,1820,17929.41176470588,0.2258200855335509,-0.117717913321529,0,D2017-01820
1821,1821,150000.0,0.0001797646638875,0.0005097128768825,0,D2024-01821
1822,1822,150000.0,0.0093732897228861,0.0167547143478173,0,D2025-01822
1823,1823,17490.43611323642,0.887065521212539,-0.4572844426827051,1,D2018-01823
1824,1824,17490.43611323642,0.545973565957885,0.7201936012051111,3,D2018-01824
1825,1825,40000.0,0.887065521212539,-0.4572844426827051,1,D2025-01825
1826,1826,17929.41176470588,0.2258200855335509,-0.117717913321529,0,D2017-01826
1827,1827,17490.43611323642,0.887065521212539,-0.4572844426827051,1,D2018-01827
1828,1828,17929.41176470588,0.0,0.0,0,D2017-01828
1829,1829,103239.94352941176,0.0633473348309777,0.1273809694892347,0,D2017-01829
1830,1830,28475.33632286996,0.016175719104661,0.035098958577161,0,D2019-01830
1831,1831,17490.43611323642,0.0957977624659927,-0.0432781949357902,0,D2018-01831
1832,1832,17929.41176470588,0.3360081026840525,0.5316540280040477,0,D2017-01832
1833,1833,17490.43611323642,0.887065521212539,-0.4572844426827051,1,D2018-01833
1834,1834,17490.43611323642,0.4898189952913064,0.5716533783149209,3,D2018-01834
1835,1835,40811.01759755165,0.0092064680205699,0.023398599335952,0,D2018-01835
1836,1836,17490.43611323642,0.887065521212539,-0.4572844426827051,1,D2018-01836
1837,1837,23762.44705882353,0.0822925447212085,0.102288210880999,0,D2017-01837
1838,1838,18885.647058823528,0.0822925447212085,0.102288210880999,0,D2017-01838
1839,1839,15159.151193633952,0.887065521212539,-0.4572844426827051,1,D2023-01839
1840,1840,15000.0,0.2571152312962459,0.3105972716873807,0,D2024-01840
1841,1841,17929.41176470588,0.0010529413163043,0.0013954455160894,0,D2017-01841
1842,1842,22780.26905829596,0.0006520959963058,0.0009341456055132,0,D2019-01842
1843,1843,17490.43611323642,0.887065521212539,-0.4572844426827051,1,D2018-01843
1844,1844,17490.43611323642,0.887065521212539,-0.4572844426827051,1,D2018-01844
1845,1845,17490.43611323642,0.5364155105898365,0.6904821558214014,3,D2018-01845
1846,1846,16996.28252788104,0.2221310215655728,-0.105894584986223,0,D2020-01846
1847,1847,200000.0,0.0441314862208102,0.0974259635927147,0,D2024-01847
1848,1848,58259.830588235294,0.0191733191874072,0.0425807191470779,0,D2017-01848
1849,1849,40424.40318302388,0.0059947634870813,0.0098164773265167,0,D2023-01849
1850,1850,20833.9029391661,0.0017182465598463,0.0038738283164299,0,D2022-01850
1851,1851,15000.0,0.3605626268116275,0.3145096887999944,0,D2024-01851
1852,1852,16996.28252788104,0.2642574719113366,0.4369006695119559,0,D2020-01852
1853,1853,20867.58922068463,0.0820196084534228,0.0874265803712529,0,D2021-01853
1854,1854,20867.58922068463,0.059467068285383,0.1241348053509898,0,D2021-01854
1855,1855,33299.3445010925,0.0795343864532757,0.0855838319556352,0,D2021-01855
1856,1856,16649.67225054625,0.4471172252463598,0.5265547323251745,3,D2021-01856
1857,1857,15000.0,0.887065521212539,-0.4572844426827051,1,D2024-01857
1858,1858,15159.151193633952,0.545973565957885,0.7201936012051111,3,D2023-01858
1859,1859,88544.08749145591,0.0094069593331412,0.0249666380971767,0,D2022-01859
1860,1860,17085.20179372197,0.887065521212539,-0.4572844426827051,1,D2019-01860
1861,1861,16649.67225054625,0.5545768441445428,0.468865729753932,3,D2021-01861
1862,1862,15159.151193633952,0.887065521212539,-0.4572844426827051,1,D2023-01862
1863,1863,15625.427204374571,0.887065521212539,-0.4572844426827051,1,D2022-01863
1864,1864,88544.08749145591,0.0094069593331412,0.0249666380971767,0,D2022-01864
1865,1865,16996.28252788104,0.0590290605846709,-0.0225735273597431,0,D2020-01865
1866,1866,16996.28252788104,0.887065521212539,-0.4572844426827051,1,D2020-01866
1867,1867,16996.28252788104,0.2692848914438207,0.4444492890197032,0,D2020-01867
1868,1868,15625.427204374571,0.5534396761666587,0.459281963194749,3,D2022-01868
1869,1869,15000.0,0.3081708375045064,0.2680434127311858,0,D2025-01869
1870,1870,16996.28252788104,0.5534396761666587,0.459281963194749,3,D2020-01870
1871,1871,17085.20179372197,0.3210115385398667,-0.1626812591077322,0,D2019-01871
1872,1872,28327.1375464684,0.0074239686857324,0.019157520630096,0,D2020-01872
1873,1873,16996.28252788104,0.5545768441445428,0.468865729753932,3,D2020-01873
1874,1874,16649.67225054625,0.887065521212539,-0.4572844426827051,1,D2021-01874
1875,1875,491759.1078066914,0.0079929608862606,0.0195809901581257,0,D2020-01875
1876,1876,15625.427204374571,0.887065521212539,-0.4572844426827051,1,D2022-01876
1877,1877,15159.151193633952,0.0995099514095536,0.0286558270707766,0,D2023-01877
1878,1878,16649.67225054625,0.558889803236791,0.3066938298019666,3,D2021-01878
1879,1879,16649.67225054625,0.887065521212539,-0.4572844426827051,1,D2021-01879
1880,1880,16649.67225054625,0.4561955248637752,0.6045190370228757,3,D2021-01880
1881,1881,15625.427204374571,0.1167321117490093,0.196243872648102,0,D2022-01881
1882,1882,15159.151193633952,0.2053573863271598,-0.0288252252095637,0,D2023-01882
1883,1883,16996.28252788104,0.887065521212539,-0.4572844426827051,1,D2020-01883
1884,1884,17490.43611323642,0.1221957073207931,0.0448916323215223,0,D2018-01884
1885,1885,50530.50397877984,0.0737905618913939,0.0840486311185456,0,D2023-01885
1886,1886,15625.427204374571,0.0,0.0,0,D2022-01886
1887,1887,40000.0,0.1428539181837298,-0.0544832561234106,0,D2024-01887
1888,1888,15625.427204374571,0.5545768441445428,0.468865729753932,3,D2022-01888
1889,1889,16996.28252788104,0.545973565957885,0.7201936012051111,3,D2020-01889
1890,1890,16649.67225054625,0.0052954642131055,0.0134644824367677,0,D2021-01890
1891,1891,40424.40318302388,0.0051850744819986,0.0090930491423612,0,D2023-01891
1892,1892,40000.0,0.017184751546677,0.0412319473955085,0,D2024-01892
1893,1893,40000.0,0.0367905210580015,0.0711423403582147,0,D2024-01893
1894,1894,20833.9029391661,0.0017182465598463,0.0038738283164299,0,D2022-01894
1895,1895,17085.20179372197,0.646268136560931,0.2389418022506655,3,D2019-01895
1896,1896,17490.43611323642,0.887065521212539,-0.4572844426827051,1,D2018-01896
1897,1897,25000.0,0.0098101363751089,0.0266388945758543,0,D2024-01897
1898,1898,25000.0,0.0086801797250654,0.0238662668245452,0,D2024-01898
1899,1899,25000.0,0.0095978776648601,0.0272777419069599,0,D2024-01899
1900,1900,16996.28252788104,0.545973565957885,0.7201936012051111,3,D2020-01900
1901,1901,17929.41176470588,0.1093086128244313,-0.0548391107896016,0,D2017-01901
1902,1902,17929.41176470588,0.1093086128244313,-0.0548391107896016,0,D2017-01902
1903,1903,60636.60477453581,0.1099562578429393,0.2356057670012976,0,D2023-01903
1904,1904,15000.0,0.3605626268116275,0.3145096887999944,0,D2024-01904
1905,1905,16649.67225054625,0.2852844396138867,0.6301902447423849,3,D2021-01905
1906,1906,17490.43611323642,0.887065521212539,-0.4572844426827051,1,D2018-01906
1907,1907,16996.28252788104,0.0348964683153171,0.0554614237697945,0,D2020-01907
1908,1908,15625.427204374571,0.887065521212539,-0.4572844426827051,1,D2022-01908
1909,1909,17085.20179372197,0.545973565957885,0.7201936012051111,3,D2019-01909
1910,1910,16649.67225054625,0.887065521212539,-0.4572844426827051,1,D2021-01910
1911,1911,17490.43611323642,0.2258200855335509,-0.117717913321529,0,D2018-01911
1912,1912,16996.28252788104,0.5545768441445428,0.468865729753932,3,D2020-01912
1913,1913,15625.427204374571,0.545973565957885,0.7201936012051111,3,D2022-01913
1914,1914,25000.0,0.0095978776648601,0.0272777419069599,0,D2024-01914
1915,1915,25000.0,0.0967606080045595,0.2127752985024589,0,D2024-01915
1916,1916,17929.41176470588,0.2556928910164887,0.1000134293652024,0,D2017-01916
1917,1917,15000.0,0.2053573863271598,-0.0288252252095637,0,D2024-01917
1918,1918,17929.41176470588,0.887065521212539,-0.4572844426827051,1,D2017-01918
1919,1919,17490.43611323642,0.887065521212539,-0.4572844426827051,1,D2018-01919
1920,1920,17490.43611323642,0.545973565957885,0.7201936012051111,3,D2018-01920
1921,1921,15625.427204374571,0.887065521212539,-0.4572844426827051,1,D2022-01921
1922,1922,15625.427204374571,0.5534396761666587,0.459281963194749,3,D2022-01922
1923,1923,15159.151193633952,0.887065521212539,-0.4572844426827051,1,D2023-01923
1924,1924,16649.67225054625,0.887065521212539,-0.4572844426827051,1,D2021-01924
1925,1925,15625.427204374571,0.0214381514031813,0.0422219770785572,0,D2022-01925
1926,1926,15000.0,0.0779683544293603,0.0004547506324834,0,D2024-01926
1927,1927,15000.0,0.2571152312962459,0.3105972716873807,0,D2024-01927
1928,1928,15000.0,0.6269426891814055,0.4831244642970946,3,D2024-01928
1929,1929,15159.151193633952,0.545973565957885,0.7201936012051111,3,D2023-01929
1930,1930,40000.0,0.3605626268116275,0.3145096887999944,0,D2025-01930
1931,1931,15159.151193633952,0.2053573863271598,-0.0288252252095637,0,D2023-01931
1932,1932,40000.0,0.5534396761666587,0.459281963194749,3,D2025-01932
1933,1933,40000.0,0.5534396761666587,0.459281963194749,3,D2025-01933
1934,1934,17490.43611323642,0.887065521212539,-0.4572844426827051,1,D2018-01934
1935,1935,17929.41176470588,0.646268136560931,0.2389418022506655,3,D2017-01935
1936,1936,15625.427204374571,0.5545768441445428,0.468865729753932,3,D2022-01936
1937,1937,16996.28252788104,0.887065521212539,-0.4572844426827051,1,D2020-01937
1938,1938,17929.41176470588,0.887065521212539,-0.4572844426827051,1,D2017-01938
1939,1939,17929.41176470588,0.1360200321964887,0.2397635975181574,0,D2017-01939
1940,1940,15625.427204374571,0.5534396761666587,0.459281963194749,3,D2022-01940
1941,1941,15625.427204374571,0.5545768441445428,0.468865729753932,3,D2022-01941
1942,1942,15625.427204374571,0.887065521212539,-0.4572844426827051,1,D2022-01942
1943,1943,16649.67225054625,0.3555307049268807,0.3027788813911262,0,D2021-01943
1944,1944,15159.151193633952,0.2335409704481808,0.2818515169697327,0,D2023-01944
1945,1945,15000.0,0.2053573863271598,-0.0288252252095637,0,D2024-01945
1946,1946,15000.0,0.5534396761666587,0.459281963194749,3,D2024-01946
1947,1947,15159.151193633952,0.0900658312913554,-0.0101070885407876,0,D2023-01947
1948,1948,15625.427204374571,0.5534396761666587,0.459281963194749,3,D2022-01948
1949,1949,16649.67225054625,0.545973565957885,0.7201936012051111,3,D2021-01949
1950,1950,15625.427204374571,0.887065521212539,-0.4572844426827051,1,D2022-01950
1951,1951,16649.67225054625,0.3881081579238521,0.3024834566544278,0,D2021-01951
1952,1952,15000.0,0.2571152312962459,0.3105972716873807,0,D2024-01952
1953,1953,15625.427204374571,0.4495392206830262,0.576874443352927,3,D2022-01953
1954,1954,15625.427204374571,0.545973565957885,0.7201936012051111,3,D2022-01954
1955,1955,17929.41176470588,0.887065521212539,-0.4572844426827051,1,D2017-01955
1956,1956,15625.427204374571,0.5545768441445428,0.468865729753932,3,D2022-01956
1957,1957,16649.67225054625,0.5534396761666587,0.459281963194749,3,D2021-01957
1958,1958,15625.427204374571,0.887065521212539,-0.4572844426827051,1,D2022-01958
1959,1959,17085.20179372197,0.3888193914819058,0.1495086238073527,0,D2019-01959
1960,1960,15159.151193633952,0.887065521212539,-0.4572844426827051,1,D2023-01960
1961,1961,15625.427204374571,0.887065521212539,-0.4572844426827051,1,D2022-01961
1962,1962,16996.28252788104,0.0348964683153171,0.0554614237697945,0,D2020-01962
1963,1963,17929.41176470588,0.887065521212539,-0.4572844426827051,1,D2017-01963
1964,1964,17929.41176470588,0.887065521212539,-0.4572844426827051,1,D2017-01964
1965,1965,22199.56300072833,0.0547720907572006,0.0239673798688859,0,D2021-01965
1966,1966,17929.41176470588,0.887065521212539,-0.4572844426827051,1,D2017-01966
1967,1967,16649.67225054625,0.887065521212539,-0.4572844426827051,1,D2021-01967
1968,1968,15625.427204374571,0.5545768441445428,0.468865729753932,3,D2022-01968
1969,1969,16996.28252788104,0.887065521212539,-0.4572844426827051,1,D2020-01969
1970,1970,233205.8148431523,0.0848206101684435,0.1808106205835685,0,D2018-01970
1971,1971,15000.0,0.2350744496439364,0.2857529470273482,0,D2024-01971
1972,1972,40000.0,0.3605626268116275,0.3145096887999944,0,D2025-01972
1973,1973,40000.0,0.3605626268116275,0.3145096887999944,0,D2024-01973
1974,1974,15000.0,0.5534396761666587,0.459281963194749,3,D2024-01974
1975,1975,15000.0,0.2053573863271598,-0.0288252252095637,0,D2024-01975
1976,1976,17929.41176470588,0.887065521212539,-0.4572844426827051,1,D2017-01976
1977,1977,17929.41176470588,0.0005735785236101,0.0012172189541453,0,D2017-01977
1978,1978,17929.41176470588,0.2556928910164887,0.1000134293652024,0,D2017-01978
1979,1979,17085.20179372197,0.887065521212539,-0.4572844426827051,1,D2019-01979
1980,1980,16649.67225054625,0.545973565957885,0.7201936012051111,3,D2021-01980
1981,1981,17490.43611323642,0.0,0.0,0,D2018-01981
1982,1982,17490.43611323642,0.545973565957885,0.7201936012051111,3,D2018-01982
1983,1983,17490.43611323642,0.887065521212539,-0.4572844426827051,1,D2018-01983
1984,1984,17929.41176470588,0.545973565957885,0.7201936012051111,3,D2017-01984
1985,1985,284753.36322869954,0.0428476492194828,0.0903340651263317,0,D2019-01985
1986,1986,17490.43611323642,0.545973565957885,0.7201936012051111,3,D2018-01986
1987,1987,16649.67225054625,0.2087182237946988,-0.1043755260474003,0,D2021-01987
1988,1988,17490.43611323642,0.887065521212539,-0.4572844426827051,1,D2018-01988
1989,1989,17490.43611323642,0.545973565957885,0.7201936012051111,3,D2018-01989
1990,1990,17929.41176470588,0.887065521212539,-0.4572844426827051,1,D2017-01990
1991,1991,17085.20179372197,0.887065521212539,-0.4572844426827051,1,D2019-01991
1992,1992,17490.43611323642,0.545973565957885,0.7201936012051111,3,D2018-01992
1993,1993,16996.28252788104,0.5545768441445428,0.468865729753932,3,D2020-01993
1994,1994,15000.0,0.3595486104043427,0.31797252368592,0,D2024-01994
1995,1995,23905.88235294118,0.0,0.0,0,D2017-01995
1996,1996,17929.41176470588,0.646268136560931,0.2389418022506655,3,D2017-01996
1997,1997,60000.0,0.0095420896666324,0.0265781700373922,0,D2025-01997
1998,1998,17929.41176470588,0.646268136560931,0.2389418022506655,3,D2017-01998
1999,1999,17929.41176470588,0.646268136560931,0.2389418022506655,3,D2017-01999
2000,2000,17929.41176470588,0.545973565957885,0.7201936012051111,3,D2017-02000
2001,2001,17490.43611323642,0.0301813455305103,0.052201266827123,0,D2018-02001
2002,2002,18224.21524663677,0.0069879514419336,0.0171073733916099,0,D2019-02002
2003,2003,16649.67225054625,0.558889803236791,0.3066938298019666,3,D2021-02003
2004,2004,16996.28252788104,0.887065521212539,-0.4572844426827051,1,D2020-02004
2005,2005,17929.41176470588,0.545973565957885,0.7201936012051111,3,D2017-02005
2006,2006,15625.427204374571,0.887065521212539,-0.4572844426827051,1,D2022-02006
2007,2007,15000.0,0.264986590188055,0.2405879483093941,0,D2024-02007
2008,2008,16996.28252788104,0.545973565957885,0.7201936012051111,3,D2020-02008
2009,2009,17929.41176470588,0.4898189952913064,0.5716533783149209,3,D2017-02009
2010,2010,40000.0,0.2351984929048936,0.2355310204370733,0,D2024-02010
2011,2011,17490.43611323642,0.545973565957885,0.7201936012051111,3,D2018-02011
2012,2012,17490.43611323642,0.887065521212539,-0.4572844426827051,1,D2018-02012
2013,2013,17490.43611323642,0.887065521212539,-0.4572844426827051,1,D2018-02013
2014,2014,15625.427204374571,0.5545768441445428,0.468865729753932,3,D2022-02014
2015,2015,17929.41176470588,0.646268136560931,0.2389418022506655,3,D2017-02015
2016,2016,16649.67225054625,0.188125643650428,-0.0912769873064225,0,D2021-02016
2017,2017,17490.43611323642,0.0,0.0,0,D2018-02017
2018,2018,16996.28252788104,0.887065521212539,-0.4572844426827051,1,D2020-02018
2019,2019,16649.67225054625,0.887065521212539,-0.4572844426827051,1,D2021-02019
2020,2020,17490.43611323642,0.545973565957885,0.7201936012051111,3,D2018-02020
2021,2021,17929.41176470588,0.887065521212539,-0.4572844426827051,1,D2017-02021
2022,2022,15000.0,0.887065521212539,-0.4572844426827051,1,D2024-02022
2023,2023,17085.20179372197,0.887065521212539,-0.4572844426827051,1,D2019-02023
2024,2024,17490.43611323642,0.887065521212539,-0.4572844426827051,1,D2018-02024
2025,2025,17929.41176470588,0.0,0.0,0,D2017-02025
2026,2026,16649.67225054625,0.887065521212539,-0.4572844426827051,1,D2021-02026
2027,2027,17490.43611323642,0.887065521212539,-0.4572844426827051,1,D2018-02027
2028,2028,29882.352941176472,0.0007408510226466,0.0015827905843487,0,D2017-02028
2029,2029,17929.41176470588,0.2554027926193349,-0.1261910563674308,0,D2017-02029
2030,2030,15625.427204374571,0.5545768441445428,0.468865729753932,3,D2022-02030
2031,2031,29882.352941176472,0.0011661265170634,0.001844580950442,0,D2017-02031
2032,2032,17490.43611323642,0.1829622744079164,-0.0815834312675509,0,D2018-02032
2033,2033,17929.41176470588,0.2258200855335509,-0.117717913321529,0,D2017-02033
2034,2034,17085.20179372197,0.558889803236791,0.3066938298019666,3,D2019-02034
2035,2035,17085.20179372197,0.545973565957885,0.7201936012051111,3,D2019-02035
2036,2036,17490.43611323642,0.887065521212539,-0.4572844426827051,1,D2018-02036
2037,2037,17929.41176470588,0.545973565957885,0.7201936012051111,3,D2017-02037
2038,2038,17490.43611323642,0.0002710720381077,-1.827760984827467e-06,0,D2018-02038
2039,2039,16996.28252788104,0.264738177805675,0.3895956349593268,0,D2020-02039
2040,2040,15625.427204374571,0.887065521212539,-0.4572844426827051,1,D2022-02040
2041,2041,15000.0,0.3605626268116275,0.3145096887999944,0,D2024-02041
2042,2042,17490.43611323642,0.545973565957885,0.7201936012051111,3,D2018-02042
2043,2043,16996.28252788104,0.0348964683153171,0.0554614237697945,0,D2020-02043
2044,2044,17490.43611323642,0.887065521212539,-0.4572844426827051,1,D2018-02044
2045,2045,15625.427204374571,0.2053573863271598,-0.0288252252095637,0,D2022-02045
2046,2046,68000.0,0.0524340564306564,0.1071906780894664,0,D2025-02046
2047,2047,15625.427204374571,0.0491604536139939,0.06912412156418,0,D2022-02047
2048,2048,17490.43611323642,0.887065521212539,-0.4572844426827051,1,D2018-02048
2049,2049,17490.43611323642,0.887065521212539,-0.4572844426827051,1,D2018-02049
2050,2050,15625.427204374571,0.5534396761666587,0.459281963194749,3,D2022-02050
2051,2051,16649.67225054625,0.5534396761666587,0.459281963194749,3,D2021-02051
2052,2052,17490.43611323642,0.545973565957885,0.7201936012051111,3,D2018-02052
2053,2053,17929.41176470588,0.0009172831162764,0.001420167211831,0,D2017-02053
2054,2054,17490.43611323642,0.887065521212539,-0.4572844426827051,1,D2018-02054
2055,2055,17085.20179372197,0.887065521212539,-0.4572844426827051,1,D2019-02055
2056,2056,15159.151193633952,0.5534396761666587,0.459281963194749,3,D2023-02056
2057,2057,15625.427204374571,0.887065521212539,-0.4572844426827051,1,D2022-02057
2058,2058,16996.28252788104,0.887065521212539,-0.4572844426827051,1,D2020-02058
2059,2059,15159.151193633952,0.887065521212539,-0.4572844426827051,1,D2023-02059
2060,2060,15000.0,0.3605626268116275,0.3145096887999944,0,D2024-02060
2061,2061,17490.43611323642,0.887065521212539,-0.4572844426827051,1,D2018-02061
2062,2062,17490.43611323642,0.887065521212539,-0.4572844426827051,1,D2018-02062
2063,2063,15000.0,0.027890264165193,0.055783097065389,0,D2024-02063
2064,2064,17085.20179372197,0.545973565957885,0.7201936012051111,3,D2019-02064
2065,2065,17929.41176470588,0.887065521212539,-0.4572844426827051,1,D2017-02065
2066,2066,17490.43611323642,0.887065521212539,-0.4572844426827051,1,D2018-02066
2067,2067,17929.41176470588,0.2258200855335509,-0.117717913321529,0,D2017-02067
2068,2068,16649.67225054625,0.0479568525568107,0.1013218278247426,0,D2021-02068
2069,2069,17929.41176470588,0.0,0.0,0,D2017-02069
2070,2070,17490.43611323642,0.887065521212539,-0.4572844426827051,1,D2018-02070
2071,2071,15159.151193633952,0.0767782150189787,-0.0080852461559622,0,D2023-02071
2072,2072,15159.151193633952,0.0779683544293603,0.0004547506324834,0,D2023-02072
2073,2073,15000.0,0.0285070135947387,0.0569185296127889,0,D2024-02073
2074,2074,17490.43611323642,0.0957977624659927,-0.0432781949357902,0,D2018-02074
2075,2075,16649.67225054625,0.887065521212539,-0.4572844426827051,1,D2021-02075
2076,2076,16996.28252788104,0.887065521212539,-0.4572844426827051,1,D2020-02076
2077,2077,17490.43611323642,0.2221310215655728,-0.105894584986223,0,D2018-02077
2078,2078,17929.41176470588,0.887065521212539,-0.4572844426827051,1,D2017-02078
2079,2079,17929.41176470588,0.887065521212539,-0.4572844426827051,1,D2017-02079
2080,2080,17085.20179372197,0.5534396761666587,0.459281963194749,3,D2019-02080
2081,2081,17929.41176470588,0.0,0.0,0,D2017-02081
2082,2082,17929.41176470588,0.0,0.0,0,D2017-02082
2083,2083,17929.41176470588,0.4898189952913064,0.5716533783149209,3,D2017-02083
2084,2084,17085.20179372197,0.545973565957885,0.7201936012051111,3,D2019-02084
2085,2085,15625.427204374571,0.0351134972522875,0.067361011738314,0,D2022-02085
2086,2086,17490.43611323642,0.887065521212539,-0.4572844426827051,1,D2018-02086
2087,2087,15159.151193633952,0.5534396761666587,0.459281963194749,3,D2023-02087
2088,2088,22780.26905829596,0.1504878279514326,-0.0766007202627501,0,D2019-02088
2089,2089,17085.20179372197,0.0845574891283614,-0.0329442913981167,0,D2019-02089
2090,2090,15159.151193633952,0.887065521212539,-0.4572844426827051,1,D2023-02090
2091,2091,15159.151193633952,0.887065521212539,-0.4572844426827051,1,D2023-02091
2092,2092,17929.41176470588,0.887065521212539,-0.4572844426827051,1,D2017-02092
2093,2093,17929.41176470588,0.0,0.0,0,D2017-02093
2094,2094,17929.41176470588,0.0016838005831315,0.0021344008538213,0,D2017-02094
2095,2095,15625.427204374571,0.887065521212539,-0.4572844426827051,1,D2022-02095
2096,2096,17929.41176470588,0.887065521212539,-0.4572844426827051,1,D2017-02096
2097,2097,17929.41176470588,0.887065521212539,-0.4572844426827051,1,D2017-02097
2098,2098,15625.427204374571,0.2087182237946988,-0.1043755260474003,0,D2022-02098
2099,2099,17490.43611323642,0.545973565957885,0.7201936012051111,3,D2018-02099
2100,2100,15159.151193633952,0.5534396761666587,0.459281963194749,3,D2023-02100
2101,2101,15000.0,0.0856902271409,0.1405268688968284,0,D2024-02101
2102,2102,23905.88235294118,0.0010681185394462,0.0019299677890157,0,D2017-02102
2103,2103,17490.43611323642,0.545973565957885,0.7201936012051111,3,D2018-02103
2104,2104,16649.67225054625,0.545973565957885,0.7201936012051111,3,D2021-02104
2105,2105,35886.876817138495,0.0016838005831315,0.0021344008538213,0,D2018-02105
2106,2106,35886.876817138495,0.0016838005831315,0.0021344008538213,0,D2018-02106
2107,2107,17490.43611323642,0.887065521212539,-0.4572844426827051,1,D2018-02107
2108,2108,35886.876817138495,0.0016838005831315,0.0021344008538213,0,D2018-02108
2109,2109,17929.41176470588,0.545973565957885,0.7201936012051111,3,D2017-02109
2110,2110,17085.20179372197,0.0,0.0,0,D2019-02110
2111,2111,17490.43611323642,0.887065521212539,-0.4572844426827051,1,D2018-02111
2112,2112,17490.43611323642,0.887065521212539,-0.4572844426827051,1,D2018-02112
2113,2113,17085.20179372197,0.545973565957885,0.7201936012051111,3,D2019-02113
2114,2114,15159.151193633952,0.5534396761666587,0.459281963194749,3,D2023-02114
2115,2115,17929.41176470588,0.0,0.0,0,D2017-02115
2116,2116,17085.20179372197,0.545973565957885,0.7201936012051111,3,D2019-02116
2117,2117,16649.67225054625,0.5545768441445428,0.468865729753932,3,D2021-02117
2118,2118,17929.41176470588,0.887065521212539,-0.4572844426827051,1,D2017-02118
2119,2119,16996.28252788104,0.5545768441445428,0.468865729753932,3,D2020-02119
2120,2120,15625.427204374571,0.2724439991961342,0.2593659250055304,0,D2022-02120
2121,2121,16996.28252788104,0.5534396761666587,0.459281963194749,3,D2020-02121
2122,2122,40000.0,0.0900658312913554,-0.0101070885407876,0,D2024-02122
2123,2123,17929.41176470588,0.646268136560931,0.2389418022506655,3,D2017-02123
2124,2124,16996.28252788104,0.887065521212539,-0.4572844426827051,1,D2020-02124
2125,2125,17929.41176470588,0.1697171073525458,-0.0865728834967957,0,D2017-02125
2126,2126,17085.20179372197,0.545973565957885,0.7201936012051111,3,D2019-02126
2127,2127,40000.0,0.383668283663209,0.3277986453537835,0,D2025-02127
2128,2128,17929.41176470588,0.887065521212539,-0.4572844426827051,1,D2017-02128
2129,2129,17929.41176470588,0.6278046953351442,-0.3233043827266405,1,D2017-02129
2130,2130,16996.28252788104,0.545973565957885,0.7201936012051111,3,D2020-02130
2131,2131,17085.20179372197,0.887065521212539,-0.4572844426827051,1,D2019-02131
2132,2132,17085.20179372197,0.1043167323361795,-0.0380791389197352,0,D2019-02132
2133,2133,17929.41176470588,0.887065521212539,-0.4572844426827051,1,D2017-02133
2134,2134,17490.43611323642,0.887065521212539,-0.4572844426827051,1,D2018-02134
2135,2135,17490.43611323642,0.545973565957885,0.7201936012051111,3,D2018-02135
2136,2136,19822.494261667947,0.0187709701755187,0.0347050966942204,0,D2018-02136
2137,2137,17929.41176470588,0.0,0.0,0,D2017-02137
2138,2138,17490.43611323642,0.887065521212539,-0.4572844426827051,1,D2018-02138
2139,2139,15159.151193633952,0.0348964683153171,0.0554614237697945,0,D2023-02139
2140,2140,17490.43611323642,0.887065521212539,-0.4572844426827051,1,D2018-02140
2141,2141,41667.8058783322,0.0171110862796354,0.0368141394646867,0,D2022-02141
2142,2142,17085.20179372197,0.545973565957885,0.7201936012051111,3,D2019-02142
2143,2143,15159.151193633952,0.3595486104043427,0.31797252368592,0,D2023-02143
2144,2144,15159.151193633952,0.5534396761666587,0.459281963194749,3,D2023-02144
2145,2145,17490.43611323642,0.0,0.0,0,D2018-02145
2146,2146,17929.41176470588,0.545973565957885,0.7201936012051111,3,D2017-02146
2147,2147,17929.41176470588,0.2258200855335509,-0.117717913321529,0,D2017-02147
2148,2148,17929.41176470588,0.545973565957885,0.7201936012051111,3,D2017-02148
2149,2149,15159.151193633952,0.887065521212539,-0.4572844426827051,1,D2023-02149
2150,2150,17490.43611323642,0.887065521212539,-0.4572844426827051,1,D2018-02150
2151,2151,16996.28252788104,0.887065521212539,-0.4572844426827051,1,D2020-02151
2152,2152,40000.0,0.2053573863271598,-0.0288252252095637,0,D2025-02152
2153,2153,17929.41176470588,0.887065521212539,-0.4572844426827051,1,D2017-02153
2154,2154,17490.43611323642,0.2556928910164887,0.1000134293652024,0,D2018-02154
2155,2155,16649.67225054625,0.887065521212539,-0.4572844426827051,1,D2021-02155
2156,2156,15159.151193633952,0.887065521212539,-0.4572844426827051,1,D2023-02156
2157,2157,35858.82352941176,0.0120411410774692,0.0251235056257764,0,D2017-02157
2158,2158,17929.41176470588,0.0,0.0,0,D2017-02158
2159,2159,17085.20179372197,0.887065521212539,-0.4572844426827051,1,D2019-02159
2160,2160,34221.2705882353,0.0518180905064133,0.1085427455628099,0,D2017-02160
2161,2161,34221.2705882353,0.0518180905064133,0.1085427455628099,0,D2017-02161
2162,2162,35858.82352941176,0.0120411410774692,0.0251235056257764,0,D2017-02162
2163,2163,16996.28252788104,0.4497569063441393,0.5351547525592273,3,D2020-02163
2164,2164,17929.41176470588,0.545973565957885,0.7201936012051111,3,D2017-02164
2165,2165,17929.41176470588,0.887065521212539,-0.4572844426827051,1,D2017-02165
2166,2166,17929.41176470588,0.887065521212539,-0.4572844426827051,1,D2017-02166
2167,2167,17929.41176470588,0.2258200855335509,-0.117717913321529,0,D2017-02167
2168,2168,17085.20179372197,0.4206962659296289,0.5439070226212035,3,D2019-02168
2169,2169,17490.43611323642,0.887065521212539,-0.4572844426827051,1,D2018-02169
2170,2170,17490.43611323642,0.887065521212539,-0.4572844426827051,1,D2018-02170
2171,2171,17490.43611323642,0.887065521212539,-0.4572844426827051,1,D2018-02171
2172,2172,17085.20179372197,0.2221310215655728,-0.105894584986223,0,D2019-02172
2173,2173,15159.151193633952,0.545973565957885,0.7201936012051111,3,D2023-02173
2174,2174,17929.41176470588,0.887065521212539,-0.4572844426827051,1,D2017-02174
2175,2175,17085.20179372197,0.545973565957885,0.7201936012051111,3,D2019-02175
2176,2176,15625.427204374571,0.0426577592650906,0.0498278831227649,0,D2022-02176
2177,2177,15000.0,0.2254970212819837,0.2623130495478308,0,D2024-02177
2178,2178,15159.151193633952,0.3595486104043427,0.31797252368592,0,D2023-02178
2179,2179,15000.0,0.1897869006560104,0.2264056039613093,0,D2024-02179
2180,2180,16996.28252788104,0.887065521212539,-0.4572844426827051,1,D2020-02180
2181,2181,16649.67225054625,0.887065521212539,-0.4572844426827051,1,D2021-02181
2182,2182,5053.050397877984,0.0035286850550448,0.0059690530339897,0,D2023-02182
2183,2183,15000.0,0.3081708375045064,0.2680434127311858,0,D2024-02183
2184,2184,16649.67225054625,0.887065521212539,-0.4572844426827051,1,D2021-02184
2185,2185,17490.43611323642,0.887065521212539,-0.4572844426827051,1,D2018-02185
2186,2186,17490.43611323642,0.887065521212539,-0.4572844426827051,1,D2018-02186
2187,2187,16996.28252788104,0.545973565957885,0.7201936012051111,3,D2020-02187
2188,2188,17490.43611323642,0.2285889725939283,-0.1099531151578676,0,D2018-02188
2189,2189,17085.20179372197,0.6266972503245193,-0.3233963004655211,1,D2019-02189
2190,2190,15625.427204374571,0.887065521212539,-0.4572844426827051,1,D2022-02190
2191,2191,17929.41176470588,0.0295946365683638,0.0601115353785374,0,D2017-02191
2192,2192,20833.9029391661,0.1241859998342135,0.2076480075586302,0,D2022-02192
2193,2193,17490.43611323642,0.545973565957885,0.7201936012051111,3,D2018-02193
2194,2194,15000.0,0.2053573863271598,-0.0288252252095637,0,D2024-02194
2195,2195,17490.43611323642,0.545973565957885,0.7201936012051111,3,D2018-02195
2196,2196,28327.1375464684,0.0817425894927332,0.1730824718203309,0,D2020-02196
2197,2197,17490.43611323642,0.2221310215655728,-0.105894584986223,0,D2018-02197
2198,2198,15159.151193633952,0.0520034303299837,0.0602240569211737,0,D2023-02198
2199,2199,20833.9029391661,0.0944246657462297,0.2071217875083828,0,D2022-02199
2200,2200,28327.1375464684,0.0817425894927332,0.1730824718203309,0,D2020-02200
2201,2201,17085.20179372197,0.545973565957885,0.7201936012051111,3,D2019-02201
2202,2202,17085.20179372197,0.887065521212539,-0.4572844426827051,1,D2019-02202
2203,2203,17490.43611323642,0.887065521212539,-0.4572844426827051,1,D2018-02203
2204,2204,15625.427204374571,0.0008854886317151,0.0025005245494338,0,D2022-02204
2205,2205,17929.41176470588,0.887065521212539,-0.4572844426827051,1,D2017-02205
2206,2206,17085.20179372197,0.545973565957885,0.7201936012051111,3,D2019-02206
2207,2207,16996.28252788104,0.887065521212539,-0.4572844426827051,1,D2020-02207
2208,2208,16996.28252788104,0.0348964683153171,0.0554614237697945,0,D2020-02208
2209,2209,17085.20179372197,0.545973565957885,0.7201936012051111,3,D2019-02209
2210,2210,15625.427204374571,0.5545768441445428,0.468865729753932,3,D2022-02210
2211,2211,17085.20179372197,0.887065521212539,-0.4572844426827051,1,D2019-02211
2212,2212,17929.41176470588,0.2556928910164887,0.1000134293652024,0,D2017-02212
2213,2213,17490.43611323642,0.6266972503245193,-0.3233963004655211,1,D2018-02213
2214,2214,17490.43611323642,0.545973565957885,0.7201936012051111,3,D2018-02214
2215,2215,16996.28252788104,0.887065521212539,-0.4572844426827051,1,D2020-02215
2216,2216,17085.20179372197,0.887065521212539,-0.4572844426827051,1,D2019-02216
2217,2217,17929.41176470588,0.545973565957885,0.7201936012051111,3,D2017-02217
2218,2218,17490.43611323642,0.887065521212539,-0.4572844426827051,1,D2018-02218
2219,2219,16996.28252788104,0.545973565957885,0.7201936012051111,3,D2020-02219
2220,2220,17490.43611323642,0.2556928910164887,0.1000134293652024,0,D2018-02220
2221,2221,17085.20179372197,0.3906708340427253,0.6274094985553037,3,D2019-02221
2222,2222,17929.41176470588,0.646268136560931,0.2389418022506655,3,D2017-02222
2223,2223,23905.88235294118,0.545973565957885,0.7201936012051111,3,D2017-02223
2224,2224,17085.20179372197,0.887065521212539,-0.4572844426827051,1,D2019-02224
2225,2225,16649.67225054625,0.5545768441445428,0.468865729753932,3,D2021-02225
2226,2226,16649.67225054625,0.5545768441445428,0.468865729753932,3,D2021-02226
2227,2227,17490.43611323642,0.887065521212539,-0.4572844426827051,1,D2018-02227
2228,2228,17085.20179372197,0.545973565957885,0.7201936012051111,3,D2019-02228
2229,2229,16996.28252788104,0.887065521212539,-0.4572844426827051,1,D2020-02229
2230,2230,16649.67225054625,0.887065521212539,-0.4572844426827051,1,D2021-02230
2231,2231,15625.427204374571,0.0527333398921276,-0.0170031196277221,0,D2022-02231
2232,2232,17929.41176470588,0.0,0.0,0,D2017-02232
2233,2233,17085.20179372197,0.0590290605846709,-0.0225735273597431,0,D2019-02233
2234,2234,17490.43611323642,0.4898189952913064,0.5716533783149209,3,D2018-02234
2235,2235,19239.479724560064,0.0055503511403954,0.01333047832019,0,D2018-02235
2236,2236,17085.20179372197,0.188125643650428,-0.0912769873064225,0,D2019-02236
2237,2237,16996.28252788104,0.887065521212539,-0.4572844426827051,1,D2020-02237
2238,2238,15159.151193633952,0.5534396761666587,0.459281963194749,3,D2023-02238
2239,2239,15000.0,0.0133120010383594,0.0335345612753485,0,D2024-02239
2240,2240,23320.58148431523,0.0551134930411376,0.1135045253255978,0,D2018-02240
2241,2241,16649.67225054625,0.0546094121309499,0.110387007129927,0,D2021-02241
2242,2242,17490.43611323642,0.0778490732750593,-0.0289401232794921,0,D2018-02242
2243,2243,16649.67225054625,0.5545768441445428,0.468865729753932,3,D2021-02243
2244,2244,16649.67225054625,0.887065521212539,-0.4572844426827051,1,D2021-02244
2245,2245,17085.20179372197,0.545973565957885,0.7201936012051111,3,D2019-02245
2246,2246,16996.28252788104,0.0559919475811993,-0.0138096753201548,0,D2020-02246
2247,2247,17490.43611323642,0.5364155105898365,0.6904821558214014,3,D2018-02247
2248,2248,17490.43611323642,0.887065521212539,-0.4572844426827051,1,D2018-02248
2249,2249,550143.4977578475,0.007393076539077,0.0178710879008112,0,D2019-02249
2250,2250,15000.0,0.3605626268116275,0.3145096887999944,0,D2024-02250
2251,2251,15625.427204374571,0.1125024332139731,0.2423531302973482,0,D2022-02251
2252,2252,17085.20179372197,0.887065521212539,-0.4572844426827051,1,D2019-02252
2253,2253,23320.58148431523,0.0362641103305822,0.0682407896835138,0,D2018-02253
2254,2254,23320.58148431523,0.0362641103305822,0.0682407896835138,0,D2018-02254
2255,2255,15625.427204374571,0.1125024332139731,0.2423531302973482,0,D2022-02255
2256,2256,17929.41176470588,0.4898189952913064,0.5716533783149209,3,D2017-02256
2257,2257,88798.25200291332,0.0641601274465028,0.1338042902620559,0,D2021-02257
2258,2258,20212.201591511937,0.1329139738670035,-0.0623204870356118,0,D2023-02258
2259,2259,16996.28252788104,0.0013801205477517,0.0019596976484639,0,D2020-02259
2260,2260,15625.427204374571,0.887065521212539,-0.4572844426827051,1,D2022-02260
2261,2261,16996.28252788104,0.545973565957885,0.7201936012051111,3,D2020-02261
2262,2262,17085.20179372197,0.5001263163642853,0.6781549152288618,3,D2019-02262
2263,2263,17085.20179372197,0.545973565957885,0.7201936012051111,3,D2019-02263
2264,2264,16996.28252788104,0.545973565957885,0.7201936012051111,3,D2020-02264
2265,2265,15625.427204374571,0.0348964683153171,0.0554614237697945,0,D2022-02265
2266,2266,15000.0,0.2053573863271598,-0.0288252252095637,0,D2024-02266
2267,2267,17085.20179372197,0.0663595037712223,0.0139439856688113,0,D2019-02267
2268,2268,17085.20179372197,0.0663595037712223,0.0139439856688113,0,D2019-02268
2269,2269,20988.523335883707,0.0868015424870065,-0.0172499824979726,0,D2018-02269
2270,2270,34980.87222647284,0.0597195314775455,0.120894678357575,0,D2018-02270
2271,2271,16649.67225054625,0.0214381514031813,0.0422219770785572,0,D2021-02271
2272,2272,17085.20179372197,0.887065521212539,-0.4572844426827051,1,D2019-02272
2273,2273,11952.94117647059,0.0057706986400797,0.013965927734146,0,D2017-02273
2274,2274,11952.94117647059,0.0063963311336256,0.0141319110182069,0,D2017-02274
2275,2275,17490.43611323642,0.887065521212539,-0.4572844426827051,1,D2018-02275
2276,2276,17929.41176470588,0.545973565957885,0.7201936012051111,3,D2017-02276
2277,2277,15000.0,0.887065521212539,-0.4572844426827051,1,D2024-02277
2278,2278,17490.43611323642,0.887065521212539,-0.4572844426827051,1,D2018-02278
2279,2279,16649.67225054625,0.5545768441445428,0.468865729753932,3,D2021-02279
2280,2280,53637.33741392503,0.0063483653048806,0.0160191153440616,0,D2018-02280
2281,2281,53637.33741392503,0.0063483653048806,0.0160191153440616,0,D2018-02281
2282,2282,17929.41176470588,0.064646621139739,-0.011985519685331,0,D2017-02282
2283,2283,17490.43611323642,0.887065521212539,-0.4572844426827051,1,D2018-02283
2284,2284,56654.2750929368,0.0880600086997912,0.1961140550346907,0,D2020-02284
2285,2285,15625.427204374571,0.887065521212539,-0.4572844426827051,1,D2022-02285
2286,2286,29150.72685539404,0.0060091747512776,0.0150915691053467,0,D2018-02286
2287,2287,17085.20179372197,0.545973565957885,0.7201936012051111,3,D2019-02287
2288,2288,28327.1375464684,0.0074239686857324,0.019157520630096,0,D2020-02288
2289,2289,20833.9029391661,0.1241859998342135,0.2076480075586302,0,D2022-02289
2290,2290,15159.151193633952,0.5534396761666587,0.459281963194749,3,D2023-02290
2291,2291,20212.201591511937,0.0241559988170028,0.0428607688031074,0,D2023-02291
2292,2292,67500.0,0.0930753933044054,0.2043555717504641,0,D2025-02292
2293,2293,43751.196172248805,0.0039269290702738,0.005270545180342,0,D2022-02293
2294,2294,39773.81659603555,0.0001520029716562,0.0005481918886904,0,D2022-02294
2295,2295,39773.81659603555,0.0001520029716562,0.0005481918886904,0,D2022-02295
2296,2296,15625.427204374571,0.3026786718590334,0.2426038823856232,0,D2022-02296
2297,2297,15159.151193633952,0.5545768441445428,0.468865729753932,3,D2023-02297
2298,2298,40000.0,0.2053573863271598,-0.0288252252095637,0,D2024-02298
2299,2299,15159.151193633952,0.5545768441445428,0.468865729753932,3,D2023-02299
2300,2300,15625.427204374571,0.887065521212539,-0.4572844426827051,1,D2022-02300
2301,2301,15625.427204374571,0.5545768441445428,0.468865729753932,3,D2022-02301
2302,2302,15159.151193633952,0.5545768441445428,0.468865729753932,3,D2023-02302
2303,2303,17490.43611323642,0.545973565957885,0.7201936012051111,3,D2018-02303
2304,2304,15159.151193633952,0.558889803236791,0.3066938298019666,3,D2023-02304
2305,2305,26042.37867395762,0.0257510020810913,0.0486975093029687,0,D2022-02305
2306,2306,68000.0,0.057238118006679,0.1151960254446906,0,D2025-02306
2307,2307,15625.427204374571,0.5545768441445428,0.468865729753932,3,D2022-02307
2308,2308,15625.427204374571,0.5545768441445428,0.468865729753932,3,D2022-02308
2309,2309,15625.427204374571,0.5545768441445428,0.468865729753932,3,D2022-02309
2310,2310,40000.0,0.3605626268116275,0.3145096887999944,0,D2025-02310
2311,2311,15625.427204374571,0.5534396761666587,0.459281963194749,3,D2022-02311
2312,2312,50530.50397877984,0.0367905210580015,0.0711423403582147,0,D2023-02312
2313,2313,15625.427204374571,0.545973565957885,0.7201936012051111,3,D2022-02313
2314,2314,16996.28252788104,0.545973565957885,0.7201936012051111,3,D2020-02314
2315,2315,15625.427204374571,0.2240287559226729,-0.1131514995941379,0,D2022-02315
2316,2316,17490.43611323642,0.545973565957885,0.7201936012051111,3,D2018-02316
2317,2317,15625.427204374571,0.887065521212539,-0.4572844426827051,1,D2022-02317
2318,2318,15159.151193633952,0.3595486104043427,0.31797252368592,0,D2023-02318
2319,2319,15625.427204374571,0.545973565957885,0.7201936012051111,3,D2022-02319
2320,2320,610000.0,0.003146671672728,0.0044823083983551,0,D2025-02320
2321,2321,15159.151193633952,0.887065521212539,-0.4572844426827051,1,D2023-02321
2322,2322,610000.0,0.0050040445224282,0.0042280466778518,0,D2025-02322
2323,2323,15159.151193633952,0.0348964683153171,0.0554614237697945,0,D2023-02323
2324,2324,15625.427204374571,0.0439359947995372,0.0613091447137657,0,D2022-02324
2325,2325,15000.0,0.2571152312962459,0.3105972716873807,0,D2024-02325
2326,2326,15625.427204374571,0.5545768441445428,0.468865729753932,3,D2022-02326
2327,2327,15000.0,0.0779683544293603,0.0004547506324834,0,D2024-02327
2328,2328,72000.0,0.014189167918215,0.0340334444588281,0,D2024-02328
2329,2329,15159.151193633952,0.887065521212539,-0.4572844426827051,1,D2023-02329
2330,2330,22917.293233082702,0.1084992016423882,-0.0022226400298189,0,D2022-02330
2331,2331,22917.293233082702,0.1084992016423882,-0.0022226400298189,0,D2022-02331
2332,2332,22917.293233082702,0.1084992016423882,-0.0022226400298189,0,D2022-02332
2333,2333,22917.293233082702,0.096603908620533,-0.0015425206961914,0,D2022-02333
2334,2334,22917.293233082702,0.1084992016423882,-0.0022226400298189,0,D2022-02334
2335,2335,22917.293233082702,0.1084992016423882,-0.0022226400298189,0,D2022-02335
2336,2336,22917.293233082702,0.1084992016423882,-0.0022226400298189,0,D2022-02336
2337,2337,22917.293233082702,0.1084992016423882,-0.0022226400298189,0,D2022-02337
2338,2338,15000.0,0.0900658312913554,-0.0101070885407876,0,D2024-02338
2339,2339,15000.0,0.0900658312913554,-0.0101070885407876,0,D2024-02339
2340,2340,40000.0,0.3605626268116275,0.3145096887999944,0,D2024-02340
2341,2341,30318.302387267904,0.098653282763893,0.2125071544401137,0,D2023-02341
2342,2342,30318.302387267904,0.098653282763893,0.2125071544401137,0,D2023-02342
2343,2343,30318.302387267904,0.0279541931366802,0.0603003309125321,0,D2023-02343
2344,2344,30318.302387267904,0.4068839510581312,0.6767073140312336,3,D2023-02344
2345,2345,31250.854408749143,0.1657838577482724,0.2815029507532161,0,D2022-02345
2346,2346,31250.854408749143,0.1657838577482724,0.2815029507532161,0,D2022-02346
2347,2347,15000.0,0.214917421070322,0.2603195408980108,0,D2024-02347
2348,2348,40000.0,0.0099719440330381,0.0285132119256186,0,D2024-02348
2349,2349,15000.0,0.2053573863271598,-0.0288252252095637,0,D2024-02349
2350,2350,75000.0,0.1615990869430559,0.2820317310194888,0,D2024-02350
2351,2351,15625.427204374571,0.1331534240013177,0.2188574076000868,0,D2022-02351
2352,2352,30318.302387267904,0.0747683411652199,0.1516503345053267,0,D2023-02352
2353,2353,31250.854408749143,0.1657838577482724,0.2815029507532161,0,D2022-02353
2354,2354,15159.151193633952,0.5545768441445428,0.468865729753932,3,D2023-02354
2355,2355,15625.427204374571,0.5534396761666587,0.459281963194749,3,D2022-02355
2356,2356,15159.151193633952,0.545973565957885,0.7201936012051111,3,D2023-02356
2357,2357,15625.427204374571,0.887065521212539,-0.4572844426827051,1,D2022-02357
2358,2358,15625.427204374571,0.887065521212539,-0.4572844426827051,1,D2022-02358
2359,2359,15159.151193633952,0.3595486104043427,0.31797252368592,0,D2023-02359
2360,2360,15625.427204374571,0.887065521212539,-0.4572844426827051,1,D2022-02360
2361,2361,15625.427204374571,0.5534396761666587,0.459281963194749,3,D2022-02361
2362,2362,15000.0,0.0845574891283614,-0.0329442913981167,0,D2024-02362
2363,2363,42000.0,0.0117658418106248,0.0301598448522472,0,D2025-02363
2364,2364,614585.0,0.0074744744744435,0.0185929233722682,0,D2025-02364
2365,2365,15000.0,0.5344099714670718,0.4083489565490482,3,D2024-02365
2366,2366,15159.151193633952,0.2571152312962459,0.3105972716873807,0,D2023-02366
2367,2367,40000.0,0.2350744496439364,0.2857529470273482,0,D2024-02367
2368,2368,15000.0,0.887065521212539,-0.4572844426827051,1,D2024-02368
2369,2369,15159.151193633952,0.5534396761666587,0.459281963194749,3,D2023-02369
2370,2370,15159.151193633952,0.558889803236791,0.3066938298019666,3,D2023-02370
2371,2371,15000.0,0.2053573863271598,-0.0288252252095637,0,D2024-02371
2372,2372,50000.0,0.0111269049737376,0.028360744289029,0,D2025-02372
2373,2373,15000.0,0.5534396761666587,0.459281963194749,3,D2024-02373
2374,2374,50000.0,0.0967606080045595,0.2127752985024589,0,D2024-02374
2375,2375,15159.151193633952,0.5534396761666587,0.459281963194749,3,D2023-02375
2376,2376,15000.0,0.2053573863271598,-0.0288252252095637,0,D2024-02376
2377,2377,40000.0,0.0900658312913554,-0.0101070885407876,0,D2025-02377
2378,2378,15000.0,0.0856902271409,0.1405268688968284,0,D2024-02378
2379,2379,40000.0,0.093919170798258,0.2080481433991644,0,D2025-02379
2380,2380,40000.0,0.1415628393481119,0.1267550455155486,0,D2025-02380
2381,2381,40000.0,0.2571152312962459,0.3105972716873807,0,D2025-02381
2382,2382,295040.0,0.0080575153809678,0.0214018875670944,0,D2025-02382
2383,2383,40000.0,0.093919170798258,0.2080481433991644,0,D2025-02383
2384,2384,40000.0,0.3199482836765576,0.299147973713927,0,D2024-02384
2385,2385,68000.0,0.0954177843713369,0.2100127959176693,0,D2024-02385
2386,2386,68000.0,0.0095075026806136,0.0158150157927311,0,D2025-02386
2387,2387,15000.0,0.887065521212539,-0.4572844426827051,1,D2024-02387
2388,2388,40000.0,0.2053573863271598,-0.0288252252095637,0,D2025-02388
2389,2389,60000.0,0.1235805765237442,0.2595932540272924,0,D2024-02389
2390,2390,40000.0,0.0098869359084338,0.0275096757542597,0,D2025-02390
2391,2391,15625.427204374571,0.5545768441445428,0.468865729753932,3,D2022-02391
2392,2392,15000.0,0.887065521212539,-0.4572844426827051,1,D2024-02392
2393,2393,40000.0,0.2335409704481808,0.2818515169697327,0,D2025-02393
2394,2394,40000.0,0.2627080366080537,0.1600160440219734,0,D2025-02394
2395,2395,40000.0,0.887065521212539,-0.4572844426827051,1,D2025-02395
2396,2396,37352.94117647059,0.0641330125854328,0.1393990450110025,0,D2017-02396
2397,2397,58301.45371078808,0.0849396720773309,0.1796045263141273,0,D2018-02397
2398,2398,17929.41176470588,0.2228811198492594,0.369134667509487,0,D2017-02398
2399,2399,17929.41176470588,0.2228811198492594,0.369134667509487,0,D2017-02399
2400,2400,16996.28252788104,0.0554404226514044,-0.0165080985903949,0,D2020-02400
2401,2401,33992.56505576208,0.0021854808860404,0.0036638200627462,0,D2020-02401
2402,2402,16649.67225054625,0.0,0.0,0,D2021-02402
2403,2403,15159.151193633952,0.0145217204036101,0.035367975653995,0,D2023-02403
2404,2404,17929.41176470588,0.646268136560931,0.2389418022506655,3,D2017-02404
2405,2405,15625.427204374571,0.0426577592650906,0.0498278831227649,0,D2022-02405
2406,2406,20000.0,0.0988524564451275,0.2170090554984211,0,D2024-02406
2407,2407,20000.0,0.0988524564451275,0.2170090554984211,0,D2024-02407
2408,2408,15000.0,0.0856902271409,0.1405268688968284,0,D2024-02408
2409,2409,40000.0,0.383668283663209,0.3277986453537835,0,D2025-02409
2410,2410,16649.67225054625,0.545973565957885,0.7201936012051111,3,D2021-02410
2411,2411,15159.151193633952,0.5534396761666587,0.459281963194749,3,D2023-02411
2412,2412,20000.0,0.0988524564451275,0.2170090554984211,0,D2024-02412
2413,2413,17929.41176470588,0.887065521212539,-0.4572844426827051,1,D2017-02413
2414,2414,17490.43611323642,0.887065521212539,-0.4572844426827051,1,D2018-02414
2415,2415,16996.28252788104,0.887065521212539,-0.4572844426827051,1,D2020-02415
2416,2416,40000.0,0.3605626268116275,0.3145096887999944,0,D2024-02416
2417,2417,40424.40318302388,0.0367905210580015,0.0711423403582147,0,D2023-02417
2418,2418,33500.0,0.008020031087565,0.0228441206591368,0,D2024-02418
2419,2419,33500.0,0.008020031087565,0.0228441206591368,0,D2024-02419
2420,2420,15159.151193633952,0.2053573863271598,-0.0288252252095637,0,D2023-02420
2421,2421,15159.151193633952,0.3374195470254229,0.1246647922493839,0,D2023-02421
2422,2422,15000.0,0.3605626268116275,0.3145096887999944,3,D2024-02422
2423,2423,45000.0,0.00972793554671,0.0267099235432148,0,D2025-02423
2424,2424,15159.151193633952,0.2598857915638951,0.2410053902441926,0,D2023-02424
2425,2425,20000.0,0.1014027896579109,0.2185912318882781,0,D2024-02425
2426,2426,15000.0,0.2571152312962459,0.3105972716873807,0,D2024-02426
2427,2427,15159.151193633952,0.5534396761666587,0.459281963194749,3,D2023-02427
2428,2428,15000.0,0.2351984929048936,0.2355310204370733,0,D2024-02428
2429,2429,15000.0,0.2053573863271598,-0.0288252252095637,0,D2024-02429
2430,2430,15000.0,0.3605626268116275,0.3145096887999944,0,D2025-02430
2431,2431,15000.0,0.2053573863271598,-0.0288252252095637,0,D2024-02431
2432,2432,15000.0,0.0402582312241403,0.0769743734287546,0,D2024-02432
2433,2433,30000.0,0.1086056536974717,0.2315039482688176,0,D2024-02433
2434,2434,15000.0,0.3605626268116275,0.3145096887999944,0,D2024-02434
2435,2435,30000.0,0.0974889804418359,0.2132704780834775,0,D2024-02435
2436,2436,15625.427204374571,0.545973565957885,0.7201936012051111,3,D2022-02436
2437,2437,15159.151193633952,0.3605626268116275,0.3145096887999944,0,D2023-02437
2438,2438,15000.0,0.2214185937026702,0.2682521390432654,0,D2024-02438
2439,2439,22917.293233082702,0.0035349351056377,0.0063875321481596,0,D2022-02439
2440,2440,43568.8995215311,0.058701432880175,-0.0258042437973538,0,D2022-02440
2441,2441,40251.1004784689,0.0575386802742047,-0.0243446188048574,0,D2022-02441
2442,2442,505305.0397877984,0.0092857489533893,0.0262740506004358,0,D2023-02442
2443,2443,15625.427204374571,0.646268136560931,0.2389418022506655,3,D2022-02443
2444,2444,15000.0,0.1319716785907221,0.0169460502337588,0,D2024-02444
2445,2445,15625.427204374571,0.887065521212539,-0.4572844426827051,1,D2022-02445
2446,2446,50000.0,0.6269426891814055,0.4831244642970946,3,D2024-02446
2447,2447,26042.37867395762,0.0460759639753292,0.0077553193975918,0,D2022-02447
2448,2448,26042.37867395762,0.1349108135397381,0.2285711858915986,0,D2022-02448
2449,2449,15625.427204374571,0.887065521212539,-0.4572844426827051,1,D2022-02449
2450,2450,15625.427204374571,0.0471909354045302,0.0870146735142064,0,D2022-02450
2451,2451,15159.151193633952,0.3605626268116275,0.3145096887999944,0,D2023-02451
2452,2452,15159.151193633952,0.887065521212539,-0.4572844426827051,1,D2023-02452
2453,2453,15000.0,0.3595486104043427,0.31797252368592,0,D2024-02453
2454,2454,15159.151193633952,0.887065521212539,-0.4572844426827051,1,D2023-02454
2455,2455,15159.151193633952,0.887065521212539,-0.4572844426827051,1,D2023-02455
2456,2456,15625.427204374571,0.0498222513146072,0.0696420240168553,0,D2022-02456
2457,2457,15625.427204374571,0.887065521212539,-0.4572844426827051,1,D2022-02457
2458,2458,15625.427204374571,0.5545768441445428,0.468865729753932,3,D2022-02458
2459,2459,15000.0,0.3595486104043427,0.31797252368592,0,D2024-02459
2460,2460,15000.0,0.3605626268116275,0.3145096887999944,0,D2024-02460
2461,2461,15159.151193633952,0.2516076161449433,0.2061751443204173,0,D2023-02461
2462,2462,20000.0,0.0285058973742228,0.050604307378371,0,D2025-02462
2463,2463,15159.151193633952,0.0210972420358617,0.0436264494534579,0,D2023-02463
2464,2464,15625.427204374571,0.5534396761666587,0.459281963194749,3,D2022-02464
2465,2465,15000.0,0.3595486104043427,0.31797252368592,0,D2024-02465
2466,2466,65687.0,0.0100187446242069,0.0275481949326022,0,D2025-02466
2467,2467,44732.0,0.0100187446242069,0.0275481949326022,0,D2025-02467
2468,2468,30209.159261790843,0.6266972503245193,-0.3233963004655211,1,D2022-02468
2469,2469,30209.159261790843,0.6266972503245193,-0.3233963004655211,1,D2022-02469
2470,2470,40000.0,0.383668283663209,0.3277986453537835,0,D2025-02470
2471,2471,15159.151193633952,0.887065521212539,-0.4572844426827051,1,D2023-02471
2472,2472,15000.0,0.2053573863271598,-0.0288252252095637,0,D2024-02472
2473,2473,15000.0,0.0900658312913554,-0.0101070885407876,0,D2024-02473
2474,2474,24542.665782493368,0.0092937007480989,0.026365509779708,0,D2023-02474
2475,2475,24542.665782493368,0.0092937007480989,0.026365509779708,0,D2023-02475
2476,2476,653822.0,0.0082618607883916,0.0235749735663361,0,D2024-02476
2477,2477,104732.0,0.0089853756464076,0.0250153066948645,0,D2025-02477
2478,2478,15159.151193633952,0.5545768441445428,0.468865729753932,3,D2023-02478
2479,2479,40000.0,0.0168639239143143,0.0263337130890548,0,D2025-02479
2480,2480,15000.0,0.5545768441445428,0.468865729753932,3,D2024-02480
2481,2481,85000.0,0.004006307606009,0.0022033565005535,0,D2024-02481
2482,2482,15625.427204374571,0.887065521212539,-0.4572844426827051,1,D2022-02482
2483,2483,20000.0,0.1061277340313173,0.2270185332569729,0,D2024-02483
2484,2484,16000.0,0.0434455973878285,0.0963214839407151,0,D2024-02484
2485,2485,29105.57029177719,0.0713410411458415,0.0008212297683944,0,D2023-02485
2486,2486,15159.151193633952,0.2053573863271598,-0.0288252252095637,0,D2023-02486
2487,2487,45477.453580901856,0.0100563831901605,0.019113596701169,0,D2023-02487
2488,2488,15159.151193633952,0.5545768441445428,0.468865729753932,3,D2023-02488
2489,2489,15159.151193633952,0.2335409704481808,0.2818515169697327,0,D2023-02489
2490,2490,17929.41176470588,0.887065521212539,-0.4572844426827051,1,D2017-02490
2491,2491,15625.427204374571,0.887065521212539,-0.4572844426827051,1,D2022-02491
2492,2492,15000.0,0.3555307049268807,0.3027788813911262,3,D2024-02492
2493,2493,15000.0,0.2335409704481808,0.2818515169697327,0,D2024-02493
2494,2494,15000.0,0.0,0.0,0,D2024-02494
2495,2495,50000.0,0.01141902332976,0.0281113373208765,0,D2024-02495
2496,2496,15000.0,0.0,0.0,0,D2024-02496
2497,2497,15000.0,0.5534396761666587,0.459281963194749,3,D2024-02497
2498,2498,15000.0,0.3605626268116275,0.3145096887999944,0,D2024-02498
2499,2499,67500.0,0.1033134831243451,0.2249006943730125,0,D2024-02499
2500,2500,22199.56300072833,0.0242280811189316,0.0464255059266171,0,D2021-02500
2501,2501,17490.43611323642,0.2556928910164887,0.1000134293652024,0,D2018-02501
2502,2502,22780.26905829596,0.0471369492164975,0.0996683276829155,0,D2019-02502
2503,2503,15625.427204374571,0.5545768441445428,0.468865729753932,3,D2022-02503
2504,2504,20000.0,0.0084227862494968,0.0237886121156409,0,D2024-02504
2505,2505,131379.3103448276,0.0087385921394824,0.0243364869011779,0,D2023-02505
2506,2506,17929.41176470588,0.887065521212539,-0.4572844426827051,1,D2017-02506
2507,2507,15159.151193633952,0.5534396761666587,0.459281963194749,3,D2023-02507
2508,2508,15159.151193633952,0.0348964683153171,0.0554614237697945,0,D2023-02508
2509,2509,15000.0,0.3595486104043427,0.31797252368592,0,D2024-02509
2510,2510,15625.427204374571,0.887065521212539,-0.4572844426827051,1,D2022-02510
2511,2511,15159.151193633952,0.3555307049268807,0.3027788813911262,0,D2023-02511
2512,2512,15000.0,0.3595486104043427,0.31797252368592,0,D2024-02512
2513,2513,50000.0,0.093919170798258,0.2080481433991644,0,D2025-02513
2514,2514,15000.0,0.3595486104043427,0.31797252368592,0,D2024-02514
2515,2515,15000.0,0.2571152312962459,0.3105972716873807,0,D2024-02515
2516,2516,15000.0,0.3605626268116275,0.3145096887999944,0,D2024-02516
2517,2517,50000.0,0.0967606080045595,0.2127752985024589,0,D2024-02517
2518,2518,40000.0,0.0118524856359787,0.0214396153315919,0,D2024-02518
2519,2519,17929.41176470588,0.646268136560931,0.2389418022506655,3,D2017-02519
2520,2520,17490.43611323642,0.887065521212539,-0.4572844426827051,1,D2018-02520
2521,2521,17490.43611323642,0.887065521212539,-0.4572844426827051,1,D2018-02521
2522,2522,16649.67225054625,0.0,0.0,0,D2021-02522
2523,2523,16649.67225054625,0.0,0.0,0,D2021-02523
2524,2524,17929.41176470588,0.0,0.0,0,D2017-02524
2525,2525,17929.41176470588,0.887065521212539,-0.4572844426827051,1,D2017-02525
2526,2526,17929.41176470588,0.0745069552055656,-0.0327080626335113,0,D2017-02526
2527,2527,17929.41176470588,0.887065521212539,-0.4572844426827051,1,D2017-02527
2528,2528,17085.20179372197,0.545973565957885,0.7201936012051111,3,D2019-02528
2529,2529,16996.28252788104,0.887065521212539,-0.4572844426827051,1,D2020-02529
2530,2530,15159.151193633952,0.5534396761666587,0.459281963194749,3,D2023-02530
2531,2531,40000.0,0.2571152312962459,0.3105972716873807,0,D2025-02531
2532,2532,17929.41176470588,0.887065521212539,-0.4572844426827051,1,D2017-02532
2533,2533,17929.41176470588,0.4898189952913064,0.5716533783149209,3,D2017-02533
2534,2534,17929.41176470588,0.0,0.0,0,D2017-02534
2535,2535,15625.427204374571,0.3555307049268807,0.3027788813911262,0,D2022-02535
2536,2536,15625.427204374571,0.188125643650428,-0.0912769873064225,0,D2022-02536
2537,2537,15625.427204374571,0.887065521212539,-0.4572844426827051,1,D2022-02537
2538,2538,16649.67225054625,0.887065521212539,-0.4572844426827051,1,D2021-02538
2539,2539,16649.67225054625,0.0527333398921276,-0.0170031196277221,0,D2021-02539
2540,2540,46641.16296863046,0.0080229407758251,0.0180435910711068,0,D2018-02540
2541,2541,16649.67225054625,0.0527333398921276,-0.0170031196277221,0,D2021-02541
2542,2542,40000.0,0.2087182237946988,-0.1043755260474003,0,D2025-02542
2543,2543,16649.67225054625,0.4515098207212083,0.4339292441039607,3,D2021-02543
2544,2544,15625.427204374571,0.545973565957885,0.7201936012051111,3,D2022-02544
2545,2545,15000.0,0.2053573863271598,-0.0288252252095637,0,D2024-02545
2546,2546,40000.0,0.3094413087184821,0.2907769411448839,0,D2025-02546
2547,2547,15625.427204374571,0.545973565957885,0.7201936012051111,3,D2022-02547
2548,2548,15625.427204374571,0.5534396761666587,0.459281963194749,3,D2022-02548
2549,2549,17490.43611323642,0.545973565957885,0.7201936012051111,3,D2018-02549
2550,2550,15159.151193633952,0.0022176173621484,0.0027511089524209,0,D2023-02550
2551,2551,16996.28252788104,0.3173279867312723,-0.1574902418406586,0,D2020-02551
2552,2552,15625.427204374571,0.887065521212539,-0.4572844426827051,1,D2022-02552
2553,2553,17929.41176470588,0.887065521212539,-0.4572844426827051,1,D2017-02553
2554,2554,15625.427204374571,0.887065521212539,-0.4572844426827051,1,D2022-02554
2555,2555,17085.20179372197,0.545973565957885,0.7201936012051111,3,D2019-02555
2556,2556,16649.67225054625,0.0348964683153171,0.0554614237697945,0,D2021-02556
2557,2557,17085.20179372197,0.545973565957885,0.7201936012051111,3,D2019-02557
2558,2558,16649.67225054625,0.3529021821016657,0.294972173269057,0,D2021-02558
2559,2559,15625.427204374571,0.5545768441445428,0.468865729753932,3,D2022-02559
2560,2560,17490.43611323642,0.887065521212539,-0.4572844426827051,1,D2018-02560
2561,2561,16996.28252788104,0.545973565957885,0.7201936012051111,3,D2020-02561
2562,2562,17929.41176470588,0.545973565957885,0.7201936012051111,3,D2017-02562
2563,2563,16996.28252788104,0.5534396761666587,0.459281963194749,3,D2020-02563
2564,2564,17085.20179372197,0.545973565957885,0.7201936012051111,3,D2019-02564
2565,2565,16649.67225054625,0.887065521212539,-0.4572844426827051,1,D2021-02565
2566,2566,15625.427204374571,0.887065521212539,-0.4572844426827051,1,D2022-02566
2567,2567,17490.43611323642,0.545973565957885,0.7201936012051111,3,D2018-02567
2568,2568,15625.427204374571,0.887065521212539,-0.4572844426827051,1,D2022-02568
2569,2569,17490.43611323642,0.545973565957885,0.7201936012051111,3,D2018-02569
2570,2570,17085.20179372197,0.887065521212539,-0.4572844426827051,1,D2019-02570
2571,2571,17929.41176470588,0.887065521212539,-0.4572844426827051,1,D2017-02571
2572,2572,17490.43611323642,0.4332807008318401,0.707736533651834,3,D2018-02572
2573,2573,17929.41176470588,0.545973565957885,0.7201936012051111,3,D2017-02573
2574,2574,17929.41176470588,0.23077371097807,0.4564457038743692,0,D2017-02574
2575,2575,16996.28252788104,0.887065521212539,-0.4572844426827051,1,D2020-02575
2576,2576,17490.43611323642,0.887065521212539,-0.4572844426827051,1,D2018-02576
2577,2577,17490.43611323642,0.4831666505863174,0.6374040272789662,3,D2018-02577
2578,2578,17929.41176470588,0.887065521212539,-0.4572844426827051,1,D2017-02578
2579,2579,17929.41176470588,0.887065521212539,-0.4572844426827051,1,D2017-02579
2580,2580,1708.5201793721972,0.887065521212539,-0.4572844426827051,1,D2019-02580
2581,2581,15625.427204374571,0.5545768441445428,0.468865729753932,3,D2022-02581
2582,2582,16996.28252788104,0.558889803236791,0.3066938298019666,3,D2020-02582
2583,2583,15159.151193633952,0.887065521212539,-0.4572844426827051,1,D2023-02583
2584,2584,17929.41176470588,0.382793769273564,0.6215450270746411,3,D2017-02584
2585,2585,17490.43611323642,0.887065521212539,-0.4572844426827051,1,D2018-02585
2586,2586,17490.43611323642,0.0868310771194589,0.0063632748764451,0,D2018-02586
2587,2587,15159.151193633952,0.3167993373728343,0.2462219617449452,0,D2023-02587
2588,2588,17929.41176470588,0.0013534735105102,0.0015114568598279,0,D2017-02588
2589,2589,17929.41176470588,0.0013534735105102,0.0015114568598279,0,D2017-02589
2590,2590,15159.151193633952,0.5545768441445428,0.468865729753932,3,D2023-02590
2591,2591,16996.28252788104,0.3529021821016657,0.294972173269057,0,D2020-02591
2592,2592,17085.20179372197,0.545973565957885,0.7201936012051111,3,D2019-02592
2593,2593,17929.41176470588,0.4621366795045334,0.1769177457918037,0,D2017-02593
2594,2594,17490.43611323642,0.887065521212539,-0.4572844426827051,1,D2018-02594
2595,2595,15159.151193633952,0.0114428767437067,0.0209265082810256,0,D2023-02595
2596,2596,22661.71003717472,0.0010529413163043,0.0013954455160894,0,D2020-02596
2597,2597,40000.0,0.2979591389848801,0.2161586078438218,0,D2025-02597
2598,2598,40000.0,0.2430320601743602,0.2381879989367123,0,D2024-02598
2599,2599,15000.0,0.020608856445036,0.0402460739516838,0,D2024-02599
2600,2600,17929.41176470588,0.887065521212539,-0.4572844426827051,1,D2017-02600
2601,2601,15625.427204374571,0.545973565957885,0.7201936012051111,3,D2022-02601
2602,2602,17085.20179372197,0.887065521212539,-0.4572844426827051,1,D2019-02602
2603,2603,17085.20179372197,0.545973565957885,0.7201936012051111,3,D2019-02603
2604,2604,16649.67225054625,0.5534396761666587,0.459281963194749,3,D2021-02604
2605,2605,16996.28252788104,0.5545768441445428,0.468865729753932,3,D2020-02605
2606,2606,16649.67225054625,0.0559948855088478,-0.018194994991384,0,D2021-02606
2607,2607,15625.427204374571,0.5534396761666587,0.459281963194749,3,D2022-02607
2608,2608,15625.427204374571,0.5534396761666587,0.459281963194749,3,D2022-02608
2609,2609,16996.28252788104,0.3381923495749412,0.3015338094845898,0,D2020-02609
2610,2610,17490.43611323642,0.887065521212539,-0.4572844426827051,1,D2018-02610
2611,2611,16996.28252788104,0.0527333398921276,-0.0170031196277221,0,D2020-02611
2612,2612,17490.43611323642,0.887065521212539,-0.4572844426827051,1,D2018-02612
2613,2613,15625.427204374571,0.5534396761666587,0.459281963194749,3,D2022-02613
2614,2614,15625.427204374571,0.5545768441445428,0.468865729753932,3,D2022-02614
2615,2615,28327.1375464684,0.0254302481616489,0.0502489049631314,0,D2020-02615
2616,2616,17929.41176470588,0.545973565957885,0.7201936012051111,3,D2017-02616
2617,2617,17929.41176470588,0.887065521212539,-0.4572844426827051,1,D2017-02617
2618,2618,17490.43611323642,0.0,0.0,0,D2018-02618
2619,2619,16649.67225054625,0.5545768441445428,0.468865729753932,3,D2021-02619
2620,2620,16649.67225054625,0.5545768441445428,0.468865729753932,3,D2021-02620
2621,2621,17085.20179372197,0.887065521212539,-0.4572844426827051,1,D2019-02621
2622,2622,17490.43611323642,0.887065521212539,-0.4572844426827051,1,D2018-02622
2623,2623,16996.28252788104,0.545973565957885,0.7201936012051111,3,D2020-02623
2624,2624,17490.43611323642,0.887065521212539,-0.4572844426827051,1,D2018-02624
2625,2625,16649.67225054625,0.5534396761666587,0.459281963194749,3,D2021-02625
2626,2626,40000.0,0.887065521212539,-0.4572844426827051,1,D2025-02626
2627,2627,15159.151193633952,0.2053573863271598,-0.0288252252095637,0,D2023-02627
2628,2628,15625.427204374571,0.887065521212539,-0.4572844426827051,1,D2022-02628
2629,2629,15625.427204374571,0.887065521212539,-0.4572844426827051,1,D2022-02629
2630,2630,17085.20179372197,0.0519398917238911,0.1097076729630529,0,D2019-02630
2631,2631,60000.0,0.0363327225780995,0.0820271379267444,0,D2025-02631
2632,2632,40000.0,0.5534396761666587,0.459281963194749,3,D2024-02632
2633,2633,15625.427204374571,0.5545768441445428,0.468865729753932,3,D2022-02633
2634,2634,15000.0,0.1139615264775182,0.2454123811839709,0,D2024-02634
2635,2635,15159.151193633952,0.2675092321054341,0.2270541346979914,0,D2023-02635
2636,2636,10106.100795755969,0.0436244549097247,0.0955035065631763,0,D2023-02636
2637,2637,15000.0,0.264986590188055,0.2405879483093941,0,D2024-02637
2638,2638,17929.41176470588,0.887065521212539,-0.4572844426827051,1,D2017-02638
2639,2639,17490.43611323642,0.887065521212539,-0.4572844426827051,1,D2018-02639
2640,2640,17490.43611323642,0.887065521212539,-0.4572844426827051,1,D2018-02640
2641,2641,22199.56300072833,0.0162128530689001,0.0349764918417941,0,D2021-02641
2642,2642,15625.427204374571,0.5545768441445428,0.468865729753932,3,D2022-02642
2643,2643,17085.20179372197,0.887065521212539,-0.4572844426827051,1,D2019-02643
2644,2644,15159.151193633952,0.887065521212539,-0.4572844426827051,1,D2023-02644
2645,2645,16996.28252788104,0.887065521212539,-0.4572844426827051,1,D2020-02645
2646,2646,17929.41176470588,0.0,0.0,0,D2017-02646
2647,2647,16649.67225054625,0.5545768441445428,0.468865729753932,3,D2021-02647
2648,2648,15159.151193633952,0.2571152312962459,0.3105972716873807,0,D2023-02648
2649,2649,15625.427204374571,0.887065521212539,-0.4572844426827051,1,D2022-02649
2650,2650,17490.43611323642,0.0,0.0,0,D2018-02650
2651,2651,17085.20179372197,0.2285889725939283,-0.1099531151578676,0,D2019-02651
2652,2652,17085.20179372197,0.887065521212539,-0.4572844426827051,1,D2019-02652
2653,2653,17929.41176470588,0.646268136560931,0.2389418022506655,3,D2017-02653
2654,2654,15000.0,0.3605626268116275,0.3145096887999944,0,D2025-02654
2655,2655,16649.67225054625,0.5534396761666587,0.459281963194749,3,D2021-02655
2656,2656,16649.67225054625,0.558889803236791,0.3066938298019666,3,D2021-02656
2657,2657,17929.41176470588,0.0974653685428216,-0.0488577963257972,0,D2017-02657
2658,2658,15159.151193633952,0.3595486104043427,0.31797252368592,0,D2023-02658
2659,2659,15000.0,0.887065521212539,-0.4572844426827051,1,D2024-02659
2660,2660,16649.67225054625,0.887065521212539,-0.4572844426827051,1,D2021-02660
2661,2661,15625.427204374571,0.5545768441445428,0.468865729753932,3,D2022-02661
2662,2662,17490.43611323642,0.2258200855335509,-0.117717913321529,0,D2018-02662
2663,2663,17929.41176470588,0.0,0.0,0,D2017-02663
2664,2664,17085.20179372197,0.887065521212539,-0.4572844426827051,1,D2019-02664
2665,2665,16996.28252788104,0.545973565957885,0.7201936012051111,3,D2020-02665
2666,2666,16996.28252788104,0.887065521212539,-0.4572844426827051,1,D2020-02666
2667,2667,17085.20179372197,0.887065521212539,-0.4572844426827051,1,D2019-02667
2668,2668,15159.151193633952,0.3081708375045064,0.2680434127311858,0,D2023-02668
2669,2669,15625.427204374571,0.5534396761666587,0.459281963194749,3,D2022-02669
2670,2670,15625.427204374571,0.887065521212539,-0.4572844426827051,1,D2022-02670
2671,2671,17929.41176470588,0.2846797514917103,0.2159537757652823,0,D2017-02671
2672,2672,17490.43611323642,0.545973565957885,0.7201936012051111,3,D2018-02672
2673,2673,16649.67225054625,0.5545768441445428,0.468865729753932,3,D2021-02673
2674,2674,17490.43611323642,0.887065521212539,-0.4572844426827051,1,D2018-02674
2675,2675,15625.427204374571,0.887065521212539,-0.4572844426827051,1,D2022-02675
2676,2676,17929.41176470588,0.887065521212539,-0.4572844426827051,1,D2017-02676
2677,2677,17085.20179372197,0.887065521212539,-0.4572844426827051,1,D2019-02677
2678,2678,17929.41176470588,0.2258200855335509,-0.117717913321529,0,D2017-02678
2679,2679,17085.20179372197,0.4561955248637752,0.6045190370228757,3,D2019-02679
2680,2680,49949.016751638745,0.046242861657375,0.0981607582012082,0,D2021-02680
2681,2681,17929.41176470588,0.2258200855335509,-0.117717913321529,0,D2017-02681
2682,2682,15625.427204374571,0.5534396761666587,0.459281963194749,3,D2022-02682
2683,2683,17085.20179372197,0.887065521212539,-0.4572844426827051,1,D2019-02683
2684,2684,15000.0,0.3094413087184821,0.2907769411448839,0,D2024-02684
2685,2685,17490.43611323642,0.887065521212539,-0.4572844426827051,1,D2018-02685
2686,2686,15159.151193633952,0.887065521212539,-0.4572844426827051,1,D2023-02686
2687,2687,28125.76896787423,0.1059890646206238,0.2314850583653352,0,D2022-02687
2688,2688,11330.85501858736,0.049562528724122,0.1054330630267401,0,D2020-02688
2689,2689,15000.0,0.5545768441445428,0.468865729753932,3,D2024-02689
2690,2690,17085.20179372197,0.381633516846582,0.4911094052137501,0,D2019-02690
2691,2691,17085.20179372197,0.545973565957885,0.7201936012051111,3,D2019-02691
2692,2692,17085.20179372197,0.887065521212539,-0.4572844426827051,1,D2019-02692
2693,2693,17929.41176470588,0.646268136560931,0.2389418022506655,3,D2017-02693
2694,2694,17085.20179372197,0.545973565957885,0.7201936012051111,3,D2019-02694
2695,2695,17490.43611323642,0.545973565957885,0.7201936012051111,3,D2018-02695
2696,2696,17085.20179372197,0.545973565957885,0.7201936012051111,3,D2019-02696
2697,2697,15159.151193633952,0.0106511837712398,0.0201673674166818,0,D2023-02697
2698,2698,35820.0,0.0091687432380647,0.0172528045892756,0,D2024-02698
2699,2699,17490.43611323642,0.887065521212539,-0.4572844426827051,1,D2018-02699
2700,2700,15625.427204374571,0.0,0.0,0,D2022-02700
2701,2701,17085.20179372197,0.887065521212539,-0.4572844426827051,1,D2019-02701
2702,2702,114499.39097169093,0.0048530941939305,0.0121602719059501,0,D2018-02702
2703,2703,17490.43611323642,0.887065521212539,-0.4572844426827051,1,D2018-02703
2704,2704,15159.151193633952,0.0106511837712398,0.0201673674166818,0,D2023-02704
2705,2705,15159.151193633952,0.0121910908801602,0.0230035902916625,0,D2023-02705
2706,2706,28125.76896787423,0.1059890646206238,0.2314850583653352,0,D2022-02706
2707,2707,28687.058823529413,0.1447120386400502,-0.0729708100754541,0,D2017-02707
2708,2708,17490.43611323642,0.4898189952913064,0.5716533783149209,3,D2018-02708
2709,2709,17929.41176470588,0.887065521212539,-0.4572844426827051,1,D2017-02709
2710,2710,15625.427204374571,0.0,0.0,0,D2022-02710
2711,2711,147405.09832483612,0.0109250329459778,0.0225538340530723,0,D2021-02711
2712,2712,76099.59529411765,0.0011677115072724,0.001776281029994,0,D2017-02712
2713,2713,17490.43611323642,0.887065521212539,-0.4572844426827051,1,D2018-02713
2714,2714,16649.67225054625,0.545973565957885,0.7201936012051111,3,D2021-02714
2715,2715,438553.65686944633,0.0111137532507785,0.0239202341476307,0,D2022-02715
2716,2716,15000.0,0.3605626268116275,0.3145096887999944,0,D2024-02716
2717,2717,17929.41176470588,0.545973565957885,0.7201936012051111,3,D2017-02717
2718,2718,17929.41176470588,0.4898189952913064,0.5716533783149209,3,D2017-02718
2719,2719,17929.41176470588,0.887065521212539,-0.4572844426827051,1,D2017-02719
2720,2720,15625.427204374571,0.545973565957885,0.7201936012051111,3,D2022-02720
2721,2721,15159.151193633952,0.887065521212539,-0.4572844426827051,1,D2023-02721
2722,2722,17490.43611323642,0.887065521212539,-0.4572844426827051,1,D2018-02722
2723,2723,17929.41176470588,0.887065521212539,-0.4572844426827051,1,D2017-02723
2724,2724,17929.41176470588,0.3899424558974198,0.1516556918509091,0,D2017-02724
2725,2725,16996.28252788104,0.887065521212539,-0.4572844426827051,1,D2020-02725
2726,2726,17929.41176470588,0.887065521212539,-0.4572844426827051,1,D2017-02726
2727,2727,15625.427204374571,0.5545768441445428,0.468865729753932,3,D2022-02727
2728,2728,17490.43611323642,0.545973565957885,0.7201936012051111,3,D2018-02728
2729,2729,15159.151193633952,0.887065521212539,-0.4572844426827051,1,D2023-02729
2730,2730,17929.41176470588,0.887065521212539,-0.4572844426827051,1,D2017-02730
2731,2731,15159.151193633952,0.887065521212539,-0.4572844426827051,1,D2023-02731
2732,2732,16996.28252788104,0.887065521212539,-0.4572844426827051,1,D2020-02732
2733,2733,15625.427204374571,0.0348964683153171,0.0554614237697945,0,D2022-02733
2734,2734,60000.0,0.0479280858042862,0.0963642324819587,0,D2025-02734
2735,2735,17490.43611323642,0.0279785210070633,0.0492636224477344,0,D2018-02735
2736,2736,15159.151193633952,0.887065521212539,-0.4572844426827051,1,D2023-02736
2737,2737,16649.67225054625,0.887065521212539,-0.4572844426827051,1,D2021-02737
2738,2738,17490.43611323642,0.545973565957885,0.7201936012051111,3,D2018-02738
2739,2739,16996.28252788104,0.4436969912337232,0.3800655514514535,3,D2020-02739
2740,2740,16649.67225054625,0.545973565957885,0.7201936012051111,3,D2021-02740
2741,2741,16649.67225054625,0.887065521212539,-0.4572844426827051,1,D2021-02741
2742,2742,17929.41176470588,0.2258200855335509,-0.117717913321529,0,D2017-02742
2743,2743,17929.41176470588,0.545973565957885,0.7201936012051111,3,D2017-02743
2744,2744,16996.28252788104,0.3026786718590334,0.2426038823856232,0,D2020-02744
2745,2745,17929.41176470588,0.646268136560931,0.2389418022506655,3,D2017-02745
2746,2746,17490.43611323642,0.545973565957885,0.7201936012051111,3,D2018-02746
2747,2747,23905.88235294118,0.646268136560931,0.2389418022506655,3,D2017-02747
2748,2748,17929.41176470588,0.5364155105898365,0.6904821558214014,3,D2017-02748
2749,2749,17490.43611323642,0.545973565957885,0.7201936012051111,3,D2018-02749
2750,2750,17085.20179372197,0.545973565957885,0.7201936012051111,3,D2019-02750
2751,2751,16996.28252788104,0.545973565957885,0.7201936012051111,3,D2020-02751
2752,2752,22780.26905829596,0.0174906229295239,0.0361781972283732,0,D2019-02752
2753,2753,15159.151193633952,0.5534396761666587,0.459281963194749,3,D2023-02753
2754,2754,15159.151193633952,0.3310337306378212,0.2726902002840057,0,D2023-02754
2755,2755,15625.427204374571,0.545973565957885,0.7201936012051111,3,D2022-02755
2756,2756,15000.0,0.2769585607834277,0.2574473087452309,0,D2024-02756
2757,2757,16996.28252788104,0.003440388728868,0.0063497657746214,0,D2020-02757
2758,2758,17085.20179372197,0.4561955248637752,0.6045190370228757,3,D2019-02758
2759,2759,17929.41176470588,0.646268136560931,0.2389418022506655,3,D2017-02759
2760,2760,17929.41176470588,0.3497631695710861,0.408354615342531,0,D2017-02760
2761,2761,15625.427204374571,0.887065521212539,-0.4572844426827051,1,D2022-02761
2762,2762,15625.427204374571,0.5534396761666587,0.459281963194749,3,D2022-02762
2763,2763,15625.427204374571,0.5545768441445428,0.468865729753932,3,D2022-02763
2764,2764,17929.41176470588,0.4898189952913064,0.5716533783149209,3,D2017-02764
2765,2765,17929.41176470588,0.0,0.0,0,D2017-02765
2766,2766,17490.43611323642,0.0069879514419336,0.0171073733916099,0,D2018-02766
2767,2767,15000.0,0.2350744496439364,0.2857529470273482,0,D2024-02767
2768,2768,15625.427204374571,0.3555307049268807,0.3027788813911262,0,D2022-02768
2769,2769,17490.43611323642,0.0,0.0,0,D2018-02769
2770,2770,16996.28252788104,0.4561955248637752,0.6045190370228757,3,D2020-02770
2771,2771,17085.20179372197,0.887065521212539,-0.4572844426827051,1,D2019-02771
2772,2772,16996.28252788104,0.0559919475811993,-0.0138096753201548,0,D2020-02772
2773,2773,16649.67225054625,0.545973565957885,0.7201936012051111,3,D2021-02773
2774,2774,16996.28252788104,0.545973565957885,0.7201936012051111,3,D2020-02774
2775,2775,17490.43611323642,0.545973565957885,0.7201936012051111,3,D2018-02775
2776,2776,15625.427204374571,0.887065521212539,-0.4572844426827051,1,D2022-02776
2777,2777,16649.67225054625,0.3555307049268807,0.3027788813911262,3,D2021-02777
2778,2778,15625.427204374571,0.0052954642131055,0.0134644824367677,0,D2022-02778
2779,2779,15000.0,0.2374617656090132,0.2245917191830173,0,D2024-02779
2780,2780,15625.427204374571,0.5545768441445428,0.468865729753932,3,D2022-02780
2781,2781,17490.43611323642,0.887065521212539,-0.4572844426827051,1,D2018-02781
2782,2782,15159.151193633952,0.545973565957885,0.7201936012051111,3,D2023-02782
2783,2783,17490.43611323642,0.545973565957885,0.7201936012051111,3,D2018-02783
2784,2784,17929.41176470588,0.887065521212539,-0.4572844426827051,1,D2017-02784
2785,2785,15000.0,0.219555862929197,0.2178277170509731,0,D2024-02785
2786,2786,15000.0,0.3595486104043427,0.31797252368592,0,D2025-02786
2787,2787,15000.0,0.3605626268116275,0.3145096887999944,0,D2024-02787
2788,2788,16649.67225054625,0.887065521212539,-0.4572844426827051,1,D2021-02788
2789,2789,15625.427204374571,0.5534396761666587,0.459281963194749,3,D2022-02789
2790,2790,16996.28252788104,0.0016429792892818,0.0014321775271781,0,D2020-02790
2791,2791,40000.0,0.5534396761666587,0.459281963194749,3,D2025-02791
2792,2792,15000.0,0.2351984929048936,0.2355310204370733,0,D2024-02792
2793,2793,17929.41176470588,0.545973565957885,0.7201936012051111,3,D2017-02793
2794,2794,15159.151193633952,0.5545768441445428,0.468865729753932,3,D2023-02794
2795,2795,17929.41176470588,0.887065521212539,-0.4572844426827051,1,D2017-02795
2796,2796,17490.43611323642,0.3648422405547735,0.4296791632005197,3,D2018-02796
2797,2797,15625.427204374571,0.887065521212539,-0.4572844426827051,1,D2022-02797
2798,2798,15000.0,0.2514699606499581,0.2361507717810912,0,D2024-02798
2799,2799,17490.43611323642,0.545973565957885,0.7201936012051111,3,D2018-02799
2800,2800,15000.0,0.5534396761666587,0.459281963194749,3,D2024-02800
2801,2801,15159.151193633952,0.4995641077258353,0.3987776989783874,3,D2023-02801
2802,2802,15000.0,0.3595486104043427,0.31797252368592,0,D2024-02802
2803,2803,15159.151193633952,0.887065521212539,-0.4572844426827051,1,D2023-02803
2804,2804,17929.41176470588,0.0,0.0,0,D2017-02804
2805,2805,11330.85501858736,0.0024857771796693,0.0040146138113108,0,D2020-02805
2806,2806,17085.20179372197,0.4017376833936279,0.5155942982600676,0,D2019-02806
2807,2807,17929.41176470588,0.545973565957885,0.7201936012051111,3,D2017-02807
2808,2808,17929.41176470588,0.545973565957885,0.7201936012051111,3,D2017-02808
2809,2809,167341.17647058822,0.0005598631782272,0.0009204085088747,0,D2017-02809
2810,2810,17929.41176470588,0.2258200855335509,-0.117717913321529,0,D2017-02810
2811,2811,17929.41176470588,0.887065521212539,-0.4572844426827051,1,D2017-02811
2812,2812,16996.28252788104,0.887065521212539,-0.4572844426827051,1,D2020-02812
2813,2813,16996.28252788104,0.887065521212539,-0.4572844426827051,1,D2020-02813
2814,2814,16996.28252788104,0.00812601116295,0.0201398620172514,0,D2020-02814
2815,2815,29150.72685539404,0.0060004515437095,0.0083700859509062,0,D2018-02815
2816,2816,17490.43611323642,0.0,0.0,0,D2018-02816
2817,2817,16996.28252788104,0.545973565957885,0.7201936012051111,3,D2020-02817
2818,2818,17490.43611323642,0.545973565957885,0.7201936012051111,3,D2018-02818
2819,2819,16649.67225054625,0.5545768441445428,0.468865729753932,3,D2021-02819
2820,2820,17929.41176470588,0.2258200855335509,-0.117717913321529,0,D2017-02820
2821,2821,15159.151193633952,0.0950138622257185,0.0261547124720763,0,D2023-02821
2822,2822,17929.41176470588,0.0,0.0,0,D2017-02822
2823,2823,16649.67225054625,0.5534396761666587,0.459281963194749,3,D2021-02823
2824,2824,17085.20179372197,0.545973565957885,0.7201936012051111,3,D2019-02824
2825,2825,17929.41176470588,0.887065521212539,-0.4572844426827051,1,D2017-02825
2826,2826,15159.151193633952,0.0718291584784331,-0.0339777090955145,0,D2023-02826
2827,2827,16649.67225054625,0.5534396761666587,0.459281963194749,3,D2021-02827
2828,2828,16996.28252788104,0.545973565957885,0.7201936012051111,3,D2020-02828
2829,2829,17085.20179372197,0.887065521212539,-0.4572844426827051,1,D2019-02829
2830,2830,16649.67225054625,0.5545768441445428,0.468865729753932,3,D2021-02830
2831,2831,15159.151193633952,0.5545768441445428,0.468865729753932,3,D2023-02831
2832,2832,15625.427204374571,0.5545768441445428,0.468865729753932,3,D2022-02832
2833,2833,17085.20179372197,0.381633516846582,0.4911094052137501,0,D2019-02833
2834,2834,15159.151193633952,0.2571152312962459,0.3105972716873807,0,D2023-02834
2835,2835,349808.72226472845,0.0011645503913709,0.0017599692192603,0,D2018-02835
2836,2836,16649.67225054625,0.2975049424127794,0.402146538155145,0,D2021-02836
2837,2837,17929.41176470588,0.887065521212539,-0.4572844426827051,1,D2017-02837
2838,2838,17085.20179372197,0.887065521212539,-0.4572844426827051,1,D2019-02838
2839,2839,17929.41176470588,0.0,0.0,0,D2017-02839
2840,2840,15159.151193633952,0.5545768441445428,0.468865729753932,3,D2023-02840
2841,2841,17490.43611323642,0.887065521212539,-0.4572844426827051,1,D2018-02841
2842,2842,15625.427204374571,0.5534396761666587,0.459281963194749,3,D2022-02842
2843,2843,15159.151193633952,0.5545768441445428,0.468865729753932,3,D2023-02843
2844,2844,40000.0,0.3094413087184821,0.2907769411448839,0,D2025-02844
2845,2845,17929.41176470588,0.2276384983708593,0.3259368858731473,0,D2017-02845
2846,2846,17085.20179372197,0.545973565957885,0.7201936012051111,3,D2019-02846
2847,2847,75669.28941176471,0.000469359551048,0.0014875298097645,0,D2017-02847
2848,2848,17085.20179372197,0.1611470334131292,0.0669120981110964,0,D2019-02848
2849,2849,15000.0,0.5534396761666587,0.459281963194749,3,D2024-02849
2850,2850,17929.41176470588,0.887065521212539,-0.4572844426827051,1,D2017-02850
2851,2851,15625.427204374571,0.5545768441445428,0.468865729753932,3,D2022-02851
2852,2852,15159.151193633952,0.887065521212539,-0.4572844426827051,1,D2023-02852
2853,2853,17929.41176470588,0.887065521212539,-0.4572844426827051,1,D2017-02853
2854,2854,15625.427204374571,0.1742781561803284,-0.0894498023807867,0,D2022-02854
2855,2855,15000.0,0.5545768441445428,0.468865729753932,3,D2024-02855
2856,2856,15625.427204374571,0.5534396761666587,0.459281963194749,3,D2022-02856
2857,2857,15159.151193633952,0.887065521212539,-0.4572844426827051,1,D2023-02857
2858,2858,6823.103212576897,0.077609611988021,-0.0369651835857029,0,D2022-02858
2859,2859,17929.41176470588,0.646268136560931,0.2389418022506655,3,D2017-02859
2860,2860,17929.41176470588,0.2258200855335509,-0.117717913321529,0,D2017-02860
2861,2861,16649.67225054625,0.0173861636347413,0.0318514645109212,0,D2021-02861
2862,2862,1139013.4529147982,0.092335025300026,0.1718376736602929,0,D2019-02862
2863,2863,17929.41176470588,0.0,0.0,0,D2017-02863
2864,2864,17085.20179372197,0.545973565957885,0.7201936012051111,3,D2019-02864
2865,2865,17085.20179372197,0.545973565957885,0.7201936012051111,3,D2019-02865
2866,2866,22199.56300072833,0.0701225791705832,0.1420739441584118,0,D2021-02866
2867,2867,22199.56300072833,0.0701225791705832,0.1420739441584118,0,D2021-02867
2868,2868,17929.41176470588,0.545973565957885,0.7201936012051111,3,D2017-02868
2869,2869,16996.28252788104,0.0348964683153171,0.0554614237697945,0,D2020-02869
2870,2870,34170.40358744394,0.0749967508817246,-0.0293671423514495,0,D2019-02870
2871,2871,22199.56300072833,0.4697902453831002,0.7676595711558893,3,D2021-02871
2872,2872,15000.0,0.2351984929048936,0.2355310204370733,0,D2024-02872
2873,2873,27749.45375091041,0.0649411108339871,0.1312013781677733,0,D2021-02873
2874,2874,17929.41176470588,0.4898189952913064,0.5716533783149209,3,D2017-02874
2875,2875,17490.43611323642,0.887065521212539,-0.4572844426827051,1,D2018-02875
2876,2876,17929.41176470588,0.887065521212539,-0.4572844426827051,1,D2017-02876
2877,2877,17929.41176470588,0.545973565957885,0.7201936012051111,3,D2017-02877
2878,2878,17929.41176470588,0.2258200855335509,-0.117717913321529,0,D2017-02878
2879,2879,16996.28252788104,0.0348964683153171,0.0554614237697945,0,D2020-02879
2880,2880,16996.28252788104,0.887065521212539,-0.4572844426827051,1,D2020-02880
2881,2881,16649.67225054625,0.2087182237946988,-0.1043755260474003,0,D2021-02881
2882,2882,17929.41176470588,0.0,0.0,0,D2017-02882
2883,2883,17929.41176470588,0.887065521212539,-0.4572844426827051,1,D2017-02883
2884,2884,17929.41176470588,0.887065521212539,-0.4572844426827051,1,D2017-02884
2885,2885,17929.41176470588,0.887065521212539,-0.4572844426827051,1,D2017-02885
2886,2886,17490.43611323642,0.2285889725939283,-0.1099531151578676,0,D2018-02886
2887,2887,16649.67225054625,0.5534396761666587,0.459281963194749,3,D2021-02887
2888,2888,17490.43611323642,0.558889803236791,0.3066938298019666,3,D2018-02888
2889,2889,16649.67225054625,0.3131936317557164,0.414723759469574,0,D2021-02889
2890,2890,17929.41176470588,0.887065521212539,-0.4572844426827051,1,D2017-02890
2891,2891,41835.294117647056,0.060338006543626,0.1237936391506279,0,D2017-02891
2892,2892,41835.294117647056,0.060338006543626,0.1237936391506279,0,D2017-02892
2893,2893,26042.37867395762,0.0907576004593442,-0.0403903424388761,0,D2022-02893
2894,2894,23320.58148431523,0.1093086128244313,-0.0548391107896016,0,D2018-02894
2895,2895,17490.43611323642,0.887065521212539,-0.4572844426827051,1,D2018-02895
2896,2896,16649.67225054625,0.887065521212539,-0.4572844426827051,1,D2021-02896
2897,2897,17490.43611323642,0.545973565957885,0.7201936012051111,3,D2018-02897
2898,2898,17929.41176470588,0.545973565957885,0.7201936012051111,3,D2017-02898
2899,2899,17929.41176470588,0.545973565957885,0.7201936012051111,3,D2017-02899
2900,2900,15625.427204374571,0.5534396761666587,0.459281963194749,3,D2022-02900
2901,2901,15625.427204374571,0.5534396761666587,0.459281963194749,3,D2022-02901
2902,2902,1699.628252788104,0.5534396761666587,0.459281963194749,3,D2020-02902
2903,2903,15625.427204374571,0.5534396761666587,0.459281963194749,3,D2022-02903
2904,2904,17490.43611323642,0.887065521212539,-0.4572844426827051,1,D2018-02904
2905,2905,17085.20179372197,0.545973565957885,0.7201936012051111,3,D2019-02905
2906,2906,16649.67225054625,0.5534396761666587,0.459281963194749,3,D2021-02906
2907,2907,40000.0,0.2167314015697928,0.1297624999689193,0,D2025-02907
2908,2908,15625.427204374571,0.545973565957885,0.7201936012051111,3,D2022-02908
2909,2909,17929.41176470588,0.545973565957885,0.7201936012051111,3,D2017-02909
2910,2910,17085.20179372197,0.545973565957885,0.7201936012051111,3,D2019-02910
2911,2911,16996.28252788104,0.887065521212539,-0.4572844426827051,1,D2020-02911
2912,2912,17490.43611323642,0.2221310215655728,-0.105894584986223,0,D2018-02912
2913,2913,17490.43611323642,0.545973565957885,0.7201936012051111,3,D2018-02913
2914,2914,17490.43611323642,0.0,0.0,0,D2018-02914
2915,2915,17085.20179372197,0.545973565957885,0.7201936012051111,3,D2019-02915
2916,2916,16649.67225054625,0.5545768441445428,0.468865729753932,3,D2021-02916
2917,2917,15625.427204374571,0.5545768441445428,0.468865729753932,3,D2022-02917
2918,2918,15625.427204374571,0.545973565957885,0.7201936012051111,3,D2022-02918
2919,2919,40000.0,0.887065521212539,-0.4572844426827051,1,D2025-02919
2920,2920,15159.151193633952,0.5545768441445428,0.468865729753932,3,D2023-02920
2921,2921,40000.0,0.5534396761666587,0.459281963194749,3,D2025-02921
2922,2922,15000.0,0.2053573863271598,-0.0288252252095637,0,D2024-02922
2923,2923,15159.151193633952,0.2335409704481808,0.2818515169697327,0,D2023-02923
2924,2924,15000.0,0.2053573863271598,-0.0288252252095637,0,D2024-02924
2925,2925,17085.20179372197,0.887065521212539,-0.4572844426827051,1,D2019-02925
2926,2926,15625.427204374571,0.558889803236791,0.3066938298019666,3,D2022-02926
2927,2927,15000.0,0.3605626268116275,0.3145096887999944,0,D2024-02927
2928,2928,15000.0,0.887065521212539,-0.4572844426827051,1,D2024-02928
2929,2929,15000.0,0.3595486104043427,0.31797252368592,3,D2024-02929
2930,2930,17490.43611323642,0.545973565957885,0.7201936012051111,3,D2018-02930
2931,2931,17490.43611323642,0.887065521212539,-0.4572844426827051,1,D2018-02931
2932,2932,17085.20179372197,0.887065521212539,-0.4572844426827051,1,D2019-02932
2933,2933,17929.41176470588,0.545973565957885,0.7201936012051111,3,D2017-02933
2934,2934,16996.28252788104,0.545973565957885,0.7201936012051111,3,D2020-02934
2935,2935,15000.0,0.5545768441445428,0.468865729753932,3,D2024-02935
2936,2936,17929.41176470588,0.545973565957885,0.7201936012051111,3,D2017-02936
2937,2937,16649.67225054625,0.0348964683153171,0.0554614237697945,0,D2021-02937
2938,2938,17929.41176470588,0.014503688299564,0.0281406023305929,0,D2017-02938
2939,2939,15000.0,0.3595486104043427,0.31797252368592,0,D2024-02939
2940,2940,15625.427204374571,0.887065521212539,-0.4572844426827051,1,D2022-02940
2941,2941,16996.28252788104,0.5534396761666587,0.459281963194749,3,D2020-02941
2942,2942,15159.151193633952,0.0348964683153171,0.0554614237697945,0,D2023-02942
2943,2943,17490.43611323642,0.0957977624659927,-0.0432781949357902,0,D2018-02943
2944,2944,17085.20179372197,0.545973565957885,0.7201936012051111,3,D2019-02944
2945,2945,17085.20179372197,0.887065521212539,-0.4572844426827051,1,D2019-02945
2946,2946,17085.20179372197,0.887065521212539,-0.4572844426827051,1,D2019-02946
2947,2947,17490.43611323642,0.887065521212539,-0.4572844426827051,1,D2018-02947
2948,2948,17085.20179372197,0.545973565957885,0.7201936012051111,3,D2019-02948
2949,2949,16996.28252788104,0.558889803236791,0.3066938298019666,3,D2020-02949
2950,2950,17929.41176470588,0.887065521212539,-0.4572844426827051,1,D2017-02950
2951,2951,17085.20179372197,0.2087182237946988,-0.1043755260474003,0,D2019-02951
2952,2952,15159.151193633952,0.2087182237946988,-0.1043755260474003,0,D2023-02952
2953,2953,17085.20179372197,0.0,0.0,0,D2019-02953
2954,2954,17085.20179372197,0.545973565957885,0.7201936012051111,3,D2019-02954
2955,2955,16996.28252788104,0.545973565957885,0.7201936012051111,3,D2020-02955
2956,2956,16649.67225054625,0.0618633193486313,0.0363835500363729,0,D2021-02956
2957,2957,16996.28252788104,0.545973565957885,0.7201936012051111,3,D2020-02957
2958,2958,17085.20179372197,0.887065521212539,-0.4572844426827051,1,D2019-02958
2959,2959,17490.43611323642,0.887065521212539,-0.4572844426827051,1,D2018-02959
2960,2960,17490.43611323642,0.887065521212539,-0.4572844426827051,1,D2018-02960
2961,2961,15159.151193633952,0.5534396761666587,0.459281963194749,3,D2023-02961
2962,2962,15159.151193633952,0.5545768441445428,0.468865729753932,3,D2023-02962
2963,2963,17490.43611323642,0.887065521212539,-0.4572844426827051,1,D2018-02963
2964,2964,15159.151193633952,0.2053573863271598,-0.0288252252095637,0,D2023-02964
2965,2965,17490.43611323642,0.2258200855335509,-0.117717913321529,0,D2018-02965
2966,2966,17085.20179372197,0.545973565957885,0.7201936012051111,3,D2019-02966
2967,2967,17490.43611323642,0.887065521212539,-0.4572844426827051,1,D2018-02967
2968,2968,17929.41176470588,0.887065521212539,-0.4572844426827051,1,D2017-02968
2969,2969,17490.43611323642,0.4497394555696682,0.5790278468688683,3,D2018-02969
2970,2970,15625.427204374571,0.5545768441445428,0.468865729753932,3,D2022-02970
2971,2971,15000.0,0.3595486104043427,0.31797252368592,0,D2024-02971
2972,2972,17085.20179372197,0.887065521212539,-0.4572844426827051,1,D2019-02972
2973,2973,17929.41176470588,0.2258200855335509,-0.117717913321529,0,D2017-02973
2974,2974,16649.67225054625,0.887065521212539,-0.4572844426827051,1,D2021-02974
2975,2975,16649.67225054625,0.1055314390872806,-0.0423388287129338,0,D2021-02975
2976,2976,17929.41176470588,0.2258200855335509,-0.117717913321529,0,D2017-02976
2977,2977,15159.151193633952,0.887065521212539,-0.4572844426827051,1,D2023-02977
2978,2978,17085.20179372197,0.887065521212539,-0.4572844426827051,1,D2019-02978
2979,2979,17929.41176470588,0.0,0.0,0,D2017-02979
2980,2980,16649.67225054625,0.887065521212539,-0.4572844426827051,1,D2021-02980
2981,2981,17929.41176470588,0.0,0.0,0,D2017-02981
2982,2982,15625.427204374571,0.5545768441445428,0.468865729753932,3,D2022-02982
2983,2983,15625.427204374571,0.5545768441445428,0.468865729753932,3,D2022-02983
2984,2984,17929.41176470588,0.0,0.0,0,D2017-02984
2985,2985,17929.41176470588,0.0,0.0,0,D2017-02985
2986,2986,16996.28252788104,0.545973565957885,0.7201936012051111,3,D2020-02986
2987,2987,17085.20179372197,0.887065521212539,-0.4572844426827051,1,D2019-02987
2988,2988,15625.427204374571,0.0426577592650906,0.0498278831227649,0,D2022-02988
2989,2989,17085.20179372197,0.545973565957885,0.7201936012051111,3,D2019-02989
2990,2990,15625.427204374571,0.5534396761666587,0.459281963194749,3,D2022-02990
2991,2991,17490.43611323642,0.545973565957885,0.7201936012051111,3,D2018-02991
2992,2992,15159.151193633952,0.5534396761666587,0.459281963194749,3,D2023-02992
2993,2993,17085.20179372197,0.545973565957885,0.7201936012051111,3,D2019-02993
2994,2994,17929.41176470588,0.646268136560931,0.2389418022506655,3,D2017-02994
2995,2995,16649.67225054625,0.5534396761666587,0.459281963194749,3,D2021-02995
2996,2996,16996.28252788104,0.545973565957885,0.7201936012051111,3,D2020-02996
2997,2997,17490.43611323642,0.887065521212539,-0.4572844426827051,1,D2018-02997
2998,2998,15625.427204374571,0.2087182237946988,-0.1043755260474003,0,D2022-02998
2999,2999,15625.427204374571,0.5545768441445428,0.468865729753932,3,D2022-02999
3000,3000,17490.43611323642,0.0956638116397091,-0.0389822819735811,0,D2018-03000
3001,3001,17085.20179372197,0.545973565957885,0.7201936012051111,3,D2019-03001
3002,3002,17929.41176470588,0.887065521212539,-0.4572844426827051,1,D2017-03002
3003,3003,17929.41176470588,0.0,0.0,0,D2017-03003
3004,3004,16996.28252788104,0.0348964683153171,0.0554614237697945,0,D2020-03004
3005,3005,16649.67225054625,0.3372030663707687,0.4457518828927285,0,D2021-03005
3006,3006,17490.43611323642,0.188125643650428,-0.0912769873064225,0,D2018-03006
3007,3007,15625.427204374571,0.887065521212539,-0.4572844426827051,1,D2022-03007
3008,3008,15625.427204374571,0.887065521212539,-0.4572844426827051,1,D2022-03008
3009,3009,15625.427204374571,0.887065521212539,-0.4572844426827051,1,D2022-03009
3010,3010,15159.151193633952,0.887065521212539,-0.4572844426827051,1,D2023-03010
3011,3011,17929.41176470588,0.0,0.0,0,D2017-03011
3012,3012,15625.427204374571,0.887065521212539,-0.4572844426827051,1,D2022-03012
3013,3013,15159.151193633952,0.887065521212539,-0.4572844426827051,1,D2023-03013
3014,3014,15625.427204374571,0.5545768441445428,0.468865729753932,3,D2022-03014
3015,3015,40000.0,0.3605626268116275,0.3145096887999944,0,D2025-03015
3016,3016,17490.43611323642,0.0957977624659927,-0.0432781949357902,0,D2018-03016
3017,3017,17085.20179372197,0.887065521212539,-0.4572844426827051,1,D2019-03017
3018,3018,17929.41176470588,0.2258200855335509,-0.117717913321529,0,D2017-03018
3019,3019,17929.41176470588,0.0016663520071325,0.0023744954690122,0,D2017-03019
3020,3020,17929.41176470588,0.1189878247278639,-0.0582244365541811,0,D2017-03020
3021,3021,17929.41176470588,0.0,0.0,0,D2017-03021
3022,3022,16649.67225054625,0.0527333398921276,-0.0170031196277221,0,D2021-03022
3023,3023,16996.28252788104,0.887065521212539,-0.4572844426827051,1,D2020-03023
3024,3024,16996.28252788104,0.2221310215655728,-0.105894584986223,0,D2020-03024
3025,3025,15159.151193633952,0.887065521212539,-0.4572844426827051,1,D2023-03025
3026,3026,40000.0,0.0995099514095536,0.0286558270707766,0,D2025-03026
3027,3027,15000.0,0.2351984929048936,0.2355310204370733,0,D2024-03027
3028,3028,15000.0,0.2514699606499581,0.2361507717810912,0,D2024-03028
3029,3029,17929.41176470588,0.0,0.0,0,D2017-03029
3030,3030,15000.0,0.383668283663209,0.3277986453537835,3,D2024-03030
3031,3031,15000.0,0.2571152312962459,0.3105972716873807,0,D2024-03031
3032,3032,15000.0,0.2053573863271598,-0.0288252252095637,0,D2024-03032
3033,3033,15159.151193633952,0.3605626268116275,0.3145096887999944,0,D2023-03033
3034,3034,16649.67225054625,0.5534396761666587,0.459281963194749,3,D2021-03034
3035,3035,16649.67225054625,0.5534396761666587,0.459281963194749,3,D2021-03035
3036,3036,15000.0,0.5534396761666587,0.459281963194749,3,D2024-03036
3037,3037,15159.151193633952,0.3605626268116275,0.3145096887999944,0,D2023-03037
3038,3038,17085.20179372197,0.545973565957885,0.7201936012051111,3,D2019-03038
3039,3039,17929.41176470588,0.5364155105898365,0.6904821558214014,3,D2017-03039
3040,3040,15000.0,0.2571152312962459,0.3105972716873807,0,D2024-03040
3041,3041,17085.20179372197,0.887065521212539,-0.4572844426827051,1,D2019-03041
3042,3042,17490.43611323642,0.545973565957885,0.7201936012051111,3,D2018-03042
3043,3043,16649.67225054625,0.0348964683153171,0.0554614237697945,0,D2021-03043
3044,3044,15159.151193633952,0.887065521212539,-0.4572844426827051,1,D2023-03044
3045,3045,40000.0,0.2053573863271598,-0.0288252252095637,0,D2025-03045
3046,3046,50000.0,0.0099719440330381,0.0285132119256186,0,D2025-03046
3047,3047,15000.0,0.3595486104043427,0.31797252368592,3,D2024-03047
3048,3048,15159.151193633952,0.0348964683153171,0.0554614237697945,0,D2023-03048
3049,3049,16649.67225054625,0.5545768441445428,0.468865729753932,3,D2021-03049
3050,3050,17490.43611323642,0.887065521212539,-0.4572844426827051,1,D2018-03050
3051,3051,17929.41176470588,0.887065521212539,-0.4572844426827051,1,D2017-03051
3052,3052,17490.43611323642,0.545973565957885,0.7201936012051111,3,D2018-03052
3053,3053,17929.41176470588,0.3468132016715148,0.1391412913753662,0,D2017-03053
3054,3054,16649.67225054625,0.887065521212539,-0.4572844426827051,1,D2021-03054
3055,3055,16996.28252788104,0.4265325765388132,0.5634909154384272,3,D2020-03055
3056,3056,17929.41176470588,0.887065521212539,-0.4572844426827051,1,D2017-03056
3057,3057,17929.41176470588,0.887065521212539,-0.4572844426827051,1,D2017-03057
3058,3058,17085.20179372197,0.887065521212539,-0.4572844426827051,1,D2019-03058
3059,3059,17085.20179372197,0.381633516846582,0.4911094052137501,3,D2019-03059
3060,3060,15625.427204374571,0.887065521212539,-0.4572844426827051,1,D2022-03060
3061,3061,40000.0,0.3605626268116275,0.3145096887999944,0,D2025-03061
3062,3062,15159.151193633952,0.0767782150189787,-0.0080852461559622,0,D2023-03062
3063,3063,16649.67225054625,0.887065521212539,-0.4572844426827051,1,D2021-03063
3064,3064,17490.43611323642,0.4561955248637752,0.6045190370228757,3,D2018-03064
3065,3065,17085.20179372197,0.887065521212539,-0.4572844426827051,1,D2019-03065
3066,3066,17490.43611323642,0.887065521212539,-0.4572844426827051,1,D2018-03066
3067,3067,15000.0,0.2571152312962459,0.3105972716873807,0,D2024-03067
3068,3068,17929.41176470588,0.2556928910164887,0.1000134293652024,0,D2017-03068
3069,3069,17929.41176470588,0.646268136560931,0.2389418022506655,3,D2017-03069
3070,3070,31250.854408749143,0.0177841795272296,0.0389938918471779,0,D2022-03070
3071,3071,15625.427204374571,0.887065521212539,-0.4572844426827051,1,D2022-03071
3072,3072,17490.43611323642,0.545973565957885,0.7201936012051111,3,D2018-03072
3073,3073,17490.43611323642,0.887065521212539,-0.4572844426827051,1,D2018-03073
3074,3074,17490.43611323642,0.2556928910164887,0.1000134293652024,0,D2018-03074
3075,3075,16649.67225054625,0.887065521212539,-0.4572844426827051,1,D2021-03075
3076,3076,17929.41176470588,0.0,0.0,0,D2017-03076
3077,3077,17929.41176470588,0.545973565957885,0.7201936012051111,3,D2017-03077
3078,3078,15159.151193633952,0.0995099514095536,0.0286558270707766,0,D2023-03078
3079,3079,17929.41176470588,0.014503688299564,0.0281406023305929,0,D2017-03079
3080,3080,17929.41176470588,0.0957977624659927,-0.0432781949357902,0,D2017-03080
3081,3081,17929.41176470588,0.887065521212539,-0.4572844426827051,1,D2017-03081
3082,3082,17490.43611323642,0.4898189952913064,0.5716533783149209,3,D2018-03082
3083,3083,16996.28252788104,0.887065521212539,-0.4572844426827051,1,D2020-03083
3084,3084,17929.41176470588,0.887065521212539,-0.4572844426827051,1,D2017-03084
3085,3085,17929.41176470588,0.887065521212539,-0.4572844426827051,1,D2017-03085
3086,3086,17929.41176470588,0.545973565957885,0.7201936012051111,3,D2017-03086
3087,3087,15625.427204374571,0.1331534240013177,0.2188574076000868,0,D2022-03087
3088,3088,50000.0,0.0114665897369976,0.0282668084679879,0,D2025-03088
3089,3089,17929.41176470588,0.887065521212539,-0.4572844426827051,1,D2017-03089
3090,3090,17085.20179372197,0.545973565957885,0.7201936012051111,3,D2019-03090
3091,3091,17085.20179372197,0.887065521212539,-0.4572844426827051,1,D2019-03091
3092,3092,17490.43611323642,0.0868015424870065,-0.0172499824979726,0,D2018-03092
3093,3093,15000.0,0.2351984929048936,0.2355310204370733,0,D2024-03093
3094,3094,17490.43611323642,0.887065521212539,-0.4572844426827051,1,D2018-03094
3095,3095,15159.151193633952,0.887065521212539,-0.4572844426827051,1,D2023-03095
3096,3096,17085.20179372197,0.545973565957885,0.7201936012051111,3,D2019-03096
3097,3097,17490.43611323642,0.4561955248637752,0.6045190370228757,3,D2018-03097
3098,3098,15159.151193633952,0.887065521212539,-0.4572844426827051,1,D2023-03098
3099,3099,17490.43611323642,0.545973565957885,0.7201936012051111,3,D2018-03099
3100,3100,17490.43611323642,0.0052133019002637,0.0066877896314356,0,D2018-03100
3101,3101,17085.20179372197,0.887065521212539,-0.4572844426827051,1,D2019-03101
3102,3102,17085.20179372197,0.0069879514419336,0.0171073733916099,0,D2019-03102
3103,3103,17085.20179372197,0.188125643650428,-0.0912769873064225,0,D2019-03103
3104,3104,43726.090283091056,0.0464767894611385,0.0939012351813246,0,D2018-03104
3105,3105,15625.427204374571,0.887065521212539,-0.4572844426827051,1,D2022-03105
3106,3106,16649.67225054625,0.5534396761666587,0.459281963194749,3,D2021-03106
3107,3107,17929.41176470588,0.1360200321964887,0.2397635975181574,0,D2017-03107
3108,3108,17490.43611323642,0.0957977624659927,-0.0432781949357902,0,D2018-03108
3109,3109,17929.41176470588,0.2258200855335509,-0.117717913321529,0,D2017-03109
3110,3110,17490.43611323642,0.887065521212539,-0.4572844426827051,1,D2018-03110
3111,3111,17085.20179372197,0.545973565957885,0.7201936012051111,3,D2019-03111
3112,3112,17490.43611323642,0.0590834271562825,0.1208303711451757,0,D2018-03112
3113,3113,17490.43611323642,0.0641488921085496,-0.0068557578390724,0,D2018-03113
3114,3114,17929.41176470588,0.887065521212539,-0.4572844426827051,1,D2017-03114
3115,3115,16996.28252788104,0.5534396761666587,0.459281963194749,3,D2020-03115
3116,3116,16649.67225054625,0.5545768441445428,0.468865729753932,3,D2021-03116
3117,3117,6413.159908186688,0.0006733473825621,0.0008271286642908,0,D2018-03117
3118,3118,16649.67225054625,0.887065521212539,-0.4572844426827051,1,D2021-03118
3119,3119,15625.427204374571,0.887065521212539,-0.4572844426827051,1,D2022-03119
3120,3120,22780.26905829596,0.0010529413163043,0.0013954455160894,0,D2019-03120
3121,3121,40000.0,0.3595486104043427,0.31797252368592,0,D2025-03121
3122,3122,17490.43611323642,0.887065521212539,-0.4572844426827051,1,D2018-03122
3123,3123,17085.20179372197,0.0169624849715028,0.0341706462586985,0,D2019-03123
3124,3124,22780.26905829596,0.0010529413163043,0.0013954455160894,0,D2019-03124
3125,3125,22780.26905829596,0.0010529413163043,0.0013954455160894,0,D2019-03125
3126,3126,15625.427204374571,0.5545768441445428,0.468865729753932,3,D2022-03126
3127,3127,17490.43611323642,0.887065521212539,-0.4572844426827051,1,D2018-03127
3128,3128,17085.20179372197,0.887065521212539,-0.4572844426827051,1,D2019-03128
3129,3129,17929.41176470588,0.545973565957885,0.7201936012051111,3,D2017-03129
3130,3130,17929.41176470588,0.887065521212539,-0.4572844426827051,1,D2017-03130
3131,3131,17085.20179372197,0.887065521212539,-0.4572844426827051,1,D2019-03131
3132,3132,79918.426802622,0.04272469603717,0.0872523969300227,0,D2021-03132
3133,3133,15000.0,0.2571152312962459,0.3105972716873807,0,D2024-03133
3134,3134,22500.0,0.0132483411470508,0.0333411063440712,0,D2025-03134
3135,3135,33299.3445010925,0.0015254569731272,0.0034934359586781,0,D2021-03135
3136,3136,15625.427204374571,0.545973565957885,0.7201936012051111,3,D2022-03136
3137,3137,35000.0,0.0099719440330381,0.0285132119256186,0,D2024-03137
3138,3138,15625.427204374571,0.545973565957885,0.7201936012051111,3,D2022-03138
3139,3139,17085.20179372197,0.3418501291875403,0.4108919051446949,3,D2019-03139
3140,3140,16649.67225054625,0.887065521212539,-0.4572844426827051,1,D2021-03140
3141,3141,15625.427204374571,0.887065521212539,-0.4572844426827051,1,D2022-03141
3142,3142,17490.43611323642,0.887065521212539,-0.4572844426827051,1,D2018-03142
3143,3143,17490.43611323642,0.5625319909598997,-0.1212373408757233,0,D2018-03143
3144,3144,17490.43611323642,0.887065521212539,-0.4572844426827051,1,D2018-03144
3145,3145,40000.0,0.3605626268116275,0.3145096887999944,0,D2025-03145
3146,3146,16649.67225054625,0.5545768441445428,0.468865729753932,3,D2021-03146
3147,3147,17490.43611323642,0.887065521212539,-0.4572844426827051,1,D2018-03147
3148,3148,17085.20179372197,0.887065521212539,-0.4572844426827051,1,D2019-03148
3149,3149,17490.43611323642,0.4898189952913064,0.5716533783149209,3,D2018-03149
3150,3150,16996.28252788104,0.4898189952913064,0.5716533783149209,3,D2020-03150
3151,3151,15625.427204374571,0.3529021821016657,0.294972173269057,0,D2022-03151
3152,3152,16996.28252788104,0.0348964683153171,0.0554614237697945,0,D2020-03152
3153,3153,30753.36322869955,0.0007439891595358,0.001428340624613,0,D2019-03153
3154,3154,15159.151193633952,0.5534396761666587,0.459281963194749,3,D2023-03154
3155,3155,16649.67225054625,0.5545768441445428,0.468865729753932,3,D2021-03155
3156,3156,17085.20179372197,0.887065521212539,-0.4572844426827051,1,D2019-03156
3157,3157,17085.20179372197,0.887065521212539,-0.4572844426827051,1,D2019-03157
3158,3158,17490.43611323642,0.4617510700729452,0.6200862440413001,3,D2018-03158
3159,3159,17490.43611323642,0.4561955248637752,0.6045190370228757,3,D2018-03159
3160,3160,18129.368029739777,0.0536744224557552,0.1133585701881316,0,D2020-03160
3161,3161,17085.20179372197,0.545973565957885,0.7201936012051111,3,D2019-03161
3162,3162,17929.41176470588,0.2258200855335509,-0.117717913321529,0,D2017-03162
3163,3163,50000.0,0.0162635418820151,0.0370794229977096,0,D2025-03163
3164,3164,15000.0,0.2053573863271598,-0.0288252252095637,0,D2024-03164
3165,3165,40000.0,0.383668283663209,0.3277986453537835,0,D2025-03165
3166,3166,40000.0,0.2571152312962459,0.3105972716873807,0,D2025-03166
3167,3167,15000.0,0.5534396761666587,0.459281963194749,3,D2025-03167
3168,3168,15000.0,0.2571152312962459,0.3105972716873807,0,D2024-03168
3169,3169,40000.0,0.0995099514095536,0.0286558270707766,0,D2024-03169
3170,3170,68000.0,0.1053139877555041,0.2295423543544257,0,D2024-03170
3171,3171,40000.0,0.2335409704481808,0.2818515169697327,0,D2025-03171
3172,3172,67500.0,0.0666838481578436,0.1509995214682367,0,D2025-03172
3173,3173,42000.0,0.093919170798258,0.2080481433991644,0,D2025-03173
3174,3174,16649.67225054625,0.887065521212539,-0.4572844426827051,1,D2021-03174
3175,3175,40000.0,0.2979591389848801,0.2161586078438218,0,D2024-03175
3176,3176,40000.0,0.0098869359084338,0.0275096757542597,0,D2025-03176
3177,3177,60000.0,0.1069220321977257,0.2268502165094056,0,D2024-03177
3178,3178,40000.0,0.0098869359084338,0.0275096757542597,0,D2025-03178
3179,3179,15625.427204374571,0.5545768441445428,0.468865729753932,3,D2022-03179
3180,3180,60000.0,0.1069220321977257,0.2268502165094056,0,D2025-03180
3181,3181,15000.0,0.0664016888953806,0.1326571422900943,0,D2025-03181
3182,3182,60000.0,0.0076640167436375,0.0195430088767422,0,D2024-03182
3183,3183,40000.0,0.2350744496439364,0.2857529470273482,0,D2024-03183
3184,3184,40000.0,0.3026786718590334,0.2426038823856232,0,D2025-03184
3185,3185,60000.0,0.0440927602920167,-0.0198242487440898,0,D2025-03185
3186,3186,280000.0,0.0088340612553082,0.0241682723955269,0,D2025-03186
3187,3187,40000.0,0.0086683089083677,0.0246989275988867,0,D2025-03187
3188,3188,16649.67225054625,0.5534396761666587,0.459281963194749,3,D2021-03188
3189,3189,37352.94117647059,0.0645682734164511,0.1410456751469586,0,D2017-03189
3190,3190,37352.94117647059,0.0631566060243639,0.137758541349446,0,D2017-03190
3191,3191,17929.41176470588,0.2228811198492594,0.369134667509487,0,D2017-03191
3192,3192,17490.43611323642,0.545973565957885,0.7201936012051111,3,D2018-03192
3193,3193,17490.43611323642,0.545973565957885,0.7201936012051111,3,D2018-03193
3194,3194,17490.43611323642,0.0092064680205699,0.023398599335952,0,D2018-03194
3195,3195,15625.427204374571,0.0,0.0,0,D2022-03195
3196,3196,17490.43611323642,0.887065521212539,-0.4572844426827051,1,D2018-03196
3197,3197,17929.41176470588,0.887065521212539,-0.4572844426827051,1,D2017-03197
3198,3198,17929.41176470588,0.887065521212539,-0.4572844426827051,1,D2017-03198
3199,3199,17929.41176470588,0.2258200855335509,-0.117717913321529,0,D2017-03199
3200,3200,17490.43611323642,0.887065521212539,-0.4572844426827051,1,D2018-03200
3201,3201,17490.43611323642,0.2221310215655728,-0.105894584986223,0,D2018-03201
3202,3202,43751.196172248805,0.0039269290702738,0.005270545180342,0,D2022-03202
3203,3203,15625.427204374571,0.887065521212539,-0.4572844426827051,1,D2022-03203
3204,3204,40000.0,0.0704778947883308,0.1604811757730397,0,D2024-03204
3205,3205,19886.897881066303,0.0001520029716562,0.0005481918886904,0,D2022-03205
3206,3206,51106.6056049214,0.0019391429012706,0.0039974835753222,0,D2022-03206
3207,3207,21875.5980861244,0.0039269290702738,0.005270545180342,0,D2022-03207
3208,3208,39773.81659603555,0.0001520029716562,0.0005481918886904,0,D2022-03208
3209,3209,40000.0,0.2053573863271598,-0.0288252252095637,0,D2025-03209
3210,3210,40000.0,0.2350744496439364,0.2857529470273482,0,D2025-03210
3211,3211,15159.151193633952,0.2571152312962459,0.3105972716873807,0,D2023-03211
3212,3212,15159.151193633952,0.3605626268116275,0.3145096887999944,0,D2023-03212
3213,3213,15625.427204374571,0.1167321117490093,0.196243872648102,0,D2022-03213
3214,3214,15625.427204374571,0.887065521212539,-0.4572844426827051,1,D2022-03214
3215,3215,40000.0,0.2053573863271598,-0.0288252252095637,0,D2025-03215
3216,3216,15625.427204374571,0.1167321117490093,0.196243872648102,0,D2022-03216
3217,3217,15159.151193633952,0.2571152312962459,0.3105972716873807,0,D2023-03217
3218,3218,15625.427204374571,0.5534396761666587,0.459281963194749,3,D2022-03218
3219,3219,15625.427204374571,0.5545768441445428,0.468865729753932,3,D2022-03219
3220,3220,60636.60477453581,0.0367905210580015,0.0711423403582147,0,D2023-03220
3221,3221,60000.0,0.0372724521582546,0.0761909416961989,0,D2025-03221
3222,3222,60000.0,0.0378027561516276,0.0773684953515378,0,D2025-03222
3223,3223,60636.60477453581,0.0367905210580015,0.0711423403582147,0,D2023-03223
3224,3224,15625.427204374571,0.5545768441445428,0.468865729753932,3,D2022-03224
3225,3225,15625.427204374571,0.887065521212539,-0.4572844426827051,1,D2022-03225
3226,3226,15625.427204374571,0.0546094121309499,0.110387007129927,0,D2022-03226
3227,3227,68000.0,0.0719585398887925,0.1435851018192966,0,D2025-03227
3228,3228,15159.151193633952,0.5545768441445428,0.468865729753932,3,D2023-03228
3229,3229,41000.0,0.0086801797250654,0.0238662668245452,0,D2024-03229
3230,3230,15159.151193633952,0.5534396761666587,0.459281963194749,3,D2023-03230
3231,3231,71400.0,0.0547441443463851,0.1125928641859205,0,D2024-03231
3232,3232,15625.427204374571,0.5545768441445428,0.468865729753932,3,D2022-03232
3233,3233,40000.0,0.0109373192223497,0.0273948644541106,0,D2025-03233
3234,3234,41000.0,0.0086801797250654,0.0238662668245452,0,D2024-03234
3235,3235,43000.0,0.0967606080045595,0.2127752985024589,0,D2024-03235
3236,3236,15625.427204374571,0.5534396761666587,0.459281963194749,3,D2022-03236
3237,3237,15625.427204374571,0.545973565957885,0.7201936012051111,3,D2022-03237
3238,3238,15159.151193633952,0.0900658312913554,-0.0101070885407876,0,D2023-03238
3239,3239,22233.42175066313,0.6266972503245193,-0.3233963004655211,1,D2023-03239
3240,3240,15625.427204374571,0.0348964683153171,0.0554614237697945,0,D2022-03240
3241,3241,15159.151193633952,0.5545768441445428,0.468865729753932,3,D2023-03241
3242,3242,15159.151193633952,0.2335409704481808,0.2818515169697327,0,D2023-03242
3243,3243,50000.0,0.0967606080045595,0.2127752985024589,0,D2024-03243
3244,3244,16649.67225054625,0.5534396761666587,0.459281963194749,3,D2021-03244
3245,3245,15159.151193633952,0.2571152312962459,0.3105972716873807,0,D2023-03245
3246,3246,15159.151193633952,0.5545768441445428,0.468865729753932,3,D2023-03246
3247,3247,15625.427204374571,0.5545768441445428,0.468865729753932,3,D2022-03247
3248,3248,15625.427204374571,0.887065521212539,-0.4572844426827051,1,D2022-03248
3249,3249,40000.0,0.2514699606499581,0.2361507717810912,0,D2024-03249
3250,3250,15625.427204374571,0.5534396761666587,0.459281963194749,3,D2022-03250
3251,3251,16649.67225054625,0.545973565957885,0.7201936012051111,3,D2021-03251
3252,3252,15625.427204374571,0.0808253489196543,0.1339377389862532,0,D2022-03252
3253,3253,15625.427204374571,0.887065521212539,-0.4572844426827051,1,D2022-03253
3254,3254,15159.151193633952,0.0900658312913554,-0.0101070885407876,0,D2023-03254
3255,3255,15159.151193633952,0.3605626268116275,0.3145096887999944,0,D2023-03255
3256,3256,15000.0,0.887065521212539,-0.4572844426827051,1,D2024-03256
3257,3257,15000.0,0.5545768441445428,0.468865729753932,3,D2024-03257
3258,3258,40000.0,0.5534396761666587,0.459281963194749,3,D2024-03258
3259,3259,15159.151193633952,0.2335409704481808,0.2818515169697327,0,D2023-03259
3260,3260,40000.0,0.5534396761666587,0.459281963194749,3,D2025-03260
3261,3261,75000.0,0.04425692337249,0.0923198178700758,0,D2025-03261
3262,3262,30318.302387267904,0.0294521804939522,0.064177605848526,0,D2023-03262
3263,3263,15000.0,0.3605626268116275,0.3145096887999944,0,D2024-03263
3264,3264,40000.0,0.5534396761666587,0.459281963194749,3,D2025-03264
3265,3265,40000.0,0.887065521212539,-0.4572844426827051,1,D2025-03265
3266,3266,15625.427204374571,0.5545768441445428,0.468865729753932,3,D2022-03266
3267,3267,15159.151193633952,0.5545768441445428,0.468865729753932,3,D2023-03267
3268,3268,30318.302387267904,0.098653282763893,0.2125071544401137,0,D2023-03268
3269,3269,65000.0,0.0967606080045595,0.2127752985024589,0,D2024-03269
3270,3270,15625.427204374571,0.5545768441445428,0.468865729753932,3,D2022-03270
3271,3271,15159.151193633952,0.0348964683153171,0.0554614237697945,0,D2023-03271
3272,3272,30000.0,0.0558284133361715,0.1123846285053701,0,D2025-03272
3273,3273,80000.0,0.0561476895148608,0.112680542213999,0,D2025-03273
3274,3274,31250.854408749143,0.01085413795207,0.0209006150369835,0,D2022-03274
3275,3275,40000.0,0.0995099514095536,0.0286558270707766,0,D2024-03275
3276,3276,15159.151193633952,0.887065521212539,-0.4572844426827051,1,D2023-03276
3277,3277,15159.151193633952,0.0348964683153171,0.0554614237697945,0,D2023-03277
3278,3278,15625.427204374571,0.887065521212539,-0.4572844426827051,1,D2022-03278
3279,3279,60000.0,0.0561476895148608,0.112680542213999,0,D2025-03279
3280,3280,31250.854408749143,0.01085413795207,0.0209006150369835,0,D2022-03280
3281,3281,31250.854408749143,0.0129461926432814,0.025227179200275,0,D2022-03281
3282,3282,15159.151193633952,0.0016919915299166,0.0018198016757775,0,D2023-03282
3283,3283,16649.67225054625,0.887065521212539,-0.4572844426827051,1,D2021-03283
3284,3284,40424.40318302388,0.0070781189880455,0.0187816173400112,0,D2023-03284
3285,3285,15159.151193633952,0.0120314549978152,0.0295258021815743,0,D2023-03285
3286,3286,20000.0,0.1014027896579109,0.2185912318882781,0,D2024-03286
3287,3287,20000.0,0.1014027896579109,0.2185912318882781,0,D2024-03287
3288,3288,15000.0,0.3595486104043427,0.31797252368592,0,D2024-03288
3289,3289,15000.0,0.0900658312913554,-0.0101070885407876,0,D2024-03289
3290,3290,50000.0,0.0402828298824361,0.0817229366751059,0,D2024-03290
3291,3291,15000.0,0.2053573863271598,-0.0288252252095637,0,D2024-03291
3292,3292,15159.151193633952,0.166210638344639,-0.0828722556089896,0,D2023-03292
3293,3293,15000.0,0.2351984929048936,0.2355310204370733,0,D2024-03293
3294,3294,15000.0,0.3605626268116275,0.3145096887999944,0,D2024-03294
3295,3295,15159.151193633952,0.5545768441445428,0.468865729753932,3,D2023-03295
3296,3296,15625.427204374571,0.0970715424501287,0.1942858232133386,0,D2022-03296
3297,3297,15159.151193633952,0.887065521212539,-0.4572844426827051,1,D2023-03297
3298,3298,15159.151193633952,0.3595486104043427,0.31797252368592,0,D2023-03298
3299,3299,20212.201591511937,0.0002710720381077,-1.827760984827467e-06,0,D2023-03299
3300,3300,29307.69230769231,0.0231382825499319,0.0439151508614256,0,D2023-03300
3301,3301,44732.0,0.0095886413103949,0.0258379265983801,0,D2025-03301
3302,3302,24542.665782493368,0.0747683411652199,0.1516503345053267,0,D2023-03302
3303,3303,24542.665782493368,0.0092937007480989,0.026365509779708,0,D2023-03303
3304,3304,24542.665782493368,0.0092937007480989,0.026365509779708,0,D2023-03304
3305,3305,15159.151193633952,0.887065521212539,-0.4572844426827051,1,D2023-03305
3306,3306,40000.0,0.1926140574594135,0.2087289755639722,0,D2024-03306
3307,3307,15159.151193633952,0.2571152312962459,0.3105972716873807,0,D2023-03307
3308,3308,29307.69230769231,0.0231382825499319,0.0439151508614256,0,D2023-03308
3309,3309,29307.69230769231,0.0231382825499319,0.0439151508614256,0,D2023-03309
3310,3310,46121.0,0.0099587746801333,0.0273276098695586,0,D2025-03310
3311,3311,15159.151193633952,0.0348964683153171,0.0554614237697945,0,D2023-03311
3312,3312,24542.665782493368,0.0092937007480989,0.026365509779708,0,D2023-03312
3313,3313,639400.0,0.0088795995037168,0.0241769350697298,0,D2024-03313
3314,3314,35000.0,0.015128058215295,0.037095639483894,0,D2025-03314
3315,3315,15159.151193633952,0.5534396761666587,0.459281963194749,3,D2023-03315
3316,3316,15159.151193633952,0.0995099514095536,0.0286558270707766,0,D2023-03316
3317,3317,58870.0,0.093919170798258,0.2080481433991644,0,D2025-03317
3318,3318,729186.6028708135,0.0348964683153171,0.0554614237697945,0,D2022-03318
3319,3319,15000.0,0.3167993373728343,0.2462219617449452,0,D2024-03319
3320,3320,15159.151193633952,0.887065521212539,-0.4572844426827051,1,D2023-03320
3321,3321,15000.0,0.2053573863271598,-0.0288252252095637,0,D2024-03321
3322,3322,15000.0,0.2053573863271598,-0.0288252252095637,0,D2024-03322
3323,3323,15000.0,0.887065521212539,-0.4572844426827051,1,D2024-03323
3324,3324,31250.854408749143,0.1139615264775182,0.2454123811839709,0,D2022-03324
3325,3325,101061.00795755968,0.0020850952367094,0.0040918651269136,0,D2023-03325
3326,3326,20000.0,0.1061277340313173,0.2270185332569729,0,D2024-03326
3327,3327,15159.151193633952,0.887065521212539,-0.4572844426827051,1,D2023-03327
3328,3328,15000.0,0.3374195470254229,0.1246647922493839,3,D2024-03328
3329,3329,15159.151193633952,0.5545768441445428,0.468865729753932,3,D2023-03329
3330,3330,15159.151193633952,0.5534396761666587,0.459281963194749,3,D2023-03330
3331,3331,15159.151193633952,0.2571152312962459,0.3105972716873807,0,D2023-03331
3332,3332,15000.0,0.2053573863271598,-0.0288252252095637,0,D2024-03332
3333,3333,15159.151193633952,0.3605626268116275,0.3145096887999944,0,D2023-03333
3334,3334,15000.0,0.0,0.0,0,D2024-03334
3335,3335,17490.43611323642,0.0957977624659927,-0.0432781949357902,0,D2018-03335
3336,3336,17085.20179372197,0.887065521212539,-0.4572844426827051,1,D2019-03336
3337,3337,15000.0,0.2351984929048936,0.2355310204370733,0,D2024-03337
3338,3338,15000.0,0.3595486104043427,0.31797252368592,0,D2024-03338
3339,3339,40000.0,0.2402023182167581,0.0708380881297232,0,D2025-03339
3340,3340,50530.50397877984,0.0012662873550053,0.0031824072618416,0,D2023-03340
3341,3341,20833.9029391661,0.093701081404348,0.2034523998694341,0,D2022-03341
3342,3342,22661.71003717472,0.0088830770038591,0.0197235403553941,0,D2020-03342
3343,3343,610487.9825200291,0.0375698590872343,0.0800699927797258,0,D2021-03343
3344,3344,15159.151193633952,0.887065521212539,-0.4572844426827051,1,D2023-03344
3345,3345,15000.0,0.3595486104043427,0.31797252368592,0,D2024-03345
3346,3346,15000.0,0.0995099514095536,0.0286558270707766,0,D2024-03346
3347,3347,15000.0,0.3605626268116275,0.3145096887999944,0,D2024-03347
3348,3348,80000.0,0.0097369155435007,0.0275609674853365,0,D2024-03348
3349,3349,610487.9825200291,0.0375698590872343,0.0800699927797258,0,D2021-03349
3350,3350,50000.0,0.0967606080045595,0.2127752985024589,0,D2024-03350
3351,3351,15000.0,0.2053573863271598,-0.0288252252095637,0,D2024-03351
3352,3352,15000.0,0.887065521212539,-0.4572844426827051,1,D2024-03352
3353,3353,17490.43611323642,0.0,0.0,0,D2018-03353
3354,3354,58667.0,0.0929287918330562,0.2043420587712899,0,D2024-03354
3355,3355,17929.41176470588,0.2258200855335509,-0.117717913321529,0,D2017-03355
3356,3356,58667.0,0.0929287918330562,0.2043420587712899,0,D2024-03356
3357,3357,15159.151193633952,0.887065521212539,-0.4572844426827051,1,D2023-03357
3358,3358,17085.20179372197,0.887065521212539,-0.4572844426827051,1,D2019-03358
3359,3359,15159.151193633952,0.0900658312913554,-0.0101070885407876,0,D2023-03359
3360,3360,15159.151193633952,0.2053573863271598,-0.0288252252095637,0,D2023-03360
3361,3361,40424.40318302388,0.0157348514817854,0.0375169174525799,0,D2023-03361
3362,3362,20000.0,0.1014027896579109,0.2185912318882781,0,D2024-03362
3363,3363,15000.0,0.0995099514095536,0.0286558270707766,0,D2024-03363
3364,3364,15000.0,0.2571152312962459,0.3105972716873807,0,D2024-03364
3365,3365,15000.0,0.5545768441445428,0.468865729753932,3,D2024-03365
3366,3366,17490.43611323642,0.887065521212539,-0.4572844426827051,1,D2018-03366
3367,3367,15159.151193633952,0.0140061582585572,0.033243442736216,0,D2023-03367
3368,3368,17490.43611323642,0.0092064680205699,0.023398599335952,0,D2018-03368
3369,3369,16649.67225054625,0.0,0.0,0,D2021-03369
3370,3370,17929.41176470588,0.545973565957885,0.7201936012051111,3,D2017-03370
3371,3371,17929.41176470588,0.4898189952913064,0.5716533783149209,3,D2017-03371
3372,3372,17490.43611323642,0.887065521212539,-0.4572844426827051,1,D2018-03372
3373,3373,17929.41176470588,0.887065521212539,-0.4572844426827051,1,D2017-03373
3374,3374,17929.41176470588,0.887065521212539,-0.4572844426827051,1,D2017-03374
3375,3375,16996.28252788104,0.545973565957885,0.7201936012051111,3,D2020-03375
3376,3376,15625.427204374571,0.5545768441445428,0.468865729753932,3,D2022-03376
3377,3377,17490.43611323642,0.545973565957885,0.7201936012051111,3,D2018-03377
3378,3378,17490.43611323642,0.887065521212539,-0.4572844426827051,1,D2018-03378
3379,3379,17490.43611323642,0.2258200855335509,-0.117717913321529,0,D2018-03379
3380,3380,17490.43611323642,0.545973565957885,0.7201936012051111,3,D2018-03380
3381,3381,17929.41176470588,0.3468132016715148,0.1391412913753662,0,D2017-03381
3382,3382,17929.41176470588,0.887065521212539,-0.4572844426827051,1,D2017-03382
3383,3383,15625.427204374571,0.887065521212539,-0.4572844426827051,1,D2022-03383
3384,3384,16649.67225054625,0.5534396761666587,0.459281963194749,3,D2021-03384
3385,3385,16996.28252788104,0.0727182253635859,0.1585053285004873,0,D2020-03385
3386,3386,15159.151193633952,0.5534396761666587,0.459281963194749,3,D2023-03386
3387,3387,16649.67225054625,0.887065521212539,-0.4572844426827051,1,D2021-03387
3388,3388,17085.20179372197,0.887065521212539,-0.4572844426827051,1,D2019-03388
3389,3389,16649.67225054625,0.887065521212539,-0.4572844426827051,1,D2021-03389
3390,3390,17085.20179372197,0.188125643650428,-0.0912769873064225,0,D2019-03390
3391,3391,16649.67225054625,0.0348964683153171,0.0554614237697945,0,D2021-03391
3392,3392,16649.67225054625,0.5545768441445428,0.468865729753932,3,D2021-03392
3393,3393,15625.427204374571,0.5545768441445428,0.468865729753932,3,D2022-03393
3394,3394,17929.41176470588,0.0,0.0,0,D2017-03394
3395,3395,65000.0,0.0428288895023776,0.0895772496405514,0,D2025-03395
3396,3396,17490.43611323642,0.887065521212539,-0.4572844426827051,1,D2018-03396
3397,3397,17490.43611323642,0.0711527484092426,-0.0127637171619531,0,D2018-03397
3398,3398,17929.41176470588,0.545973565957885,0.7201936012051111,3,D2017-03398
3399,3399,15625.427204374571,0.6269426891814055,0.4831244642970946,3,D2022-03399
3400,3400,17490.43611323642,0.2258200855335509,-0.117717913321529,0,D2018-03400
3401,3401,17490.43611323642,0.2556928910164887,0.1000134293652024,0,D2018-03401
3402,3402,174904.36113236425,0.381633516846582,0.4911094052137501,0,D2018-03402
3403,3403,16649.67225054625,0.545973565957885,0.7201936012051111,3,D2021-03403
3404,3404,16996.28252788104,0.3342517756055049,0.4306242313377833,3,D2020-03404
3405,3405,16649.67225054625,0.887065521212539,-0.4572844426827051,1,D2021-03405
3406,3406,17085.20179372197,0.887065521212539,-0.4572844426827051,1,D2019-03406
3407,3407,16649.67225054625,0.5545768441445428,0.468865729753932,3,D2021-03407
3408,3408,17085.20179372197,0.2380394204375905,-0.1223840045327966,0,D2019-03408
3409,3409,17085.20179372197,0.887065521212539,-0.4572844426827051,1,D2019-03409
3410,3410,17085.20179372197,0.3649773197815141,-0.172553216467265,0,D2019-03410
3411,3411,17085.20179372197,0.545973565957885,0.7201936012051111,3,D2019-03411
3412,3412,17490.43611323642,0.0,0.0,0,D2018-03412
3413,3413,17490.43611323642,0.545973565957885,0.7201936012051111,3,D2018-03413
3414,3414,15625.427204374571,0.887065521212539,-0.4572844426827051,1,D2022-03414
3415,3415,16649.67225054625,0.887065521212539,-0.4572844426827051,1,D2021-03415
3416,3416,15159.151193633952,0.1915248345188056,0.2282775178424099,0,D2023-03416
3417,3417,23320.58148431523,0.0561002889550958,0.1170410019844146,0,D2018-03417
3418,3418,17490.43611323642,0.545973565957885,0.7201936012051111,3,D2018-03418
3419,3419,17929.41176470588,0.646268136560931,0.2389418022506655,3,D2017-03419
3420,3420,16996.28252788104,0.0348964683153171,0.0554614237697945,0,D2020-03420
3421,3421,15625.427204374571,0.887065521212539,-0.4572844426827051,1,D2022-03421
3422,3422,16996.28252788104,0.887065521212539,-0.4572844426827051,1,D2020-03422
3423,3423,15625.427204374571,0.887065521212539,-0.4572844426827051,1,D2022-03423
3424,3424,16996.28252788104,0.5534396761666587,0.459281963194749,3,D2020-03424
3425,3425,16996.28252788104,0.0068092668730538,0.0170108692031103,0,D2020-03425
3426,3426,17929.41176470588,0.887065521212539,-0.4572844426827051,1,D2017-03426
3427,3427,17490.43611323642,0.887065521212539,-0.4572844426827051,1,D2018-03427
3428,3428,16649.67225054625,0.5545768441445428,0.468865729753932,3,D2021-03428
3429,3429,17490.43611323642,0.887065521212539,-0.4572844426827051,1,D2018-03429
3430,3430,17490.43611323642,0.4561955248637752,0.6045190370228757,3,D2018-03430
3431,3431,40000.0,0.383668283663209,0.3277986453537835,0,D2025-03431
3432,3432,17490.43611323642,0.545973565957885,0.7201936012051111,3,D2018-03432
3433,3433,16649.67225054625,0.5534396761666587,0.459281963194749,3,D2021-03433
3434,3434,16649.67225054625,0.545973565957885,0.7201936012051111,3,D2021-03434
3435,3435,17490.43611323642,0.545973565957885,0.7201936012051111,3,D2018-03435
3436,3436,16649.67225054625,0.0348964683153171,0.0554614237697945,0,D2021-03436
3437,3437,15000.0,0.0900658312913554,-0.0101070885407876,0,D2024-03437
3438,3438,17490.43611323642,0.887065521212539,-0.4572844426827051,1,D2018-03438
3439,3439,16996.28252788104,0.887065521212539,-0.4572844426827051,1,D2020-03439
3440,3440,15625.427204374571,0.887065521212539,-0.4572844426827051,1,D2022-03440
3441,3441,50000.0,0.0572084425072061,0.1171581498211596,0,D2024-03441
3442,3442,40000.0,0.383668283663209,0.3277986453537835,0,D2025-03442
3443,3443,17929.41176470588,0.646268136560931,0.2389418022506655,3,D2017-03443
3444,3444,17929.41176470588,0.545973565957885,0.7201936012051111,3,D2017-03444
3445,3445,17929.41176470588,0.646268136560931,0.2389418022506655,3,D2017-03445
3446,3446,16649.67225054625,0.5545768441445428,0.468865729753932,3,D2021-03446
3447,3447,17929.41176470588,0.545973565957885,0.7201936012051111,3,D2017-03447
3448,3448,15000.0,0.2571152312962459,0.3105972716873807,0,D2025-03448
3449,3449,17929.41176470588,0.0013534735105102,0.0015114568598279,0,D2017-03449
3450,3450,17929.41176470588,0.0013534735105102,0.0015114568598279,0,D2017-03450
3451,3451,17490.43611323642,0.887065521212539,-0.4572844426827051,1,D2018-03451
3452,3452,15625.427204374571,0.887065521212539,-0.4572844426827051,1,D2022-03452
3453,3453,16649.67225054625,0.545973565957885,0.7201936012051111,3,D2021-03453
3454,3454,15159.151193633952,0.5534396761666587,0.459281963194749,3,D2023-03454
3455,3455,80000.0,0.0907585398594073,0.1989111164669451,0,D2024-03455
3456,3456,16996.28252788104,0.0527333398921276,-0.0170031196277221,0,D2020-03456
3457,3457,17085.20179372197,0.887065521212539,-0.4572844426827051,1,D2019-03457
3458,3458,15000.0,0.5545768441445428,0.468865729753932,3,D2024-03458
3459,3459,15000.0,0.3605626268116275,0.3145096887999944,0,D2024-03459
3460,3460,15625.427204374571,0.3468132016715148,0.1391412913753662,0,D2022-03460
3461,3461,1699.628252788104,0.887065521212539,-0.4572844426827051,1,D2020-03461
3462,3462,15625.427204374571,0.545973565957885,0.7201936012051111,3,D2022-03462
3463,3463,17929.41176470588,0.1794346244782987,0.3949457685993516,0,D2017-03463
3464,3464,17490.43611323642,0.545973565957885,0.7201936012051111,3,D2018-03464
3465,3465,46876.28161312372,0.0773180092112681,0.0097958656989137,0,D2022-03465
3466,3466,17929.41176470588,0.545973565957885,0.7201936012051111,3,D2017-03466
3467,3467,17929.41176470588,0.2087182237946988,-0.1043755260474003,0,D2017-03467
3468,3468,16649.67225054625,0.236516086693438,0.1037063329102503,0,D2021-03468
3469,3469,17085.20179372197,0.545973565957885,0.7201936012051111,3,D2019-03469
3470,3470,16649.67225054625,0.3730641610898783,0.501621625116209,3,D2021-03470
3471,3471,17490.43611323642,0.646268136560931,0.2389418022506655,3,D2018-03471
3472,3472,17929.41176470588,0.887065521212539,-0.4572844426827051,1,D2017-03472
3473,3473,17490.43611323642,0.545973565957885,0.7201936012051111,3,D2018-03473
3474,3474,17085.20179372197,0.887065521212539,-0.4572844426827051,1,D2019-03474
3475,3475,15625.427204374571,0.887065521212539,-0.4572844426827051,1,D2022-03475
3476,3476,17085.20179372197,0.887065521212539,-0.4572844426827051,1,D2019-03476
3477,3477,17490.43611323642,0.0898883987357574,0.0017545841486372,0,D2018-03477
3478,3478,17490.43611323642,0.1021394015971231,-0.051331268410105,0,D2018-03478
3479,3479,16649.67225054625,0.0547137888750079,-0.024509027846468,0,D2021-03479
3480,3480,17085.20179372197,0.887065521212539,-0.4572844426827051,1,D2019-03480
3481,3481,22661.71003717472,0.0010529413163043,0.0013954455160894,0,D2020-03481
3482,3482,17929.41176470588,0.545973565957885,0.7201936012051111,3,D2017-03482
3483,3483,25500.0,0.0619841649305571,0.1279800002237031,0,D2025-03483
3484,3484,15625.427204374571,0.5545768441445428,0.468865729753932,3,D2022-03484
3485,3485,15625.427204374571,0.5545768441445428,0.468865729753932,3,D2022-03485
3486,3486,34170.40358744394,0.0850545377313444,0.1125451436508113,0,D2019-03486
3487,3487,17085.20179372197,0.545973565957885,0.7201936012051111,3,D2019-03487
3488,3488,16996.28252788104,0.545973565957885,0.7201936012051111,3,D2020-03488
3489,3489,15625.427204374571,0.5545768441445428,0.468865729753932,3,D2022-03489
3490,3490,17490.43611323642,0.887065521212539,-0.4572844426827051,1,D2018-03490
3491,3491,16649.67225054625,0.887065521212539,-0.4572844426827051,1,D2021-03491
3492,3492,16649.67225054625,0.0348964683153171,0.0554614237697945,0,D2021-03492
3493,3493,16649.67225054625,0.887065521212539,-0.4572844426827051,1,D2021-03493
3494,3494,17929.41176470588,0.646268136560931,0.2389418022506655,3,D2017-03494
3495,3495,41667.8058783322,0.0167827086733706,0.0362432334311921,0,D2022-03495
3496,3496,15625.427204374571,0.271138022264945,0.247703339775016,0,D2022-03496
3497,3497,16996.28252788104,0.887065521212539,-0.4572844426827051,1,D2020-03497
3498,3498,16996.28252788104,0.5534396761666587,0.459281963194749,3,D2020-03498
3499,3499,15625.427204374571,0.5534396761666587,0.459281963194749,3,D2022-03499
3500,3500,15159.151193633952,0.5545768441445428,0.468865729753932,3,D2023-03500
3501,3501,15625.427204374571,0.3026786718590334,0.2426038823856232,0,D2022-03501
3502,3502,16649.67225054625,0.2087182237946988,-0.1043755260474003,0,D2021-03502
3503,3503,16996.28252788104,0.545973565957885,0.7201936012051111,3,D2020-03503
3504,3504,16649.67225054625,0.1758489503936499,0.1116071108772775,0,D2021-03504
3505,3505,10416.95146958305,0.4697902453831002,0.7676595711558893,3,D2022-03505
3506,3506,15159.151193633952,0.0116084075241036,0.0246817125390885,0,D2023-03506
3507,3507,15000.0,0.2731797831618645,0.2255894024674996,0,D2024-03507
3508,3508,15625.427204374571,0.887065521212539,-0.4572844426827051,1,D2022-03508
3509,3509,17490.43611323642,0.2221310215655728,-0.105894584986223,0,D2018-03509
3510,3510,16996.28252788104,0.0348964683153171,0.0554614237697945,0,D2020-03510
3511,3511,16649.67225054625,0.5507498224340364,0.4238133417074143,3,D2021-03511
3512,3512,17929.41176470588,0.887065521212539,-0.4572844426827051,1,D2017-03512
3513,3513,17929.41176470588,0.887065521212539,-0.4572844426827051,1,D2017-03513
3514,3514,17929.41176470588,0.4497487235426683,0.601670133271898,3,D2017-03514
3515,3515,17085.20179372197,0.545973565957885,0.7201936012051111,3,D2019-03515
3516,3516,17490.43611323642,0.887065521212539,-0.4572844426827051,1,D2018-03516
3517,3517,15625.427204374571,0.887065521212539,-0.4572844426827051,1,D2022-03517
3518,3518,16649.67225054625,0.887065521212539,-0.4572844426827051,1,D2021-03518
3519,3519,15625.427204374571,0.5545768441445428,0.468865729753932,3,D2022-03519
3520,3520,25250.0,0.0095398701322212,0.0271338230110737,0,D2025-03520
3521,3521,15159.151193633952,0.887065521212539,-0.4572844426827051,1,D2023-03521
3522,3522,16996.28252788104,0.545973565957885,0.7201936012051111,3,D2020-03522
3523,3523,15159.151193633952,0.0096275027282168,0.0186825097742796,0,D2023-03523
3524,3524,60000.0,0.0387627095304989,0.0773459841561322,0,D2025-03524
3525,3525,15000.0,0.3605626268116275,0.3145096887999944,0,D2024-03525
3526,3526,17490.43611323642,0.887065521212539,-0.4572844426827051,1,D2018-03526
3527,3527,17085.20179372197,0.2221310215655728,-0.105894584986223,0,D2019-03527
3528,3528,15159.151193633952,0.0348964683153171,0.0554614237697945,0,D2023-03528
3529,3529,15625.427204374571,0.5534396761666587,0.459281963194749,3,D2022-03529
3530,3530,17085.20179372197,0.545973565957885,0.7201936012051111,3,D2019-03530
3531,3531,15625.427204374571,0.887065521212539,-0.4572844426827051,1,D2022-03531
3532,3532,15625.427204374571,0.5534396761666587,0.459281963194749,3,D2022-03532
3533,3533,16649.67225054625,0.5534396761666587,0.459281963194749,3,D2021-03533
3534,3534,17490.43611323642,0.0016838005831315,0.0021344008538213,0,D2018-03534
3535,3535,15000.0,0.2627080366080537,0.1600160440219734,0,D2024-03535
3536,3536,17929.41176470588,0.2258200855335509,-0.117717913321529,0,D2017-03536
3537,3537,17929.41176470588,0.887065521212539,-0.4572844426827051,1,D2017-03537
3538,3538,16996.28252788104,0.3529021821016657,0.294972173269057,0,D2020-03538
3539,3539,16996.28252788104,0.381633516846582,0.4911094052137501,0,D2020-03539
3540,3540,17929.41176470588,0.2556928910164887,0.1000134293652024,0,D2017-03540
3541,3541,17490.43611323642,0.887065521212539,-0.4572844426827051,1,D2018-03541
3542,3542,17490.43611323642,0.0957977624659927,-0.0432781949357902,0,D2018-03542
3543,3543,17929.41176470588,0.0251477930171466,0.0474911053412468,0,D2017-03543
3544,3544,17085.20179372197,0.545973565957885,0.7201936012051111,3,D2019-03544
3545,3545,16996.28252788104,0.5545768441445428,0.468865729753932,3,D2020-03545
3546,3546,15000.0,0.3605626268116275,0.3145096887999944,0,D2024-03546
3547,3547,16996.28252788104,0.545973565957885,0.7201936012051111,3,D2020-03547
3548,3548,15625.427204374571,0.887065521212539,-0.4572844426827051,1,D2022-03548
3549,3549,17929.41176470588,0.646268136560931,0.2389418022506655,3,D2017-03549
3550,3550,17929.41176470588,0.887065521212539,-0.4572844426827051,1,D2017-03550
3551,3551,15625.427204374571,0.0004568804706914,0.0011204083286643,0,D2022-03551
3552,3552,17929.41176470588,0.887065521212539,-0.4572844426827051,1,D2017-03552
3553,3553,17085.20179372197,0.1299794668094003,-0.0600676447875443,0,D2019-03553
3554,3554,15159.151193633952,0.3374195470254229,0.1246647922493839,3,D2023-03554
3555,3555,17085.20179372197,0.545973565957885,0.7201936012051111,3,D2019-03555
3556,3556,17490.43611323642,0.887065521212539,-0.4572844426827051,1,D2018-03556
3557,3557,17929.41176470588,0.887065521212539,-0.4572844426827051,1,D2017-03557
3558,3558,17929.41176470588,0.545973565957885,0.7201936012051111,3,D2017-03558
3559,3559,15159.151193633952,0.5545768441445428,0.468865729753932,3,D2023-03559
3560,3560,15000.0,0.2731797831618645,0.2255894024674996,0,D2025-03560
3561,3561,16996.28252788104,0.545973565957885,0.7201936012051111,3,D2020-03561
3562,3562,17085.20179372197,0.0,0.0,0,D2019-03562
3563,3563,17085.20179372197,0.5993774342306775,0.5415740108287329,3,D2019-03563
3564,3564,17490.43611323642,0.887065521212539,-0.4572844426827051,1,D2018-03564
3565,3565,17929.41176470588,0.0046594005406786,0.0117124530098252,0,D2017-03565
3566,3566,15625.427204374571,0.5545768441445428,0.468865729753932,3,D2022-03566
3567,3567,17929.41176470588,0.2258200855335509,-0.117717913321529,0,D2017-03567
3568,3568,16649.67225054625,0.5545768441445428,0.468865729753932,3,D2021-03568
3569,3569,17085.20179372197,0.4561955248637752,0.6045190370228757,3,D2019-03569
3570,3570,15159.151193633952,0.0527333398921276,-0.0170031196277221,0,D2023-03570
3571,3571,17929.41176470588,0.887065521212539,-0.4572844426827051,1,D2017-03571
3572,3572,17490.43611323642,0.887065521212539,-0.4572844426827051,1,D2018-03572
3573,3573,15625.427204374571,0.0348964683153171,0.0554614237697945,0,D2022-03573
3574,3574,17490.43611323642,0.887065521212539,-0.4572844426827051,1,D2018-03574
3575,3575,16996.28252788104,0.887065521212539,-0.4572844426827051,1,D2020-03575
3576,3576,17085.20179372197,0.2087182237946988,-0.1043755260474003,0,D2019-03576
3577,3577,11330.85501858736,0.053460536456672,0.1126235494510909,0,D2020-03577
3578,3578,17490.43611323642,0.4898189952913064,0.5716533783149209,3,D2018-03578
3579,3579,17085.20179372197,0.545973565957885,0.7201936012051111,3,D2019-03579
3580,3580,17929.41176470588,0.887065521212539,-0.4572844426827051,1,D2017-03580
3581,3581,17490.43611323642,0.887065521212539,-0.4572844426827051,1,D2018-03581
3582,3582,175977.5784753363,0.0181237834933777,0.0351191078920442,0,D2019-03582
3583,3583,17929.41176470588,0.887065521212539,-0.4572844426827051,1,D2017-03583
3584,3584,28125.76896787423,0.1059890646206238,0.2314850583653352,0,D2022-03584
3585,3585,15159.151193633952,0.0106511837712398,0.0201673674166818,0,D2023-03585
3586,3586,15625.427204374571,0.5534396761666587,0.459281963194749,3,D2022-03586
3587,3587,43726.090283091056,0.0022856132271876,0.0076608725136716,0,D2018-03587
3588,3588,15159.151193633952,0.2335409704481808,0.2818515169697327,0,D2023-03588
3589,3589,15000.0,0.5534396761666587,0.459281963194749,3,D2024-03589
3590,3590,17085.20179372197,0.887065521212539,-0.4572844426827051,1,D2019-03590
3591,3591,17929.41176470588,0.3468132016715148,0.1391412913753662,0,D2017-03591
3592,3592,17929.41176470588,0.887065521212539,-0.4572844426827051,1,D2017-03592
3593,3593,17490.43611323642,0.2258200855335509,-0.117717913321529,0,D2018-03593
3594,3594,16649.67225054625,0.887065521212539,-0.4572844426827051,1,D2021-03594
3595,3595,17929.41176470588,0.887065521212539,-0.4572844426827051,1,D2017-03595
3596,3596,15159.151193633952,0.2221310215655728,-0.105894584986223,0,D2023-03596
3597,3597,17929.41176470588,0.0,0.0,0,D2017-03597
3598,3598,17490.43611323642,0.4190578589545265,0.5553443283386371,3,D2018-03598
3599,3599,17085.20179372197,0.545973565957885,0.7201936012051111,3,D2019-03599
3600,3600,15625.427204374571,0.5545768441445428,0.468865729753932,3,D2022-03600
3601,3601,17085.20179372197,0.887065521212539,-0.4572844426827051,1,D2019-03601
3602,3602,15000.0,0.2053573863271598,-0.0288252252095637,0,D2024-03602
3603,3603,17490.43611323642,0.2258200855335509,-0.117717913321529,0,D2018-03603
3604,3604,16649.67225054625,0.2854027736180792,0.2622219295166072,0,D2021-03604
3605,3605,23905.88235294118,0.646268136560931,0.2389418022506655,3,D2017-03605
3606,3606,364593.3014354067,0.0085703611781469,0.0194904020679829,0,D2022-03606
3607,3607,17490.43611323642,0.887065521212539,-0.4572844426827051,1,D2018-03607
3608,3608,17490.43611323642,0.887065521212539,-0.4572844426827051,1,D2018-03608
3609,3609,15000.0,0.2571152312962459,0.3105972716873807,0,D2024-03609
3610,3610,23905.88235294118,0.0960157180525001,0.1975471243532253,0,D2017-03610
3611,3611,23905.88235294118,0.0050727563565536,0.0089450539677901,0,D2017-03611
3612,3612,17085.20179372197,0.887065521212539,-0.4572844426827051,1,D2019-03612
3613,3613,15625.427204374571,0.4831666505863174,0.6374040272789662,3,D2022-03613
3614,3614,16996.28252788104,0.0527333398921276,-0.0170031196277221,0,D2020-03614
3615,3615,16649.67225054625,0.3167993373728343,0.2462219617449452,0,D2021-03615
3616,3616,15159.151193633952,0.3605626268116275,0.3145096887999944,0,D2023-03616
3617,3617,15000.0,0.5534396761666587,0.459281963194749,3,D2024-03617
3618,3618,17929.41176470588,0.887065521212539,-0.4572844426827051,1,D2017-03618
3619,3619,17490.43611323642,0.887065521212539,-0.4572844426827051,1,D2018-03619
3620,3620,17929.41176470588,0.1697171073525458,-0.0865728834967957,0,D2017-03620
3621,3621,17490.43611323642,0.887065521212539,-0.4572844426827051,1,D2018-03621
3622,3622,17085.20179372197,0.545973565957885,0.7201936012051111,3,D2019-03622
3623,3623,15625.427204374571,0.545973565957885,0.7201936012051111,3,D2022-03623
3624,3624,25000.0,0.1062690649731684,0.2293808987358011,0,D2024-03624
3625,3625,15159.151193633952,0.2053573863271598,-0.0288252252095637,0,D2023-03625
3626,3626,17929.41176470588,0.887065521212539,-0.4572844426827051,1,D2017-03626
3627,3627,26042.37867395762,0.01503103443115,0.0283394755566682,0,D2022-03627
3628,3628,17490.43611323642,0.4898189952913064,0.5716533783149209,3,D2018-03628
3629,3629,15159.151193633952,0.3595486104043427,0.31797252368592,0,D2023-03629
3630,3630,15159.151193633952,0.2053573863271598,-0.0288252252095637,0,D2023-03630
3631,3631,16649.67225054625,0.5545768441445428,0.468865729753932,3,D2021-03631
3632,3632,16649.67225054625,0.0348964683153171,0.0554614237697945,0,D2021-03632
3633,3633,17929.41176470588,0.45968898882329,0.606464433224284,3,D2017-03633
3634,3634,17085.20179372197,0.887065521212539,-0.4572844426827051,1,D2019-03634
3635,3635,16649.67225054625,0.5545768441445428,0.468865729753932,3,D2021-03635
3636,3636,17085.20179372197,0.887065521212539,-0.4572844426827051,1,D2019-03636
3637,3637,17490.43611323642,0.1855576826558811,-0.0909285245241059,0,D2018-03637
3638,3638,17929.41176470588,0.4898189952913064,0.5716533783149209,3,D2017-03638
3639,3639,17490.43611323642,0.887065521212539,-0.4572844426827051,1,D2018-03639
3640,3640,15159.151193633952,0.5545768441445428,0.468865729753932,3,D2023-03640
3641,3641,28125.76896787423,0.1038324575395609,0.2280130828578987,0,D2022-03641
3642,3642,90106.63021189337,0.0015442459013105,0.0027474392879567,0,D2022-03642
3643,3643,17929.41176470588,0.4898189952913064,0.5716533783149209,3,D2017-03643
3644,3644,17085.20179372197,0.887065521212539,-0.4572844426827051,1,D2019-03644
3645,3645,17490.43611323642,0.545973565957885,0.7201936012051111,3,D2018-03645
3646,3646,17490.43611323642,0.545973565957885,0.7201936012051111,3,D2018-03646
3647,3647,15159.151193633952,0.0106511837712398,0.0201673674166818,0,D2023-03647
3648,3648,15159.151193633952,0.0121910908801602,0.0230035902916625,0,D2023-03648
3649,3649,17490.43611323642,0.0667646446404015,0.1325439915625271,0,D2018-03649
3650,3650,52084.75734791524,0.0628598948649671,0.0097970102664811,0,D2022-03650
3651,3651,74923.52512745811,0.00885516484747,0.0175454529736346,0,D2021-03651
3652,3652,15159.151193633952,0.2571152312962459,0.3105972716873807,0,D2023-03652
3653,3653,159308.11659192824,0.00644684059782,0.0154677617603671,0,D2019-03653
3654,3654,671084.7130833972,0.0059199322104512,0.0150866714583362,0,D2018-03654
3655,3655,16649.67225054625,0.887065521212539,-0.4572844426827051,1,D2021-03655
3656,3656,15159.151193633952,0.2053573863271598,-0.0288252252095637,0,D2023-03656
3657,3657,17929.41176470588,0.887065521212539,-0.4572844426827051,1,D2017-03657
3658,3658,15000.0,0.3605626268116275,0.3145096887999944,0,D2024-03658
3659,3659,17929.41176470588,0.887065521212539,-0.4572844426827051,1,D2017-03659
3660,3660,17490.43611323642,0.545973565957885,0.7201936012051111,3,D2018-03660
3661,3661,17490.43611323642,0.887065521212539,-0.4572844426827051,1,D2018-03661
3662,3662,17490.43611323642,0.887065521212539,-0.4572844426827051,1,D2018-03662
3663,3663,69793.57484620642,0.0111137532507785,0.0239202341476307,0,D2022-03663
3664,3664,43726.090283091056,0.0199036354097842,0.0428713416678109,0,D2018-03664
3665,3665,17490.43611323642,0.545973565957885,0.7201936012051111,3,D2018-03665
3666,3666,17490.43611323642,0.887065521212539,-0.4572844426827051,1,D2018-03666
3667,3667,17929.41176470588,0.887065521212539,-0.4572844426827051,1,D2017-03667
3668,3668,17085.20179372197,0.545973565957885,0.7201936012051111,3,D2019-03668
3669,3669,15625.427204374571,0.5545768441445428,0.468865729753932,3,D2022-03669
3670,3670,16649.67225054625,0.545973565957885,0.7201936012051111,3,D2021-03670
3671,3671,17929.41176470588,0.887065521212539,-0.4572844426827051,1,D2017-03671
3672,3672,35858.82352941176,1.963926879403676e-05,8.291085832398578e-05,0,D2017-03672
3673,3673,15625.427204374571,0.545973565957885,0.7201936012051111,3,D2022-03673
3674,3674,17929.41176470588,0.887065521212539,-0.4572844426827051,1,D2017-03674
3675,3675,15159.151193633952,0.887065521212539,-0.4572844426827051,1,D2023-03675
3676,3676,15000.0,0.2514699606499581,0.2361507717810912,0,D2024-03676
3677,3677,17490.43611323642,0.887065521212539,-0.4572844426827051,1,D2018-03677
3678,3678,17929.41176470588,0.2556928910164887,0.1000134293652024,0,D2017-03678
3679,3679,17929.41176470588,0.887065521212539,-0.4572844426827051,1,D2017-03679
3680,3680,15159.151193633952,0.5534396761666587,0.459281963194749,3,D2023-03680
3681,3681,17929.41176470588,0.887065521212539,-0.4572844426827051,1,D2017-03681
3682,3682,15000.0,0.887065521212539,-0.4572844426827051,1,D2024-03682
3683,3683,15625.427204374571,0.2087182237946988,-0.1043755260474003,0,D2022-03683
3684,3684,15625.427204374571,0.887065521212539,-0.4572844426827051,1,D2022-03684
3685,3685,15625.427204374571,0.5534396761666587,0.459281963194749,3,D2022-03685
3686,3686,16996.28252788104,0.5534396761666587,0.459281963194749,3,D2020-03686
3687,3687,15159.151193633952,0.2335409704481808,0.2818515169697327,0,D2023-03687
3688,3688,15000.0,0.3605626268116275,0.3145096887999944,0,D2024-03688
3689,3689,17085.20179372197,0.545973565957885,0.7201936012051111,3,D2019-03689
3690,3690,15159.151193633952,0.5545768441445428,0.468865729753932,3,D2023-03690
3691,3691,17490.43611323642,0.887065521212539,-0.4572844426827051,1,D2018-03691
3692,3692,15625.427204374571,0.5545768441445428,0.468865729753932,3,D2022-03692
3693,3693,15159.151193633952,0.5534396761666587,0.459281963194749,3,D2023-03693
3694,3694,15625.427204374571,0.0441641412962123,0.0517964163259795,0,D2022-03694
3695,3695,17929.41176470588,0.887065521212539,-0.4572844426827051,1,D2017-03695
3696,3696,17490.43611323642,0.887065521212539,-0.4572844426827051,1,D2018-03696
3697,3697,17490.43611323642,0.545973565957885,0.7201936012051111,3,D2018-03697
3698,3698,17490.43611323642,0.545973565957885,0.7201936012051111,3,D2018-03698
3699,3699,17929.41176470588,0.0,0.0,0,D2017-03699
3700,3700,17490.43611323642,0.887065521212539,-0.4572844426827051,1,D2018-03700
3701,3701,17929.41176470588,0.887065521212539,-0.4572844426827051,1,D2017-03701
3702,3702,17490.43611323642,0.545973565957885,0.7201936012051111,3,D2018-03702
3703,3703,15625.427204374571,0.887065521212539,-0.4572844426827051,1,D2022-03703
3704,3704,40000.0,0.2335409704481808,0.2818515169697327,0,D2025-03704
3705,3705,15000.0,0.3595486104043427,0.31797252368592,0,D2024-03705
3706,3706,16649.67225054625,0.887065521212539,-0.4572844426827051,1,D2021-03706
3707,3707,17085.20179372197,0.0590290605846709,-0.0225735273597431,0,D2019-03707
3708,3708,17490.43611323642,0.545973565957885,0.7201936012051111,3,D2018-03708
3709,3709,17085.20179372197,0.887065521212539,-0.4572844426827051,1,D2019-03709
3710,3710,17490.43611323642,0.887065521212539,-0.4572844426827051,1,D2018-03710
3711,3711,17490.43611323642,0.2221310215655728,-0.105894584986223,0,D2018-03711
3712,3712,17929.41176470588,0.4653019091844546,0.5952152087694491,3,D2017-03712
3713,3713,15625.427204374571,0.545973565957885,0.7201936012051111,3,D2022-03713
3714,3714,15625.427204374571,0.5545768441445428,0.468865729753932,3,D2022-03714
3715,3715,17929.41176470588,0.646268136560931,0.2389418022506655,3,D2017-03715
3716,3716,15625.427204374571,0.5545768441445428,0.468865729753932,3,D2022-03716
3717,3717,15625.427204374571,0.887065521212539,-0.4572844426827051,1,D2022-03717
3718,3718,17490.43611323642,0.5364155105898365,0.6904821558214014,3,D2018-03718
3719,3719,17929.41176470588,0.0,0.0,0,D2017-03719
3720,3720,17929.41176470588,0.887065521212539,-0.4572844426827051,1,D2017-03720
3721,3721,16649.67225054625,0.5545768441445428,0.468865729753932,3,D2021-03721
3722,3722,16649.67225054625,0.558889803236791,0.3066938298019666,3,D2021-03722
3723,3723,17929.41176470588,0.646268136560931,0.2389418022506655,3,D2017-03723
3724,3724,17929.41176470588,0.0707223517205014,0.1686739690200131,0,D2017-03724
3725,3725,60000.0,0.0247675838952193,0.0440916391463641,0,D2025-03725
3726,3726,15159.151193633952,0.2571152312962459,0.3105972716873807,0,D2023-03726
3727,3727,15159.151193633952,0.2571152312962459,0.3105972716873807,0,D2023-03727
3728,3728,17490.43611323642,0.887065521212539,-0.4572844426827051,1,D2018-03728
3729,3729,15000.0,0.5534396761666587,0.459281963194749,3,D2024-03729
3730,3730,15000.0,0.3841895602283914,0.3322116003634743,3,D2024-03730
3731,3731,17929.41176470588,0.4831666505863174,0.6374040272789662,3,D2017-03731
3732,3732,17929.41176470588,0.0,0.0,0,D2017-03732
3733,3733,17929.41176470588,0.2221310215655728,-0.105894584986223,0,D2017-03733
3734,3734,17085.20179372197,0.3291888790159494,0.4351330012337608,3,D2019-03734
3735,3735,17929.41176470588,0.545973565957885,0.7201936012051111,3,D2017-03735
3736,3736,17085.20179372197,0.887065521212539,-0.4572844426827051,1,D2019-03736
3737,3737,15625.427204374571,0.443695045017213,0.3754949630285436,3,D2022-03737
3738,3738,17490.43611323642,0.3196687633156582,-0.1639842231089957,0,D2018-03738
3739,3739,17929.41176470588,0.0,0.0,0,D2017-03739
3740,3740,17490.43611323642,0.887065521212539,-0.4572844426827051,1,D2018-03740
3741,3741,16996.28252788104,0.887065521212539,-0.4572844426827051,1,D2020-03741
3742,3742,16996.28252788104,0.887065521212539,-0.4572844426827051,1,D2020-03742
3743,3743,15625.427204374571,0.545973565957885,0.7201936012051111,3,D2022-03743
3744,3744,16996.28252788104,0.5545768441445428,0.468865729753932,3,D2020-03744
3745,3745,17929.41176470588,0.646268136560931,0.2389418022506655,3,D2017-03745
3746,3746,17929.41176470588,0.887065521212539,-0.4572844426827051,1,D2017-03746
3747,3747,15159.151193633952,0.2571152312962459,0.3105972716873807,0,D2023-03747
3748,3748,15625.427204374571,0.5545768441445428,0.468865729753932,3,D2022-03748
3749,3749,17929.41176470588,0.887065521212539,-0.4572844426827051,1,D2017-03749
3750,3750,17490.43611323642,0.887065521212539,-0.4572844426827051,1,D2018-03750
3751,3751,15159.151193633952,0.0441641412962123,0.0517964163259795,0,D2023-03751
3752,3752,17929.41176470588,0.3468132016715148,0.1391412913753662,0,D2017-03752
3753,3753,15159.151193633952,0.0348964683153171,0.0554614237697945,0,D2023-03753
3754,3754,15000.0,0.3605626268116275,0.3145096887999944,0,D2024-03754
3755,3755,17490.43611323642,0.0957977624659927,-0.0432781949357902,0,D2018-03755
3756,3756,17490.43611323642,0.6266972503245193,-0.3233963004655211,1,D2018-03756
3757,3757,17490.43611323642,0.0,0.0,0,D2018-03757
3758,3758,16996.28252788104,0.0348964683153171,0.0554614237697945,0,D2020-03758
3759,3759,15625.427204374571,0.887065521212539,-0.4572844426827051,1,D2022-03759
3760,3760,16996.28252788104,0.0348964683153171,0.0554614237697945,0,D2020-03760
3761,3761,15625.427204374571,0.1331534240013177,0.2188574076000868,0,D2022-03761
3762,3762,17085.20179372197,0.887065521212539,-0.4572844426827051,1,D2019-03762
3763,3763,16996.28252788104,0.5534396761666587,0.459281963194749,3,D2020-03763
3764,3764,17085.20179372197,0.887065521212539,-0.4572844426827051,1,D2019-03764
3765,3765,29150.72685539404,0.0010529413163043,0.0013954455160894,0,D2018-03765
3766,3766,17085.20179372197,0.545973565957885,0.7201936012051111,3,D2019-03766
3767,3767,17490.43611323642,0.887065521212539,-0.4572844426827051,1,D2018-03767
3768,3768,17085.20179372197,0.3291888790159494,0.4351330012337608,3,D2019-03768
3769,3769,17490.43611323642,0.3360081026840525,0.5316540280040477,3,D2018-03769
3770,3770,17929.41176470588,0.545973565957885,0.7201936012051111,3,D2017-03770
3771,3771,17490.43611323642,0.545973565957885,0.7201936012051111,3,D2018-03771
3772,3772,15159.151193633952,0.0995099514095536,0.0286558270707766,0,D2023-03772
3773,3773,17085.20179372197,0.887065521212539,-0.4572844426827051,1,D2019-03773
3774,3774,11660.290742157616,0.0174318572263481,0.036966978434455,0,D2018-03774
3775,3775,16996.28252788104,0.545973565957885,0.7201936012051111,3,D2020-03775
3776,3776,17490.43611323642,0.545973565957885,0.7201936012051111,3,D2018-03776
3777,3777,15625.427204374571,0.5545768441445428,0.468865729753932,3,D2022-03777
3778,3778,15625.427204374571,0.545973565957885,0.7201936012051111,3,D2022-03778
3779,3779,17929.41176470588,0.1274895103671358,-0.0656535819920575,0,D2017-03779
3780,3780,16649.67225054625,0.4561955248637752,0.6045190370228757,3,D2021-03780
3781,3781,17085.20179372197,0.545973565957885,0.7201936012051111,3,D2019-03781
3782,3782,17490.43611323642,0.887065521212539,-0.4572844426827051,1,D2018-03782
3783,3783,16649.67225054625,0.0546094121309499,0.110387007129927,0,D2021-03783
3784,3784,23320.58148431523,0.0551134930411376,0.1135045253255978,0,D2018-03784
3785,3785,17490.43611323642,0.0957977624659927,-0.0432781949357902,0,D2018-03785
3786,3786,15625.427204374571,0.0,0.0,0,D2022-03786
3787,3787,23320.58148431523,0.0551134930411376,0.1135045253255978,0,D2018-03787
3788,3788,20988.523335883707,0.0013967225938181,0.0042908137613845,0,D2018-03788
3789,3789,15000.0,0.0900658312913554,-0.0101070885407876,0,D2024-03789
3790,3790,15625.427204374571,0.545973565957885,0.7201936012051111,3,D2022-03790
3791,3791,17490.43611323642,0.0957977624659927,-0.0432781949357902,0,D2018-03791
3792,3792,17929.41176470588,0.2258200855335509,-0.117717913321529,0,D2017-03792
3793,3793,16649.67225054625,0.5534396761666587,0.459281963194749,3,D2021-03793
3794,3794,17490.43611323642,0.887065521212539,-0.4572844426827051,1,D2018-03794
3795,3795,15000.0,0.0900658312913554,-0.0101070885407876,0,D2024-03795
3796,3796,26042.37867395762,0.4337020661825235,0.701023568461854,3,D2022-03796
3797,3797,83248.36125273124,0.166210638344639,-0.0828722556089896,0,D2021-03797
3798,3798,17929.41176470588,0.545973565957885,0.7201936012051111,3,D2017-03798
3799,3799,17929.41176470588,0.4898189952913064,0.5716533783149209,3,D2017-03799
3800,3800,17490.43611323642,0.887065521212539,-0.4572844426827051,1,D2018-03800
3801,3801,83248.36125273124,0.166210638344639,-0.0828722556089896,0,D2021-03801
3802,3802,17929.41176470588,0.887065521212539,-0.4572844426827051,1,D2017-03802
3803,3803,17929.41176470588,0.887065521212539,-0.4572844426827051,1,D2017-03803
3804,3804,17085.20179372197,0.545973565957885,0.7201936012051111,3,D2019-03804
3805,3805,17929.41176470588,0.887065521212539,-0.4572844426827051,1,D2017-03805
3806,3806,17490.43611323642,0.887065521212539,-0.4572844426827051,1,D2018-03806
3807,3807,17085.20179372197,0.887065521212539,-0.4572844426827051,1,D2019-03807
3808,3808,15625.427204374571,0.5545768441445428,0.468865729753932,3,D2022-03808
3809,3809,15625.427204374571,0.887065521212539,-0.4572844426827051,1,D2022-03809
3810,3810,15159.151193633952,0.2571152312962459,0.3105972716873807,0,D2023-03810
3811,3811,17929.41176470588,0.545973565957885,0.7201936012051111,3,D2017-03811
3812,3812,17085.20179372197,0.887065521212539,-0.4572844426827051,1,D2019-03812
3813,3813,16649.67225054625,0.5545768441445428,0.468865729753932,3,D2021-03813
3814,3814,17490.43611323642,0.0,0.0,0,D2018-03814
3815,3815,17929.41176470588,0.646268136560931,0.2389418022506655,3,D2017-03815
3816,3816,17929.41176470588,0.545973565957885,0.7201936012051111,3,D2017-03816
3817,3817,16649.67225054625,0.0182132255514959,0.0388664278733318,0,D2021-03817
3818,3818,17490.43611323642,0.887065521212539,-0.4572844426827051,1,D2018-03818
3819,3819,17085.20179372197,0.887065521212539,-0.4572844426827051,1,D2019-03819
3820,3820,59764.705882352944,0.0174077093530383,0.0402568234004862,0,D2017-03820
3821,3821,17929.41176470588,0.887065521212539,-0.4572844426827051,1,D2017-03821
3822,3822,17929.41176470588,0.887065521212539,-0.4572844426827051,1,D2017-03822
3823,3823,40000.0,0.5534396761666587,0.459281963194749,3,D2025-03823
3824,3824,17490.43611323642,0.887065521212539,-0.4572844426827051,1,D2018-03824
3825,3825,17490.43611323642,0.887065521212539,-0.4572844426827051,1,D2018-03825
3826,3826,17929.41176470588,0.887065521212539,-0.4572844426827051,1,D2017-03826
3827,3827,17929.41176470588,0.545973565957885,0.7201936012051111,3,D2017-03827
3828,3828,15159.151193633952,0.2727287253225701,0.1661261056137777,0,D2023-03828
3829,3829,17929.41176470588,0.887065521212539,-0.4572844426827051,1,D2017-03829
3830,3830,17929.41176470588,0.545973565957885,0.7201936012051111,3,D2017-03830
3831,3831,16996.28252788104,0.887065521212539,-0.4572844426827051,1,D2020-03831
3832,3832,17929.41176470588,0.887065521212539,-0.4572844426827051,1,D2017-03832
3833,3833,17929.41176470588,0.545973565957885,0.7201936012051111,3,D2017-03833
3834,3834,16996.28252788104,0.887065521212539,-0.4572844426827051,1,D2020-03834
3835,3835,31250.854408749143,0.251132196142206,0.3837354072956019,0,D2022-03835
3836,3836,17490.43611323642,0.887065521212539,-0.4572844426827051,1,D2018-03836
3837,3837,15000.0,0.0527333398921276,-0.0170031196277221,0,D2024-03837
3838,3838,15625.427204374571,0.5534396761666587,0.459281963194749,3,D2022-03838
3839,3839,15625.427204374571,0.545973565957885,0.7201936012051111,3,D2022-03839
3840,3840,16649.67225054625,0.6269426891814055,0.4831244642970946,3,D2021-03840
3841,3841,16649.67225054625,0.6269426891814055,0.4831244642970946,3,D2021-03841
3842,3842,15625.427204374571,0.887065521212539,-0.4572844426827051,1,D2022-03842
3843,3843,15625.427204374571,0.5545768441445428,0.468865729753932,3,D2022-03843
3844,3844,17929.41176470588,0.887065521212539,-0.4572844426827051,1,D2017-03844
3845,3845,15625.427204374571,0.887065521212539,-0.4572844426827051,1,D2022-03845
3846,3846,15625.427204374571,0.5534396761666587,0.459281963194749,3,D2022-03846
3847,3847,17490.43611323642,0.0957977624659927,-0.0432781949357902,0,D2018-03847
3848,3848,17929.41176470588,0.887065521212539,-0.4572844426827051,1,D2017-03848
3849,3849,17929.41176470588,0.0,0.0,0,D2017-03849
3850,3850,15000.0,0.3605626268116275,0.3145096887999944,0,D2024-03850
3851,3851,15159.151193633952,0.887065521212539,-0.4572844426827051,1,D2023-03851
3852,3852,17929.41176470588,0.545973565957885,0.7201936012051111,3,D2017-03852
3853,3853,17929.41176470588,0.887065521212539,-0.4572844426827051,1,D2017-03853
3854,3854,17929.41176470588,0.545973565957885,0.7201936012051111,3,D2017-03854
3855,3855,40000.0,0.2053573863271598,-0.0288252252095637,0,D2025-03855
3856,3856,15159.151193633952,0.2712914957731674,0.1039056772118788,0,D2023-03856
3857,3857,17490.43611323642,0.4831666505863174,0.6374040272789662,3,D2018-03857
3858,3858,17490.43611323642,0.887065521212539,-0.4572844426827051,1,D2018-03858
3859,3859,16649.67225054625,0.5545768441445428,0.468865729753932,3,D2021-03859
3860,3860,15625.427204374571,0.2087182237946988,-0.1043755260474003,0,D2022-03860
3861,3861,17490.43611323642,0.887065521212539,-0.4572844426827051,1,D2018-03861
3862,3862,15625.427204374571,0.5545768441445428,0.468865729753932,3,D2022-03862
3863,3863,17490.43611323642,0.887065521212539,-0.4572844426827051,1,D2018-03863
3864,3864,16649.67225054625,0.887065521212539,-0.4572844426827051,1,D2021-03864
3865,3865,15159.151193633952,0.887065521212539,-0.4572844426827051,1,D2023-03865
3866,3866,15625.427204374571,0.545973565957885,0.7201936012051111,3,D2022-03866
3867,3867,15159.151193633952,0.5534396761666587,0.459281963194749,3,D2023-03867
3868,3868,15625.427204374571,0.5545768441445428,0.468865729753932,3,D2022-03868
3869,3869,15159.151193633952,0.0956638116397091,-0.0389822819735811,0,D2023-03869
3870,3870,17490.43611323642,0.887065521212539,-0.4572844426827051,1,D2018-03870
3871,3871,17929.41176470588,0.545973565957885,0.7201936012051111,3,D2017-03871
3872,3872,17085.20179372197,0.887065521212539,-0.4572844426827051,1,D2019-03872
3873,3873,17085.20179372197,0.545973565957885,0.7201936012051111,3,D2019-03873
3874,3874,15625.427204374571,0.887065521212539,-0.4572844426827051,1,D2022-03874
3875,3875,17490.43611323642,0.2087182237946988,-0.1043755260474003,0,D2018-03875
3876,3876,17929.41176470588,0.887065521212539,-0.4572844426827051,1,D2017-03876
3877,3877,17929.41176470588,0.4898189952913064,0.5716533783149209,3,D2017-03877
3878,3878,16649.67225054625,0.5534396761666587,0.459281963194749,3,D2021-03878
3879,3879,17929.41176470588,0.887065521212539,-0.4572844426827051,1,D2017-03879
3880,3880,15625.427204374571,0.5545768441445428,0.468865729753932,3,D2022-03880
3881,3881,40000.0,0.2053573863271598,-0.0288252252095637,0,D2025-03881
3882,3882,16996.28252788104,0.0872953651394902,-0.0328219263918142,0,D2020-03882
3883,3883,11952.94117647059,0.0210328099804307,0.047890695494225,0,D2017-03883
3884,3884,16996.28252788104,0.5729422450092624,0.5340451908687276,3,D2020-03884
3885,3885,17490.43611323642,0.887065521212539,-0.4572844426827051,1,D2018-03885
3886,3886,17085.20179372197,0.545973565957885,0.7201936012051111,3,D2019-03886
3887,3887,17929.41176470588,0.0,0.0,0,D2017-03887
3888,3888,17929.41176470588,0.887065521212539,-0.4572844426827051,1,D2017-03888
3889,3889,17929.41176470588,0.545973565957885,0.7201936012051111,3,D2017-03889
3890,3890,17929.41176470588,0.887065521212539,-0.4572844426827051,1,D2017-03890
3891,3891,16996.28252788104,0.026327083802331,0.0511870778357349,0,D2020-03891
3892,3892,15000.0,0.3094413087184821,0.2907769411448839,0,D2024-03892
3893,3893,17490.43611323642,0.887065521212539,-0.4572844426827051,1,D2018-03893
3894,3894,16996.28252788104,0.887065521212539,-0.4572844426827051,1,D2020-03894
3895,3895,29882.352941176472,0.0561893133477155,-0.0081564969922469,0,D2017-03895
3896,3896,29882.352941176472,0.0868015424870065,-0.0172499824979726,0,D2017-03896
3897,3897,17085.20179372197,0.545973565957885,0.7201936012051111,3,D2019-03897
3898,3898,15159.151193633952,0.887065521212539,-0.4572844426827051,1,D2023-03898
3899,3899,75669.28941176471,0.000469359551048,0.0014875298097645,0,D2017-03899
3900,3900,15159.151193633952,0.5545768441445428,0.468865729753932,3,D2023-03900
3901,3901,15000.0,0.2053573863271598,-0.0288252252095637,0,D2024-03901
3902,3902,15625.427204374571,0.5545768441445428,0.468865729753932,3,D2022-03902
3903,3903,17490.43611323642,0.1093086128244313,-0.0548391107896016,0,D2018-03903
3904,3904,17085.20179372197,0.887065521212539,-0.4572844426827051,1,D2019-03904
3905,3905,20000.0,0.009440623050483,0.0266692933542921,0,D2024-03905
3906,3906,17490.43611323642,0.887065521212539,-0.4572844426827051,1,D2018-03906
3907,3907,17085.20179372197,0.545973565957885,0.7201936012051111,3,D2019-03907
3908,3908,23905.88235294118,0.646268136560931,0.2389418022506655,3,D2017-03908
3909,3909,150000.0,0.0099719440330381,0.0285132119256186,0,D2025-03909
3910,3910,15625.427204374571,0.545973565957885,0.7201936012051111,3,D2022-03910
3911,3911,16649.67225054625,0.5534396761666587,0.459281963194749,3,D2021-03911
3912,3912,17490.43611323642,0.0,0.0,0,D2018-03912
3913,3913,150000.0,0.0597750019187277,0.122870333113369,0,D2024-03913
3914,3914,17929.41176470588,0.2258200855335509,-0.117717913321529,0,D2017-03914
3915,3915,15625.427204374571,0.887065521212539,-0.4572844426827051,1,D2022-03915
3916,3916,17490.43611323642,0.545973565957885,0.7201936012051111,3,D2018-03916
3917,3917,17490.43611323642,0.545973565957885,0.7201936012051111,3,D2018-03917
3918,3918,17490.43611323642,0.887065521212539,-0.4572844426827051,1,D2018-03918
3919,3919,17929.41176470588,0.887065521212539,-0.4572844426827051,1,D2017-03919
3920,3920,17490.43611323642,0.887065521212539,-0.4572844426827051,1,D2018-03920
3921,3921,17490.43611323642,0.887065521212539,-0.4572844426827051,1,D2018-03921
3922,3922,88618.20964039788,0.0066760429440394,0.0160951611200034,0,D2018-03922
3923,3923,15625.427204374571,0.1125024332139731,0.2423531302973482,0,D2022-03923
3924,3924,15625.427204374571,0.1125024332139731,0.2423531302973482,0,D2022-03924
3925,3925,17085.20179372197,0.0030565150621989,0.0065384990717853,0,D2019-03925
3926,3926,17929.41176470588,0.887065521212539,-0.4572844426827051,1,D2017-03926
3927,3927,15625.427204374571,0.887065521212539,-0.4572844426827051,1,D2022-03927
3928,3928,15159.151193633952,0.887065521212539,-0.4572844426827051,1,D2023-03928
3929,3929,17490.43611323642,0.0,0.0,0,D2018-03929
3930,3930,17929.41176470588,0.0742836029483703,0.1589543424350981,0,D2017-03930
3931,3931,20000.0,0.0082348572536964,0.0233385999682633,0,D2024-03931
3932,3932,16649.67225054625,0.5534396761666587,0.459281963194749,3,D2021-03932
3933,3933,17929.41176470588,0.887065521212539,-0.4572844426827051,1,D2017-03933
3934,3934,15159.151193633952,0.5545768441445428,0.468865729753932,3,D2023-03934
3935,3935,40000.0,0.887065521212539,-0.4572844426827051,1,D2025-03935
3936,3936,15625.427204374571,0.5545768441445428,0.468865729753932,3,D2022-03936
3937,3937,16996.28252788104,0.887065521212539,-0.4572844426827051,1,D2020-03937
3938,3938,17085.20179372197,0.545973565957885,0.7201936012051111,3,D2019-03938
3939,3939,16649.67225054625,0.5545768441445428,0.468865729753932,3,D2021-03939
3940,3940,16649.67225054625,0.0527333398921276,-0.0170031196277221,0,D2021-03940
3941,3941,16649.67225054625,0.5545768441445428,0.468865729753932,3,D2021-03941
3942,3942,17490.43611323642,0.887065521212539,-0.4572844426827051,1,D2018-03942
3943,3943,17085.20179372197,0.2285889725939283,-0.1099531151578676,0,D2019-03943
3944,3944,17085.20179372197,0.887065521212539,-0.4572844426827051,1,D2019-03944
3945,3945,16996.28252788104,0.545973565957885,0.7201936012051111,3,D2020-03945
3946,3946,17085.20179372197,0.188125643650428,-0.0912769873064225,0,D2019-03946
3947,3947,16649.67225054625,0.545973565957885,0.7201936012051111,3,D2021-03947
3948,3948,16649.67225054625,0.5545768441445428,0.468865729753932,3,D2021-03948
3949,3949,17490.43611323642,0.545973565957885,0.7201936012051111,3,D2018-03949
3950,3950,17085.20179372197,0.887065521212539,-0.4572844426827051,1,D2019-03950
3951,3951,16996.28252788104,0.2087182237946988,-0.1043755260474003,0,D2020-03951
3952,3952,15159.151193633952,0.887065521212539,-0.4572844426827051,1,D2023-03952
3953,3953,15000.0,0.3605626268116275,0.3145096887999944,0,D2024-03953
3954,3954,17085.20179372197,0.5545768441445428,0.468865729753932,3,D2019-03954
3955,3955,16649.67225054625,0.4717577813437564,0.6073956730550956,3,D2021-03955
3956,3956,16996.28252788104,0.545973565957885,0.7201936012051111,3,D2020-03956
3957,3957,15625.427204374571,0.887065521212539,-0.4572844426827051,1,D2022-03957
3958,3958,38849.23525127458,0.1101289159381392,0.1591737493474865,0,D2021-03958
3959,3959,16649.67225054625,0.5545768441445428,0.468865729753932,3,D2021-03959
3960,3960,15159.151193633952,0.887065521212539,-0.4572844426827051,1,D2023-03960
3961,3961,15625.427204374571,0.887065521212539,-0.4572844426827051,1,D2022-03961
3962,3962,67500.0,0.0934826730023003,0.2039446259620834,0,D2025-03962
3963,3963,30318.302387267904,0.0010529413163043,0.0013954455160894,0,D2023-03963
3964,3964,16996.28252788104,0.887065521212539,-0.4572844426827051,1,D2020-03964
3965,3965,15159.151193633952,0.3374195470254229,0.1246647922493839,0,D2023-03965
3966,3966,16649.67225054625,0.5545768441445428,0.468865729753932,3,D2021-03966
3967,3967,15000.0,0.3605626268116275,0.3145096887999944,0,D2024-03967
3968,3968,23320.58148431523,0.029919711357087,0.0562651146859854,0,D2018-03968
3969,3969,17085.20179372197,0.545973565957885,0.7201936012051111,3,D2019-03969
3970,3970,15625.427204374571,0.5545768441445428,0.468865729753932,3,D2022-03970
3971,3971,15000.0,0.2053573863271598,-0.0288252252095637,0,D2024-03971
3972,3972,17085.20179372197,0.887065521212539,-0.4572844426827051,1,D2019-03972
3973,3973,15159.151193633952,0.887065521212539,-0.4572844426827051,1,D2023-03973
3974,3974,17085.20179372197,0.887065521212539,-0.4572844426827051,1,D2019-03974
3975,3975,3800000.0,0.0035346970493597,0.0070030403338356,2,D2025-03975
3976,3976,17085.20179372197,0.887065521212539,-0.4572844426827051,1,D2019-03976
3977,3977,16996.28252788104,0.0348964683153171,0.0554614237697945,0,D2020-03977
3978,3978,80000.0,0.0094163403352105,0.0245669188304393,0,D2024-03978
3979,3979,15625.427204374571,0.887065521212539,-0.4572844426827051,1,D2022-03979
3980,3980,16996.28252788104,0.887065521212539,-0.4572844426827051,1,D2020-03980
3981,3981,16996.28252788104,0.5545768441445428,0.468865729753932,3,D2020-03981
3982,3982,15625.427204374571,0.5545768441445428,0.468865729753932,3,D2022-03982
3983,3983,15625.427204374571,0.1167321117490093,0.196243872648102,0,D2022-03983
3984,3984,13021.18933697881,0.0092857439305559,0.0246507034594068,0,D2022-03984
3985,3985,17929.41176470588,0.646268136560931,0.2389418022506655,3,D2017-03985
3986,3986,16649.67225054625,0.887065521212539,-0.4572844426827051,1,D2021-03986
3987,3987,15625.427204374571,0.3555307049268807,0.3027788813911262,0,D2022-03987
3988,3988,16649.67225054625,0.887065521212539,-0.4572844426827051,1,D2021-03988
3989,3989,27084.073820915928,0.1337187256358646,0.2247508815050411,0,D2022-03989
3990,3990,40424.40318302388,0.019744241271908,0.0375268295522693,0,D2023-03990
3991,3991,16996.28252788104,0.545973565957885,0.7201936012051111,3,D2020-03991
3992,3992,16996.28252788104,0.887065521212539,-0.4572844426827051,1,D2020-03992
3993,3993,15625.427204374571,0.067170305414637,-0.0316050570284614,0,D2022-03993
3994,3994,33299.3445010925,0.0019189891077349,0.0037477723443547,0,D2021-03994
3995,3995,33299.3445010925,0.0020897091239821,0.0039545935525686,0,D2021-03995
3996,3996,80000.0,0.0497511222989743,0.0067053992946946,0,D2025-03996
3997,3997,25000.68352699932,0.0192369094955211,0.0342214173017424,0,D2022-03997
3998,3998,15159.151193633952,0.3595486104043427,0.31797252368592,0,D2023-03998
3999,3999,26042.37867395762,0.1349108135397381,0.2285711858915986,0,D2022-03999
4000,4000,15159.151193633952,0.0348964683153171,0.0554614237697945,0,D2023-04000
4001,4001,35484.3034859877,0.058701432880175,-0.0258042437973538,0,D2022-04001
4002,4002,505305.0397877984,0.0092857489533893,0.0262740506004358,0,D2023-04002
4003,4003,15000.0,0.5534396761666587,0.459281963194749,3,D2024-04003
4004,4004,15000.0,0.3595486104043427,0.31797252368592,0,D2024-04004
4005,4005,15159.151193633952,0.5534396761666587,0.459281963194749,3,D2023-04005
4006,4006,15625.427204374571,0.0348964683153171,0.0554614237697945,0,D2022-04006
4007,4007,20000.0,0.041388434820598,0.0899551043565471,0,D2024-04007
4008,4008,20000.0,0.0101057427617236,0.0200537256540128,0,D2025-04008
4009,4009,20000.0,0.0285058973742228,0.050604307378371,0,D2025-04009
4010,4010,20212.201591511937,0.0083482809466094,0.0234793571719403,0,D2023-04010
4011,4011,15159.151193633952,0.5545768441445428,0.468865729753932,3,D2023-04011
4012,4012,15159.151193633952,0.2430320601743602,0.2381879989367123,0,D2023-04012
4013,4013,15159.151193633952,0.0348964683153171,0.0554614237697945,0,D2023-04013
4014,4014,15625.427204374571,0.5534396761666587,0.459281963194749,3,D2022-04014
4015,4015,15625.427204374571,0.887065521212539,-0.4572844426827051,1,D2022-04015
4016,4016,15159.151193633952,0.5534396761666587,0.459281963194749,3,D2023-04016
4017,4017,15625.427204374571,0.5545768441445428,0.468865729753932,3,D2022-04017
4018,4018,15159.151193633952,0.5534396761666587,0.459281963194749,3,D2023-04018
4019,4019,204172.24880382777,0.0006818615353232,0.0012631535121112,0,D2022-04019
4020,4020,15000.0,0.2351984929048936,0.2355310204370733,0,D2024-04020
4021,4021,20000.0,0.0078444139334252,0.0148494361306679,0,D2024-04021
4022,4022,20000.0,0.0285058973742228,0.050604307378371,0,D2025-04022
4023,4023,20212.201591511937,0.0083482809466094,0.0234793571719403,0,D2023-04023
4024,4024,15159.151193633952,0.3605626268116275,0.3145096887999944,0,D2023-04024
4025,4025,15159.151193633952,0.5545768441445428,0.468865729753932,3,D2023-04025
4026,4026,15159.151193633952,0.887065521212539,-0.4572844426827051,1,D2023-04026
4027,4027,15625.427204374571,0.545973565957885,0.7201936012051111,3,D2022-04027
4028,4028,15625.427204374571,0.5534396761666587,0.459281963194749,3,D2022-04028
4029,4029,15159.151193633952,0.5545768441445428,0.468865729753932,3,D2023-04029
4030,4030,15159.151193633952,0.3595486104043427,0.31797252368592,0,D2023-04030
4031,4031,40000.0,0.383668283663209,0.3277986453537835,0,D2025-04031
4032,4032,15625.427204374571,0.887065521212539,-0.4572844426827051,1,D2022-04032
4033,4033,16996.28252788104,0.0348964683153171,0.0554614237697945,0,D2020-04033
4034,4034,15625.427204374571,0.887065521212539,-0.4572844426827051,1,D2022-04034
4035,4035,17085.20179372197,0.2221310215655728,-0.105894584986223,0,D2019-04035
4036,4036,16996.28252788104,0.558889803236791,0.3066938298019666,3,D2020-04036
4037,4037,16996.28252788104,0.887065521212539,-0.4572844426827051,1,D2020-04037
4038,4038,15625.427204374571,0.887065521212539,-0.4572844426827051,1,D2022-04038
4039,4039,17490.43611323642,0.545973565957885,0.7201936012051111,3,D2018-04039
4040,4040,17929.41176470588,0.887065521212539,-0.4572844426827051,1,D2017-04040
4041,4041,15159.151193633952,0.887065521212539,-0.4572844426827051,1,D2023-04041
4042,4042,15159.151193633952,0.545973565957885,0.7201936012051111,3,D2023-04042
4043,4043,17929.41176470588,0.545973565957885,0.7201936012051111,3,D2017-04043
4044,4044,17490.43611323642,0.2221310215655728,-0.105894584986223,0,D2018-04044
4045,4045,16649.67225054625,0.887065521212539,-0.4572844426827051,1,D2021-04045
4046,4046,17929.41176470588,0.887065521212539,-0.4572844426827051,1,D2017-04046
4047,4047,17085.20179372197,0.887065521212539,-0.4572844426827051,1,D2019-04047
4048,4048,16996.28252788104,0.5729422450092624,0.5340451908687276,3,D2020-04048
4049,4049,17929.41176470588,0.0,0.0,0,D2017-04049
4050,4050,17929.41176470588,0.3468132016715148,0.1391412913753662,0,D2017-04050
4051,4051,15000.0,0.3575371333294002,0.301057312591292,0,D2024-04051
4052,4052,16996.28252788104,0.3418501291875403,0.4108919051446949,3,D2020-04052
4053,4053,16649.67225054625,0.5545768441445428,0.468865729753932,3,D2021-04053
4054,4054,17929.41176470588,0.2258200855335509,-0.117717913321529,0,D2017-04054
4055,4055,17929.41176470588,0.887065521212539,-0.4572844426827051,1,D2017-04055
4056,4056,17490.43611323642,0.887065521212539,-0.4572844426827051,1,D2018-04056
4057,4057,15625.427204374571,0.5534396761666587,0.459281963194749,3,D2022-04057
4058,4058,17929.41176470588,0.2556928910164887,0.1000134293652024,0,D2017-04058
4059,4059,17490.43611323642,0.3360081026840525,0.5316540280040477,0,D2018-04059
4060,4060,16996.28252788104,0.887065521212539,-0.4572844426827051,1,D2020-04060
4061,4061,46641.16296863046,0.0159044363524116,0.0323748882578763,0,D2018-04061
4062,4062,41835.294117647056,0.0815469979687409,0.1653304394955216,0,D2017-04062
4063,4063,31250.854408749143,0.0460759639753292,0.0077553193975918,0,D2022-04063
4064,4064,15000.0,0.3529021821016657,0.294972173269057,0,D2024-04064
4065,4065,40000.0,0.0728293517965745,0.0164694220655502,0,D2025-04065
4066,4066,40000.0,0.0900658312913554,-0.0101070885407876,0,D2024-04066
4067,4067,15000.0,0.3605626268116275,0.3145096887999944,0,D2024-04067
4068,4068,15000.0,0.2053573863271598,-0.0288252252095637,0,D2024-04068
4069,4069,40000.0,0.383668283663209,0.3277986453537835,0,D2025-04069
4070,4070,17085.20179372197,0.887065521212539,-0.4572844426827051,1,D2019-04070
4071,4071,31250.854408749143,0.0460759639753292,0.0077553193975918,0,D2022-04071
4072,4072,15159.151193633952,0.3067573928473283,0.2399142517265026,0,D2023-04072
4073,4073,15159.151193633952,0.0348964683153171,0.0554614237697945,0,D2023-04073
4074,4074,16649.67225054625,0.545973565957885,0.7201936012051111,3,D2021-04074
4075,4075,40000.0,0.5534396761666587,0.459281963194749,3,D2025-04075
4076,4076,40000.0,0.3605626268116275,0.3145096887999944,0,D2025-04076
4077,4077,100000.0,0.0786619046414412,0.1562475217870423,0,D2025-04077
4078,4078,30000.0,0.0538817434073328,0.1119312970841533,0,D2024-04078
4079,4079,15000.0,0.2351984929048936,0.2355310204370733,0,D2024-04079
4080,4080,15000.0,0.3595486104043427,0.31797252368592,0,D2024-04080
4081,4081,15000.0,0.120821990484713,0.1188328455558886,0,D2025-04081
4082,4082,100000.0,0.0545076211011696,0.1100582818450585,0,D2025-04082
4083,4083,16996.28252788104,0.5357141414154191,0.7187431363752219,3,D2020-04083
4084,4084,27749.45375091041,0.0851713098780973,0.0972552776540832,0,D2021-04084
4085,4085,16649.67225054625,0.887065521212539,-0.4572844426827051,1,D2021-04085
4086,4086,17929.41176470588,0.2258200855335509,-0.117717913321529,0,D2017-04086
4087,4087,16996.28252788104,0.0348964683153171,0.0554614237697945,0,D2020-04087
4088,4088,17085.20179372197,0.0590290605846709,-0.0225735273597431,0,D2019-04088
4089,4089,15159.151193633952,0.2645279586398541,0.2586821428353258,0,D2023-04089
4090,4090,40000.0,0.3529021821016657,0.294972173269057,0,D2025-04090
4091,4091,15159.151193633952,0.5545768441445428,0.468865729753932,3,D2023-04091
4092,4092,15625.427204374571,0.887065521212539,-0.4572844426827051,1,D2022-04092
4093,4093,15625.427204374571,0.887065521212539,-0.4572844426827051,1,D2022-04093
4094,4094,30000.0,0.009429991911789,0.0266184795380259,0,D2024-04094
4095,4095,16996.28252788104,0.887065521212539,-0.4572844426827051,1,D2020-04095
4096,4096,15625.427204374571,0.5534396761666587,0.459281963194749,3,D2022-04096
4097,4097,15625.427204374571,0.4996146082730366,0.1097845428371604,0,D2022-04097
4098,4098,17929.41176470588,0.545973565957885,0.7201936012051111,3,D2017-04098
4099,4099,17490.43611323642,0.4898189952913064,0.5716533783149209,3,D2018-04099
4100,4100,17490.43611323642,0.646268136560931,0.2389418022506655,3,D2018-04100
4101,4101,15625.427204374571,0.0348964683153171,0.0554614237697945,0,D2022-04101
4102,4102,16996.28252788104,0.0348964683153171,0.0554614237697945,0,D2020-04102
4103,4103,17929.41176470588,0.887065521212539,-0.4572844426827051,1,D2017-04103
4104,4104,17490.43611323642,0.887065521212539,-0.4572844426827051,1,D2018-04104
4105,4105,16996.28252788104,0.887065521212539,-0.4572844426827051,1,D2020-04105
4106,4106,35858.82352941176,0.0120411410774692,0.0251235056257764,0,D2017-04106
4107,4107,17929.41176470588,0.887065521212539,-0.4572844426827051,1,D2017-04107
4108,4108,17929.41176470588,0.887065521212539,-0.4572844426827051,1,D2017-04108
4109,4109,15159.151193633952,0.0052133019002637,0.0066877896314356,0,D2023-04109
4110,4110,17490.43611323642,0.545973565957885,0.7201936012051111,3,D2018-04110
4111,4111,17929.41176470588,0.0,0.0,0,D2017-04111
4112,4112,16649.67225054625,0.4049084853311719,0.5202895671742049,3,D2021-04112
4113,4113,15625.427204374571,0.5545768441445428,0.468865729753932,3,D2022-04113
4114,4114,16649.67225054625,0.887065521212539,-0.4572844426827051,1,D2021-04114
4115,4115,17490.43611323642,0.545973565957885,0.7201936012051111,3,D2018-04115
4116,4116,17929.41176470588,0.381633516846582,0.4911094052137501,3,D2017-04116
4117,4117,17929.41176470588,0.887065521212539,-0.4572844426827051,1,D2017-04117
4118,4118,17490.43611323642,0.4831666505863174,0.6374040272789662,3,D2018-04118
4119,4119,17929.41176470588,0.887065521212539,-0.4572844426827051,1,D2017-04119
4120,4120,17929.41176470588,0.2926725228676758,0.4478838577009065,3,D2017-04120
4121,4121,16649.67225054625,0.887065521212539,-0.4572844426827051,1,D2021-04121
4122,4122,15000.0,0.2506872833134258,0.2464152228309453,0,D2024-04122
4123,4123,17490.43611323642,0.545973565957885,0.7201936012051111,3,D2018-04123
4124,4124,17490.43611323642,0.0957977624659927,-0.0432781949357902,0,D2018-04124
4125,4125,16996.28252788104,0.545973565957885,0.7201936012051111,3,D2020-04125
4126,4126,16649.67225054625,0.5534396761666587,0.459281963194749,3,D2021-04126
4127,4127,17490.43611323642,0.0893069050792677,-0.0340122924882774,0,D2018-04127
4128,4128,17490.43611323642,0.188125643650428,-0.0912769873064225,0,D2018-04128
4129,4129,16649.67225054625,0.5545768441445428,0.468865729753932,3,D2021-04129
4130,4130,17929.41176470588,0.887065521212539,-0.4572844426827051,1,D2017-04130
4131,4131,16996.28252788104,0.5534396761666587,0.459281963194749,3,D2020-04131
4132,4132,15159.151193633952,0.0900658312913554,-0.0101070885407876,0,D2023-04132
4133,4133,17929.41176470588,0.887065521212539,-0.4572844426827051,1,D2017-04133
4134,4134,15625.427204374571,0.887065521212539,-0.4572844426827051,1,D2022-04134
4135,4135,17929.41176470588,0.887065521212539,-0.4572844426827051,1,D2017-04135
4136,4136,15625.427204374571,0.887065521212539,-0.4572844426827051,1,D2022-04136
4137,4137,17929.41176470588,0.0086992479983782,0.0175202250369735,0,D2017-04137
4138,4138,15625.427204374571,0.5534396761666587,0.459281963194749,3,D2022-04138
4139,4139,2450.3529411764707,0.0009652540224579,0.0012177969019041,0,D2017-04139
4140,4140,15000.0,0.5534396761666587,0.459281963194749,3,D2024-04140
4141,4141,15625.427204374571,0.545973565957885,0.7201936012051111,3,D2022-04141
4142,4142,17085.20179372197,0.887065521212539,-0.4572844426827051,1,D2019-04142
4143,4143,16996.28252788104,0.545973565957885,0.7201936012051111,3,D2020-04143
4144,4144,40000.0,0.3605626268116275,0.3145096887999944,0,D2025-04144
4145,4145,17929.41176470588,0.646268136560931,0.2389418022506655,3,D2017-04145
4146,4146,17085.20179372197,0.4898189952913064,0.5716533783149209,3,D2019-04146
4147,4147,17929.41176470588,0.545973565957885,0.7201936012051111,3,D2017-04147
4148,4148,17085.20179372197,0.887065521212539,-0.4572844426827051,1,D2019-04148
4149,4149,15625.427204374571,0.545973565957885,0.7201936012051111,3,D2022-04149
4150,4150,16996.28252788104,0.5534396761666587,0.459281963194749,3,D2020-04150
4151,4151,15000.0,0.0900658312913554,-0.0101070885407876,0,D2024-04151
4152,4152,15625.427204374571,0.5534396761666587,0.459281963194749,3,D2022-04152
4153,4153,17490.43611323642,0.887065521212539,-0.4572844426827051,1,D2018-04153
4154,4154,15625.427204374571,0.887065521212539,-0.4572844426827051,1,D2022-04154
4155,4155,17085.20179372197,0.887065521212539,-0.4572844426827051,1,D2019-04155
4156,4156,16649.67225054625,0.887065521212539,-0.4572844426827051,1,D2021-04156
4157,4157,16649.67225054625,0.5545768441445428,0.468865729753932,3,D2021-04157
4158,4158,15625.427204374571,0.887065521212539,-0.4572844426827051,1,D2022-04158
4159,4159,16996.28252788104,0.887065521212539,-0.4572844426827051,1,D2020-04159
4160,4160,17929.41176470588,0.545973565957885,0.7201936012051111,3,D2017-04160
4161,4161,40000.0,0.1007733089239291,0.2217496462036746,0,D2025-04161
4162,4162,15000.0,0.2514699606499581,0.2361507717810912,0,D2024-04162
4163,4163,15159.151193633952,0.0027683407705407,0.0042315613158569,0,D2023-04163
4164,4164,15625.427204374571,0.006002423869646,0.0087140574847042,0,D2022-04164
4165,4165,15000.0,0.2053573863271598,-0.0288252252095637,0,D2024-04165
4166,4166,15000.0,0.0900658312913554,-0.0101070885407876,0,D2024-04166
4167,4167,15000.0,0.3595486104043427,0.31797252368592,0,D2024-04167
4168,4168,54415.55023923445,0.0541264944131144,0.1106431817788033,0,D2022-04168
4169,4169,15159.151193633952,0.3555307049268807,0.3027788813911262,0,D2023-04169
4170,4170,16649.67225054625,0.887065521212539,-0.4572844426827051,1,D2021-04170
4171,4171,16649.67225054625,0.887065521212539,-0.4572844426827051,1,D2021-04171
4172,4172,54415.55023923445,0.0414237137899953,0.087256308073594,0,D2022-04172
4173,4173,16649.67225054625,0.5545768441445428,0.468865729753932,3,D2021-04173
4174,4174,17085.20179372197,0.887065521212539,-0.4572844426827051,1,D2019-04174
4175,4175,17085.20179372197,0.2285889725939283,-0.1099531151578676,0,D2019-04175
4176,4176,17085.20179372197,0.4190578589545265,0.5553443283386371,3,D2019-04176
4177,4177,16996.28252788104,0.0450840760663369,0.0957155197480353,0,D2020-04177
4178,4178,15159.151193633952,0.887065521212539,-0.4572844426827051,1,D2023-04178
4179,4179,16649.67225054625,0.5545768441445428,0.468865729753932,3,D2021-04179
4180,4180,17490.43611323642,0.4278305848287929,0.5645242939503259,3,D2018-04180
4181,4181,40000.0,0.3605626268116275,0.3145096887999944,0,D2025-04181
4182,4182,15000.0,0.2514699606499581,0.2361507717810912,0,D2024-04182
4183,4183,16649.67225054625,0.5534396761666587,0.459281963194749,3,D2021-04183
4184,4184,40000.0,0.2053573863271598,-0.0288252252095637,0,D2024-04184
4185,4185,16996.28252788104,0.0817425894927332,0.1730824718203309,0,D2020-04185
4186,4186,15159.151193633952,0.5534396761666587,0.459281963194749,3,D2023-04186
4187,4187,16996.28252788104,0.545973565957885,0.7201936012051111,3,D2020-04187
4188,4188,25000.68352699932,0.1124029123801889,0.2417991545165442,0,D2022-04188
4189,4189,26060.966542750928,0.0868015424870065,-0.0172499824979726,0,D2020-04189
4190,4190,15000.0,0.887065521212539,-0.4572844426827051,1,D2024-04190
4191,4191,16996.28252788104,0.545973565957885,0.7201936012051111,3,D2020-04191
4192,4192,16649.67225054625,0.545973565957885,0.7201936012051111,3,D2021-04192
4193,4193,16649.67225054625,0.887065521212539,-0.4572844426827051,1,D2021-04193
4194,4194,20312.600145666423,0.0525738609334594,0.1123554636734256,0,D2021-04194
4195,4195,15625.427204374571,0.5545768441445428,0.468865729753932,3,D2022-04195
4196,4196,15625.427204374571,0.887065521212539,-0.4572844426827051,1,D2022-04196
4197,4197,15000.0,0.2053573863271598,-0.0288252252095637,0,D2024-04197
4198,4198,16996.28252788104,0.887065521212539,-0.4572844426827051,1,D2020-04198
4199,4199,16649.67225054625,0.0348964683153171,0.0554614237697945,0,D2021-04199
4200,4200,15625.427204374571,0.1492741335584183,-0.0702317587625273,0,D2022-04200
4201,4201,16649.67225054625,0.5534396761666587,0.459281963194749,3,D2021-04201
4202,4202,15159.151193633952,0.2571152312962459,0.3105972716873807,0,D2023-04202
4203,4203,16649.67225054625,0.5074704570567241,0.6507483161377331,3,D2021-04203
4204,4204,15159.151193633952,0.3595486104043427,0.31797252368592,0,D2023-04204
4205,4205,15625.427204374571,0.545973565957885,0.7201936012051111,3,D2022-04205
4206,4206,15625.427204374571,0.887065521212539,-0.4572844426827051,1,D2022-04206
4207,4207,17085.20179372197,0.887065521212539,-0.4572844426827051,1,D2019-04207
4208,4208,15000.0,0.3370487117686576,0.293391391258988,0,D2024-04208
4209,4209,15159.151193633952,0.2053573863271598,-0.0288252252095637,0,D2023-04209
4210,4210,15625.427204374571,0.887065521212539,-0.4572844426827051,1,D2022-04210
4211,4211,16649.67225054625,0.5545768441445428,0.468865729753932,3,D2021-04211
4212,4212,15159.151193633952,0.3167993373728343,0.2462219617449452,0,D2023-04212
4213,4213,15000.0,0.2731797831618645,0.2255894024674996,0,D2024-04213
4214,4214,15625.427204374571,0.5545768441445428,0.468865729753932,3,D2022-04214
4215,4215,15625.427204374571,0.5545768441445428,0.468865729753932,3,D2022-04215
4216,4216,15625.427204374571,0.5545768441445428,0.468865729753932,3,D2022-04216
4217,4217,16996.28252788104,0.545973565957885,0.7201936012051111,3,D2020-04217
4218,4218,16996.28252788104,0.4561955248637752,0.6045190370228757,3,D2020-04218
4219,4219,16649.67225054625,0.5534396761666587,0.459281963194749,3,D2021-04219
4220,4220,15625.427204374571,0.5534396761666587,0.459281963194749,3,D2022-04220
4221,4221,16649.67225054625,0.545973565957885,0.7201936012051111,3,D2021-04221
4222,4222,16649.67225054625,0.5545768441445428,0.468865729753932,3,D2021-04222
4223,4223,15159.151193633952,0.2571152312962459,0.3105972716873807,0,D2023-04223
4224,4224,15625.427204374571,0.5534396761666587,0.459281963194749,3,D2022-04224
4225,4225,15000.0,0.646268136560931,0.2389418022506655,3,D2024-04225
4226,4226,15000.0,0.3081708375045064,0.2680434127311858,0,D2024-04226
4227,4227,16649.67225054625,0.545973565957885,0.7201936012051111,3,D2021-04227
4228,4228,16649.67225054625,0.545973565957885,0.7201936012051111,3,D2021-04228
4229,4229,15625.427204374571,0.545973565957885,0.7201936012051111,3,D2022-04229
4230,4230,16649.67225054625,0.887065521212539,-0.4572844426827051,1,D2021-04230
4231,4231,16996.28252788104,0.5545768441445428,0.468865729753932,3,D2020-04231
4232,4232,16649.67225054625,0.887065521212539,-0.4572844426827051,1,D2021-04232
4233,4233,11099.781500364164,0.046416106490592,0.0950518225534315,0,D2021-04233
4234,4234,15159.151193633952,0.2907778028502163,0.253993660864602,0,D2023-04234
4235,4235,40000.0,0.2514699606499581,0.2361507717810912,0,D2025-04235
4236,4236,16649.67225054625,0.2953168668764355,0.3777676143324954,3,D2021-04236
4237,4237,16649.67225054625,0.5534396761666587,0.459281963194749,3,D2021-04237
4238,4238,16649.67225054625,0.545973565957885,0.7201936012051111,3,D2021-04238
4239,4239,40000.0,0.2350744496439364,0.2857529470273482,0,D2025-04239
4240,4240,15000.0,0.5545768441445428,0.468865729753932,3,D2024-04240
4241,4241,15625.427204374571,0.887065521212539,-0.4572844426827051,1,D2022-04241
4242,4242,16649.67225054625,0.3555307049268807,0.3027788813911262,0,D2021-04242
4243,4243,16649.67225054625,0.0989701905573839,-0.0420781927996289,0,D2021-04243
4244,4244,17490.43611323642,0.887065521212539,-0.4572844426827051,1,D2018-04244
4245,4245,16649.67225054625,0.887065521212539,-0.4572844426827051,1,D2021-04245
4246,4246,15000.0,0.0952717368819988,0.1538339184327413,0,D2024-04246
4247,4247,16649.67225054625,0.0820196084534228,0.0874265803712529,0,D2021-04247
4248,4248,15625.427204374571,0.0626047053490004,0.0320388914680299,0,D2022-04248
4249,4249,15625.427204374571,0.0626047053490004,0.0320388914680299,0,D2022-04249
4250,4250,15000.0,0.887065521212539,-0.4572844426827051,1,D2024-04250
4251,4251,15159.151193633952,0.2053573863271598,-0.0288252252095637,0,D2023-04251
4252,4252,16649.67225054625,0.0820196084534228,0.0874265803712529,0,D2021-04252
4253,4253,15625.427204374571,0.0601040659924041,0.0311289581756762,0,D2022-04253
4254,4254,16649.67225054625,0.0527333398921276,-0.0170031196277221,0,D2021-04254
4255,4255,15000.0,0.2350744496439364,0.2857529470273482,0,D2024-04255
4256,4256,15625.427204374571,0.887065521212539,-0.4572844426827051,1,D2022-04256
4257,4257,15625.427204374571,0.5534396761666587,0.459281963194749,3,D2022-04257
4258,4258,16996.28252788104,0.545973565957885,0.7201936012051111,3,D2020-04258
4259,4259,17085.20179372197,0.887065521212539,-0.4572844426827051,1,D2019-04259
4260,4260,17490.43611323642,0.887065521212539,-0.4572844426827051,1,D2018-04260
4261,4261,17490.43611323642,0.887065521212539,-0.4572844426827051,1,D2018-04261
4262,4262,17490.43611323642,0.545973565957885,0.7201936012051111,3,D2018-04262
4263,4263,17085.20179372197,0.545973565957885,0.7201936012051111,3,D2019-04263
4264,4264,28859.43190094683,0.0965074100434862,0.1191949860939673,0,D2021-04264
4265,4265,16996.28252788104,0.545973565957885,0.7201936012051111,3,D2020-04265
4266,4266,17085.20179372197,0.545973565957885,0.7201936012051111,3,D2019-04266
4267,4267,17085.20179372197,0.887065521212539,-0.4572844426827051,1,D2019-04267
4268,4268,16996.28252788104,0.545973565957885,0.7201936012051111,3,D2020-04268
4269,4269,17929.41176470588,0.4898189952913064,0.5716533783149209,3,D2017-04269
4270,4270,17929.41176470588,0.887065521212539,-0.4572844426827051,1,D2017-04270
4271,4271,17929.41176470588,0.887065521212539,-0.4572844426827051,1,D2017-04271
4272,4272,15625.427204374571,0.545973565957885,0.7201936012051111,3,D2022-04272
4273,4273,16649.67225054625,0.545973565957885,0.7201936012051111,3,D2021-04273
4274,4274,15000.0,0.3605626268116275,0.3145096887999944,0,D2024-04274
4275,4275,15000.0,0.383668283663209,0.3277986453537835,0,D2025-04275
4276,4276,15000.0,0.887065521212539,-0.4572844426827051,1,D2024-04276
4277,4277,16649.67225054625,0.5545768441445428,0.468865729753932,3,D2021-04277
4278,4278,15625.427204374571,0.887065521212539,-0.4572844426827051,1,D2022-04278
4279,4279,15625.427204374571,0.6269426891814055,0.4831244642970946,3,D2022-04279
4280,4280,15159.151193633952,0.887065521212539,-0.4572844426827051,1,D2023-04280
4281,4281,15159.151193633952,0.2571152312962459,0.3105972716873807,0,D2023-04281
4282,4282,16649.67225054625,0.887065521212539,-0.4572844426827051,1,D2021-04282
4283,4283,88798.25200291332,0.0049303755408563,0.0120797565585908,0,D2021-04283
4284,4284,31250.854408749143,0.0090822216984532,0.0252665199481244,0,D2022-04284
4285,4285,15159.151193633952,0.5545768441445428,0.468865729753932,3,D2023-04285
4286,4286,15625.427204374571,0.5545768441445428,0.468865729753932,3,D2022-04286
4287,4287,15625.427204374571,0.0262269067432042,0.0426395950753376,0,D2022-04287
4288,4288,16649.67225054625,0.887065521212539,-0.4572844426827051,1,D2021-04288
4289,4289,15159.151193633952,0.3595486104043427,0.31797252368592,0,D2023-04289
4290,4290,50530.50397877984,0.1084992016423882,-0.0022226400298189,0,D2023-04290
4291,4291,1699.628252788104,0.0043384466003707,0.0083224510793456,0,D2020-04291
4292,4292,15000.0,0.0900658312913554,-0.0101070885407876,0,D2024-04292
4293,4293,15625.427204374571,0.0348964683153171,0.0554614237697945,0,D2022-04293
4294,4294,40000.0,0.2571152312962459,0.3105972716873807,0,D2025-04294
4295,4295,15625.427204374571,0.0914547780660496,0.0209290376243014,0,D2022-04295
4296,4296,15625.427204374571,0.887065521212539,-0.4572844426827051,1,D2022-04296
4297,4297,15625.427204374571,0.0348964683153171,0.0554614237697945,0,D2022-04297
4298,4298,15625.427204374571,0.887065521212539,-0.4572844426827051,1,D2022-04298
4299,4299,15000.0,0.3595486104043427,0.31797252368592,0,D2024-04299
4300,4300,17490.43611323642,0.545973565957885,0.7201936012051111,3,D2018-04300
4301,4301,15159.151193633952,0.5534396761666587,0.459281963194749,3,D2023-04301
4302,4302,16996.28252788104,0.0038486627394714,0.0058855182380525,0,D2020-04302
4303,4303,15625.427204374571,0.545973565957885,0.7201936012051111,3,D2022-04303
4304,4304,15159.151193633952,0.5534396761666587,0.459281963194749,3,D2023-04304
4305,4305,15159.151193633952,0.887065521212539,-0.4572844426827051,1,D2023-04305
4306,4306,15625.427204374571,0.5545768441445428,0.468865729753932,3,D2022-04306
4307,4307,15625.427204374571,0.5545768441445428,0.468865729753932,3,D2022-04307
4308,4308,50530.50397877984,0.0081032476745505,0.0222247540542336,0,D2023-04308
4309,4309,16649.67225054625,0.5534396761666587,0.459281963194749,3,D2021-04309
4310,4310,16649.67225054625,0.5545768441445428,0.468865729753932,3,D2021-04310
4311,4311,16649.67225054625,0.5534396761666587,0.459281963194749,3,D2021-04311
4312,4312,40000.0,0.383668283663209,0.3277986453537835,0,D2025-04312
4313,4313,15625.427204374571,0.5545768441445428,0.468865729753932,3,D2022-04313
4314,4314,16996.28252788104,0.5331430691291652,0.6712112221893428,3,D2020-04314
4315,4315,15000.0,0.0594630142710359,0.0103246256625732,0,D2024-04315
4316,4316,15625.427204374571,0.5534396761666587,0.459281963194749,3,D2022-04316
4317,4317,16996.28252788104,0.887065521212539,-0.4572844426827051,1,D2020-04317
4318,4318,15159.151193633952,0.5545768441445428,0.468865729753932,3,D2023-04318
4319,4319,15625.427204374571,0.887065521212539,-0.4572844426827051,1,D2022-04319
4320,4320,15625.427204374571,0.887065521212539,-0.4572844426827051,1,D2022-04320
4321,4321,40000.0,0.3081708375045064,0.2680434127311858,3,D2024-04321
4322,4322,15625.427204374571,0.5545768441445428,0.468865729753932,3,D2022-04322
4323,4323,16649.67225054625,0.5545768441445428,0.468865729753932,3,D2021-04323
4324,4324,53688.96787423104,0.0063696303873527,0.0144852084003238,0,D2022-04324
4325,4325,15625.427204374571,0.5534396761666587,0.459281963194749,3,D2022-04325
4326,4326,16649.67225054625,0.0527333398921276,-0.0170031196277221,0,D2021-04326
4327,4327,15625.427204374571,0.0270513281220003,0.0587483221138793,0,D2022-04327
4328,4328,15625.427204374571,0.0263188572848834,0.0490498865380725,0,D2022-04328
4329,4329,15625.427204374571,0.0263188572848834,0.0490498865380725,0,D2022-04329
4330,4330,15625.427204374571,0.0094568970192498,0.0267980889286298,0,D2022-04330
4331,4331,15625.427204374571,0.0094568970192498,0.0267980889286298,0,D2022-04331
4332,4332,15625.427204374571,0.887065521212539,-0.4572844426827051,1,D2022-04332
4333,4333,15625.427204374571,0.887065521212539,-0.4572844426827051,1,D2022-04333
4334,4334,15159.151193633952,0.887065521212539,-0.4572844426827051,1,D2023-04334
4335,4335,15625.427204374571,0.0196871528068354,0.0424366038678986,0,D2022-04335
4336,4336,16649.67225054625,0.0196871528068354,0.0424366038678986,0,D2021-04336
4337,4337,15625.427204374571,0.0196871528068354,0.0424366038678986,0,D2022-04337
4338,4338,16649.67225054625,0.0196871528068354,0.0424366038678986,0,D2021-04338
4339,4339,17490.43611323642,0.887065521212539,-0.4572844426827051,1,D2018-04339
4340,4340,15625.427204374571,0.545973565957885,0.7201936012051111,3,D2022-04340
4341,4341,15159.151193633952,0.3374195470254229,0.1246647922493839,0,D2023-04341
4342,4342,34409.32265112891,0.1232738664094692,0.1592981953012473,0,D2021-04342
4343,4343,17490.43611323642,0.545973565957885,0.7201936012051111,3,D2018-04343
4344,4344,15625.427204374571,0.887065521212539,-0.4572844426827051,1,D2022-04344
4345,4345,33299.3445010925,0.0519729302834916,0.1091735626039127,0,D2021-04345
4346,4346,34409.32265112891,0.1232738664094692,0.1592981953012473,0,D2021-04346
4347,4347,34409.32265112891,0.1232738664094692,0.1592981953012473,0,D2021-04347
4348,4348,32292.54955570745,0.1232738664094692,0.1592981953012473,0,D2022-04348
4349,4349,50530.50397877984,0.0930495909920566,0.2024945411131083,0,D2023-04349
4350,4350,50000.0,0.00902855685758,0.0256375289195348,0,D2024-04350
4351,4351,50530.50397877984,0.0930495909920566,0.2024945411131083,0,D2023-04351
4352,4352,50530.50397877984,0.0930495909920566,0.2024945411131083,0,D2023-04352
4353,4353,15159.151193633952,0.887065521212539,-0.4572844426827051,1,D2023-04353
4354,4354,15625.427204374571,0.5534396761666587,0.459281963194749,3,D2022-04354
4355,4355,15625.427204374571,0.545973565957885,0.7201936012051111,3,D2022-04355
4356,4356,18750.512645249488,0.0169879958264719,0.0334334761425357,0,D2022-04356
4357,4357,16649.67225054625,0.0012691351271914,0.0020813576239534,0,D2021-04357
4358,4358,15159.151193633952,0.887065521212539,-0.4572844426827051,1,D2023-04358
4359,4359,15625.427204374571,0.0016838005831315,0.0021344008538213,0,D2022-04359
4360,4360,15625.427204374571,0.545973565957885,0.7201936012051111,3,D2022-04360
4361,4361,31250.854408749143,0.013443415914009,0.0266998116975933,0,D2022-04361
4362,4362,15000.0,0.2053573863271598,-0.0288252252095637,0,D2024-04362
4363,4363,20212.201591511937,0.0157893570616802,0.0371929487225713,0,D2023-04363
4364,4364,15625.427204374571,0.5545768441445428,0.468865729753932,3,D2022-04364
4365,4365,20212.201591511937,0.0463003321793317,0.0245141291061783,0,D2023-04365
4366,4366,15159.151193633952,0.2053573863271598,-0.0288252252095637,0,D2023-04366
4367,4367,31250.854408749143,0.0293228058385029,0.0560276586017716,0,D2022-04367
4368,4368,16649.67225054625,0.5534396761666587,0.459281963194749,3,D2021-04368
4369,4369,40000.0,0.0106766326125466,0.0269873066768577,0,D2025-04369
4370,4370,44399.12600145666,0.0015263314229668,0.0039690175787854,0,D2021-04370
4371,4371,24974.50837581937,0.0168377935977908,0.0304739294627118,0,D2021-04371
4372,4372,24974.50837581937,0.0168377935977908,0.0304739294627118,0,D2021-04372
4373,4373,33992.56505576208,0.061429044445731,0.1257156284823625,0,D2020-04373
4374,4374,16667.122351332877,0.0011586201484421,0.0030999791146474,0,D2022-04374
4375,4375,15625.427204374571,0.5545768441445428,0.468865729753932,3,D2022-04375
4376,4376,15000.0,0.2529537237293246,0.217599919669532,0,D2024-04376
4377,4377,16649.67225054625,0.0134613815515912,0.0321340132469913,0,D2021-04377
4378,4378,16649.67225054625,0.072560692294976,-0.0298412863085669,0,D2021-04378
4379,4379,15625.427204374571,0.887065521212539,-0.4572844426827051,1,D2022-04379
4380,4380,36459.33014354067,0.0695690717390988,0.0347519560824746,0,D2022-04380
4381,4381,17490.43611323642,0.887065521212539,-0.4572844426827051,1,D2018-04381
4382,4382,15625.427204374571,0.5545768441445428,0.468865729753932,3,D2022-04382
4383,4383,17085.20179372197,0.887065521212539,-0.4572844426827051,1,D2019-04383
4384,4384,15625.427204374571,0.5545768441445428,0.468865729753932,3,D2022-04384
4385,4385,16649.67225054625,0.887065521212539,-0.4572844426827051,1,D2021-04385
4386,4386,15625.427204374571,0.5545768441445428,0.468865729753932,3,D2022-04386
4387,4387,15159.151193633952,0.2571152312962459,0.3105972716873807,0,D2023-04387
4388,4388,15000.0,0.2053573863271598,-0.0288252252095637,0,D2024-04388
4389,4389,15000.0,0.2627080366080537,0.1600160440219734,0,D2024-04389
4390,4390,40000.0,0.2053573863271598,-0.0288252252095637,0,D2025-04390
4391,4391,15625.427204374571,0.887065521212539,-0.4572844426827051,1,D2022-04391
4392,4392,15000.0,0.2053573863271598,-0.0288252252095637,0,D2024-04392
4393,4393,50530.50397877984,0.2328438155401851,0.4008385296786746,0,D2023-04393
4394,4394,15625.427204374571,0.5545768441445428,0.468865729753932,3,D2022-04394
4395,4395,96669.3096377307,0.0612489769709765,-0.0262985410112207,0,D2022-04395
4396,4396,96669.3096377307,0.0612489769709765,-0.0262985410112207,0,D2022-04396
4397,4397,15000.0,0.3595486104043427,0.31797252368592,0,D2024-04397
4398,4398,35408.9219330855,0.0161898713381426,0.0353084001773859,0,D2020-04398
4399,4399,36459.33014354067,0.0015985619998667,0.0035294959636355,0,D2022-04399
4400,4400,15000.0,0.3595486104043427,0.31797252368592,0,D2024-04400
4401,4401,15625.427204374571,0.0520034303299837,0.0602240569211737,0,D2022-04401
4402,4402,15159.151193633952,0.887065521212539,-0.4572844426827051,1,D2023-04402
4403,4403,15625.427204374571,0.545973565957885,0.7201936012051111,3,D2022-04403
4404,4404,36459.33014354067,0.01457258874839,0.030350916501297,0,D2022-04404
4405,4405,17085.20179372197,0.545973565957885,0.7201936012051111,3,D2019-04405
4406,4406,184941.6445623342,0.0080767510380998,0.0229125936337141,0,D2023-04406
4407,4407,15159.151193633952,0.5534396761666587,0.459281963194749,3,D2023-04407
4408,4408,17490.43611323642,0.887065521212539,-0.4572844426827051,1,D2018-04408
4409,4409,15000.0,0.2571152312962459,0.3105972716873807,0,D2024-04409
4410,4410,29882.352941176472,0.0007014779309393,0.0009804525622556,0,D2017-04410
4411,4411,17929.41176470588,0.545973565957885,0.7201936012051111,3,D2017-04411
4412,4412,15000.0,0.3605626268116275,0.3145096887999944,0,D2024-04412
4413,4413,17490.43611323642,0.887065521212539,-0.4572844426827051,1,D2018-04413
4414,4414,17085.20179372197,0.264738177805675,0.3895956349593268,0,D2019-04414
4415,4415,17929.41176470588,0.887065521212539,-0.4572844426827051,1,D2017-04415
4416,4416,15625.427204374571,0.0498222513146072,0.0696420240168553,0,D2022-04416
4417,4417,15625.427204374571,0.5545768441445428,0.468865729753932,3,D2022-04417
4418,4418,17085.20179372197,0.264738177805675,0.3895956349593268,0,D2019-04418
4419,4419,17929.41176470588,0.646268136560931,0.2389418022506655,3,D2017-04419
4420,4420,17085.20179372197,0.0527333398921276,-0.0170031196277221,0,D2019-04420
4421,4421,15159.151193633952,0.3605626268116275,0.3145096887999944,0,D2023-04421
4422,4422,40000.0,0.3605626268116275,0.3145096887999944,0,D2025-04422
4423,4423,15625.427204374571,0.887065521212539,-0.4572844426827051,1,D2022-04423
4424,4424,23905.88235294118,0.0660362809069835,0.1366089229994129,0,D2017-04424
4425,4425,17929.41176470588,0.545973565957885,0.7201936012051111,3,D2017-04425
4426,4426,15159.151193633952,0.5534396761666587,0.459281963194749,3,D2023-04426
4427,4427,15159.151193633952,0.2335409704481808,0.2818515169697327,0,D2023-04427
4428,4428,15159.151193633952,0.3595486104043427,0.31797252368592,0,D2023-04428
4429,4429,15000.0,0.3492852418565418,0.3031127506931657,0,D2024-04429
4430,4430,40000.0,0.3605626268116275,0.3145096887999944,0,D2025-04430
4431,4431,16996.28252788104,0.887065521212539,-0.4572844426827051,1,D2020-04431
4432,4432,887982.5200291332,0.0651626075176188,0.0356936545189284,0,D2021-04432
4433,4433,15625.427204374571,0.5534396761666587,0.459281963194749,3,D2022-04433
4434,4434,17490.43611323642,0.887065521212539,-0.4572844426827051,1,D2018-04434
4435,4435,15625.427204374571,0.887065521212539,-0.4572844426827051,1,D2022-04435
4436,4436,15625.427204374571,0.5545768441445428,0.468865729753932,3,D2022-04436
4437,4437,40000.0,0.2506872833134258,0.2464152228309453,0,D2025-04437
4438,4438,40000.0,0.2053573863271598,-0.0288252252095637,0,D2025-04438
4439,4439,15000.0,0.3605626268116275,0.3145096887999944,0,D2024-04439
4440,4440,15159.151193633952,0.0348964683153171,0.0554614237697945,0,D2023-04440
4441,4441,17929.41176470588,0.2556928910164887,0.1000134293652024,0,D2017-04441
4442,4442,17490.43611323642,0.545973565957885,0.7201936012051111,3,D2018-04442
4443,4443,16996.28252788104,0.4561955248637752,0.6045190370228757,3,D2020-04443
4444,4444,15625.427204374571,0.4508771454043236,0.4072258573607419,3,D2022-04444
4445,4445,16996.28252788104,0.887065521212539,-0.4572844426827051,1,D2020-04445
4446,4446,17929.41176470588,0.2556928910164887,0.1000134293652024,0,D2017-04446
4447,4447,17490.43611323642,0.0608357628710514,-0.0218038963246135,0,D2018-04447
4448,4448,17490.43611323642,0.545973565957885,0.7201936012051111,3,D2018-04448
4449,4449,15625.427204374571,0.5534396761666587,0.459281963194749,3,D2022-04449
4450,4450,17490.43611323642,0.2258200855335509,-0.117717913321529,0,D2018-04450
4451,4451,17929.41176470588,0.2661956863861958,0.1125469849196199,0,D2017-04451
4452,4452,17929.41176470588,0.2556928910164887,0.1000134293652024,0,D2017-04452
4453,4453,17085.20179372197,0.545973565957885,0.7201936012051111,3,D2019-04453
4454,4454,17490.43611323642,0.887065521212539,-0.4572844426827051,1,D2018-04454
4455,4455,11952.94117647059,0.0210328099804307,0.047890695494225,0,D2017-04455
4456,4456,17490.43611323642,0.887065521212539,-0.4572844426827051,1,D2018-04456
4457,4457,15000.0,0.887065521212539,-0.4572844426827051,1,D2024-04457
4458,4458,17085.20179372197,0.545973565957885,0.7201936012051111,3,D2019-04458
4459,4459,17085.20179372197,0.887065521212539,-0.4572844426827051,1,D2019-04459
4460,4460,17929.41176470588,0.887065521212539,-0.4572844426827051,1,D2017-04460
4461,4461,15159.151193633952,0.2514699606499581,0.2361507717810912,0,D2023-04461
4462,4462,15159.151193633952,0.887065521212539,-0.4572844426827051,1,D2023-04462
4463,4463,15000.0,0.3595486104043427,0.31797252368592,0,D2024-04463
4464,4464,16649.67225054625,0.5534396761666587,0.459281963194749,3,D2021-04464
4465,4465,17929.41176470588,0.887065521212539,-0.4572844426827051,1,D2017-04465
4466,4466,15625.427204374571,0.887065521212539,-0.4572844426827051,1,D2022-04466
4467,4467,17085.20179372197,0.887065521212539,-0.4572844426827051,1,D2019-04467
4468,4468,31482.78500382556,0.007946133187968,0.0150074765004647,0,D2018-04468
4469,4469,17490.43611323642,0.545973565957885,0.7201936012051111,3,D2018-04469
4470,4470,17929.41176470588,0.545973565957885,0.7201936012051111,3,D2017-04470
4471,4471,17929.41176470588,0.2258200855335509,-0.117717913321529,0,D2017-04471
4472,4472,17490.43611323642,0.887065521212539,-0.4572844426827051,1,D2018-04472
4473,4473,15625.427204374571,0.887065521212539,-0.4572844426827051,1,D2022-04473
4474,4474,15000.0,0.5534396761666587,0.459281963194749,3,D2025-04474
4475,4475,16996.28252788104,0.887065521212539,-0.4572844426827051,1,D2020-04475
4476,4476,16649.67225054625,0.5534396761666587,0.459281963194749,3,D2021-04476
4477,4477,16996.28252788104,0.887065521212539,-0.4572844426827051,1,D2020-04477
4478,4478,16649.67225054625,0.4561955248637752,0.6045190370228757,3,D2021-04478
4479,4479,15159.151193633952,0.0900658312913554,-0.0101070885407876,0,D2023-04479
4480,4480,17929.41176470588,0.887065521212539,-0.4572844426827051,1,D2017-04480
4481,4481,17490.43611323642,0.887065521212539,-0.4572844426827051,1,D2018-04481
4482,4482,17085.20179372197,0.545973565957885,0.7201936012051111,3,D2019-04482
4483,4483,15625.427204374571,0.887065521212539,-0.4572844426827051,1,D2022-04483
4484,4484,17085.20179372197,0.887065521212539,-0.4572844426827051,1,D2019-04484
4485,4485,17929.41176470588,0.887065521212539,-0.4572844426827051,1,D2017-04485
4486,4486,15625.427204374571,0.545973565957885,0.7201936012051111,3,D2022-04486
4487,4487,17490.43611323642,0.0956638116397091,-0.0389822819735811,0,D2018-04487
4488,4488,17490.43611323642,0.545973565957885,0.7201936012051111,3,D2018-04488
4489,4489,17490.43611323642,0.545973565957885,0.7201936012051111,3,D2018-04489
4490,4490,17490.43611323642,0.4831666505863174,0.6374040272789662,3,D2018-04490
4491,4491,15000.0,0.2350744496439364,0.2857529470273482,0,D2024-04491
4492,4492,15000.0,0.3595486104043427,0.31797252368592,0,D2024-04492
4493,4493,17929.41176470588,0.2926725228676758,0.4478838577009065,0,D2017-04493
4494,4494,15625.427204374571,0.887065521212539,-0.4572844426827051,1,D2022-04494
4495,4495,17085.20179372197,0.3173279867312723,-0.1574902418406586,0,D2019-04495
4496,4496,16649.67225054625,0.5545768441445428,0.468865729753932,3,D2021-04496
4497,4497,17929.41176470588,0.887065521212539,-0.4572844426827051,1,D2017-04497
4498,4498,17929.41176470588,0.887065521212539,-0.4572844426827051,1,D2017-04498
4499,4499,17929.41176470588,0.887065521212539,-0.4572844426827051,1,D2017-04499
4500,4500,16996.28252788104,0.558889803236791,0.3066938298019666,3,D2020-04500
4501,4501,17490.43611323642,0.545973565957885,0.7201936012051111,3,D2018-04501
4502,4502,17929.41176470588,0.646268136560931,0.2389418022506655,3,D2017-04502
4503,4503,16996.28252788104,0.5545768441445428,0.468865729753932,3,D2020-04503
4504,4504,17490.43611323642,0.545973565957885,0.7201936012051111,3,D2018-04504
4505,4505,15625.427204374571,0.887065521212539,-0.4572844426827051,1,D2022-04505
4506,4506,15159.151193633952,0.2053573863271598,-0.0288252252095637,0,D2023-04506
4507,4507,15625.427204374571,0.887065521212539,-0.4572844426827051,1,D2022-04507
4508,4508,17929.41176470588,0.0,0.0,0,D2017-04508
4509,4509,17929.41176470588,0.0045234849676422,0.005604268593883,0,D2017-04509
4510,4510,15625.427204374571,0.5534396761666587,0.459281963194749,3,D2022-04510
4511,4511,15625.427204374571,0.887065521212539,-0.4572844426827051,1,D2022-04511
4512,4512,16649.67225054625,0.5545768441445428,0.468865729753932,3,D2021-04512
4513,4513,17929.41176470588,0.887065521212539,-0.4572844426827051,1,D2017-04513
4514,4514,17929.41176470588,0.887065521212539,-0.4572844426827051,1,D2017-04514
4515,4515,17490.43611323642,0.887065521212539,-0.4572844426827051,1,D2018-04515
4516,4516,17929.41176470588,0.545973565957885,0.7201936012051111,3,D2017-04516
4517,4517,17929.41176470588,0.545973565957885,0.7201936012051111,3,D2017-04517
4518,4518,17085.20179372197,0.887065521212539,-0.4572844426827051,1,D2019-04518
4519,4519,16649.67225054625,0.0670806367602512,0.0157326404416206,0,D2021-04519
4520,4520,15000.0,0.2053573863271598,-0.0288252252095637,0,D2024-04520
4521,4521,15159.151193633952,0.2053573863271598,-0.0288252252095637,0,D2023-04521
4522,4522,15000.0,0.5534396761666587,0.459281963194749,3,D2024-04522
4523,4523,17929.41176470588,0.887065521212539,-0.4572844426827051,1,D2017-04523
4524,4524,17929.41176470588,0.887065521212539,-0.4572844426827051,1,D2017-04524
4525,4525,15625.427204374571,0.545973565957885,0.7201936012051111,3,D2022-04525
4526,4526,17490.43611323642,0.887065521212539,-0.4572844426827051,1,D2018-04526
4527,4527,17490.43611323642,0.2258200855335509,-0.117717913321529,0,D2018-04527
4528,4528,17085.20179372197,0.887065521212539,-0.4572844426827051,1,D2019-04528
4529,4529,16996.28252788104,0.0348964683153171,0.0554614237697945,0,D2020-04529
4530,4530,15625.427204374571,0.5545768441445428,0.468865729753932,3,D2022-04530
4531,4531,16649.67225054625,0.887065521212539,-0.4572844426827051,1,D2021-04531
4532,4532,15625.427204374571,0.5729422450092624,0.5340451908687276,3,D2022-04532
4533,4533,17085.20179372197,0.887065521212539,-0.4572844426827051,1,D2019-04533
4534,4534,15000.0,0.2506872833134258,0.2464152228309453,0,D2024-04534
4535,4535,40000.0,0.5534396761666587,0.459281963194749,3,D2025-04535
4536,4536,15625.427204374571,0.5545768441445428,0.468865729753932,3,D2022-04536
4537,4537,16996.28252788104,0.4717577813437564,0.6073956730550956,3,D2020-04537
4538,4538,15159.151193633952,0.5545768441445428,0.468865729753932,3,D2023-04538
4539,4539,15000.0,0.2351984929048936,0.2355310204370733,0,D2024-04539
4540,4540,15159.151193633952,0.2351984929048936,0.2355310204370733,0,D2023-04540
4541,4541,15000.0,0.3081708375045064,0.2680434127311858,0,D2024-04541
4542,4542,15159.151193633952,0.3595486104043427,0.31797252368592,0,D2023-04542
4543,4543,15000.0,0.2571152312962459,0.3105972716873807,0,D2024-04543
4544,4544,16996.28252788104,0.887065521212539,-0.4572844426827051,1,D2020-04544
4545,4545,17490.43611323642,0.0957977624659927,-0.0432781949357902,0,D2018-04545
4546,4546,16649.67225054625,0.5534396761666587,0.459281963194749,3,D2021-04546
4547,4547,16649.67225054625,0.887065521212539,-0.4572844426827051,1,D2021-04547
4548,4548,17490.43611323642,0.887065521212539,-0.4572844426827051,1,D2018-04548
4549,4549,16649.67225054625,0.2854027736180792,0.2622219295166072,0,D2021-04549
4550,4550,17085.20179372197,0.887065521212539,-0.4572844426827051,1,D2019-04550
4551,4551,15159.151193633952,0.887065521212539,-0.4572844426827051,1,D2023-04551
4552,4552,40000.0,0.887065521212539,-0.4572844426827051,1,D2025-04552
4553,4553,40000.0,0.3094413087184821,0.2907769411448839,0,D2025-04553
4554,4554,15159.151193633952,0.0475391717158414,0.0684368382362963,0,D2023-04554
4555,4555,22738.726790450928,0.0071905412358005,0.0180406134784508,0,D2023-04555
4556,4556,15000.0,0.3605626268116275,0.3145096887999944,0,D2024-04556
4557,4557,30000.0,0.0967606080045595,0.2127752985024589,0,D2024-04557
4558,4558,15000.0,0.3595486104043427,0.31797252368592,0,D2024-04558
4559,4559,15000.0,0.3595486104043427,0.31797252368592,0,D2024-04559
4560,4560,17929.41176470588,0.545973565957885,0.7201936012051111,3,D2017-04560
4561,4561,17929.41176470588,0.545973565957885,0.7201936012051111,3,D2017-04561
4562,4562,15000.0,0.2053573863271598,-0.0288252252095637,0,D2024-04562
4563,4563,11390.13452914798,0.0031211186053147,0.0081511203466958,0,D2019-04563
4564,4564,16996.28252788104,0.545973565957885,0.7201936012051111,3,D2020-04564
4565,4565,17490.43611323642,0.0,0.0,0,D2018-04565
4566,4566,17085.20179372197,0.887065521212539,-0.4572844426827051,1,D2019-04566
4567,4567,17929.41176470588,0.887065521212539,-0.4572844426827051,1,D2017-04567
4568,4568,11330.85501858736,0.0068092668730538,0.0170108692031103,0,D2020-04568
4569,4569,16649.67225054625,0.0734415974340787,0.1614098083565405,0,D2021-04569
4570,4570,16649.67225054625,0.0734415974340787,0.1614098083565405,0,D2021-04570
4571,4571,17490.43611323642,0.2258200855335509,-0.117717913321529,0,D2018-04571
4572,4572,15000.0,0.2053573863271598,-0.0288252252095637,0,D2024-04572
4573,4573,16649.67225054625,0.887065521212539,-0.4572844426827051,1,D2021-04573
4574,4574,17490.43611323642,0.887065521212539,-0.4572844426827051,1,D2018-04574
4575,4575,17929.41176470588,0.0108046778277795,0.0255683898468974,0,D2017-04575
4576,4576,15159.151193633952,0.2825068704225895,0.3383506162548333,0,D2023-04576
4577,4577,17929.41176470588,0.887065521212539,-0.4572844426827051,1,D2017-04577
4578,4578,23320.58148431523,0.545973565957885,0.7201936012051111,3,D2018-04578
4579,4579,17490.43611323642,0.887065521212539,-0.4572844426827051,1,D2018-04579
4580,4580,17929.41176470588,0.3461223049703926,0.1336942063643582,0,D2017-04580
4581,4581,15000.0,0.2053573863271598,-0.0288252252095637,0,D2024-04581
4582,4582,16996.28252788104,0.558889803236791,0.3066938298019666,3,D2020-04582
4583,4583,17490.43611323642,0.4831666505863174,0.6374040272789662,3,D2018-04583
4584,4584,17490.43611323642,0.545973565957885,0.7201936012051111,3,D2018-04584
4585,4585,17929.41176470588,0.4536412946904066,0.5987004442968877,3,D2017-04585
4586,4586,16996.28252788104,0.5534396761666587,0.459281963194749,3,D2020-04586
4587,4587,17929.41176470588,0.646268136560931,0.2389418022506655,3,D2017-04587
4588,4588,17929.41176470588,0.887065521212539,-0.4572844426827051,1,D2017-04588
4589,4589,17490.43611323642,0.887065521212539,-0.4572844426827051,1,D2018-04589
4590,4590,17929.41176470588,0.887065521212539,-0.4572844426827051,1,D2017-04590
4591,4591,17929.41176470588,0.0,0.0,0,D2017-04591
4592,4592,11952.94117647059,0.0003845678123986,0.0008373903698018,0,D2017-04592
4593,4593,17490.43611323642,0.2556928910164887,0.1000134293652024,0,D2018-04593
4594,4594,40000.0,0.1213162505193332,0.0130722747794006,0,D2024-04594
4595,4595,17085.20179372197,0.3345674178368959,0.5450816369605848,3,D2019-04595
4596,4596,16996.28252788104,0.887065521212539,-0.4572844426827051,1,D2020-04596
4597,4597,17085.20179372197,0.887065521212539,-0.4572844426827051,1,D2019-04597
4598,4598,15625.427204374571,0.558889803236791,0.3066938298019666,3,D2022-04598
4599,4599,16996.28252788104,0.5545768441445428,0.468865729753932,3,D2020-04599
4600,4600,17929.41176470588,0.887065521212539,-0.4572844426827051,1,D2017-04600
4601,4601,17085.20179372197,0.545973565957885,0.7201936012051111,3,D2019-04601
4602,4602,17085.20179372197,0.887065521212539,-0.4572844426827051,1,D2019-04602
4603,4603,17085.20179372197,0.545973565957885,0.7201936012051111,3,D2019-04603
4604,4604,15625.427204374571,0.5545768441445428,0.468865729753932,3,D2022-04604
4605,4605,17490.43611323642,0.545973565957885,0.7201936012051111,3,D2018-04605
4606,4606,15159.151193633952,0.3605626268116275,0.3145096887999944,0,D2023-04606
4607,4607,17085.20179372197,0.545973565957885,0.7201936012051111,3,D2019-04607
4608,4608,17490.43611323642,0.887065521212539,-0.4572844426827051,1,D2018-04608
4609,4609,17929.41176470588,0.545973565957885,0.7201936012051111,3,D2017-04609
4610,4610,17085.20179372197,0.887065521212539,-0.4572844426827051,1,D2019-04610
4611,4611,17929.41176470588,0.887065521212539,-0.4572844426827051,1,D2017-04611
4612,4612,15000.0,0.3595486104043427,0.31797252368592,3,D2024-04612
4613,4613,17929.41176470588,0.1189878247278639,-0.0582244365541811,0,D2017-04613
4614,4614,17490.43611323642,0.0957977624659927,-0.0432781949357902,0,D2018-04614
4615,4615,17490.43611323642,0.887065521212539,-0.4572844426827051,1,D2018-04615
4616,4616,15159.151193633952,0.5545768441445428,0.468865729753932,3,D2023-04616
4617,4617,15159.151193633952,0.4425480102591295,0.5782005282959428,3,D2023-04617
4618,4618,17490.43611323642,0.532979851229265,0.5109017660494235,3,D2018-04618
4619,4619,15000.0,0.3605626268116275,0.3145096887999944,0,D2024-04619
4620,4620,17490.43611323642,0.545973565957885,0.7201936012051111,3,D2018-04620
4621,4621,16996.28252788104,0.887065521212539,-0.4572844426827051,1,D2020-04621
4622,4622,15625.427204374571,0.887065521212539,-0.4572844426827051,1,D2022-04622
4623,4623,45323.42007434944,0.0007231246241254,0.0012854092522395,0,D2020-04623
4624,4624,17085.20179372197,0.887065521212539,-0.4572844426827051,1,D2019-04624
4625,4625,17490.43611323642,0.887065521212539,-0.4572844426827051,1,D2018-04625
4626,4626,17929.41176470588,0.887065521212539,-0.4572844426827051,1,D2017-04626
4627,4627,17929.41176470588,0.887065521212539,-0.4572844426827051,1,D2017-04627
4628,4628,16996.28252788104,0.5534396761666587,0.459281963194749,3,D2020-04628
4629,4629,17490.43611323642,0.545973565957885,0.7201936012051111,3,D2018-04629
4630,4630,45000.0,0.0104279088015669,0.0278487010590409,0,D2025-04630
4631,4631,17490.43611323642,0.545973565957885,0.7201936012051111,3,D2018-04631
4632,4632,17929.41176470588,0.887065521212539,-0.4572844426827051,1,D2017-04632
4633,4633,17490.43611323642,0.887065521212539,-0.4572844426827051,1,D2018-04633
4634,4634,15625.427204374571,0.5534396761666587,0.459281963194749,3,D2022-04634
4635,4635,16649.67225054625,0.5534396761666587,0.459281963194749,3,D2021-04635
4636,4636,17085.20179372197,0.545973565957885,0.7201936012051111,3,D2019-04636
4637,4637,16996.28252788104,0.0348964683153171,0.0554614237697945,0,D2020-04637
4638,4638,15625.427204374571,0.5534396761666587,0.459281963194749,3,D2022-04638
4639,4639,17929.41176470588,0.0016838005831315,0.0021344008538213,0,D2017-04639
4640,4640,16996.28252788104,0.0348964683153171,0.0554614237697945,0,D2020-04640
4641,4641,17929.41176470588,0.6278046953351442,-0.3233043827266405,0,D2017-04641
4642,4642,17085.20179372197,0.545973565957885,0.7201936012051111,3,D2019-04642
4643,4643,16996.28252788104,0.5534396761666587,0.459281963194749,3,D2020-04643
4644,4644,15000.0,0.2056467792553351,0.2493185718639456,0,D2024-04644
4645,4645,15000.0,0.5534396761666587,0.459281963194749,3,D2024-04645
4646,4646,18885.647058823528,0.646268136560931,0.2389418022506655,3,D2017-04646
4647,4647,17490.43611323642,0.887065521212539,-0.4572844426827051,1,D2018-04647
4648,4648,17085.20179372197,0.887065521212539,-0.4572844426827051,1,D2019-04648
4649,4649,17929.41176470588,0.887065521212539,-0.4572844426827051,1,D2017-04649
4650,4650,17085.20179372197,0.887065521212539,-0.4572844426827051,1,D2019-04650
4651,4651,17490.43611323642,0.887065521212539,-0.4572844426827051,1,D2018-04651
4652,4652,15159.151193633952,0.0900658312913554,-0.0101070885407876,0,D2023-04652
4653,4653,15000.0,0.3595486104043427,0.31797252368592,0,D2024-04653
4654,4654,15625.427204374571,0.5545768441445428,0.468865729753932,3,D2022-04654
4655,4655,17490.43611323642,0.0,0.0,0,D2018-04655
4656,4656,40000.0,0.2571152312962459,0.3105972716873807,0,D2025-04656
4657,4657,15625.427204374571,0.5545768441445428,0.468865729753932,3,D2022-04657
4658,4658,15625.427204374571,0.887065521212539,-0.4572844426827051,1,D2022-04658
4659,4659,17490.43611323642,0.2276384983708593,0.3259368858731473,0,D2018-04659
4660,4660,17085.20179372197,0.4561955248637752,0.6045190370228757,3,D2019-04660
4661,4661,17085.20179372197,0.887065521212539,-0.4572844426827051,1,D2019-04661
4662,4662,17929.41176470588,0.646268136560931,0.2389418022506655,3,D2017-04662
4663,4663,17085.20179372197,0.545973565957885,0.7201936012051111,3,D2019-04663
4664,4664,16996.28252788104,0.558889803236791,0.3066938298019666,3,D2020-04664
4665,4665,16996.28252788104,0.887065521212539,-0.4572844426827051,1,D2020-04665
4666,4666,16996.28252788104,0.545973565957885,0.7201936012051111,3,D2020-04666
4667,4667,17929.41176470588,0.545973565957885,0.7201936012051111,3,D2017-04667
4668,4668,15625.427204374571,0.5545768441445428,0.468865729753932,3,D2022-04668
4669,4669,17929.41176470588,0.887065521212539,-0.4572844426827051,1,D2017-04669
4670,4670,56654.2750929368,0.0044278229823346,0.006182798236778,0,D2020-04670
4671,4671,15625.427204374571,0.5534396761666587,0.459281963194749,3,D2022-04671
4672,4672,15000.0,0.2571152312962459,0.3105972716873807,0,D2024-04672
4673,4673,16649.67225054625,0.5534396761666587,0.459281963194749,3,D2021-04673
4674,4674,15159.151193633952,0.2053573863271598,-0.0288252252095637,0,D2023-04674
4675,4675,15159.151193633952,0.2053573863271598,-0.0288252252095637,0,D2023-04675
4676,4676,17085.20179372197,0.545973565957885,0.7201936012051111,3,D2019-04676
4677,4677,16649.67225054625,0.5545768441445428,0.468865729753932,3,D2021-04677
4678,4678,17490.43611323642,0.545973565957885,0.7201936012051111,3,D2018-04678
4679,4679,17929.41176470588,0.4898189952913064,0.5716533783149209,3,D2017-04679
4680,4680,17929.41176470588,0.4898189952913064,0.5716533783149209,3,D2017-04680
4681,4681,17929.41176470588,0.0,0.0,0,D2017-04681
4682,4682,1139013.4529147982,0.101544897659843,0.1984565610741266,0,D2019-04682
4683,4683,28327.1375464684,0.545973565957885,0.7201936012051111,3,D2020-04683
4684,4684,17929.41176470588,0.887065521212539,-0.4572844426827051,1,D2017-04684
4685,4685,15625.427204374571,0.887065521212539,-0.4572844426827051,1,D2022-04685
4686,4686,17929.41176470588,0.0745069552055656,-0.0327080626335113,0,D2017-04686
4687,4687,17490.43611323642,0.887065521212539,-0.4572844426827051,1,D2018-04687
4688,4688,17490.43611323642,0.0217157512260903,0.0427279160592265,0,D2018-04688
4689,4689,17929.41176470588,0.545973565957885,0.7201936012051111,3,D2017-04689
4690,4690,17085.20179372197,0.545973565957885,0.7201936012051111,3,D2019-04690
4691,4691,16649.67225054625,0.0527333398921276,-0.0170031196277221,0,D2021-04691
4692,4692,17490.43611323642,0.4459843675301219,0.5920091770477582,3,D2018-04692
4693,4693,11299.013452914798,0.0078545783099819,0.0196318377194563,0,D2019-04693
4694,4694,16996.28252788104,0.5545768441445428,0.468865729753932,3,D2020-04694
4695,4695,15625.427204374571,0.545973565957885,0.7201936012051111,3,D2022-04695
4696,4696,16996.28252788104,0.558889803236791,0.3066938298019666,3,D2020-04696
4697,4697,17085.20179372197,0.887065521212539,-0.4572844426827051,1,D2019-04697
4698,4698,16996.28252788104,0.545973565957885,0.7201936012051111,3,D2020-04698
4699,4699,17085.20179372197,0.3357589345421391,0.4448688748321642,3,D2019-04699
4700,4700,15159.151193633952,0.3595486104043427,0.31797252368592,0,D2023-04700
4701,4701,40424.40318302388,0.0120144541797387,0.0228523519792288,0,D2023-04701
4702,4702,15625.427204374571,0.887065521212539,-0.4572844426827051,1,D2022-04702
4703,4703,40424.40318302388,0.019744241271908,0.0375268295522693,0,D2023-04703
4704,4704,40000.0,0.017184751546677,0.0412319473955085,0,D2024-04704
4705,4705,45323.42007434944,0.0551134930411376,0.1135045253255978,0,D2020-04705
4706,4706,40000.0,0.0367905210580015,0.0711423403582147,0,D2024-04706
4707,4707,20867.58922068463,0.0911760268692735,0.1035161312472807,0,D2021-04707
4708,4708,16996.28252788104,0.381633516846582,0.4911094052137501,3,D2020-04708
4709,4709,16996.28252788104,0.545973565957885,0.7201936012051111,3,D2020-04709
4710,4710,45323.42007434944,0.0770835237040857,-0.0155924377891209,0,D2020-04710
4711,4711,40000.0,0.0097124966903382,0.0276148262196796,0,D2024-04711
4712,4712,16649.67225054625,0.0348964683153171,0.0554614237697945,0,D2021-04712
4713,4713,11330.85501858736,0.0050727563565536,0.0089450539677901,0,D2020-04713
4714,4714,15000.0,0.0995099514095536,0.0286558270707766,0,D2024-04714
4715,4715,15000.0,0.2053573863271598,-0.0288252252095637,0,D2024-04715
4716,4716,15000.0,0.5534396761666587,0.459281963194749,3,D2024-04716
4717,4717,15000.0,0.3595486104043427,0.31797252368592,0,D2024-04717
4718,4718,15000.0,0.264986590188055,0.2405879483093941,0,D2024-04718
4719,4719,94348.1427530954,0.0028201983594104,0.0042539718050539,0,D2021-04719
4720,4720,16649.67225054625,0.887065521212539,-0.4572844426827051,1,D2021-04720
4721,4721,88544.08749145591,0.0094069593331412,0.0249666380971767,0,D2022-04721
4722,4722,88544.08749145591,0.0091445542909905,0.0241233887938168,0,D2022-04722
4723,4723,16649.67225054625,0.5534396761666587,0.459281963194749,3,D2021-04723
4724,4724,15000.0,0.0779683544293603,0.0004547506324834,0,D2024-04724
4725,4725,16996.28252788104,0.545973565957885,0.7201936012051111,3,D2020-04725
4726,4726,16996.28252788104,0.887065521212539,-0.4572844426827051,1,D2020-04726
4727,4727,15625.427204374571,0.0409925756029639,0.0482660854088921,0,D2022-04727
4728,4728,15000.0,0.3259980047162789,0.2255701197582619,3,D2024-04728
4729,4729,16649.67225054625,0.887065521212539,-0.4572844426827051,1,D2021-04729
4730,4730,15159.151193633952,0.887065521212539,-0.4572844426827051,1,D2023-04730
4731,4731,49949.016751638745,0.0612300756577856,0.1244182610014404,0,D2021-04731
4732,4732,39657.99256505576,0.0074239686857324,0.019157520630096,0,D2020-04732
4733,4733,15625.427204374571,0.545973565957885,0.7201936012051111,3,D2022-04733
4734,4734,17085.20179372197,0.887065521212539,-0.4572844426827051,1,D2019-04734
4735,4735,41667.8058783322,0.1016857322519302,0.2224165123991432,0,D2022-04735
4736,4736,17490.43611323642,0.1093086128244313,-0.0548391107896016,0,D2018-04736
4737,4737,15625.427204374571,0.0348964683153171,0.0554614237697945,0,D2022-04737
4738,4738,17490.43611323642,0.887065521212539,-0.4572844426827051,1,D2018-04738
4739,4739,16649.67225054625,0.0031595671547952,0.0047266438288786,0,D2021-04739
4740,4740,17085.20179372197,0.0069879514419336,0.0171073733916099,0,D2019-04740
4741,4741,43726.090283091056,0.0464767894611385,0.0939012351813246,0,D2018-04741
4742,4742,16996.28252788104,0.5534396761666587,0.459281963194749,3,D2020-04742
4743,4743,16996.28252788104,0.2221310215655728,-0.105894584986223,0,D2020-04743
4744,4744,17490.43611323642,0.545973565957885,0.7201936012051111,3,D2018-04744
4745,4745,16996.28252788104,0.0527333398921276,-0.0170031196277221,0,D2020-04745
4746,4746,17085.20179372197,0.887065521212539,-0.4572844426827051,1,D2019-04746
4747,4747,17085.20179372197,0.3291888790159494,0.4351330012337608,3,D2019-04747
4748,4748,17490.43611323642,0.0590834271562825,0.1208303711451757,0,D2018-04748
4749,4749,15625.427204374571,0.0871069898974492,-0.0395109714419159,0,D2022-04749
4750,4750,16996.28252788104,0.3418501291875403,0.4108919051446949,0,D2020-04750
4751,4751,15000.0,0.2571152312962459,0.3105972716873807,0,D2024-04751
4752,4752,17085.20179372197,0.545973565957885,0.7201936012051111,3,D2019-04752
4753,4753,15159.151193633952,0.2571152312962459,0.3105972716873807,3,D2023-04753
4754,4754,15625.427204374571,0.545973565957885,0.7201936012051111,3,D2022-04754
4755,4755,22780.26905829596,0.0010529413163043,0.0013954455160894,0,D2019-04755
4756,4756,15159.151193633952,0.2900577801497159,0.2303350928471079,0,D2023-04756
4757,4757,15625.427204374571,0.5545768441445428,0.468865729753932,3,D2022-04757
4758,4758,15625.427204374571,0.5534396761666587,0.459281963194749,3,D2022-04758
4759,4759,17085.20179372197,0.1075951194077046,-0.0421146953825764,0,D2019-04759
4760,4760,22737.56694720735,0.0551134930411376,0.1135045253255978,0,D2018-04760
4761,4761,17085.20179372197,0.545973565957885,0.7201936012051111,3,D2019-04761
4762,4762,221545.5241009947,0.000201431251691,0.0002645004699188,0,D2018-04762
4763,4763,16996.28252788104,0.381633516846582,0.4911094052137501,0,D2020-04763
4764,4764,17490.43611323642,0.887065521212539,-0.4572844426827051,1,D2018-04764
4765,4765,17490.43611323642,0.887065521212539,-0.4572844426827051,1,D2018-04765
4766,4766,17085.20179372197,0.4561955248637752,0.6045190370228757,3,D2019-04766
4767,4767,15625.427204374571,0.5545768441445428,0.468865729753932,3,D2022-04767
4768,4768,15159.151193633952,0.887065521212539,-0.4572844426827051,1,D2023-04768
4769,4769,26818.668706962515,0.002428316635434,0.0029676042118001,0,D2018-04769
4770,4770,16649.67225054625,0.5545768441445428,0.468865729753932,3,D2021-04770
4771,4771,15625.427204374571,0.3173279867312723,-0.1574902418406586,0,D2022-04771
4772,4772,15000.0,0.2053573863271598,-0.0288252252095637,0,D2024-04772
4773,4773,15000.0,0.4425480102591295,0.5782005282959428,3,D2024-04773
4774,4774,15625.427204374571,0.5534396761666587,0.459281963194749,3,D2022-04774
4775,4775,17085.20179372197,0.887065521212539,-0.4572844426827051,1,D2019-04775
4776,4776,18129.368029739777,0.053646851715364,0.1122562170751027,0,D2020-04776
4777,4777,16649.67225054625,0.5545768441445428,0.468865729753932,3,D2021-04777
4778,4778,17490.43611323642,0.2221310215655728,-0.105894584986223,0,D2018-04778
4779,4779,17085.20179372197,0.887065521212539,-0.4572844426827051,1,D2019-04779
4780,4780,16996.28252788104,0.0348964683153171,0.0554614237697945,0,D2020-04780
4781,4781,17085.20179372197,0.887065521212539,-0.4572844426827051,1,D2019-04781
4782,4782,15625.427204374571,0.5017914644049688,0.4000963781363894,3,D2022-04782
4783,4783,17085.20179372197,0.247834900704797,0.1935728926808526,0,D2019-04783
4784,4784,5695.067264573991,0.0012511973697778,0.0015028002308789,0,D2019-04784
4785,4785,16996.28252788104,0.887065521212539,-0.4572844426827051,1,D2020-04785
4786,4786,16996.28252788104,0.887065521212539,-0.4572844426827051,1,D2020-04786
4787,4787,17085.20179372197,0.545973565957885,0.7201936012051111,3,D2019-04787
4788,4788,17085.20179372197,0.887065521212539,-0.4572844426827051,1,D2019-04788
4789,4789,17085.20179372197,0.545973565957885,0.7201936012051111,3,D2019-04789
4790,4790,17929.41176470588,0.545973565957885,0.7201936012051111,3,D2017-04790
4791,4791,15625.427204374571,0.0348964683153171,0.0554614237697945,0,D2022-04791
4792,4792,16649.67225054625,0.887065521212539,-0.4572844426827051,1,D2021-04792
4793,4793,16996.28252788104,0.545973565957885,0.7201936012051111,3,D2020-04793
4794,4794,16996.28252788104,0.5364155105898365,0.6904821558214014,3,D2020-04794
4795,4795,17490.43611323642,0.887065521212539,-0.4572844426827051,1,D2018-04795
4796,4796,17490.43611323642,0.545973565957885,0.7201936012051111,3,D2018-04796
4797,4797,15159.151193633952,0.0477663143088155,0.067660366931099,0,D2023-04797
4798,4798,15159.151193633952,0.2053573863271598,-0.0288252252095637,0,D2023-04798
4799,4799,15625.427204374571,0.5545768441445428,0.468865729753932,3,D2022-04799
4800,4800,440059.3726090284,0.0056851584949284,0.0146340190963634,0,D2018-04800
4801,4801,16996.28252788104,0.545973565957885,0.7201936012051111,3,D2020-04801
4802,4802,16996.28252788104,0.0348964683153171,0.0554614237697945,0,D2020-04802
4803,4803,17085.20179372197,0.545973565957885,0.7201936012051111,3,D2019-04803
4804,4804,17085.20179372197,0.545973565957885,0.7201936012051111,3,D2019-04804
4805,4805,16996.28252788104,0.545973565957885,0.7201936012051111,3,D2020-04805
4806,4806,17490.43611323642,0.2556928910164887,0.1000134293652024,0,D2018-04806
4807,4807,17085.20179372197,0.887065521212539,-0.4572844426827051,1,D2019-04807
4808,4808,16996.28252788104,0.0348964683153171,0.0554614237697945,0,D2020-04808
4809,4809,16649.67225054625,0.887065521212539,-0.4572844426827051,1,D2021-04809
4810,4810,17085.20179372197,0.887065521212539,-0.4572844426827051,1,D2019-04810
4811,4811,17929.41176470588,0.887065521212539,-0.4572844426827051,1,D2017-04811
4812,4812,16996.28252788104,0.545973565957885,0.7201936012051111,3,D2020-04812
4813,4813,17085.20179372197,0.5364155105898365,0.6904821558214014,3,D2019-04813
4814,4814,16996.28252788104,0.545973565957885,0.7201936012051111,3,D2020-04814
4815,4815,17085.20179372197,0.887065521212539,-0.4572844426827051,1,D2019-04815
4816,4816,25000.0,0.0099719440330381,0.0285132119256186,0,D2025-04816
4817,4817,30000.0,0.093919170798258,0.2080481433991644,0,D2025-04817
4818,4818,40000.0,0.2882875181563916,0.2683290709217783,0,D2025-04818
4819,4819,16649.67225054625,0.5545768441445428,0.468865729753932,3,D2021-04819
4820,4820,16996.28252788104,0.2490820539144217,0.3003884157014852,0,D2020-04820
4821,4821,221881.0663021189,0.0011607020215176,0.0008637999617619,0,D2022-04821
4822,4822,25000.0,0.0099719440330381,0.0285132119256186,0,D2025-04822
4823,4823,17085.20179372197,0.545973565957885,0.7201936012051111,3,D2019-04823
4824,4824,16996.28252788104,0.545973565957885,0.7201936012051111,3,D2020-04824
4825,4825,47838.56502242152,0.1494007038713899,0.2422615043010718,0,D2019-04825
4826,4826,16649.67225054625,0.0011711416355765,0.0015414663586867,0,D2021-04826
4827,4827,16996.28252788104,0.545973565957885,0.7201936012051111,3,D2020-04827
4828,4828,39063.56801093643,0.0053881326972733,0.0130387172552496,0,D2022-04828
4829,4829,72376.12527312453,0.0732560271687368,0.0752434550007883,0,D2021-04829
4830,4830,77559.27055702917,0.0594523059965522,0.1207603404258843,0,D2023-04830
4831,4831,120123.1352785146,0.0578809565631354,0.1168101131792938,0,D2023-04831
4832,4832,82793.22015915118,0.0587062225559703,0.1193202660236164,0,D2023-04832
4833,4833,17085.20179372197,0.887065521212539,-0.4572844426827051,1,D2019-04833
4834,4834,17085.20179372197,0.887065521212539,-0.4572844426827051,1,D2019-04834
4835,4835,16649.67225054625,0.887065521212539,-0.4572844426827051,1,D2021-04835
4836,4836,16667.122351332877,0.0480241792054277,0.1024069027246155,0,D2022-04836
4837,4837,16667.122351332877,0.1018904441577239,0.2227105292014231,0,D2022-04837
4838,4838,15625.427204374571,0.5545768441445428,0.468865729753932,3,D2022-04838
4839,4839,15625.427204374571,0.5534396761666587,0.459281963194749,3,D2022-04839
4840,4840,16649.67225054625,0.887065521212539,-0.4572844426827051,1,D2021-04840
4841,4841,17085.20179372197,0.545973565957885,0.7201936012051111,3,D2019-04841
4842,4842,16996.28252788104,0.0773710684919455,0.0826565083698391,0,D2020-04842
4843,4843,34170.40358744394,0.0054350843815355,0.0144796752512278,0,D2019-04843
4844,4844,16649.67225054625,0.545973565957885,0.7201936012051111,3,D2021-04844
4845,4845,16996.28252788104,0.0348964683153171,0.0554614237697945,0,D2020-04845
4846,4846,16649.67225054625,0.5545768441445428,0.468865729753932,3,D2021-04846
4847,4847,15625.427204374571,0.5534396761666587,0.459281963194749,3,D2022-04847
4848,4848,17085.20179372197,0.545973565957885,0.7201936012051111,3,D2019-04848
4849,4849,17085.20179372197,0.887065521212539,-0.4572844426827051,1,D2019-04849
4850,4850,16649.67225054625,0.5545768441445428,0.468865729753932,3,D2021-04850
4851,4851,15625.427204374571,0.5545768441445428,0.468865729753932,3,D2022-04851
4852,4852,17490.43611323642,0.646268136560931,0.2389418022506655,3,D2018-04852
4853,4853,17085.20179372197,0.887065521212539,-0.4572844426827051,1,D2019-04853
4854,4854,15625.427204374571,0.5545768441445428,0.468865729753932,3,D2022-04854
4855,4855,17490.43611323642,0.545973565957885,0.7201936012051111,3,D2018-04855
4856,4856,40811.01759755165,0.0734598894571622,-0.0155238308478891,0,D2018-04856
4857,4857,16996.28252788104,0.0348964683153171,0.0554614237697945,0,D2020-04857
4858,4858,17085.20179372197,0.887065521212539,-0.4572844426827051,1,D2019-04858
4859,4859,22661.71003717472,0.043388872832889,0.092555034132948,0,D2020-04859
4860,4860,17085.20179372197,0.887065521212539,-0.4572844426827051,1,D2019-04860
4861,4861,17085.20179372197,0.0590290605846709,-0.0225735273597431,0,D2019-04861
4862,4862,17085.20179372197,0.887065521212539,-0.4572844426827051,1,D2019-04862
4863,4863,17085.20179372197,0.887065521212539,-0.4572844426827051,1,D2019-04863
4864,4864,17929.41176470588,0.0,0.0,0,D2017-04864
4865,4865,17085.20179372197,0.887065521212539,-0.4572844426827051,1,D2019-04865
4866,4866,17085.20179372197,0.887065521212539,-0.4572844426827051,1,D2019-04866
4867,4867,17085.20179372197,0.545973565957885,0.7201936012051111,3,D2019-04867
4868,4868,18129.368029739777,0.0536744224557552,0.1133585701881316,0,D2020-04868
4869,4869,18129.368029739777,0.0536744224557552,0.1133585701881316,0,D2020-04869
4870,4870,16996.28252788104,0.545973565957885,0.7201936012051111,3,D2020-04870
4871,4871,15159.151193633952,0.0348964683153171,0.0554614237697945,0,D2023-04871
4872,4872,17490.43611323642,0.545973565957885,0.7201936012051111,3,D2018-04872
4873,4873,29150.72685539404,0.0022739231799072,0.0044255143660267,0,D2018-04873
4874,4874,20212.201591511937,0.1313399131587622,0.0454806668723669,0,D2023-04874
4875,4875,20212.201591511937,0.1313399131587622,0.0454806668723669,0,D2023-04875
4876,4876,20212.201591511937,0.1313399131587622,0.0454806668723669,0,D2023-04876
4877,4877,17085.20179372197,0.887065521212539,-0.4572844426827051,1,D2019-04877
4878,4878,28475.33632286996,0.0480355785461317,0.1023780681492163,0,D2019-04878
4879,4879,17085.20179372197,0.887065521212539,-0.4572844426827051,1,D2019-04879
4880,4880,17490.43611323642,0.887065521212539,-0.4572844426827051,1,D2018-04880
4881,4881,17929.41176470588,0.646268136560931,0.2389418022506655,3,D2017-04881
4882,4882,15625.427204374571,0.5545768441445428,0.468865729753932,3,D2022-04882
4883,4883,15000.0,0.2053573863271598,-0.0288252252095637,0,D2024-04883
4884,4884,17085.20179372197,0.545973565957885,0.7201936012051111,3,D2019-04884
4885,4885,17085.20179372197,0.887065521212539,-0.4572844426827051,1,D2019-04885
4886,4886,20988.523335883707,0.0868015424870065,-0.0172499824979726,0,D2018-04886
4887,4887,20988.523335883707,0.0868015424870065,-0.0172499824979726,0,D2018-04887
4888,4888,20988.523335883707,0.0868015424870065,-0.0172499824979726,0,D2018-04888
4889,4889,17929.41176470588,0.2258200855335509,-0.117717913321529,0,D2017-04889
4890,4890,17085.20179372197,0.887065521212539,-0.4572844426827051,1,D2019-04890
4891,4891,56654.2750929368,0.0010899186813033,0.0016881422652808,0,D2020-04891
4892,4892,17490.43611323642,0.545973565957885,0.7201936012051111,3,D2018-04892
4893,4893,17929.41176470588,0.0,0.0,0,D2017-04893
4894,4894,17490.43611323642,0.2087182237946988,-0.1043755260474003,0,D2018-04894
4895,4895,17929.41176470588,0.6278046953351442,-0.3233043827266405,1,D2017-04895
4896,4896,17929.41176470588,0.075170771622861,-0.0369257890960169,0,D2017-04896
4897,4897,17929.41176470588,0.1093086128244313,-0.0548391107896016,0,D2017-04897
4898,4898,15159.151193633952,0.0900658312913554,-0.0101070885407876,0,D2023-04898
4899,4899,25265.25198938992,0.0720434312263523,0.1451462888540572,0,D2023-04899
4900,4900,16649.67225054625,0.887065521212539,-0.4572844426827051,1,D2021-04900
4901,4901,17490.43611323642,0.887065521212539,-0.4572844426827051,1,D2018-04901
4902,4902,16649.67225054625,0.887065521212539,-0.4572844426827051,1,D2021-04902
4903,4903,17085.20179372197,0.4104799073925914,0.5283685658068591,3,D2019-04903
4904,4904,25000.0,0.0086801797250654,0.0238662668245452,0,D2024-04904
4905,4905,17929.41176470588,0.0,0.0,0,D2017-04905
4906,4906,15159.151193633952,0.2675092321054341,0.2270541346979914,0,D2023-04906
4907,4907,17929.41176470588,0.1093086128244313,-0.0548391107896016,0,D2017-04907
4908,4908,17929.41176470588,0.1093086128244313,-0.0548391107896016,0,D2017-04908
4909,4909,15000.0,0.383668283663209,0.3277986453537835,0,D2025-04909
4910,4910,16996.28252788104,0.558889803236791,0.3066938298019666,3,D2020-04910
4911,4911,15159.151193633952,0.214917421070322,0.2603195408980108,0,D2023-04911
4912,4912,15159.151193633952,0.3374195470254229,0.1246647922493839,3,D2023-04912
4913,4913,15000.0,0.0527333398921276,-0.0170031196277221,0,D2024-04913
4914,4914,15000.0,0.3595486104043427,0.31797252368592,0,D2024-04914
4915,4915,15159.151193633952,0.0348964683153171,0.0554614237697945,0,D2023-04915
4916,4916,15159.151193633952,0.0995099514095536,0.0286558270707766,0,D2023-04916
4917,4917,15000.0,0.887065521212539,-0.4572844426827051,1,D2024-04917
4918,4918,17929.41176470588,0.646268136560931,0.2389418022506655,3,D2017-04918
4919,4919,17929.41176470588,0.887065521212539,-0.4572844426827051,1,D2017-04919
4920,4920,15159.151193633952,0.887065521212539,-0.4572844426827051,1,D2023-04920
4921,4921,17929.41176470588,0.887065521212539,-0.4572844426827051,1,D2017-04921
4922,4922,16649.67225054625,0.0348964683153171,0.0554614237697945,0,D2021-04922
4923,4923,17929.41176470588,0.887065521212539,-0.4572844426827051,1,D2017-04923
4924,4924,15159.151193633952,0.545973565957885,0.7201936012051111,3,D2023-04924
4925,4925,15625.427204374571,0.887065521212539,-0.4572844426827051,1,D2022-04925
4926,4926,15159.151193633952,0.887065521212539,-0.4572844426827051,1,D2023-04926
4927,4927,15000.0,0.887065521212539,-0.4572844426827051,1,D2024-04927
4928,4928,40000.0,0.097793703308719,-0.0019737843278753,0,D2025-04928
4929,4929,16649.67225054625,0.887065521212539,-0.4572844426827051,1,D2021-04929
4930,4930,15159.151193633952,0.3374195470254229,0.1246647922493839,0,D2023-04930
4931,4931,15625.427204374571,0.5545768441445428,0.468865729753932,3,D2022-04931
4932,4932,15625.427204374571,0.887065521212539,-0.4572844426827051,1,D2022-04932
4933,4933,15625.427204374571,0.887065521212539,-0.4572844426827051,1,D2022-04933
4934,4934,15159.151193633952,0.887065521212539,-0.4572844426827051,1,D2023-04934
4935,4935,15159.151193633952,0.5545768441445428,0.468865729753932,3,D2023-04935
4936,4936,15159.151193633952,0.887065521212539,-0.4572844426827051,1,D2023-04936
4937,4937,1664.9672250546248,0.5534396761666587,0.459281963194749,3,D2021-04937
4938,4938,16649.67225054625,0.0348964683153171,0.0554614237697945,0,D2021-04938
4939,4939,17929.41176470588,0.887065521212539,-0.4572844426827051,1,D2017-04939
4940,4940,17929.41176470588,0.887065521212539,-0.4572844426827051,1,D2017-04940
4941,4941,17085.20179372197,0.545973565957885,0.7201936012051111,3,D2019-04941
4942,4942,15625.427204374571,0.887065521212539,-0.4572844426827051,1,D2022-04942
4943,4943,16649.67225054625,0.4399225877097019,0.5680563008560429,3,D2021-04943
4944,4944,15625.427204374571,0.887065521212539,-0.4572844426827051,1,D2022-04944
4945,4945,17085.20179372197,0.887065521212539,-0.4572844426827051,1,D2019-04945
4946,4946,1664.9672250546248,0.5545768441445428,0.468865729753932,3,D2021-04946
4947,4947,17929.41176470588,0.887065521212539,-0.4572844426827051,1,D2017-04947
4948,4948,17929.41176470588,0.2556928910164887,0.1000134293652024,0,D2017-04948
4949,4949,17929.41176470588,0.3468132016715148,0.1391412913753662,0,D2017-04949
4950,4950,15625.427204374571,0.558889803236791,0.3066938298019666,3,D2022-04950
4951,4951,15625.427204374571,0.887065521212539,-0.4572844426827051,1,D2022-04951
4952,4952,15159.151193633952,0.3595486104043427,0.31797252368592,0,D2023-04952
4953,4953,15000.0,0.2571152312962459,0.3105972716873807,0,D2024-04953
4954,4954,17085.20179372197,0.0045234849676422,0.005604268593883,0,D2019-04954
4955,4955,40000.0,0.5534396761666587,0.459281963194749,3,D2024-04955
4956,4956,54648.36910457964,0.0058319132186529,0.0142066190340272,0,D2022-04956
4957,4957,17085.20179372197,0.887065521212539,-0.4572844426827051,1,D2019-04957
4958,4958,16649.67225054625,0.887065521212539,-0.4572844426827051,1,D2021-04958
4959,4959,15159.151193633952,0.0235150681630014,0.0444391186142741,0,D2023-04959
4960,4960,17929.41176470588,0.2927533194382045,0.6501676510993403,3,D2017-04960
4961,4961,17929.41176470588,0.0,0.0,0,D2017-04961
4962,4962,17929.41176470588,0.887065521212539,-0.4572844426827051,1,D2017-04962
4963,4963,15625.427204374571,0.2221310215655728,-0.105894584986223,0,D2022-04963
4964,4964,40000.0,0.887065521212539,-0.4572844426827051,1,D2025-04964
4965,4965,17085.20179372197,0.4145384699372779,0.6411640989342013,3,D2019-04965
4966,4966,16649.67225054625,0.887065521212539,-0.4572844426827051,1,D2021-04966
4967,4967,46876.28161312372,0.1339573033827829,0.0521408094120889,0,D2022-04967
4968,4968,15159.151193633952,0.887065521212539,-0.4572844426827051,1,D2023-04968
4969,4969,17490.43611323642,0.0956638116397091,-0.0389822819735811,0,D2018-04969
4970,4970,16649.67225054625,0.545973565957885,0.7201936012051111,3,D2021-04970
4971,4971,20000.0,0.0098229030856364,0.0272522370580566,0,D2024-04971
4972,4972,15000.0,0.2053573863271598,-0.0288252252095637,0,D2024-04972
4973,4973,15625.427204374571,0.5545768441445428,0.468865729753932,3,D2022-04973
4974,4974,77737.66816143498,0.0072350319675337,0.0168220107021346,0,D2019-04974
4975,4975,17085.20179372197,0.545973565957885,0.7201936012051111,3,D2019-04975
4976,4976,16649.67225054625,0.0348964683153171,0.0554614237697945,0,D2021-04976
4977,4977,16996.28252788104,0.4831666505863174,0.6374040272789662,3,D2020-04977
4978,4978,29882.352941176472,0.075170771622861,-0.0369257890960169,0,D2017-04978
4979,4979,29882.352941176472,0.075170771622861,-0.0369257890960169,0,D2017-04979
4980,4980,15159.151193633952,0.887065521212539,-0.4572844426827051,1,D2023-04980
4981,4981,29882.352941176472,0.075170771622861,-0.0369257890960169,0,D2017-04981
4982,4982,15625.427204374571,0.887065521212539,-0.4572844426827051,1,D2022-04982
4983,4983,16649.67225054625,0.887065521212539,-0.4572844426827051,1,D2021-04983
4984,4984,17085.20179372197,0.545973565957885,0.7201936012051111,3,D2019-04984
4985,4985,16996.28252788104,0.887065521212539,-0.4572844426827051,1,D2020-04985
4986,4986,16649.67225054625,0.5545768441445428,0.468865729753932,3,D2021-04986
4987,4987,15625.427204374571,0.545973565957885,0.7201936012051111,3,D2022-04987
4988,4988,15625.427204374571,0.5545768441445428,0.468865729753932,3,D2022-04988
4989,4989,15625.427204374571,0.5545768441445428,0.468865729753932,3,D2022-04989
4990,4990,17085.20179372197,0.545973565957885,0.7201936012051111,3,D2019-04990
4991,4991,16996.28252788104,0.887065521212539,-0.4572844426827051,1,D2020-04991
4992,4992,38849.23525127458,0.1101289159381392,0.1591737493474865,0,D2021-04992
4993,4993,17490.43611323642,0.545973565957885,0.7201936012051111,3,D2018-04993
4994,4994,15625.427204374571,0.5545768441445428,0.468865729753932,3,D2022-04994
4995,4995,67500.0,0.0934826730023003,0.2039446259620834,0,D2025-04995
4996,4996,17085.20179372197,0.545973565957885,0.7201936012051111,3,D2019-04996
4997,4997,16996.28252788104,0.545973565957885,0.7201936012051111,3,D2020-04997
4998,4998,67500.0,0.0165861493663295,0.0386466020148833,0,D2025-04998
4999,4999,16649.67225054625,0.5545768441445428,0.468865729753932,3,D2021-04999
5000,5000,1664.9672250546248,0.5534396761666587,0.459281963194749,3,D2021-05000
5001,5001,17490.43611323642,0.887065521212539,-0.4572844426827051,1,D2018-05001
5002,5002,15625.427204374571,0.0348964683153171,0.0554614237697945,0,D2022-05002
5003,5003,23320.58148431523,0.029919711357087,0.0562651146859854,0,D2018-05003
5004,5004,15625.427204374571,0.3555307049268807,0.3027788813911262,0,D2022-05004
5005,5005,65689.6551724138,0.0430680941745873,0.078474981600181,0,D2023-05005
5006,5006,28482.5,0.0106989395253083,0.0280010459608665,0,D2025-05006
5007,5007,28327.1375464684,0.0339384789834221,0.0602289159420742,0,D2020-05007
5008,5008,15625.427204374571,0.0200672331681575,0.0399939189132676,0,D2022-05008
5009,5009,16996.28252788104,0.887065521212539,-0.4572844426827051,1,D2020-05009
5010,5010,15159.151193633952,0.3605626268116275,0.3145096887999944,0,D2023-05010
5011,5011,15625.427204374571,0.5545768441445428,0.468865729753932,3,D2022-05011
5012,5012,23320.58148431523,0.0457062880458665,-0.0043038291219233,0,D2018-05012
5013,5013,1664.9672250546248,0.5534396761666587,0.459281963194749,3,D2021-05013
5014,5014,23320.58148431523,0.0457062880458665,-0.0043038291219233,0,D2018-05014
5015,5015,15625.427204374571,0.545973565957885,0.7201936012051111,3,D2022-05015
5016,5016,16649.67225054625,0.545973565957885,0.7201936012051111,3,D2021-05016
5017,5017,16649.67225054625,0.2577696568114945,0.220813429079021,0,D2021-05017
5018,5018,15625.427204374571,0.5534396761666587,0.459281963194749,3,D2022-05018
5019,5019,16996.28252788104,0.4370041141899723,0.5764250487115091,3,D2020-05019
5020,5020,16996.28252788104,0.3825029201842959,0.5070604851036855,0,D2020-05020
5021,5021,16996.28252788104,0.3529021821016657,0.294972173269057,0,D2020-05021
5022,5022,15625.427204374571,0.5534396761666587,0.459281963194749,3,D2022-05022
5023,5023,15625.427204374571,0.887065521212539,-0.4572844426827051,1,D2022-05023
5024,5024,15625.427204374571,0.2066014143665778,0.1403306589412039,0,D2022-05024
5025,5025,15625.427204374571,0.5545768441445428,0.468865729753932,3,D2022-05025
5026,5026,15625.427204374571,0.5545768441445428,0.468865729753932,3,D2022-05026
5027,5027,15625.427204374571,0.5545768441445428,0.468865729753932,3,D2022-05027
5028,5028,17085.20179372197,0.188125643650428,-0.0912769873064225,0,D2019-05028
5029,5029,17085.20179372197,0.887065521212539,-0.4572844426827051,1,D2019-05029
5030,5030,17929.41176470588,0.887065521212539,-0.4572844426827051,1,D2017-05030
5031,5031,17490.43611323642,0.887065521212539,-0.4572844426827051,1,D2018-05031
5032,5032,15625.427204374571,0.887065521212539,-0.4572844426827051,1,D2022-05032
5033,5033,17085.20179372197,0.887065521212539,-0.4572844426827051,1,D2019-05033
5034,5034,15159.151193633952,0.3595486104043427,0.31797252368592,0,D2023-05034
5035,5035,15625.427204374571,0.5534396761666587,0.459281963194749,3,D2022-05035
5036,5036,15625.427204374571,0.887065521212539,-0.4572844426827051,1,D2022-05036
5037,5037,15625.427204374571,0.887065521212539,-0.4572844426827051,1,D2022-05037
5038,5038,17929.41176470588,0.887065521212539,-0.4572844426827051,1,D2017-05038
5039,5039,15000.0,0.2053573863271598,-0.0288252252095637,0,D2024-05039
5040,5040,16996.28252788104,0.0348964683153171,0.0554614237697945,0,D2020-05040
5041,5041,15625.427204374571,0.0044264388815013,0.006001775643589,0,D2022-05041
5042,5042,17490.43611323642,0.545973565957885,0.7201936012051111,3,D2018-05042
5043,5043,15625.427204374571,0.5545768441445428,0.468865729753932,3,D2022-05043
5044,5044,16996.28252788104,0.887065521212539,-0.4572844426827051,1,D2020-05044
5045,5045,16996.28252788104,0.545973565957885,0.7201936012051111,3,D2020-05045
5046,5046,17490.43611323642,0.1678640690913717,-0.0798109596299086,0,D2018-05046
5047,5047,16649.67225054625,0.5545768441445428,0.468865729753932,3,D2021-05047
5048,5048,15625.427204374571,0.5534396761666587,0.459281963194749,3,D2022-05048
5049,5049,17929.41176470588,0.646268136560931,0.2389418022506655,3,D2017-05049
5050,5050,17929.41176470588,0.1038662628494669,-0.0466648334193927,0,D2017-05050
5051,5051,17085.20179372197,0.887065521212539,-0.4572844426827051,1,D2019-05051
5052,5052,16649.67225054625,0.887065521212539,-0.4572844426827051,1,D2021-05052
5053,5053,17490.43611323642,0.3795036673223539,-0.1912668040472475,0,D2018-05053
5054,5054,16649.67225054625,0.5545768441445428,0.468865729753932,3,D2021-05054
5055,5055,17085.20179372197,0.887065521212539,-0.4572844426827051,1,D2019-05055
5056,5056,17490.43611323642,0.3521326150601211,0.4648217835213428,0,D2018-05056
5057,5057,47811.76470588236,0.0014839227365367,0.0023904411850771,0,D2017-05057
5058,5058,47811.76470588236,0.0014839227365367,0.0023904411850771,0,D2017-05058
5059,5059,16649.67225054625,0.545973565957885,0.7201936012051111,3,D2021-05059
5060,5060,16996.28252788104,0.5545768441445428,0.468865729753932,3,D2020-05060
5061,5061,16996.28252788104,0.887065521212539,-0.4572844426827051,1,D2020-05061
5062,5062,15159.151193633952,0.887065521212539,-0.4572844426827051,1,D2023-05062
5063,5063,15625.427204374571,0.887065521212539,-0.4572844426827051,1,D2022-05063
5064,5064,15625.427204374571,0.5545768441445428,0.468865729753932,3,D2022-05064
5065,5065,16649.67225054625,0.545973565957885,0.7201936012051111,3,D2021-05065
5066,5066,16996.28252788104,0.5729422450092624,0.5340451908687276,3,D2020-05066
5067,5067,80000.0,0.067424352379223,0.135611264969259,0,D2024-05067
5068,5068,15159.151193633952,0.5545768441445428,0.468865729753932,3,D2023-05068
5069,5069,16996.28252788104,0.545973565957885,0.7201936012051111,3,D2020-05069
5070,5070,17490.43611323642,0.887065521212539,-0.4572844426827051,1,D2018-05070
5071,5071,16996.28252788104,0.558889803236791,0.3066938298019666,3,D2020-05071
5072,5072,35858.82352941176,0.008391295656737,0.0191688564202173,0,D2017-05072
5073,5073,17490.43611323642,0.887065521212539,-0.4572844426827051,1,D2018-05073
5074,5074,17490.43611323642,0.887065521212539,-0.4572844426827051,1,D2018-05074
5075,5075,17490.43611323642,0.545973565957885,0.7201936012051111,3,D2018-05075
5076,5076,17490.43611323642,0.545973565957885,0.7201936012051111,3,D2018-05076
5077,5077,17490.43611323642,0.545973565957885,0.7201936012051111,3,D2018-05077
5078,5078,17490.43611323642,0.188125643650428,-0.0912769873064225,0,D2018-05078
5079,5079,17490.43611323642,0.3719279271429004,0.4361964505457408,0,D2018-05079
5080,5080,17490.43611323642,0.545973565957885,0.7201936012051111,3,D2018-05080
5081,5081,16996.28252788104,0.887065521212539,-0.4572844426827051,1,D2020-05081
5082,5082,17490.43611323642,0.887065521212539,-0.4572844426827051,1,D2018-05082
5083,5083,17929.41176470588,0.887065521212539,-0.4572844426827051,1,D2017-05083
5084,5084,17929.41176470588,0.0957977624659927,-0.0432781949357902,0,D2017-05084
5085,5085,15000.0,0.2053573863271598,-0.0288252252095637,0,D2024-05085
5086,5086,15000.0,0.3595486104043427,0.31797252368592,3,D2024-05086
5087,5087,40000.0,0.3094413087184821,0.2907769411448839,0,D2025-05087
5088,5088,16649.67225054625,0.887065521212539,-0.4572844426827051,1,D2021-05088
5089,5089,15000.0,0.5534396761666587,0.459281963194749,3,D2024-05089
5090,5090,23320.58148431523,0.0092064680205699,0.023398599335952,0,D2018-05090
5091,5091,17929.41176470588,0.887065521212539,-0.4572844426827051,1,D2017-05091
5092,5092,17085.20179372197,0.545973565957885,0.7201936012051111,3,D2019-05092
5093,5093,16649.67225054625,0.545973565957885,0.7201936012051111,3,D2021-05093
5094,5094,17490.43611323642,0.4831666505863174,0.6374040272789662,3,D2018-05094
5095,5095,17929.41176470588,0.887065521212539,-0.4572844426827051,1,D2017-05095
5096,5096,16649.67225054625,0.545973565957885,0.7201936012051111,3,D2021-05096
5097,5097,17085.20179372197,0.887065521212539,-0.4572844426827051,1,D2019-05097
5098,5098,16649.67225054625,0.545973565957885,0.7201936012051111,3,D2021-05098
5099,5099,16649.67225054625,0.558889803236791,0.3066938298019666,3,D2021-05099
5100,5100,17490.43611323642,0.887065521212539,-0.4572844426827051,1,D2018-05100
5101,5101,16996.28252788104,0.5545768441445428,0.468865729753932,3,D2020-05101
5102,5102,16649.67225054625,0.5545768441445428,0.468865729753932,3,D2021-05102
5103,5103,15625.427204374571,0.887065521212539,-0.4572844426827051,1,D2022-05103
5104,5104,17085.20179372197,0.0102845824895313,0.0210371145173239,0,D2019-05104
5105,5105,17085.20179372197,0.887065521212539,-0.4572844426827051,1,D2019-05105
5106,5106,15625.427204374571,0.5545768441445428,0.468865729753932,3,D2022-05106
5107,5107,17085.20179372197,0.887065521212539,-0.4572844426827051,1,D2019-05107
5108,5108,221881.0663021189,0.0011607020215176,0.0008637999617619,0,D2022-05108
5109,5109,221881.0663021189,0.0012697731072679,0.0008265904294062,0,D2022-05109
5110,5110,17085.20179372197,0.887065521212539,-0.4572844426827051,1,D2019-05110
5111,5111,30000.0,0.1007733089239291,0.2217496462036746,0,D2024-05111
5112,5112,15625.427204374571,0.887065521212539,-0.4572844426827051,1,D2022-05112
5113,5113,17085.20179372197,0.545973565957885,0.7201936012051111,3,D2019-05113
5114,5114,16996.28252788104,0.0348964683153171,0.0554614237697945,0,D2020-05114
5115,5115,17085.20179372197,0.887065521212539,-0.4572844426827051,1,D2019-05115
5116,5116,16667.122351332877,0.0480241792054277,0.1024069027246155,0,D2022-05116
5117,5117,16667.122351332877,0.0480241792054277,0.1024069027246155,0,D2022-05117
5118,5118,17085.20179372197,0.887065521212539,-0.4572844426827051,1,D2019-05118
5119,5119,15625.427204374571,0.5545768441445428,0.468865729753932,3,D2022-05119
5120,5120,16649.67225054625,0.887065521212539,-0.4572844426827051,1,D2021-05120
5121,5121,16649.67225054625,0.887065521212539,-0.4572844426827051,1,D2021-05121
5122,5122,16996.28252788104,0.2087182237946988,-0.1043755260474003,0,D2020-05122
5123,5123,17085.20179372197,0.887065521212539,-0.4572844426827051,1,D2019-05123
5124,5124,16649.67225054625,0.5545768441445428,0.468865729753932,3,D2021-05124
5125,5125,15159.151193633952,0.3605626268116275,0.3145096887999944,0,D2023-05125
5126,5126,16649.67225054625,0.0,0.0,0,D2021-05126
5127,5127,40000.0,0.5534396761666587,0.459281963194749,3,D2025-05127
5128,5128,17085.20179372197,0.4571520132191884,0.7073211810948572,3,D2019-05128
5129,5129,40424.40318302388,0.0051850744819986,0.0090930491423612,0,D2023-05129
5130,5130,20833.9029391661,0.0017182465598463,0.0038738283164299,0,D2022-05130
5131,5131,221995.6300072833,0.002101973816538,0.0048046567426548,0,D2021-05131
5132,5132,16996.28252788104,0.2642574719113366,0.4369006695119559,3,D2020-05132
5133,5133,16996.28252788104,0.545973565957885,0.7201936012051111,3,D2020-05133
5134,5134,16996.28252788104,0.1830706379475694,0.3821793952562129,0,D2020-05134
5135,5135,16996.28252788104,0.2642574719113366,0.4369006695119559,0,D2020-05135
5136,5136,20867.58922068463,0.0820196084534228,0.0874265803712529,0,D2021-05136
5137,5137,15625.427204374571,0.5545768441445428,0.468865729753932,3,D2022-05137
5138,5138,40000.0,0.0097124966903382,0.0276148262196796,0,D2024-05138
5139,5139,16996.28252788104,0.0348964683153171,0.0554614237697945,0,D2020-05139
5140,5140,16649.67225054625,0.0348964683153171,0.0554614237697945,0,D2021-05140
5141,5141,16996.28252788104,0.887065521212539,-0.4572844426827051,1,D2020-05141
5142,5142,94348.1427530954,0.0103096978039642,0.0199042159061535,0,D2021-05142
5143,5143,16996.28252788104,0.0348964683153171,0.0554614237697945,0,D2020-05143
5144,5144,94348.1427530954,0.0103096978039642,0.0199042159061535,0,D2021-05144
5145,5145,16649.67225054625,0.887065521212539,-0.4572844426827051,1,D2021-05145
5146,5146,88544.08749145591,0.0094069593331412,0.0249666380971767,0,D2022-05146
5147,5147,16996.28252788104,0.5534396761666587,0.459281963194749,3,D2020-05147
5148,5148,15159.151193633952,0.2506872833134258,0.2464152228309453,0,D2023-05148
5149,5149,15625.427204374571,0.5545768441445428,0.468865729753932,3,D2022-05149
5150,5150,40000.0,0.2053573863271598,-0.0288252252095637,0,D2025-05150
5151,5151,15625.427204374571,0.5545768441445428,0.468865729753932,3,D2022-05151
5152,5152,15625.427204374571,0.887065521212539,-0.4572844426827051,1,D2022-05152
5153,5153,25494.42379182156,0.0643227369274918,0.1375677624890275,0,D2020-05153
5154,5154,16996.28252788104,0.545973565957885,0.7201936012051111,3,D2020-05154
5155,5155,37366.8936802974,0.2692848914438207,0.4444492890197032,3,D2020-05155
5156,5156,37366.8936802974,0.0177067058395141,0.034129341178531,0,D2020-05156
5157,5157,15625.427204374571,0.2656451912130255,0.2519450694653645,0,D2022-05157
5158,5158,15000.0,0.887065521212539,-0.4572844426827051,1,D2024-05158
5159,5159,22199.56300072833,0.0245465466807106,0.0462233077475054,0,D2021-05159
5160,5160,15625.427204374571,0.0348964683153171,0.0554614237697945,0,D2022-05160
5161,5161,18129.368029739777,0.053646851715364,0.1122562170751027,0,D2020-05161
5162,5162,17085.20179372197,0.4561955248637752,0.6045190370228757,3,D2019-05162
5163,5163,15625.427204374571,0.545973565957885,0.7201936012051111,3,D2022-05163
5164,5164,15000.0,0.0856902271409,0.1405268688968284,0,D2024-05164
5165,5165,15625.427204374571,0.887065521212539,-0.4572844426827051,1,D2022-05165
5166,5166,426269.98769651406,0.0029052237437664,0.0056663860293462,0,D2022-05166
5167,5167,17085.20179372197,0.887065521212539,-0.4572844426827051,1,D2019-05167
5168,5168,16649.67225054625,0.5534396761666587,0.459281963194749,3,D2021-05168
5169,5169,16996.28252788104,0.5545768441445428,0.468865729753932,3,D2020-05169
5170,5170,16996.28252788104,0.0348964683153171,0.0554614237697945,0,D2020-05170
5171,5171,17490.43611323642,0.887065521212539,-0.4572844426827051,1,D2018-05171
5172,5172,17085.20179372197,0.887065521212539,-0.4572844426827051,1,D2019-05172
5173,5173,17929.41176470588,0.887065521212539,-0.4572844426827051,1,D2017-05173
5174,5174,16996.28252788104,0.4399225877097019,0.5680563008560429,3,D2020-05174
5175,5175,17085.20179372197,0.3379732190140204,0.5594258519508846,0,D2019-05175
5176,5176,15000.0,0.316243741904559,0.1542014523832588,0,D2024-05176
5177,5177,17490.43611323642,0.887065521212539,-0.4572844426827051,1,D2018-05177
5178,5178,67000.0,0.0022975605419556,0.0022340824214249,0,D2024-05178
5179,5179,15159.151193633952,0.2335409704481808,0.2818515169697327,0,D2023-05179
5180,5180,15000.0,0.5545768441445428,0.468865729753932,3,D2024-05180
5181,5181,15000.0,0.3595486104043427,0.31797252368592,0,D2024-05181
5182,5182,15625.427204374571,0.5545768441445428,0.468865729753932,3,D2022-05182
5183,5183,16649.67225054625,0.545973565957885,0.7201936012051111,3,D2021-05183
5184,5184,16996.28252788104,0.1334144806473169,0.2456776676537287,0,D2020-05184
5185,5185,15625.427204374571,0.887065521212539,-0.4572844426827051,1,D2022-05185
5186,5186,1708.5201793721972,0.5364155105898365,0.6904821558214014,3,D2019-05186
5187,5187,67000.0,0.0579182693955068,0.1168839382851567,0,D2025-05187
5188,5188,15000.0,0.887065521212539,-0.4572844426827051,1,D2024-05188
5189,5189,40000.0,0.0572084425072061,0.1171581498211596,0,D2024-05189
5190,5190,16996.28252788104,0.5545768441445428,0.468865729753932,3,D2020-05190
5191,5191,17490.43611323642,0.545973565957885,0.7201936012051111,3,D2018-05191
5192,5192,17085.20179372197,0.887065521212539,-0.4572844426827051,1,D2019-05192
5193,5193,16996.28252788104,0.545973565957885,0.7201936012051111,3,D2020-05193
5194,5194,17929.41176470588,0.2258200855335509,-0.117717913321529,0,D2017-05194
5195,5195,28327.1375464684,0.0583712564720458,-0.0114712637517446,0,D2020-05195
5196,5196,17085.20179372197,0.545973565957885,0.7201936012051111,3,D2019-05196
5197,5197,17085.20179372197,0.887065521212539,-0.4572844426827051,1,D2019-05197
5198,5198,17490.43611323642,0.545973565957885,0.7201936012051111,3,D2018-05198
5199,5199,17490.43611323642,0.4561955248637752,0.6045190370228757,3,D2018-05199
5200,5200,17490.43611323642,0.887065521212539,-0.4572844426827051,1,D2018-05200
5201,5201,20000.0,0.0095968884971675,0.0120791415470622,0,D2025-05201
5202,5202,60000.0,0.0095968884971675,0.0120791415470622,0,D2025-05202
5203,5203,132268.5080336649,0.0029274054710111,0.0047423786864877,0,D2018-05203
5204,5204,17490.43611323642,0.087955658105917,-0.0284443554649208,0,D2018-05204
5205,5205,29882.352941176472,0.0010529413163043,0.0013954455160894,0,D2017-05205
5206,5206,17490.43611323642,0.0957977624659927,-0.0432781949357902,0,D2018-05206
5207,5207,17490.43611323642,0.887065521212539,-0.4572844426827051,1,D2018-05207
5208,5208,17929.41176470588,0.887065521212539,-0.4572844426827051,1,D2017-05208
5209,5209,40811.01759755165,0.0868015424870065,-0.0172499824979726,0,D2018-05209
5210,5210,17085.20179372197,0.887065521212539,-0.4572844426827051,1,D2019-05210
5211,5211,17085.20179372197,0.4232049137352351,0.5438829453924986,3,D2019-05211
5212,5212,23905.88235294118,0.0005516180707906,0.001556040924865,0,D2017-05212
5213,5213,17929.41176470588,0.0822925447212085,0.102288210880999,0,D2017-05213
5214,5214,15159.151193633952,0.887065521212539,-0.4572844426827051,1,D2023-05214
5215,5215,29762.82352941177,0.0822925447212085,0.102288210880999,0,D2017-05215
5216,5216,15159.151193633952,0.3595486104043427,0.31797252368592,0,D2023-05216
5217,5217,17929.41176470588,0.0010529413163043,0.0013954455160894,0,D2017-05217
5218,5218,15625.427204374571,0.0348964683153171,0.0554614237697945,0,D2022-05218
5219,5219,22780.26905829596,0.0006520959963058,0.0009341456055132,0,D2019-05219
5220,5220,34170.40358744394,0.0,0.0,0,D2019-05220
5221,5221,17490.43611323642,0.887065521212539,-0.4572844426827051,1,D2018-05221
5222,5222,22661.71003717472,0.0007375115520221,0.0013422598367007,0,D2020-05222
5223,5223,11952.94117647059,0.0063963311336256,0.0141319110182069,0,D2017-05223
5224,5224,15159.151193633952,0.2731797831618645,0.2255894024674996,0,D2023-05224
5225,5225,17490.43611323642,0.887065521212539,-0.4572844426827051,1,D2018-05225
5226,5226,14579.372197309416,0.0778707684383892,-0.0151073094079753,0,D2019-05226
5227,5227,15000.0,0.0995099514095536,0.0286558270707766,0,D2024-05227
5228,5228,52084.75734791524,0.0148249057684152,0.029256681780288,0,D2022-05228
5229,5229,52084.75734791524,0.094962469639502,0.004568763173969,0,D2022-05229
5230,5230,52084.75734791524,0.094962469639502,0.004568763173969,0,D2022-05230
5231,5231,14579.372197309416,0.0778707684383892,-0.0151073094079753,0,D2019-05231
5232,5232,17929.41176470588,0.0056995850082798,0.0141693888805833,0,D2017-05232
5233,5233,15000.0,0.5534396761666587,0.459281963194749,3,D2024-05233
5234,5234,16996.28252788104,0.545973565957885,0.7201936012051111,3,D2020-05234
5235,5235,77694.11764705883,0.0003056191996257,0.0009291567717946,0,D2017-05235
5236,5236,15625.427204374571,0.4125197058893559,0.3451263047276059,0,D2022-05236
5237,5237,17490.43611323642,0.887065521212539,-0.4572844426827051,1,D2018-05237
5238,5238,17490.43611323642,0.887065521212539,-0.4572844426827051,1,D2018-05238
5239,5239,34980.87222647284,0.0669766185651807,0.1350750479496917,0,D2018-05239
5240,5240,16649.67225054625,0.887065521212539,-0.4572844426827051,1,D2021-05240
5241,5241,56654.2750929368,0.091678358100524,0.1896343718024268,0,D2020-05241
5242,5242,15159.151193633952,0.1690956400990336,0.2824112787383511,0,D2023-05242
5243,5243,15159.151193633952,0.2404510066800585,0.2889775931578735,0,D2023-05243
5244,5244,16649.67225054625,0.2953047000846576,0.3904631823805086,0,D2021-05244
5245,5245,17929.41176470588,0.545973565957885,0.7201936012051111,3,D2017-05245
5246,5246,17085.20179372197,0.545973565957885,0.7201936012051111,3,D2019-05246
5247,5247,17085.20179372197,0.545973565957885,0.7201936012051111,3,D2019-05247
5248,5248,17929.41176470588,0.887065521212539,-0.4572844426827051,1,D2017-05248
5249,5249,16996.28252788104,0.887065521212539,-0.4572844426827051,1,D2020-05249
5250,5250,17490.43611323642,0.887065521212539,-0.4572844426827051,1,D2018-05250
5251,5251,17490.43611323642,0.0957977624659927,-0.0432781949357902,0,D2018-05251
5252,5252,17929.41176470588,0.0806615978975949,-0.0307573553574224,0,D2017-05252
5253,5253,17929.41176470588,0.0,0.0,0,D2017-05253
5254,5254,17490.43611323642,0.3883880467020396,-0.1943776265712205,0,D2018-05254
5255,5255,17490.43611323642,0.2556928910164887,0.1000134293652024,0,D2018-05255
5256,5256,15159.151193633952,0.3511727925427107,0.2863776813851769,0,D2023-05256
5257,5257,17490.43611323642,0.3360081026840525,0.5316540280040477,3,D2018-05257
5258,5258,17490.43611323642,0.2221310215655728,-0.105894584986223,0,D2018-05258
5259,5259,17085.20179372197,0.887065521212539,-0.4572844426827051,1,D2019-05259
5260,5260,17929.41176470588,0.2258200855335509,-0.117717913321529,0,D2017-05260
5261,5261,17085.20179372197,0.887065521212539,-0.4572844426827051,1,D2019-05261
5262,5262,17929.41176470588,0.2258200855335509,-0.117717913321529,0,D2017-05262
5263,5263,20833.9029391661,0.1241859998342135,0.2076480075586302,0,D2022-05263
5264,5264,17490.43611323642,0.4561955248637752,0.6045190370228757,3,D2018-05264
5265,5265,17490.43611323642,0.887065521212539,-0.4572844426827051,1,D2018-05265
5266,5266,28327.1375464684,0.0074239686857324,0.019157520630096,0,D2020-05266
5267,5267,81040.94117647059,0.0026056826432802,0.0057193629202324,0,D2017-05267
5268,5268,15159.151193633952,0.2571152312962459,0.3105972716873807,0,D2023-05268
5269,5269,17490.43611323642,0.188125643650428,-0.0912769873064225,0,D2018-05269
5270,5270,17085.20179372197,0.887065521212539,-0.4572844426827051,1,D2019-05270
5271,5271,15625.427204374571,0.5545768441445428,0.468865729753932,3,D2022-05271
5272,5272,17490.43611323642,0.0149464705378493,0.0325268411079489,0,D2018-05272
5273,5273,17929.41176470588,0.0562518940837142,-0.0188347524290327,0,D2017-05273
5274,5274,17490.43611323642,0.545973565957885,0.7201936012051111,3,D2018-05274
5275,5275,16649.67225054625,0.5545768441445428,0.468865729753932,3,D2021-05275
5276,5276,17929.41176470588,0.4898189952913064,0.5716533783149209,3,D2017-05276
5277,5277,16667.122351332877,0.0170904323848806,0.0348068712582876,0,D2022-05277
5278,5278,16649.67225054625,0.887065521212539,-0.4572844426827051,1,D2021-05278
5279,5279,31250.854408749143,0.0460759639753292,0.0077553193975918,0,D2022-05279
5280,5280,17929.41176470588,0.887065521212539,-0.4572844426827051,1,D2017-05280
5281,5281,15000.0,0.5534396761666587,0.459281963194749,3,D2024-05281
5282,5282,40000.0,0.3605626268116275,0.3145096887999944,0,D2025-05282
5283,5283,15000.0,0.3595486104043427,0.31797252368592,0,D2024-05283
5284,5284,15000.0,0.3595486104043427,0.31797252368592,0,D2024-05284
5285,5285,15000.0,0.2731797831618645,0.2255894024674996,0,D2024-05285
5286,5286,15000.0,0.2053573863271598,-0.0288252252095637,0,D2024-05286
5287,5287,15000.0,0.2053573863271598,-0.0288252252095637,0,D2024-05287
5288,5288,17085.20179372197,0.2221310215655728,-0.105894584986223,0,D2019-05288
5289,5289,15625.427204374571,0.0520034303299837,0.0602240569211737,0,D2022-05289
5290,5290,15159.151193633952,0.0348964683153171,0.0554614237697945,0,D2023-05290
5291,5291,17929.41176470588,0.0957977624659927,-0.0432781949357902,0,D2017-05291
5292,5292,17490.43611323642,0.887065521212539,-0.4572844426827051,1,D2018-05292
5293,5293,15159.151193633952,0.887065521212539,-0.4572844426827051,1,D2023-05293
5294,5294,40000.0,0.3605626268116275,0.3145096887999944,0,D2024-05294
5295,5295,17490.43611323642,0.887065521212539,-0.4572844426827051,1,D2018-05295
5296,5296,17490.43611323642,0.545973565957885,0.7201936012051111,3,D2018-05296
5297,5297,40000.0,0.887065521212539,-0.4572844426827051,1,D2025-05297
5298,5298,15159.151193633952,0.5545768441445428,0.468865729753932,3,D2023-05298
5299,5299,15159.151193633952,0.0900658312913554,-0.0101070885407876,0,D2023-05299
5300,5300,100000.0,0.0471693818712335,0.0970676668535724,0,D2025-05300
5301,5301,15625.427204374571,0.887065521212539,-0.4572844426827051,1,D2022-05301
5302,5302,15625.427204374571,0.0348964683153171,0.0554614237697945,0,D2022-05302
5303,5303,17929.41176470588,0.887065521212539,-0.4572844426827051,1,D2017-05303
5304,5304,15159.151193633952,0.5507498224340364,0.4238133417074143,3,D2023-05304
5305,5305,15000.0,0.1151967365189022,0.0140851634374246,0,D2024-05305
5306,5306,15159.151193633952,0.5545768441445428,0.468865729753932,3,D2023-05306
5307,5307,15159.151193633952,0.5534396761666587,0.459281963194749,3,D2023-05307
5308,5308,15159.151193633952,0.887065521212539,-0.4572844426827051,1,D2023-05308
5309,5309,15625.427204374571,0.3529021821016657,0.294972173269057,0,D2022-05309
5310,5310,15000.0,0.2571152312962459,0.3105972716873807,0,D2024-05310
5311,5311,15159.151193633952,0.2087182237946988,-0.1043755260474003,0,D2023-05311
5312,5312,20212.201591511937,0.072024602299352,0.1263362562448393,0,D2023-05312
5313,5313,15625.427204374571,0.887065521212539,-0.4572844426827051,1,D2022-05313
5314,5314,40000.0,0.383668283663209,0.3277986453537835,0,D2025-05314
5315,5315,15625.427204374571,0.5534396761666587,0.459281963194749,3,D2022-05315
5316,5316,16996.28252788104,0.545973565957885,0.7201936012051111,3,D2020-05316
5317,5317,17929.41176470588,0.545973565957885,0.7201936012051111,3,D2017-05317
5318,5318,30000.0,0.0572084425072061,0.1171581498211596,0,D2024-05318
5319,5319,15625.427204374571,0.545973565957885,0.7201936012051111,3,D2022-05319
5320,5320,15625.427204374571,0.887065521212539,-0.4572844426827051,1,D2022-05320
5321,5321,15625.427204374571,0.887065521212539,-0.4572844426827051,1,D2022-05321
5322,5322,16649.67225054625,0.2854027736180792,0.2622219295166072,0,D2021-05322
5323,5323,16649.67225054625,0.545973565957885,0.7201936012051111,3,D2021-05323
5324,5324,16996.28252788104,0.545973565957885,0.7201936012051111,3,D2020-05324
5325,5325,17490.43611323642,0.887065521212539,-0.4572844426827051,1,D2018-05325
5326,5326,16996.28252788104,0.545973565957885,0.7201936012051111,3,D2020-05326
5327,5327,16996.28252788104,0.5545768441445428,0.468865729753932,3,D2020-05327
5328,5328,17085.20179372197,0.0845574891283614,-0.0329442913981167,0,D2019-05328
5329,5329,17085.20179372197,0.545973565957885,0.7201936012051111,3,D2019-05329
5330,5330,15625.427204374571,0.0348964683153171,0.0554614237697945,0,D2022-05330
5331,5331,15625.427204374571,0.887065521212539,-0.4572844426827051,1,D2022-05331
5332,5332,15159.151193633952,0.0995099514095536,0.0286558270707766,0,D2023-05332
5333,5333,16649.67225054625,0.2854027736180792,0.2622219295166072,0,D2021-05333
5334,5334,16996.28252788104,0.887065521212539,-0.4572844426827051,1,D2020-05334
5335,5335,16649.67225054625,0.5545768441445428,0.468865729753932,3,D2021-05335
5336,5336,17490.43611323642,0.887065521212539,-0.4572844426827051,1,D2018-05336
5337,5337,17085.20179372197,0.5364155105898365,0.6904821558214014,3,D2019-05337
5338,5338,17490.43611323642,0.4898189952913064,0.5716533783149209,3,D2018-05338
5339,5339,15625.427204374571,0.887065521212539,-0.4572844426827051,1,D2022-05339
5340,5340,17490.43611323642,0.887065521212539,-0.4572844426827051,1,D2018-05340
5341,5341,16649.67225054625,0.3555307049268807,0.3027788813911262,0,D2021-05341
5342,5342,17929.41176470588,0.545973565957885,0.7201936012051111,3,D2017-05342
5343,5343,17929.41176470588,0.887065521212539,-0.4572844426827051,1,D2017-05343
5344,5344,17490.43611323642,0.545973565957885,0.7201936012051111,3,D2018-05344
5345,5345,15159.151193633952,0.0900658312913554,-0.0101070885407876,0,D2023-05345
5346,5346,16649.67225054625,0.887065521212539,-0.4572844426827051,1,D2021-05346
5347,5347,40000.0,0.0779683544293603,0.0004547506324834,0,D2024-05347
5348,5348,16649.67225054625,0.5534396761666587,0.459281963194749,3,D2021-05348
5349,5349,47811.76470588236,0.0013960729499465,0.0023027278160054,0,D2017-05349
5350,5350,17490.43611323642,0.4561955248637752,0.6045190370228757,3,D2018-05350
5351,5351,17085.20179372197,0.545973565957885,0.7201936012051111,3,D2019-05351
5352,5352,17085.20179372197,0.545973565957885,0.7201936012051111,3,D2019-05352
5353,5353,17490.43611323642,0.545973565957885,0.7201936012051111,3,D2018-05353
5354,5354,17929.41176470588,0.545973565957885,0.7201936012051111,3,D2017-05354
5355,5355,15625.427204374571,0.887065521212539,-0.4572844426827051,1,D2022-05355
5356,5356,40000.0,0.3605626268116275,0.3145096887999944,0,D2024-05356
5357,5357,15000.0,0.2350744496439364,0.2857529470273482,0,D2024-05357
5358,5358,40000.0,0.2053573863271598,-0.0288252252095637,0,D2024-05358
5359,5359,15000.0,0.0856902271409,0.1405268688968284,0,D2024-05359
5360,5360,17085.20179372197,0.545973565957885,0.7201936012051111,3,D2019-05360
5361,5361,16649.67225054625,0.887065521212539,-0.4572844426827051,1,D2021-05361
5362,5362,17490.43611323642,0.887065521212539,-0.4572844426827051,1,D2018-05362
5363,5363,17929.41176470588,0.887065521212539,-0.4572844426827051,1,D2017-05363
5364,5364,35858.82352941176,0.0728149008147396,0.1559861636817025,0,D2017-05364
5365,5365,40000.0,0.1930851749534115,0.2246948245110513,0,D2025-05365
5366,5366,29150.72685539404,0.0012403013598915,0.0016259464418619,0,D2018-05366
5367,5367,29150.72685539404,0.0012403013598915,0.0016259464418619,0,D2018-05367
5368,5368,17929.41176470588,0.887065521212539,-0.4572844426827051,1,D2017-05368
5369,5369,47811.76470588236,0.0014839227365367,0.0023904411850771,0,D2017-05369
5370,5370,47811.76470588236,0.0014839227365367,0.0023904411850771,0,D2017-05370
5371,5371,15625.427204374571,0.887065521212539,-0.4572844426827051,1,D2022-05371
5372,5372,16649.67225054625,0.0527333398921276,-0.0170031196277221,0,D2021-05372
5373,5373,17085.20179372197,0.545973565957885,0.7201936012051111,3,D2019-05373
5374,5374,17085.20179372197,0.887065521212539,-0.4572844426827051,1,D2019-05374
5375,5375,17085.20179372197,0.0590290605846709,-0.0225735273597431,0,D2019-05375
5376,5376,16996.28252788104,0.5545768441445428,0.468865729753932,3,D2020-05376
5377,5377,17929.41176470588,0.887065521212539,-0.4572844426827051,1,D2017-05377
5378,5378,17490.43611323642,0.887065521212539,-0.4572844426827051,1,D2018-05378
5379,5379,17085.20179372197,0.545973565957885,0.7201936012051111,3,D2019-05379
5380,5380,16996.28252788104,0.887065521212539,-0.4572844426827051,1,D2020-05380
5381,5381,17490.43611323642,0.545973565957885,0.7201936012051111,3,D2018-05381
5382,5382,17490.43611323642,0.2258200855335509,-0.117717913321529,0,D2018-05382
5383,5383,15159.151193633952,0.2053573863271598,-0.0288252252095637,0,D2023-05383
5384,5384,67500.0,0.0558535338840913,0.1153687465697399,0,D2025-05384
5385,5385,17490.43611323642,0.545973565957885,0.7201936012051111,3,D2018-05385
5386,5386,15000.0,0.3605626268116275,0.3145096887999944,0,D2024-05386
5387,5387,15159.151193633952,0.5534396761666587,0.459281963194749,3,D2023-05387
5388,5388,40000.0,0.5534396761666587,0.459281963194749,3,D2025-05388
5389,5389,17929.41176470588,0.646268136560931,0.2389418022506655,3,D2017-05389
5390,5390,17490.43611323642,0.887065521212539,-0.4572844426827051,1,D2018-05390
5391,5391,15625.427204374571,0.5534396761666587,0.459281963194749,3,D2022-05391
5392,5392,15159.151193633952,0.5534396761666587,0.459281963194749,3,D2023-05392
5393,5393,17929.41176470588,0.887065521212539,-0.4572844426827051,1,D2017-05393
5394,5394,40000.0,0.5534396761666587,0.459281963194749,3,D2025-05394
5395,5395,16996.28252788104,0.887065521212539,-0.4572844426827051,1,D2020-05395
5396,5396,16996.28252788104,0.887065521212539,-0.4572844426827051,1,D2020-05396
5397,5397,17085.20179372197,0.545973565957885,0.7201936012051111,3,D2019-05397
5398,5398,17490.43611323642,0.545973565957885,0.7201936012051111,3,D2018-05398
5399,5399,2450.3529411764707,0.0009652540224579,0.0012177969019041,0,D2017-05399
5400,5400,17490.43611323642,0.887065521212539,-0.4572844426827051,1,D2018-05400
5401,5401,17490.43611323642,0.545973565957885,0.7201936012051111,3,D2018-05401
5402,5402,16996.28252788104,0.3066223895443255,0.2696047466203448,0,D2020-05402
5403,5403,17085.20179372197,0.887065521212539,-0.4572844426827051,1,D2019-05403
5404,5404,17929.41176470588,0.646268136560931,0.2389418022506655,3,D2017-05404
5405,5405,17490.43611323642,0.2087182237946988,-0.1043755260474003,0,D2018-05405
5406,5406,15000.0,0.5534396761666587,0.459281963194749,3,D2025-05406
5407,5407,20000.0,0.0082348572536964,0.0233385999682633,0,D2024-05407
5408,5408,17085.20179372197,0.4831666505863174,0.6374040272789662,3,D2019-05408
5409,5409,15000.0,0.887065521212539,-0.4572844426827051,1,D2024-05409
5410,5410,15159.151193633952,0.5545768441445428,0.468865729753932,3,D2023-05410
5411,5411,16649.67225054625,0.5534396761666587,0.459281963194749,3,D2021-05411
5412,5412,16649.67225054625,0.0052133019002637,0.0066877896314356,0,D2021-05412
5413,5413,20000.0,0.0082348572536964,0.0233385999682633,0,D2024-05413
5414,5414,15625.427204374571,0.1331534240013177,0.2188574076000868,0,D2022-05414
5415,5415,17929.41176470588,0.887065521212539,-0.4572844426827051,1,D2017-05415
5416,5416,16649.67225054625,0.5534396761666587,0.459281963194749,3,D2021-05416
5417,5417,15625.427204374571,0.887065521212539,-0.4572844426827051,1,D2022-05417
5418,5418,15625.427204374571,0.887065521212539,-0.4572844426827051,1,D2022-05418
5419,5419,15625.427204374571,0.5545768441445428,0.468865729753932,3,D2022-05419
5420,5420,16996.28252788104,0.0348964683153171,0.0554614237697945,0,D2020-05420
5421,5421,15625.427204374571,0.545973565957885,0.7201936012051111,3,D2022-05421
5422,5422,17490.43611323642,0.887065521212539,-0.4572844426827051,1,D2018-05422
5423,5423,17929.41176470588,0.4898189952913064,0.5716533783149209,3,D2017-05423
5424,5424,28475.33632286996,0.0062303899149008,0.0158102514372126,0,D2019-05424
5425,5425,29882.352941176472,0.0010529413163043,0.0013954455160894,0,D2017-05425
5426,5426,17929.41176470588,0.0,0.0,0,D2017-05426
5427,5427,17929.41176470588,0.887065521212539,-0.4572844426827051,1,D2017-05427
5428,5428,17490.43611323642,0.887065521212539,-0.4572844426827051,1,D2018-05428
5429,5429,17929.41176470588,0.0822925447212085,0.102288210880999,0,D2017-05429
5430,5430,28926.117647058825,0.0862014625761787,0.1070700688250256,0,D2017-05430
5431,5431,17490.43611323642,0.4561955248637752,0.6045190370228757,3,D2018-05431
5432,5432,16649.67225054625,0.887065521212539,-0.4572844426827051,1,D2021-05432
5433,5433,17490.43611323642,0.887065521212539,-0.4572844426827051,1,D2018-05433
5434,5434,17929.41176470588,0.0010529413163043,0.0013954455160894,0,D2017-05434
5435,5435,22780.26905829596,0.0006520959963058,0.0009341456055132,0,D2019-05435
5436,5436,16996.28252788104,0.887065521212539,-0.4572844426827051,1,D2020-05436
5437,5437,15625.427204374571,0.887065521212539,-0.4572844426827051,1,D2022-05437
5438,5438,16649.67225054625,0.0348964683153171,0.0554614237697945,0,D2021-05438
5439,5439,17490.43611323642,0.887065521212539,-0.4572844426827051,1,D2018-05439
5440,5440,17490.43611323642,0.545973565957885,0.7201936012051111,3,D2018-05440
5441,5441,17085.20179372197,0.4561955248637752,0.6045190370228757,3,D2019-05441
5442,5442,15625.427204374571,0.887065521212539,-0.4572844426827051,1,D2022-05442
5443,5443,17490.43611323642,0.887065521212539,-0.4572844426827051,1,D2018-05443
5444,5444,25494.42379182156,0.0662697543592222,0.1432895399760887,0,D2020-05444
5445,5445,16996.28252788104,0.5534396761666587,0.459281963194749,3,D2020-05445
5446,5446,15625.427204374571,0.545973565957885,0.7201936012051111,3,D2022-05446
5447,5447,15625.427204374571,0.5534396761666587,0.459281963194749,3,D2022-05447
5448,5448,16996.28252788104,0.5545768441445428,0.468865729753932,3,D2020-05448
5449,5449,17929.41176470588,0.0008854886317151,0.0025005245494338,0,D2017-05449
5450,5450,17490.43611323642,0.0582208096268239,0.1174537894171388,0,D2018-05450
5451,5451,15159.151193633952,0.646268136560931,0.2389418022506655,3,D2023-05451
5452,5452,40000.0,0.887065521212539,-0.4572844426827051,1,D2025-05452
5453,5453,15159.151193633952,0.0027683407705407,0.0042315613158569,0,D2023-05453
5454,5454,40000.0,0.3605626268116275,0.3145096887999944,0,D2025-05454
5455,5455,16996.28252788104,0.545973565957885,0.7201936012051111,3,D2020-05455
5456,5456,16996.28252788104,0.2221310215655728,-0.105894584986223,0,D2020-05456
5457,5457,16649.67225054625,0.545973565957885,0.7201936012051111,3,D2021-05457
5458,5458,15000.0,0.3529021821016657,0.294972173269057,3,D2024-05458
5459,5459,70000.0,0.0604486840488084,0.1225363761407063,0,D2025-05459
5460,5460,40000.0,0.3605626268116275,0.3145096887999944,0,D2025-05460
5461,5461,15000.0,0.3595486104043427,0.31797252368592,0,D2024-05461
5462,5462,15000.0,0.3595486104043427,0.31797252368592,0,D2024-05462
5463,5463,15000.0,0.5534396761666587,0.459281963194749,3,D2024-05463
5464,5464,52084.75734791524,0.0248324496624867,0.0464160885307777,0,D2022-05464
5465,5465,40000.0,0.887065521212539,-0.4572844426827051,1,D2024-05465
5466,5466,33992.56505576208,0.1627219345068795,0.2512132062963668,0,D2020-05466
5467,5467,15625.427204374571,0.3529021821016657,0.294972173269057,0,D2022-05467
5468,5468,20833.9029391661,0.082603734038267,0.0152035107472487,0,D2022-05468
5469,5469,16996.28252788104,0.0074239686857324,0.019157520630096,0,D2020-05469
5470,5470,16996.28252788104,0.0817425894927332,0.1730824718203309,0,D2020-05470
5471,5471,16649.67225054625,0.5545768441445428,0.468865729753932,3,D2021-05471
5472,5472,16649.67225054625,0.4259747221004409,0.6958007192260475,3,D2021-05472
5473,5473,16996.28252788104,0.0817425894927332,0.1730824718203309,0,D2020-05473
5474,5474,16996.28252788104,0.5534396761666587,0.459281963194749,3,D2020-05474
5475,5475,16649.67225054625,0.545973565957885,0.7201936012051111,3,D2021-05475
5476,5476,16649.67225054625,0.5534396761666587,0.459281963194749,3,D2021-05476
5477,5477,15000.0,0.2053573863271598,-0.0288252252095637,0,D2024-05477
5478,5478,17490.43611323642,0.887065521212539,-0.4572844426827051,1,D2018-05478
5479,5479,16649.67225054625,0.5534396761666587,0.459281963194749,3,D2021-05479
5480,5480,20735.46468401487,0.0525738609334594,0.1123554636734256,0,D2020-05480
5481,5481,25000.0,0.0061227022942877,0.0168619586298146,0,D2025-05481
5482,5482,15625.427204374571,0.887065521212539,-0.4572844426827051,1,D2022-05482
5483,5483,16649.67225054625,0.887065521212539,-0.4572844426827051,1,D2021-05483
5484,5484,16649.67225054625,0.0527333398921276,-0.0170031196277221,0,D2021-05484
5485,5485,15625.427204374571,0.887065521212539,-0.4572844426827051,1,D2022-05485
5486,5486,15625.427204374571,0.5545768441445428,0.468865729753932,3,D2022-05486
5487,5487,16996.28252788104,0.5545768441445428,0.468865729753932,3,D2020-05487
5488,5488,15625.427204374571,0.887065521212539,-0.4572844426827051,1,D2022-05488
5489,5489,15000.0,0.887065521212539,-0.4572844426827051,1,D2024-05489
5490,5490,16996.28252788104,0.545973565957885,0.7201936012051111,3,D2020-05490
5491,5491,17490.43611323642,0.4561955248637752,0.6045190370228757,3,D2018-05491
5492,5492,15625.427204374571,0.887065521212539,-0.4572844426827051,1,D2022-05492
5493,5493,15159.151193633952,0.5534396761666587,0.459281963194749,3,D2023-05493
5494,5494,15000.0,0.3605626268116275,0.3145096887999944,0,D2024-05494
5495,5495,15159.151193633952,0.5534396761666587,0.459281963194749,3,D2023-05495
5496,5496,17929.41176470588,0.887065521212539,-0.4572844426827051,1,D2017-05496
5497,5497,132904.75294117647,0.0074516994687368,0.0136843123748689,0,D2017-05497
5498,5498,15000.0,0.1139867893769538,0.1805388380102593,0,D2024-05498
5499,5499,17085.20179372197,0.887065521212539,-0.4572844426827051,1,D2019-05499
5500,5500,15159.151193633952,0.2571152312962459,0.3105972716873807,0,D2023-05500
5501,5501,16649.67225054625,0.887065521212539,-0.4572844426827051,1,D2021-05501
5502,5502,16649.67225054625,0.5545768441445428,0.468865729753932,3,D2021-05502
5503,5503,15000.0,0.887065521212539,-0.4572844426827051,1,D2024-05503
5504,5504,15000.0,0.2102830660464696,0.2446524932356281,0,D2025-05504
5505,5505,15625.427204374571,0.5545768441445428,0.468865729753932,3,D2022-05505
5506,5506,15000.0,0.0900658312913554,-0.0101070885407876,0,D2024-05506
5507,5507,15159.151193633952,0.2053573863271598,-0.0288252252095637,0,D2023-05507
5508,5508,15159.151193633952,0.887065521212539,-0.4572844426827051,1,D2023-05508
5509,5509,15159.151193633952,0.3374195470254229,0.1246647922493839,3,D2023-05509
5510,5510,16649.67225054625,0.545973565957885,0.7201936012051111,3,D2021-05510
5511,5511,16996.28252788104,0.887065521212539,-0.4572844426827051,1,D2020-05511
5512,5512,26275.86206896552,0.1587709512326436,0.2629267247158123,0,D2023-05512
5513,5513,15159.151193633952,0.0348964683153171,0.0554614237697945,0,D2023-05513
5514,5514,16996.28252788104,0.887065521212539,-0.4572844426827051,1,D2020-05514
5515,5515,15159.151193633952,0.0348964683153171,0.0554614237697945,0,D2023-05515
5516,5516,11099.781500364164,0.0304921317115237,0.0612445686132382,0,D2021-05516
5517,5517,17085.20179372197,0.3085524645599955,0.4096913683575054,3,D2019-05517
5518,5518,17085.20179372197,0.545973565957885,0.7201936012051111,3,D2019-05518
5519,5519,17085.20179372197,0.887065521212539,-0.4572844426827051,1,D2019-05519
5520,5520,17085.20179372197,0.545973565957885,0.7201936012051111,3,D2019-05520
5521,5521,15159.151193633952,0.2571152312962459,0.3105972716873807,0,D2023-05521
5522,5522,16996.28252788104,0.545973565957885,0.7201936012051111,3,D2020-05522
5523,5523,16649.67225054625,0.5534396761666587,0.459281963194749,3,D2021-05523
5524,5524,16649.67225054625,0.887065521212539,-0.4572844426827051,1,D2021-05524
5525,5525,15625.427204374571,0.5545768441445428,0.468865729753932,3,D2022-05525
5526,5526,17085.20179372197,0.887065521212539,-0.4572844426827051,1,D2019-05526
5527,5527,16996.28252788104,0.5242185461943446,0.4631212328960729,3,D2020-05527
5528,5528,15625.427204374571,0.5545768441445428,0.468865729753932,3,D2022-05528
5529,5529,15159.151193633952,0.2627080366080537,0.1600160440219734,0,D2023-05529
5530,5530,15159.151193633952,0.887065521212539,-0.4572844426827051,1,D2023-05530
5531,5531,15159.151193633952,0.5545768441445428,0.468865729753932,3,D2023-05531
5532,5532,15159.151193633952,0.2335409704481808,0.2818515169697327,0,D2023-05532
5533,5533,40000.0,0.3094413087184821,0.2907769411448839,0,D2025-05533
5534,5534,15159.151193633952,0.5534396761666587,0.459281963194749,3,D2023-05534
5535,5535,16996.28252788104,0.5545768441445428,0.468865729753932,3,D2020-05535
5536,5536,15625.427204374571,0.5534396761666587,0.459281963194749,3,D2022-05536
5537,5537,40000.0,0.2350744496439364,0.2857529470273482,0,D2025-05537
5538,5538,15000.0,0.0856902271409,0.1405268688968284,0,D2024-05538
5539,5539,15000.0,0.144099564473075,-0.070144339378441,0,D2025-05539
5540,5540,15159.151193633952,0.545973565957885,0.7201936012051111,3,D2023-05540
5541,5541,16649.67225054625,0.0820196084534228,0.0874265803712529,0,D2021-05541
5542,5542,15625.427204374571,0.0626047053490004,0.0320388914680299,0,D2022-05542
5543,5543,16996.28252788104,0.558889803236791,0.3066938298019666,3,D2020-05543
5544,5544,67500.0,0.1007733089239291,0.2217496462036746,0,D2024-05544
5545,5545,16996.28252788104,0.5534396761666587,0.459281963194749,3,D2020-05545
5546,5546,15625.427204374571,0.5534396761666587,0.459281963194749,3,D2022-05546
5547,5547,16649.67225054625,0.0527333398921276,-0.0170031196277221,0,D2021-05547
5548,5548,18750.512645249488,0.0804126239592687,0.0981106119888294,0,D2022-05548
5549,5549,18750.512645249488,0.0804126239592687,0.0981106119888294,0,D2022-05549
5550,5550,17085.20179372197,0.545973565957885,0.7201936012051111,3,D2019-05550
5551,5551,17490.43611323642,0.3360081026840525,0.5316540280040477,0,D2018-05551
5552,5552,28859.43190094683,0.0965074100434862,0.1191949860939673,0,D2021-05552
5553,5553,28859.43190094683,0.0965074100434862,0.1191949860939673,0,D2021-05553
5554,5554,16996.28252788104,0.558889803236791,0.3066938298019666,3,D2020-05554
5555,5555,17490.43611323642,0.545973565957885,0.7201936012051111,3,D2018-05555
5556,5556,15625.427204374571,0.887065521212539,-0.4572844426827051,1,D2022-05556
5557,5557,17085.20179372197,0.887065521212539,-0.4572844426827051,1,D2019-05557
5558,5558,16649.67225054625,0.4561955248637752,0.6045190370228757,3,D2021-05558
5559,5559,15159.151193633952,0.214917421070322,0.2603195408980108,0,D2023-05559
5560,5560,17490.43611323642,0.545973565957885,0.7201936012051111,3,D2018-05560
5561,5561,15159.151193633952,0.5534396761666587,0.459281963194749,3,D2023-05561
5562,5562,17085.20179372197,0.545973565957885,0.7201936012051111,3,D2019-05562
5563,5563,16649.67225054625,0.887065521212539,-0.4572844426827051,1,D2021-05563
5564,5564,17490.43611323642,0.545973565957885,0.7201936012051111,3,D2018-05564
5565,5565,17085.20179372197,0.545973565957885,0.7201936012051111,3,D2019-05565
5566,5566,15625.427204374571,0.5545768441445428,0.468865729753932,3,D2022-05566
5567,5567,15000.0,0.219555862929197,0.2178277170509731,0,D2024-05567
5568,5568,15000.0,0.5534396761666587,0.459281963194749,3,D2024-05568
5569,5569,16649.67225054625,0.5534396761666587,0.459281963194749,3,D2021-05569
5570,5570,15159.151193633952,0.2053573863271598,-0.0288252252095637,0,D2023-05570
5571,5571,58595.35201640465,0.0120498129446477,0.0225412004589205,0,D2022-05571
5572,5572,58595.35201640465,0.0120498129446477,0.0225412004589205,0,D2022-05572
5573,5573,58595.35201640465,0.0120498129446477,0.0225412004589205,0,D2022-05573
5574,5574,16649.67225054625,0.5545768441445428,0.468865729753932,3,D2021-05574
5575,5575,16996.28252788104,0.545973565957885,0.7201936012051111,3,D2020-05575
5576,5576,17929.41176470588,0.887065521212539,-0.4572844426827051,1,D2017-05576
5577,5577,110997.81500364163,0.0049303755408563,0.0120797565585908,0,D2021-05577
5578,5578,31250.854408749143,0.067770991354149,0.0015992466328308,0,D2022-05578
5579,5579,15625.427204374571,0.887065521212539,-0.4572844426827051,1,D2022-05579
5580,5580,15625.427204374571,0.887065521212539,-0.4572844426827051,1,D2022-05580
5581,5581,15625.427204374571,0.0262269067432042,0.0426395950753376,0,D2022-05581
5582,5582,58595.35201640465,0.0120498129446477,0.0225412004589205,0,D2022-05582
5583,5583,15625.427204374571,0.0262269067432042,0.0426395950753376,0,D2022-05583
5584,5584,15159.151193633952,0.5534396761666587,0.459281963194749,3,D2023-05584
5585,5585,15625.427204374571,0.0,0.0,0,D2022-05585
5586,5586,15625.427204374571,0.887065521212539,-0.4572844426827051,1,D2022-05586
5587,5587,15000.0,0.3595486104043427,0.31797252368592,0,D2024-05587
5588,5588,15000.0,0.0900658312913554,-0.0101070885407876,0,D2024-05588
5589,5589,15159.151193633952,0.0348964683153171,0.0554614237697945,0,D2023-05589
5590,5590,20833.9029391661,0.003080228564107,0.0045730211082226,0,D2022-05590
5591,5591,15625.427204374571,0.5545768441445428,0.468865729753932,3,D2022-05591
5592,5592,15625.427204374571,0.0914547780660496,0.0209290376243014,0,D2022-05592
5593,5593,15625.427204374571,0.0914547780660496,0.0209290376243014,0,D2022-05593
5594,5594,15625.427204374571,0.0,0.0,0,D2022-05594
5595,5595,15000.0,0.3595486104043427,0.31797252368592,0,D2024-05595
5596,5596,15159.151193633952,0.5545768441445428,0.468865729753932,3,D2023-05596
5597,5597,15625.427204374571,0.0914547780660496,0.0209290376243014,0,D2022-05597
5598,5598,15625.427204374571,0.5545768441445428,0.468865729753932,3,D2022-05598
5599,5599,15625.427204374571,0.887065521212539,-0.4572844426827051,1,D2022-05599
5600,5600,16649.67225054625,0.5545768441445428,0.468865729753932,3,D2021-05600
5601,5601,15625.427204374571,0.545973565957885,0.7201936012051111,3,D2022-05601
5602,5602,88798.25200291332,0.0768220944322723,0.1513990583251832,0,D2021-05602
5603,5603,15000.0,0.0900658312913554,-0.0101070885407876,0,D2024-05603
5604,5604,15625.427204374571,0.5729422450092624,0.5340451908687276,3,D2022-05604
5605,5605,15159.151193633952,0.887065521212539,-0.4572844426827051,1,D2023-05605
5606,5606,16649.67225054625,0.887065521212539,-0.4572844426827051,1,D2021-05606
5607,5607,15159.151193633952,0.2571152312962459,0.3105972716873807,0,D2023-05607
5608,5608,15625.427204374571,0.5545768441445428,0.468865729753932,3,D2022-05608
5609,5609,16649.67225054625,0.5545768441445428,0.468865729753932,3,D2021-05609
5610,5610,15000.0,0.3605626268116275,0.3145096887999944,0,D2024-05610
5611,5611,40000.0,0.2970754487979055,0.3528593149011399,3,D2024-05611
5612,5612,15159.151193633952,0.887065521212539,-0.4572844426827051,1,D2023-05612
5613,5613,15625.427204374571,0.545973565957885,0.7201936012051111,3,D2022-05613
5614,5614,15625.427204374571,0.887065521212539,-0.4572844426827051,1,D2022-05614
5615,5615,16649.67225054625,0.887065521212539,-0.4572844426827051,1,D2021-05615
5616,5616,15159.151193633952,0.5545768441445428,0.468865729753932,3,D2023-05616
5617,5617,15625.427204374571,0.887065521212539,-0.4572844426827051,1,D2022-05617
5618,5618,17929.41176470588,0.887065521212539,-0.4572844426827051,1,D2017-05618
5619,5619,15625.427204374571,0.887065521212539,-0.4572844426827051,1,D2022-05619
5620,5620,15625.427204374571,0.0250199154286527,0.0548417097966035,0,D2022-05620
5621,5621,15625.427204374571,0.0094568970192498,0.0267980889286298,0,D2022-05621
5622,5622,15625.427204374571,0.0094568970192498,0.0267980889286298,0,D2022-05622
5623,5623,15625.427204374571,0.0287736634255425,0.0533151459714182,0,D2022-05623
5624,5624,40000.0,0.5534396761666587,0.459281963194749,3,D2025-05624
5625,5625,15000.0,0.2053573863271598,-0.0288252252095637,0,D2024-05625
5626,5626,17929.41176470588,0.887065521212539,-0.4572844426827051,1,D2017-05626
5627,5627,15625.427204374571,0.5534396761666587,0.459281963194749,3,D2022-05627
5628,5628,16996.28252788104,0.887065521212539,-0.4572844426827051,1,D2020-05628
5629,5629,16649.67225054625,0.5545768441445428,0.468865729753932,3,D2021-05629
5630,5630,16996.28252788104,0.5545768441445428,0.468865729753932,3,D2020-05630
5631,5631,15625.427204374571,0.5545768441445428,0.468865729753932,3,D2022-05631
5632,5632,15625.427204374571,0.887065521212539,-0.4572844426827051,1,D2022-05632
5633,5633,16649.67225054625,0.887065521212539,-0.4572844426827051,1,D2021-05633
5634,5634,16649.67225054625,0.0222339856660484,0.0465551267460692,0,D2021-05634
5635,5635,15625.427204374571,0.0196871528068354,0.0424366038678986,0,D2022-05635
5636,5636,15625.427204374571,0.0196871528068354,0.0424366038678986,0,D2022-05636
5637,5637,15000.0,0.887065521212539,-0.4572844426827051,1,D2024-05637
5638,5638,15000.0,0.2053573863271598,-0.0288252252095637,0,D2024-05638
5639,5639,40000.0,0.3605626268116275,0.3145096887999944,0,D2025-05639
5640,5640,16649.67225054625,0.646268136560931,0.2389418022506655,3,D2021-05640
5641,5641,15625.427204374571,0.5534396761666587,0.459281963194749,3,D2022-05641
5642,5642,15625.427204374571,0.887065521212539,-0.4572844426827051,1,D2022-05642
5643,5643,17085.20179372197,0.887065521212539,-0.4572844426827051,1,D2019-05643
5644,5644,15625.427204374571,0.0,0.0,0,D2022-05644
5645,5645,40000.0,0.2053573863271598,-0.0288252252095637,0,D2025-05645
5646,5646,15625.427204374571,0.0294182700667007,0.0323217312430721,0,D2022-05646
5647,5647,17490.43611323642,0.887065521212539,-0.4572844426827051,1,D2018-05647
5648,5648,17085.20179372197,0.887065521212539,-0.4572844426827051,1,D2019-05648
5649,5649,15625.427204374571,0.0123086222090971,0.0247499843313426,0,D2022-05649
5650,5650,32292.54955570745,0.1232738664094692,0.1592981953012473,0,D2022-05650
5651,5651,34409.32265112891,0.1232738664094692,0.1592981953012473,0,D2021-05651
5652,5652,17490.43611323642,0.545973565957885,0.7201936012051111,3,D2018-05652
5653,5653,16649.67225054625,0.5534396761666587,0.459281963194749,3,D2021-05653
5654,5654,50000.0,0.008020031087565,0.0228441206591368,0,D2024-05654
5655,5655,50530.50397877984,0.0930495909920566,0.2024945411131083,0,D2023-05655
5656,5656,75795.75596816976,0.0366729107936866,0.0640659310155398,0,D2023-05656
5657,5657,17490.43611323642,0.4561955248637752,0.6045190370228757,3,D2018-05657
5658,5658,15625.427204374571,0.5534396761666587,0.459281963194749,3,D2022-05658
5659,5659,40000.0,0.3605626268116275,0.3145096887999944,0,D2025-05659
5660,5660,40000.0,0.3605626268116275,0.3145096887999944,0,D2025-05660
5661,5661,16649.67225054625,0.4717577813437564,0.6073956730550956,3,D2021-05661
5662,5662,15625.427204374571,0.5545768441445428,0.468865729753932,3,D2022-05662
5663,5663,15625.427204374571,0.887065521212539,-0.4572844426827051,1,D2022-05663
5664,5664,15159.151193633952,0.545973565957885,0.7201936012051111,3,D2023-05664
5665,5665,15159.151193633952,0.2053573863271598,-0.0288252252095637,0,D2023-05665
5666,5666,20212.201591511937,0.0091879931401602,0.0255849087053439,0,D2023-05666
5667,5667,20212.201591511937,0.0154588223838695,0.0368104752412467,0,D2023-05667
5668,5668,20212.201591511937,0.0463003321793317,0.0245141291061783,0,D2023-05668
5669,5669,16649.67225054625,0.0237814028423535,0.0511492143425423,0,D2021-05669
5670,5670,15000.0,0.2571152312962459,0.3105972716873807,0,D2024-05670
5671,5671,22661.71003717472,0.0601471083795208,0.1231376946310182,0,D2020-05671
5672,5672,24974.50837581937,0.0168377935977908,0.0304739294627118,0,D2021-05672
5673,5673,37055.70628647215,0.0391662393032609,0.0832628568770358,0,D2023-05673
5674,5674,15625.427204374571,0.887065521212539,-0.4572844426827051,1,D2022-05674
5675,5675,20833.9029391661,0.0773710684919455,0.0826565083698391,0,D2022-05675
5676,5676,16649.67225054625,0.2087182237946988,-0.1043755260474003,0,D2021-05676
5677,5677,16649.67225054625,0.6266972503245193,-0.3233963004655211,1,D2021-05677
5678,5678,16649.67225054625,0.0025451373264766,0.0047214502267862,0,D2021-05678
5679,5679,16649.67225054625,0.0817312675420297,-0.0361895790536373,0,D2021-05679
5680,5680,16649.67225054625,0.0028190031262402,0.0049659869136082,0,D2021-05680
5681,5681,16649.67225054625,0.072560692294976,-0.0298412863085669,0,D2021-05681
5682,5682,16649.67225054625,0.0602963413474067,-0.0253271010960271,0,D2021-05682
5683,5683,15625.427204374571,0.0166608464706339,0.0294115542896801,0,D2022-05683
5684,5684,16649.67225054625,0.0129423566650814,0.0248760896998899,0,D2021-05684
5685,5685,16649.67225054625,0.6266972503245193,-0.3233963004655211,1,D2021-05685
5686,5686,16649.67225054625,0.072560692294976,-0.0298412863085669,0,D2021-05686
5687,5687,15625.427204374571,0.0190258463786603,0.033827308849559,0,D2022-05687
5688,5688,15625.427204374571,0.887065521212539,-0.4572844426827051,1,D2022-05688
5689,5689,17929.41176470588,0.0957977624659927,-0.0432781949357902,0,D2017-05689
5690,5690,15000.0,0.0900658312913554,-0.0101070885407876,0,D2024-05690
5691,5691,15159.151193633952,0.0348964683153171,0.0554614237697945,0,D2023-05691
5692,5692,15625.427204374571,0.5545768441445428,0.468865729753932,3,D2022-05692
5693,5693,15625.427204374571,0.887065521212539,-0.4572844426827051,1,D2022-05693
5694,5694,15625.427204374571,0.558889803236791,0.3066938298019666,3,D2022-05694
5695,5695,50530.50397877984,0.0006240961849387,0.0013080499126096,0,D2023-05695
5696,5696,15000.0,0.2053573863271598,-0.0288252252095637,0,D2024-05696
5697,5697,15625.427204374571,0.887065521212539,-0.4572844426827051,1,D2022-05697
5698,5698,15159.151193633952,0.887065521212539,-0.4572844426827051,1,D2023-05698
5699,5699,15625.427204374571,0.5545768441445428,0.468865729753932,3,D2022-05699
5700,5700,35408.9219330855,0.0161898713381426,0.0353084001773859,0,D2020-05700
5701,5701,35408.9219330855,0.0161898713381426,0.0353084001773859,0,D2020-05701
5702,5702,96669.3096377307,0.0612489769709765,-0.0262985410112207,0,D2022-05702
5703,5703,15625.427204374571,0.887065521212539,-0.4572844426827051,1,D2022-05703
5704,5704,15625.427204374571,0.5545768441445428,0.468865729753932,3,D2022-05704
5705,5705,17085.20179372197,0.4561955248637752,0.6045190370228757,3,D2019-05705
5706,5706,1109.9781500364163,0.0002780480357652,0.0004078837922262,0,D2021-05706
5707,5707,15625.427204374571,0.887065521212539,-0.4572844426827051,1,D2022-05707
5708,5708,35408.9219330855,0.0161898713381426,0.0353084001773859,0,D2020-05708
5709,5709,15625.427204374571,0.5534396761666587,0.459281963194749,3,D2022-05709
5710,5710,77956.28252788103,1.963926879403676e-05,8.291085832398578e-05,0,D2020-05710
5711,5711,15159.151193633952,0.3374195470254229,0.1246647922493839,0,D2023-05711
5712,5712,15159.151193633952,0.5545768441445428,0.468865729753932,3,D2023-05712
5713,5713,15625.427204374571,0.545973565957885,0.7201936012051111,3,D2022-05713
