,Unnamed: 0,project_value,nlp_x,nlp_y,cluster,permit_id
0,0,250115.29411764705,0.5169908685032325,0.1256356164028238,3,B2017-00000
1,1,183866.11764705885,0.5169908685032325,0.1256356164028238,3,B2017-00001
2,2,885712.9411764706,0.5673421561373324,-0.0209592776534581,2,B2017-00002
3,3,961875.0,0.6752840240578779,-0.4745840956978996,5,B2024-00003
4,4,1056125.0,0.5974529069283455,-0.0132700838764349,6,B2024-00004
5,5,250000.0,0.737262851376284,-0.4040620042415376,4,B2024-00005
6,6,831385.9615384615,0.5169660892305069,-0.0780670789901377,6,B2023-00006
7,7,4547745.358090186,0.6796496137284693,-0.4286719191138115,5,B2023-00007
8,8,844547.0117647059,0.1753282895389219,0.1111644425457961,2,B2017-00008
9,9,801557.9372197309,0.3638901847891066,0.0892514220237938,2,B2019-00009
10,10,546960.2665755297,0.479817455355804,0.031434924404703,2,B2022-00010
11,11,268684.18823529413,0.4399239898387317,0.1492769580133087,3,B2017-00011
12,12,211475.0211764706,0.5153914008150379,0.1927739906684915,3,B2017-00012
13,13,964582.9762815612,0.4471830786995972,0.1318021997356246,2,B2018-00013
14,14,155289.36802973977,0.5456031981094454,0.0268881689585226,3,B2020-00014
15,15,173702.66575529735,0.6946825410545984,-0.4424994562447761,4,B2022-00015
16,16,140134.74144209758,0.6671426374729726,-0.3011892748478872,4,B2021-00016
17,17,2920574.50837582,0.3368800573609698,0.1897031392304334,2,B2021-00017
18,18,3329934.450109249,0.214697277402471,-0.0764328459948412,2,B2021-00018
19,19,235747.75822494263,0.5769588634956525,0.2179156121256633,3,B2018-00019
20,20,888805.6618209642,0.6614532570352444,0.3674513402819207,0,B2018-00020
21,21,1015492.0,0.3300786693608146,-0.0110647839326839,2,B2017-00021
22,22,255139.0134529148,0.5943128556861128,0.0946389215011084,3,B2019-00022
23,23,1019.7769516728624,0.3091542704987254,0.1370012582019549,2,B2020-00023
24,24,562412.6542750929,0.4250089456071588,0.6614342567250592,0,B2020-00024
25,25,1191708.2352941176,0.4817100941042243,0.0057526920413122,6,B2017-00025
26,26,1500000.0,0.6607108384782558,-0.5376367839899704,5,B2024-00026
27,27,282470.5432287682,0.5395803777148148,0.124662279729774,3,B2018-00027
28,28,206970.16067329768,0.6398518151270381,0.57566939176492,0,B2018-00028
29,29,255681.0252486611,0.4231080558463904,0.1961177956900645,3,B2018-00029
30,30,252207.05882352943,0.6205703988042616,0.5806600644534994,0,B2017-00030
31,31,267375.34117647057,0.4509890030288788,0.2587690778819166,3,B2017-00031
32,32,1003470.8520179372,0.5399486302300675,-0.092646910868637,6,B2019-00032
33,33,366292.7895120175,0.3524248753357336,0.1696751236187452,2,B2021-00033
34,34,839395.2941176471,0.1819941110683143,-0.0345434752013276,2,B2017-00034
35,35,234381.4080656186,0.7387026427139989,-0.4085675041318727,4,B2022-00035
36,36,821706.5187452182,0.5700578809474536,0.5386717416288573,0,B2018-00036
37,37,198341.54552410103,0.5439713256796135,0.1127682284813882,3,B2018-00037
38,38,249816.4705882353,0.5271096238537554,0.2356371118292235,3,B2017-00038
39,39,183178.8235294117,0.4567657441656582,0.2232520150528319,3,B2017-00039
40,40,204694.11764705885,0.4509890030288788,0.2587690778819166,3,B2017-00040
41,41,775595.8990053559,0.5611381198629292,0.2074038532772224,6,B2018-00041
42,42,1400000.0,0.5306139651494977,-0.0179451049139938,2,B2024-00042
43,43,794940.3213465954,0.6219983370160496,0.5166288685473232,0,B2018-00043
44,44,178512.2359796067,0.7199915204047348,-0.4070125402896734,4,B2021-00044
45,45,193022.0705882353,0.458486787893799,0.155463056896724,3,B2017-00045
46,46,655891.3542463658,0.5126525292963716,0.096830233143122,2,B2018-00046
47,47,230290.7421576129,0.5661275231582168,0.1224800386927653,3,B2018-00047
48,48,1196833.9402767662,0.6592697664702292,0.0054087476452045,6,B2021-00048
49,49,200809.41176470587,0.4509890030288788,0.2587690778819166,3,B2017-00049
50,50,709639.5515695066,0.4107496984400141,0.1242815157846761,2,B2019-00050
51,51,960309.7918215612,0.4909976899001806,-0.0977663198119824,6,B2020-00051
52,52,1792941.1764705882,0.344237031616975,0.212823891196544,2,B2017-00052
53,53,191725.17647058825,0.4509890030288788,0.2587690778819166,3,B2017-00053
54,54,267668.16143497755,0.6046512907354763,0.5354339634673474,0,B2019-00054
55,55,784154.5524100997,0.6264762514189693,0.5144024369942125,0,B2018-00055
56,56,6762968.630451417,0.2666927859375129,-0.0017035971064956,2,B2018-00056
57,57,958327.0588235294,0.4063082699697729,-0.0102235039493841,2,B2017-00057
58,58,212170.2602230484,0.2241653123059448,0.1609874905442417,2,B2020-00058
59,59,234576.4705882353,0.4913731014537295,0.2705470911863608,3,B2017-00059
60,60,7345983.167559298,0.2685545400356719,0.0588421228044038,2,B2018-00060
61,61,7345983.167559298,0.2666927859375129,-0.0017035971064956,2,B2018-00061
62,62,7345983.167559298,0.1365137030624056,0.1528168565357708,2,B2018-00062
63,63,7345983.167559298,0.1608073499878384,0.0669676746018106,2,B2018-00063
64,64,7070085.816470589,0.1608073499878384,0.0669676746018106,2,B2017-00064
65,65,717307.9529411765,0.3756162933263935,-0.0569950702288755,2,B2017-00065
66,66,1636407.4872541877,0.5405377446343669,0.5527631964095391,0,B2021-00066
67,67,4556053.811659193,0.1998127288473466,0.1122758771912056,2,B2019-00067
68,68,805340.5204460967,0.5605248216484551,0.531903015476756,0,B2020-00068
69,69,230735.4750512645,0.6319524006344233,-0.276595852759408,4,B2022-00069
70,70,985183.1852358168,0.2632151874044536,0.0787311328055161,2,B2022-00070
71,71,798146.9013006887,0.6099265414074468,0.5679357269521578,0,B2018-00071
72,72,467205.0397877984,0.7376643884256125,-0.1399635116330994,5,B2023-00072
73,73,212228.11671087533,0.6145313878441996,0.0279551958763688,3,B2023-00073
74,74,300000.0,0.696509836822821,-0.4624468307021018,4,B2024-00074
75,75,722355.0114766642,0.4851661500456843,-0.045369975026398,6,B2018-00075
76,76,174907.27620504977,0.4743145798657679,0.1728104868333649,3,B2018-00076
77,77,165255.4705432288,0.6048715140973143,0.106548578367306,3,B2018-00077
78,78,984664.9419002052,0.6714426112744875,-0.5257621954448926,5,B2022-00078
79,79,661843.6158578264,0.668584512458874,-0.486976290489849,5,B2022-00079
80,80,694446.0697197539,0.5659296284134929,-0.2726271516740992,5,B2022-00080
81,81,231588.23529411765,0.5180272730667485,0.0980236155974394,3,B2017-00081
82,82,710108.5214857975,0.6772716413554348,-0.4965845786149115,5,B2021-00082
83,83,752787.1813546977,0.6641711099443918,-0.519949581204201,5,B2021-00083
84,84,732962.7477785373,0.6475673123182834,-0.5578711316665423,5,B2022-00084
85,85,349808.72226472845,0.2495527810596228,0.083302037594433,2,B2018-00085
86,86,245582.6656955572,0.5573708390374965,0.6362307662519542,0,B2021-00086
87,87,225159.0677348871,0.61514185570316,-0.0424656354199352,3,B2021-00087
88,88,897195.3386744355,0.6374753548923006,-0.470300898909075,5,B2021-00088
89,89,654887.1085214857,0.5630903272420725,0.3923005712525209,0,B2021-00089
90,90,780592.13401311,0.5951756645244273,-0.0531927478047985,6,B2021-00090
91,91,261482.0198928845,0.5263440877256574,0.2534900608491482,3,B2018-00091
92,92,171489.865470852,0.682908851486976,0.0055259163248525,3,B2019-00092
93,93,237863.5294117647,0.4399239898387317,0.1492769580133087,3,B2017-00093
94,94,239058.8235294117,0.5075686746492434,0.0952562675376384,3,B2017-00094
95,95,171502.6056049214,0.6880951420760879,-0.2326062040251446,4,B2022-00095
96,96,808488.0636604774,0.6712239776112652,-0.5003744038165463,5,B2023-00096
97,97,150405.15379357486,0.6479596877468841,-0.3019595965231674,4,B2022-00097
98,98,291623.87146136194,0.5637720937271423,0.1916344713453296,3,B2018-00098
99,99,203949.4494117647,0.4399239898387317,0.1492769580133087,3,B2017-00099
100,100,254832.7390971692,0.6170805494851762,0.0899125880728017,3,B2018-00100
101,101,197260.0,0.7487747811612643,-0.4163036554448167,4,B2024-00101
102,102,899442.9708222811,0.6368581472116757,-0.0955877146447663,6,B2023-00102
103,103,768500.612088753,0.532017715120665,0.2094497432115943,6,B2018-00103
104,104,865486.4721485411,0.7793572787340683,-0.1582473612751808,5,B2023-00104
105,105,140229.72811671087,0.6597543247909113,-0.2352730569025385,4,B2023-00105
106,106,200047.13602187287,0.6951229414782581,-0.4524143163249965,4,B2022-00106
107,107,731919.5921340131,0.5807322798902199,0.0012150728655754,6,B2021-00107
108,108,687154.2036910459,0.6776079103057777,-0.5265083861644583,5,B2022-00108
109,109,829338.1790359603,0.556738011763552,0.1322288180554912,6,B2018-00109
110,110,953249.2352512744,0.6458481685896864,-0.0296366515746054,6,B2021-00110
111,111,205221.117061974,0.5214349630118809,0.6012435343099758,0,B2018-00111
112,112,1109978.1500364165,0.5945798622987926,0.4858789899054493,0,B2021-00112
113,113,719264.4565960356,0.6791597624167685,-0.5286888335221227,5,B2022-00113
114,114,256278.0269058296,0.6375108722463776,0.0430676814267005,3,B2019-00114
115,115,223938.09176984703,0.7279350309578024,-0.3794903178526522,4,B2021-00115
116,116,783394.8288419519,0.50426661992326,0.6059726287630371,0,B2021-00116
117,117,671259.2862345229,0.5564517132812006,0.5438075244075627,0,B2021-00117
118,118,834128.0269058296,0.4625892808335339,-0.0913177655261099,6,B2019-00118
119,119,550664.596412556,0.6122721434014491,0.3714952639792933,0,B2019-00119
120,120,1210418.587360595,0.6221195373503956,-0.0257216075079383,6,B2020-00120
121,121,226764.012303486,0.7455583736095479,-0.1156439080521524,4,B2022-00121
122,122,781841.8823529412,0.5019935515356083,0.2122047173964099,6,B2017-00122
123,123,728476.664116297,0.6415001383418671,0.4275034087543424,0,B2018-00123
124,124,170444.76418318524,0.7036099327139117,-0.420107051234845,4,B2022-00124
125,125,882866.4125560537,0.5551287691278447,-0.0620529765168466,6,B2019-00125
126,126,1022992.4705882352,0.2664261841673501,0.1379834950429112,2,B2017-00126
127,127,750606.4593301435,0.6352461068947445,-0.4578216712547385,5,B2022-00127
128,128,183669.0840738209,0.7213221440861091,-0.4418006922703986,4,B2022-00128
129,129,264174.79970866715,0.7143873189555024,0.1298411812574458,4,B2021-00129
130,130,1053872.197309417,0.581885918443311,0.0171675057232666,6,B2019-00130
131,131,187710.86124401915,0.7148272557173588,-0.4422980174727892,4,B2022-00131
132,132,240000.0,0.7022947618259462,-0.4000142468701936,4,B2025-00132
133,133,250000.0,0.7096982877093859,-0.402453976026966,4,B2024-00133
134,134,819718.4391736804,0.437935546161097,0.2948697047854186,2,B2018-00134
135,135,267745.8823529412,0.4509890030288788,0.2587690778819166,3,B2017-00135
136,136,196184.3917368019,0.5353297739754318,0.6609276423202675,0,B2018-00136
137,137,137882.9380260138,0.6048715140973143,0.106548578367306,3,B2018-00137
138,138,817174.2388929351,0.5193202493721979,0.6012467810456297,0,B2021-00138
139,139,782786.9955156951,0.4555588420227002,0.608990471326116,0,B2019-00139
140,140,761446.1361897477,0.3888151455724264,0.0520546174548725,2,B2018-00140
141,141,151806.23376623378,0.7148272557173588,-0.4422980174727892,4,B2022-00141
142,142,247470.60538116592,0.5766394492786686,0.1145136193176813,3,B2019-00142
143,143,895658.7657992565,0.6468327376912799,0.4934063465875546,0,B2020-00143
144,144,1233080.2973977695,0.5763968093149389,0.5639156697960115,0,B2020-00144
145,145,157417.24705882353,0.5667715112694597,0.5506322841050877,0,B2017-00145
146,146,196764.5739910314,0.5649559269990418,0.558092970525631,0,B2019-00146
147,147,179964.12556053812,0.6562390803731459,0.4609298829930338,0,B2019-00147
148,148,273583.4944237918,0.596652949919832,-0.0086102480210246,3,B2020-00148
149,149,837174.8878923766,0.6370328678927148,0.3867609328470088,0,B2019-00149
150,150,215144.6096654275,0.6655985251020157,0.4764091968665668,0,B2020-00150
151,151,1000053.8116591928,0.506323275713701,0.1980376171512748,6,B2019-00151
152,152,196335.3903345725,0.6035831617080488,-0.0159801043600861,3,B2020-00152
153,153,198224.8104089219,0.6048715140973143,0.106548578367306,3,B2020-00153
154,154,227375.6694720735,0.5434427905907616,0.5572465026003434,0,B2018-00154
155,155,204443.1058823529,0.5169908685032325,0.1256356164028238,3,B2017-00155
156,156,223779.5557074505,0.7148272557173588,-0.4422980174727892,4,B2022-00156
157,157,931905.6869446344,0.6781591345929485,-0.4646213523593259,5,B2022-00157
158,158,769540.0815731974,0.5731890460482463,-0.1075232525652922,6,B2021-00158
159,159,223750.0,0.5808563192702454,0.0069793534297171,3,B2025-00159
160,160,280000.0,0.729887366021257,-0.4248413493075886,4,B2024-00160
161,161,280000.0,0.7052647560499196,-0.4515896151092759,4,B2024-00161
162,162,225000.0,0.7068528333138577,-0.5078927577070423,4,B2025-00162
163,163,340000.0,0.6885276032417977,-0.4193391614806384,4,B2025-00163
164,164,177735.99469496022,0.7474220858532223,-0.4177978797321896,4,B2023-00164
165,165,245893.51529411765,0.4399239898387317,0.1492769580133087,3,B2017-00165
166,166,895546.4798206277,0.502988173681788,0.5236674618336957,0,B2019-00166
167,167,224641.92825112108,0.588840202197813,0.5944713909105563,0,B2019-00167
168,168,648632.8232593727,0.6751885442881594,0.3645648908714187,0,B2018-00168
169,169,17490436.113236424,0.1837404963207582,0.0093314253835379,7,B2018-00169
170,170,7291866.028708134,0.3722384574997933,0.1011209590432088,2,B2022-00170
171,171,198224.94261667944,0.6767803452436857,0.4875076399460517,0,B2018-00171
172,172,216560.99764705883,0.458486787893799,0.155463056896724,3,B2017-00172
173,173,242345.8823529412,0.5169908685032325,0.1256356164028238,3,B2017-00173
174,174,1300000.0,0.3032062677075183,0.0542495157369176,2,B2024-00174
175,175,216638.73547505127,0.6987285365774367,0.1789764020468357,4,B2022-00175
176,176,846828.6151491968,0.5361554375242958,0.5665230344345477,0,B2018-00176
177,177,41184904.82019894,0.2413829803876267,0.0001962819690419,7,B2018-00177
178,178,312508.54408749146,0.5032326522070307,0.5842754973814182,0,B2022-00178
179,179,1963884.4682478963,0.4635334861344738,0.5965025308057997,0,B2018-00179
180,180,2915072.685539404,0.3869204255628703,0.1168178895227404,2,B2018-00180
181,181,1204326.2927895118,0.618970449207057,0.0234053256294086,6,B2021-00181
182,182,1552276.2050497325,0.2338993273450761,0.0814864472641306,2,B2018-00182
183,183,1960498.9075018207,0.5988360117986334,-0.0400493892364131,6,B2021-00183
184,184,1135351.6728624534,0.4515033876255908,-0.012315610461157,2,B2020-00184
185,185,290069.88847583643,0.3903822745076307,0.1330825139871913,2,B2020-00185
186,186,1877060.0,0.4647533233939606,0.5943237034644498,0,B2019-00186
187,187,1211131.7647058824,0.3327600045258756,0.1310958246941142,2,B2017-00187
188,188,1205454.1176470588,0.3327600045258756,0.1310958246941142,2,B2017-00188
189,189,1089980.6579954096,0.4140305611013207,0.0611754931019218,2,B2018-00189
190,190,681138.3529411765,0.2837349644690052,0.022998587866225,2,B2017-00190
191,191,1865646.5187452184,0.3212448057941227,0.1152875220639939,2,B2018-00191
192,192,977132.3641928082,0.5792315828992698,0.4853163296264183,0,B2018-00192
193,193,801867.5,0.5424732978156238,-0.0303456140708383,6,B2024-00193
194,194,1417308.3397092582,0.3951186673172051,0.0971525712270421,2,B2018-00194
195,195,868108.6457536344,0.5423771152053305,-0.0624537110834209,6,B2018-00195
196,196,839992.9411764706,0.5462911259453113,0.0497217276028932,6,B2017-00196
197,197,1020861.2440191387,0.6745899748395109,-0.538669776296093,5,B2022-00197
198,198,234191.2987012987,0.6658423043840236,-0.4863403792615764,5,B2022-00198
199,199,182094.0807174888,0.5672036383422205,0.0139455148501202,3,B2019-00199
200,200,260024.4835501148,0.6323657308685523,0.0782492641594373,3,B2018-00200
201,201,226948.4304932736,0.5449702940195549,0.6514934321650859,0,B2019-00201
202,202,215729.1479820628,0.5791894440543282,0.6042899053482194,0,B2019-00202
203,203,251252.5,0.581856546627283,0.0390125701888089,3,B2024-00203
204,204,719432.5882352941,0.4817133206855291,0.5658471008495383,0,B2017-00204
205,205,1650000.0,0.5170174141377416,-0.2326318438773851,2,B2025-00205
206,206,1416423.5294117648,0.3637597368658005,0.176187468432863,2,B2017-00206
207,207,228131.2371838688,0.6599320806401273,-0.2528755995286711,4,B2022-00207
208,208,1482164.705882353,0.3911773013172765,0.104065539742025,2,B2017-00208
209,209,256278.0269058296,0.6234668250011415,0.0665006103240592,3,B2019-00209
210,210,1256284.3472317157,0.4956672085880246,0.6355365496120093,0,B2022-00210
211,211,220565.649867374,0.6758348312058032,-0.4632387434473439,4,B2023-00211
212,212,267745.8823529412,0.458486787893799,0.155463056896724,3,B2017-00212
213,213,992995.898838004,0.4825453407432094,-0.0102000110892622,6,B2022-00213
214,214,260264.5739910314,0.5957567005994258,0.0659683453633209,3,B2019-00214
215,215,419808.1784386617,0.3256294788534312,0.2094728537278961,2,B2020-00215
216,216,193136.19810633647,0.7016819990552583,-0.482574682846159,4,B2021-00216
217,217,214634.72118959107,0.6035831617080488,-0.0159801043600861,3,B2020-00217
218,218,818665.9192825112,0.5531234564331049,0.5374865830197977,0,B2019-00218
219,219,909549.0716180372,0.5213742731227248,0.3757252616118791,0,B2023-00219
220,220,800000.0,0.6627201136157096,-0.4520725207514692,5,B2024-00220
221,221,884435.5539033457,0.5135267495692508,0.5742637349603622,0,B2020-00221
222,222,208285.6950672645,0.5595997284711284,0.651831320605637,0,B2019-00222
223,223,731681.6976127321,0.5805849757116028,0.3082331183051259,0,B2023-00223
224,224,427739.77695167286,0.4021855377083643,0.5840405580418093,0,B2020-00224
225,225,555758.8340807174,0.4303278879896312,0.5887387923206231,0,B2019-00225
226,226,11099.781500364164,0.3506486931901347,-0.0434399915799816,2,B2021-00226
227,227,1006000.0,0.6689371323579578,-0.5313925583869492,5,B2025-00227
228,228,587750.4442925496,0.6937544746743398,-0.521168463554406,5,B2022-00228
229,229,1387500.0,0.5447267492903483,-0.0605892985114094,6,B2025-00229
230,230,600000.0,0.5847019824933747,0.0944016062719115,3,B2025-00230
231,231,833101.1152416357,0.6170184021002476,-0.1108885335802281,6,B2020-00231
232,232,10572968.630451418,0.2823701596338921,0.0258490079836134,7,B2018-00232
233,233,239058.8235294117,0.5429028845286329,0.1665938536342529,3,B2017-00233
234,234,1300000.0,0.6320401347702271,-0.2885201589792912,5,B2025-00234
235,235,1333948.2352941176,0.3594779083796849,0.1466208446678339,2,B2017-00235
236,236,1115015.302218822,0.4255083268579547,0.0846865477761721,6,B2018-00236
237,237,203938.4850803367,0.57268333607915,0.3688630457064228,3,B2018-00237
238,238,1213049.32735426,0.5988367699713044,0.5095072364835419,0,B2019-00238
239,239,798448.4304932735,0.4865278936343049,0.0055020257296851,6,B2019-00239
240,240,850000.0,0.6558631352500692,-0.4859076919082191,5,B2025-00240
241,241,500000.0,0.608862757500012,-0.0018246778434194,3,B2024-00241
242,242,771861.1764705882,0.3530904682384053,0.1498607871923794,2,B2017-00242
243,243,2021220.1591511937,0.4474123505439449,-0.0643219242955612,2,B2023-00243
244,244,949063.5294117648,0.3083378344031458,0.0235560543493377,6,B2017-00244
245,245,776583.7320574163,0.6931511706421852,-0.5272509784595284,5,B2022-00245
246,246,7345983.167559298,0.2715041969328291,0.1946543487332815,2,B2018-00246
247,247,1249381.1764705882,0.4817776660831469,0.0789590353502612,6,B2017-00247
248,248,243613.38289962825,0.5769326510633092,0.6279473932797608,0,B2020-00248
249,249,1302177.130044843,0.524009088005736,-0.0698236172101168,6,B2019-00249
250,250,205500.0,0.3390332058097959,0.1639881839888706,2,B2024-00250
251,251,268941.17647058825,0.5168517845339379,0.236333697480171,3,B2017-00251
252,252,185270.58823529413,0.4445505445878835,-0.0251720917422514,3,B2017-00252
253,253,1259602.1462747778,0.7460074765633521,-0.1502484754064207,5,B2022-00253
254,254,1155747.2118959108,0.5447578955064803,0.4874163970603889,0,B2020-00254
255,255,598278.2228696285,0.4593378606635193,0.155650099821257,2,B2021-00255
256,256,815876.4730006836,0.5451075659076645,0.028941471315597,6,B2022-00256
257,257,198573.2342007435,0.6184789186375647,0.0713469554738108,3,B2020-00257
258,258,698456.5960355435,0.3810864016380969,0.1449759496256759,6,B2022-00258
259,259,223121.3452914798,0.5450944267008012,0.6302404172551563,0,B2019-00259
260,260,332277.3234200744,0.6086860828687333,0.5294328212508636,0,B2020-00260
261,261,909549.0716180372,0.3482996616281592,0.1046691636161972,2,B2023-00261
262,262,286461.88340807176,0.3822362975655629,0.1113436203924038,2,B2019-00262
263,263,1616976.1273209548,0.3404719451451981,-0.0997016487171192,2,B2023-00263
264,264,1916803.5294117648,0.3861114080956351,0.1349176543769856,2,B2017-00264
265,265,683408.0717488789,0.266203443471956,-0.0209887524359551,2,B2019-00265
266,266,254944.2379182156,0.5743439652562957,0.5153462524293292,0,B2020-00266
267,267,239647.58364312263,0.6190810584454208,0.0637616186048746,3,B2020-00267
268,268,1084610.3827751195,0.665065682816161,-0.4740690906216239,5,B2022-00268
269,269,155374.03964456596,0.6871369329570772,-0.4138944454086329,4,B2022-00269
270,270,213115.804806992,0.6637608258378948,-0.328127450395237,4,B2021-00270
271,271,1075764.705882353,0.2535128860175782,0.0770471533669502,2,B2017-00271
272,272,593389.4211764706,0.1766088984538154,0.1005050315448742,2,B2017-00272
273,273,147780.18823529413,0.4754515951017274,0.1604963898081188,3,B2017-00273
274,274,840710.1176470588,0.4140305611013207,0.0611754931019218,2,B2017-00274
275,275,226617.1003717472,0.6323657308685523,0.0782492641594373,3,B2020-00275
276,276,196023.7918215613,0.6278883123841082,0.1611355349016704,3,B2020-00276
277,277,763574.6860986546,0.570917659736261,0.0228526571603987,6,B2019-00277
278,278,160031.39013452915,0.6413821625875341,0.0549784668796565,3,B2019-00278
279,279,761116.1933085502,0.5756455557271344,-0.0727815298263596,6,B2020-00279
280,280,875104.820198929,0.4742834736186962,0.5589153038055266,0,B2018-00280
281,281,238272.2111706198,0.5667715112694597,0.5506322841050877,0,B2018-00281
282,282,335623.6074270557,0.3601384407185204,0.1906903362918261,2,B2023-00282
283,283,196767.40627390976,0.7195542850631803,0.4415369304090394,0,B2018-00283
284,284,737745.3580901857,0.2823596207428663,0.130885348837006,2,B2023-00284
285,285,227387.26790450927,0.6111829194683137,0.0437268370015916,3,B2023-00285
286,286,358766.57824933686,0.2666927859375129,-0.0017035971064956,2,B2023-00286
287,287,174586.61820964044,0.6048715140973143,0.106548578367306,3,B2018-00287
288,288,144995.71537872995,0.5109856340989385,0.5998514132329775,0,B2018-00288
289,289,872154.231609614,0.6624567609693914,-0.1308678112987416,6,B2021-00289
290,290,230824.019138756,0.7164585065439983,-0.3989408837591024,4,B2022-00290
291,291,175708.23529411765,0.458486787893799,0.155463056896724,3,B2017-00291
292,292,193450.0448430493,0.5555794527099077,0.5633925536577419,0,B2019-00292
293,293,800000.0,0.6507047850332298,-0.4609601099211312,5,B2025-00293
294,294,755295.3328232595,0.4258800914821246,0.0265646205734938,6,B2018-00294
295,295,176070.39020658,0.50773166637598,0.1836107314096993,3,B2018-00295
296,296,251011.76470588235,0.4720208560232637,0.1424328441908236,3,B2017-00296
297,297,656896.5517241379,0.6539062448043887,-0.5555955477240713,5,B2023-00297
298,298,687518.7969924812,0.5890955742699442,0.0373721971942266,6,B2022-00298
299,299,1200000.0,0.3028400921399301,0.1528056583681599,2,B2025-00299
300,300,808488.0636604774,0.5464839891031202,-0.038298293166395,6,B2023-00300
301,301,651843.5013262599,0.1580114801348754,0.0756515310861989,2,B2023-00301
302,302,700000.0,0.686914570888378,-0.5185218117753891,5,B2024-00302
303,303,757957.5596816976,0.2270732208940251,0.0442479576657283,2,B2023-00303
304,304,842383.5294117647,0.4487184861557494,0.1086769253147463,6,B2017-00304
305,305,890726.4588859417,0.4784753232124253,0.4559905891181319,0,B2023-00305
306,306,720000.0,0.6562076636923113,-0.5427634127463443,5,B2024-00306
307,307,182637.35529411765,0.5180272730667485,0.0980236155974394,3,B2017-00307
308,308,1032777.8116710876,0.6513700067965007,-0.0635010294197779,6,B2023-00308
309,309,215952.2148541114,0.7273957704951274,-0.4832874163779714,4,B2023-00309
310,310,262065.0344299924,0.5481115727528273,0.6354208159109548,0,B2018-00310
311,311,637091.7647058824,0.2621897531131427,-0.0617503325509457,2,B2017-00311
312,312,248874.4394618834,0.6503796732233056,0.4938923422389827,0,B2019-00312
313,313,1283889.2686261109,0.5540123447181116,-0.0005986241568275,2,B2022-00313
314,314,1215460.3144224198,0.7236555645541871,-0.437472388581207,5,B2022-00314
315,315,268941.17647058825,0.4399239898387317,0.1492769580133087,3,B2017-00315
316,316,723592.6999316473,0.501298076677379,0.5507001644346524,0,B2022-00316
317,317,1090798.051948052,0.6298438184387094,-0.5714380306899449,5,B2022-00317
318,318,846385.9416445623,0.7054196419136805,-0.4918244596826686,5,B2023-00318
319,319,725961.7844136925,0.597930749760835,-0.0482482706213012,6,B2021-00319
320,320,693320.8875286918,0.4503142224360381,0.0487046181683254,6,B2018-00320
321,321,790000.0,0.5490986161752144,-0.0279627514540204,2,B2024-00321
322,322,227639.71003717472,0.6174821447314893,0.0976560507615793,3,B2020-00322
323,323,997398.5130111524,0.5104628599578441,-0.1033588912046053,6,B2020-00323
324,324,802150.2242152466,0.5104058251305343,-0.018697195304101,6,B2019-00324
325,325,815112.197309417,0.5587062208578789,0.0471876113269921,6,B2019-00325
326,326,548033.6648814079,0.5020650038311708,0.0303005473505757,6,B2018-00326
327,327,36456470.5882353,0.2555000302902883,0.0431902046421915,7,B2017-00327
328,328,192143.5294117647,0.4665088324765588,0.2371245924524648,3,B2017-00328
329,329,887576.2331838565,0.5063271006663657,-0.0640449274996229,6,B2019-00329
330,330,1050739.9103139013,0.7053595495616233,-0.3170381185235891,5,B2019-00330
331,331,820070.6319702602,0.6029375537249937,-0.0090638662657643,6,B2020-00331
332,332,791688.3116883117,0.5325581940779918,-0.0210241786798393,6,B2022-00332
333,333,1049541.3063660478,0.4469063818064424,0.0307628585237968,2,B2023-00333
334,334,873055.9416445623,0.765739798586878,-0.1645991872719344,5,B2023-00334
335,335,2260016.55,0.6775016583265695,0.1419107246499993,5,B2024-00335
336,336,1041695.1469583048,0.6270338761586475,0.3547213269760951,0,B2022-00336
337,337,780776.5550239235,0.4542881297306665,0.1128894489786169,2,B2022-00337
338,338,249196.9172932331,0.5517185934657542,0.0879660637805147,3,B2022-00338
339,339,260423.78673957623,0.5324509365422759,0.6586242597269185,0,B2022-00339
340,340,1033101.7597551649,0.3620267725525483,0.1372147792258225,2,B2018-00340
341,341,1399286.0,0.3407468599599724,0.1574042336043301,2,B2017-00341
342,342,1345234.6860986548,0.4660907455355216,0.4768180721006063,0,B2019-00342
343,343,202206.21076233184,0.5967626287405513,0.5338865369135124,0,B2019-00343
344,344,202206.21076233184,0.5967626287405513,0.5338865369135124,0,B2019-00344
345,345,900443.8892686261,0.6523869573549247,-0.4761146228090944,5,B2022-00345
346,346,262457.1748878924,0.5548766401555406,0.6064882520562869,0,B2019-00346
347,347,1240516.6367713003,0.3462877098093384,0.1158936852634197,2,B2019-00347
348,348,785717.0313695488,0.5609068452277004,-0.0294425204064862,6,B2018-00348
349,349,1485750.5882352942,0.3872588466727663,0.1903890132148535,2,B2017-00349
350,350,1437419.4261667945,0.4713858600187717,0.0675970704723538,2,B2018-00350
351,351,160169.41176470587,0.5583714465534461,0.6311521201925011,0,B2017-00351
352,352,204535.49327354247,0.6123721478831904,0.5228679471284426,0,B2019-00352
353,353,215423.871461362,0.5598617663304497,0.1381227954560419,3,B2018-00353
354,354,227387.26790450927,0.7058698038163862,-0.4458724771873748,4,B2023-00354
355,355,975238.7267904507,0.6197928096654247,-0.500861378324724,5,B2023-00355
356,356,698399.7811671087,0.7026632117499394,-0.4790731169830206,5,B2023-00356
357,357,756098.7969924812,0.6124080344146523,-0.0233565532605281,6,B2022-00357
358,358,1008945.099469496,0.706949759765925,-0.4806077525073943,5,B2023-00358
359,359,1188576.5647058825,0.4633829668682497,0.5776319917551104,0,B2017-00359
360,360,324840.94170403585,0.6647069169872335,0.5175317580662627,0,B2019-00360
361,361,2959847.0588235296,0.2926301670505782,0.1039220415467446,2,B2017-00361
362,362,1055056.2352941176,0.4034752919868929,0.2060076193653662,2,B2017-00362
363,363,835510.5882352941,0.2955788129065607,-0.0733644957967678,2,B2017-00363
364,364,197522.35294117648,0.518761579800562,0.0666766204143582,3,B2017-00364
365,365,664882.3529411765,0.3771338692605726,-0.0743499487444502,2,B2017-00365
366,366,1255656.4705882354,0.3686861701384935,0.2666472131640786,2,B2017-00366
367,367,514218.8217291508,0.2819190073775172,0.1001573779586531,2,B2018-00367
368,368,240829.5010252905,0.6945216771956959,-0.3511694381572914,4,B2022-00368
369,369,166566.4798206278,0.5661275231582168,0.1224800386927653,3,B2019-00369
370,370,254944.2379182156,0.5848813946814123,0.1491370505110062,3,B2020-00370
371,371,802719.730941704,0.5325540861892339,0.3818932277832108,0,B2019-00371
372,372,225809.4170403588,0.5912279632954569,0.5910172433737925,0,B2019-00372
373,373,188022.18821729155,0.4509890030288788,0.2587690778819166,3,B2018-00373
374,374,262356.5416985463,0.5245614172945792,0.6305191928207475,0,B2018-00374
375,375,1389056.206425154,0.4052446805192511,0.5821261186770553,0,B2022-00375
376,376,1393900.3060443767,0.4108844059203862,0.1372573632729037,2,B2018-00376
377,377,827741.1764705882,0.2621897531131427,-0.0617503325509457,2,B2017-00377
378,378,153332.82325937264,0.5429028845286329,0.1665938536342529,3,B2018-00378
379,379,1434352.9411764706,0.3045877928052795,0.051342119216851,2,B2017-00379
380,380,787101.1764705882,0.4624160378140139,0.0773873066719547,6,B2017-00380
381,381,233978.8235294117,0.4599759580418944,0.1036278890976257,3,B2017-00381
382,382,235829.38026013767,0.613293719801727,0.1005417618433106,3,B2018-00382
383,383,193269.3190512625,0.7008949375861875,0.484487214436596,0,B2018-00383
384,384,657931.9051262435,0.5386626227504729,0.0717635234245977,6,B2018-00384
385,385,715300.4484304932,0.6276268438765158,0.3764278784727156,0,B2019-00385
386,386,56654.2750929368,0.2996716819853103,0.1616259824607791,2,B2020-00386
387,387,189479.72456006124,0.6048715140973143,0.106548578367306,3,B2018-00387
388,388,235537.87299158383,0.6101850115772597,0.1012760163615745,3,B2018-00388
389,389,181900.5355776588,0.6022330643091418,0.4526485471947059,0,B2018-00389
390,390,244866.1055853099,0.0,0.0,2,B2018-00390
391,391,466411.6296863046,0.3815338967248538,0.09484030321359,2,B2018-00391
392,392,223221.17647058825,0.4731478015826402,0.1643781835611952,3,B2017-00392
393,393,3300000.0,0.1916825137232132,0.0957903825038044,2,B2024-00393
394,394,13296122.840848804,0.1308549749547923,-0.0225641860019432,7,B2023-00394
395,395,677101.8455228981,0.5430298780801863,0.5197615083786876,0,B2022-00395
396,396,4181049.243122677,0.2666927859375129,-0.0017035971064956,2,B2020-00396
397,397,8879825.200291332,0.3100036197510841,0.0555131823491901,2,B2021-00397
398,398,4556053.811659193,0.3210062657920842,-0.0054494702260132,2,B2019-00398
399,399,12500000.0,0.2985781448746518,0.1014245574524991,2,B2024-00399
400,400,1673411.7647058824,0.2619107684714662,0.0890254808728758,2,B2017-00400
401,401,268941.17647058825,0.4583533545780328,0.2649289767063383,3,B2017-00401
402,402,262065.0344299924,0.5581115270735608,0.2350139459845411,3,B2018-00402
403,403,2008260.3479553903,0.402514663719396,0.0580072743252724,2,B2020-00403
404,404,577805.1764705882,0.2802358625866621,0.1119291383273241,2,B2017-00404
405,405,1165154.5524100997,0.4478639277339762,0.090000998043127,2,B2018-00405
406,406,250055.5294117647,0.4509890030288788,0.2587690778819166,3,B2017-00406
407,407,1165837.2197309416,0.4298294069834035,0.1208016956039906,2,B2019-00407
408,408,4653000.0,0.4206036915830531,0.0014836114118177,2,B2024-00408
409,409,2200350.795755968,0.3012970096580772,0.0991704985399807,2,B2023-00409
410,410,4750000.0,0.2110210897092497,0.0591044052824632,2,B2025-00410
411,411,2136707.938820102,0.2110172460398438,0.1677793050517823,2,B2021-00411
412,412,26065413.925019134,0.2828092856700693,0.0588072732919816,7,B2018-00412
413,413,25627802.69058296,0.313144986845464,0.0533515130052282,7,B2019-00413
414,414,820496.1805661822,0.384833740005372,0.1626106477319147,2,B2018-00414
415,415,677101.8455228981,0.6036929143649739,-0.2969629037135843,5,B2022-00415
416,416,206455.93590677343,0.5629808635001008,0.0306716587106872,3,B2021-00416
417,417,300000.0,0.7522338516340754,-0.4569307051835981,4,B2024-00417
418,418,178040.49526584122,0.61903629722563,-0.0494955800900766,3,B2021-00418
419,419,899882.9380260139,0.2309600075343691,0.1489279804090813,2,B2018-00419
420,420,816220.3519510331,0.4594416108069337,0.5702938249578772,0,B2018-00420
421,421,7410823.529411765,0.198032728551031,0.1448772288986548,2,B2017-00421
422,422,1515837.79648049,0.1756289234190045,0.1281844730575913,2,B2018-00422
423,423,418352.9411764706,0.430168728164802,0.2827013686149481,2,B2017-00423
424,424,552046.5882352941,0.4340736624895471,0.6487037021746043,0,B2017-00424
425,425,2700000.0,0.6752537926020252,-0.5200265179252989,5,B2024-00425
426,426,294591.41545524105,0.4808590867696889,0.2601654200131693,3,B2018-00426
427,427,1063127.0084162203,0.5280576957277529,0.1952395414397576,6,B2018-00427
428,428,202597.55164498856,0.428934665773207,0.2781582594609531,3,B2018-00428
429,429,1203569.380260138,0.3854599066901402,0.1589939448733676,2,B2018-00429
430,430,300000.0,0.7148335393047895,-0.3222750060218677,4,B2024-00430
431,431,1730188.2352941176,0.3824273250083573,0.1026701366196166,2,B2017-00431
432,432,1015652.7682843473,0.4925015190679497,0.5581092823687694,0,B2022-00432
433,433,1232230.4832713755,0.5172769848789442,-0.0256030304504149,2,B2020-00433
434,434,738000.0,0.3812287896011869,0.0621323145683793,2,B2024-00434
435,435,1500000.0,0.3936240748347819,0.015360533565541,2,B2025-00435
436,436,537882.3529411765,0.4005970605102611,1.9934919500055187e-05,2,B2017-00436
437,437,932329.411764706,0.2942027663650641,-0.0420742465860836,2,B2017-00437
438,438,613039.7857689366,0.4210538299136945,-0.0874245663400431,2,B2018-00438
439,439,967647.3647058824,0.3841284305795273,0.1775249755141171,6,B2017-00439
440,440,257831.8965517241,0.6319066197879034,0.0312349672058229,3,B2023-00440
441,441,796980.872226473,0.5081045050543667,0.0832796907112939,6,B2018-00441
442,442,172192.2077922078,0.6793051434673,-0.4570144551067406,4,B2022-00442
443,443,733613.8072453862,0.6477776286915846,-0.5740989897808714,5,B2022-00443
444,444,156674.88063660476,0.6252248210775472,0.0472031732309343,3,B2023-00444
445,445,616472.1485411141,0.6771395847900171,-0.4925702428895503,5,B2023-00445
446,446,1368014.1176470588,0.2268046812696978,0.1640914372692932,2,B2017-00446
447,447,39865.470852017934,0.2785368527175614,0.0160108079448846,2,B2019-00447
448,448,2500000.0,0.7162208928309087,-0.4936111408803856,5,B2025-00448
449,449,253028.30910482025,0.5440241221305845,0.2271058408198339,3,B2018-00449
450,450,239058.8235294117,0.4509890030288788,0.2587690778819166,3,B2017-00450
451,451,818888.0269058296,0.4636148254304733,0.6535662516492864,0,B2019-00451
452,452,223850.13262599468,0.7302526149777206,-0.4709157436190538,4,B2023-00452
453,453,1605877.6470588236,0.3530904682384053,0.1498607871923794,2,B2017-00453
454,454,195910.31390134527,0.5438871784746859,0.2501914166009549,3,B2019-00454
455,455,174570.31529411764,0.662451904092606,0.5447142930263859,0,B2017-00455
456,456,192934.96240601505,0.6810428470228338,-0.4549272637824395,4,B2022-00456
457,457,1127623.3183856502,0.3774403576599754,0.1311740777421297,2,B2019-00457
458,458,1116617.600896861,0.3353740168322498,0.1265189090389979,2,B2019-00458
459,459,2122281.167108753,0.5626653005114127,0.0135501400310578,2,B2023-00459
460,460,200032.28768171387,0.5814480137266747,0.0686365130801383,3,B2018-00460
461,461,773355.2941176471,0.4790825604911786,0.581246778408237,0,B2017-00461
462,462,268941.17647058825,0.4427572231980741,0.1168002197521546,3,B2017-00462
463,463,690880.0,0.3542703540357029,0.1290193465647197,6,B2017-00463
464,464,597647.0588235294,0.306209515425381,0.0195879864684505,2,B2017-00464
465,465,230365.470852018,0.5354837489380027,0.1200213017999201,3,B2019-00465
466,466,1007742.1524663676,0.4129105014078875,0.1419409970750758,2,B2019-00466
467,467,185270.58823529413,0.4305689709926692,0.1144806552553977,3,B2017-00467
468,468,208758.3856502242,0.5309746515614222,0.6313431179688089,0,B2019-00468
469,469,231077.8117827085,0.5858403625545436,0.4723309580079276,0,B2018-00469
470,470,649337.2177713037,0.6101567665220393,-0.069877403997837,6,B2021-00470
471,471,794461.8834080717,0.3921442931690182,-0.0836738686236126,2,B2019-00471
472,472,169754.19628647214,0.5526389413530829,0.0617718001463743,3,B2023-00472
473,473,745726.6511936339,0.6934065210180085,-0.543028077813264,5,B2023-00473
474,474,1061161.3109978149,0.6908783858533628,-0.4660869993757402,5,B2021-00474
475,475,262356.5416985463,0.6898250003429216,0.5269769116623297,0,B2018-00475
476,476,254935.73977695167,0.6059374077735404,0.098793415289642,3,B2020-00476
477,477,112140.43049327354,0.5998571496919263,0.5966563927604677,0,B2019-00477
478,478,831820.1176470588,0.4478639277339762,0.090000998043127,2,B2017-00478
479,479,256278.0269058296,0.637967398126665,0.0769961559115283,3,B2019-00479
480,480,165776.07434944238,0.5109856340989385,0.5998514132329775,0,B2020-00480
481,481,820599.394618834,0.5973304656613923,0.0090702195359229,6,B2019-00481
482,482,1019559.1250854408,0.6846533829364473,-0.5049883265994044,5,B2022-00482
483,483,1043387.901572112,0.5246881946143112,0.014623450340955,6,B2022-00483
484,484,177527.92654934968,0.6133010956766959,0.0939629218107193,3,B2018-00484
485,485,1117295.3139013452,0.4439352746147609,0.0041197536676586,2,B2019-00485
486,486,825257.0772762052,0.5658199492999558,0.0084408339865487,6,B2018-00486
487,487,254944.2379182156,0.5948329375357558,0.5028962572715094,0,B2020-00487
488,488,797042.0101966496,0.626566825778204,-0.3173808551306998,5,B2021-00488
489,489,808488.0636604774,0.7188071622135005,-0.443525325233124,5,B2023-00489
490,490,300000.0,0.7180596435505971,-0.4497756840641187,4,B2025-00490
491,491,712512.950928382,0.5636453188986921,-0.4820159984663374,5,B2023-00491
492,492,891485.8968609865,0.6797223659942285,-0.133042566655217,6,B2019-00492
493,493,838564.3840856926,0.4485552632019228,0.5829499954777897,0,B2018-00493
494,494,1066501.1764705882,0.4005970605102611,1.9934919500055187e-05,2,B2017-00494
495,495,859405.6951672862,0.5414586623156247,0.0700586502326249,6,B2020-00495
496,496,157183.85650224215,0.6375108722463776,0.0430676814267005,3,B2019-00496
497,497,810761.7498291183,0.6793312410973859,-0.5240942638986301,5,B2022-00497
498,498,252652.5198938992,0.7485156816948384,-0.4816842592928153,4,B2023-00498
499,499,642227.5,0.7438735201317666,-0.476885276118558,5,B2024-00499
500,500,607905.0,0.7133129101220874,-0.498152015382455,5,B2024-00500
501,501,606366.0477453581,0.7196845497829844,-0.0206510724914089,5,B2023-00501
502,502,700000.0,0.5411479636518666,-0.0625857613310502,6,B2024-00502
503,503,254944.2379182156,0.6170566973737016,0.0750078098313237,3,B2020-00503
504,504,854763.6489439184,0.571316252249504,0.0456701841843048,6,B2021-00504
505,505,290448.43049327354,0.6194122377104635,0.0863547298897868,3,B2019-00505
506,506,991124.7130833972,0.4896938566703766,0.6070423663758059,0,B2018-00506
507,507,717347.9330855019,0.5222973381093987,0.5229918615654139,0,B2020-00507
508,508,218903.62081784385,0.6728817246341765,0.4761903599234479,0,B2020-00508
509,509,167452.49487354752,0.7070503504024772,-0.4827356264857156,4,B2022-00509
510,510,249428.7399854333,0.5684119416961597,0.5537117350665482,0,B2021-00510
511,511,1041591.3542600896,0.4778517103556868,0.6145406408253657,0,B2019-00511
512,512,1191977.5784753363,0.5730742829588705,-0.0681411342461428,6,B2019-00512
513,513,209608.2738528769,0.5806169845668131,0.0230829268270921,3,B2021-00513
514,514,256278.0269058296,0.657150081097944,0.537972312641177,0,B2019-00514
515,515,684922.3718386877,0.6653427942191618,-0.4190588194898665,5,B2022-00515
516,516,192619.75464190985,0.6480821020157367,0.0402462680595671,3,B2023-00516
517,517,750000.0,0.7072316749921403,-0.4889364165861268,5,B2024-00517
518,518,1250750.0,0.6696169929541692,-0.4916174091013069,5,B2024-00518
519,519,210760.20557029176,0.7347640387477173,-0.4522402936499303,4,B2023-00519
520,520,683723.1962864721,0.6350169423906197,-0.5714807456014495,5,B2023-00520
521,521,722295.0,0.6542101458614517,-0.5470641359410194,5,B2024-00521
522,522,900000.0,0.6163059653532752,-0.1141659768143635,6,B2024-00522
523,523,796990.0,0.5326516373838523,-0.0374523542806768,6,B2024-00523
524,524,176856.76392572944,0.3077904742449094,0.2197156360537184,2,B2023-00524
525,525,1141624.0856924255,0.419712634200513,0.0358069611118139,2,B2018-00525
526,526,700000.0,0.6552196371180511,-0.5472628339173651,5,B2024-00526
527,527,700000.0,0.5484618423197716,-0.0693940187080429,6,B2024-00527
528,528,700000.0,0.6809151445373913,-0.508765058207391,5,B2024-00528
529,529,600000.0,0.7379385727102253,-0.3956539193611657,4,B2024-00529
530,530,192741.17647058825,0.55475571806994,0.4856437549008461,0,B2017-00530
531,531,200000.0,0.6104514868815263,-0.0053578655104106,3,B2024-00531
532,532,1101853.041695147,0.7089980235374211,-0.0919360108483921,5,B2022-00532
533,533,1205155.294117647,0.5415610568768869,0.5893607376828731,0,B2017-00533
534,534,2102442.6689124666,0.1608073499878384,0.0669676746018106,2,B2023-00534
535,535,82950000.0,0.1598380620459579,0.002037500547712,1,B2024-00535
536,536,227387.26790450927,0.5405589213435875,0.0242493645115422,3,B2023-00536
537,537,909549.0716180372,0.5547658821111214,-0.0368255296314143,2,B2023-00537
538,538,975280.269058296,0.5977354166090675,-0.104511190119144,6,B2019-00538
539,539,831567.8805535324,0.6245373017513678,-0.5170938758899584,5,B2021-00539
540,540,249847.38179035965,0.658044339870485,0.4515069999812328,0,B2018-00540
541,541,224117.64705882352,0.4490873547080456,0.205082712537939,3,B2017-00541
542,542,196676.0847058824,0.4731478015826402,0.1643781835611952,3,B2017-00542
543,543,222696.39479724565,0.5688036368938953,0.6053032633095762,0,B2018-00543
544,544,233680.0,0.5169908685032325,0.1256356164028238,3,B2017-00544
545,545,187439.17368018365,0.6503796732233056,0.4938923422389827,0,B2018-00545
546,546,211567.05882352943,0.4731478015826402,0.1643781835611952,3,B2017-00546
547,547,987043.611323642,0.4691786639578848,0.6497106268897377,0,B2018-00547
548,548,380000.0,0.6052978176164214,0.0498417674590392,3,B2024-00548
549,549,172845.29147982062,0.654229809908938,0.0463725503409513,3,B2019-00549
550,550,664044.8430493274,0.5127334631401687,0.5926354866398869,0,B2019-00550
551,551,195173.97769516727,0.6638743817225052,-0.0017345469574285,3,B2020-00551
552,552,150785.37252221463,0.6970417128872511,-0.5189528350539268,4,B2022-00552
553,553,313078.806426932,0.6387103631658688,0.4875655684969527,0,B2018-00553
554,554,697414.1263940521,0.3927404950551524,0.0177200455322084,2,B2020-00554
555,555,844176.4705882353,0.4870684640012319,-0.0050893738574088,6,B2017-00555
556,556,176761.33828996282,0.5456031981094454,0.0268881689585226,3,B2020-00556
557,557,773897.3977695167,0.6151822910190378,-0.0815101185399519,6,B2020-00557
558,558,1361440.0,0.3763296456534487,0.1594923169559254,2,B2017-00558
559,559,268642.35294117645,0.4982363146460075,0.6674057604217176,0,B2017-00559
560,560,1567057.2490706318,0.4347253852285105,0.177916055509591,2,B2020-00560
561,561,739845.4475899007,0.4486385598255847,-0.0946058672176972,2,B2018-00561
562,562,242118.77647058823,0.4144630680299027,0.1830186078464037,3,B2017-00562
563,563,190075.0929368029,0.5607700430543209,0.0887295025699898,3,B2020-00563
564,564,952051.7647058824,0.3565046022761156,0.0181106595640103,2,B2017-00564
565,565,725266.8161434977,0.6093370442150028,-0.0644245667426786,6,B2019-00565
566,566,922331.5985130112,0.5675644581602297,0.5452871723395734,0,B2020-00566
567,567,198516.4498852334,0.5661275231582168,0.1224800386927653,3,B2018-00567
568,568,219336.4705882353,0.5169908685032325,0.1256356164028238,3,B2017-00568
569,569,1216168.3244070392,0.5727713980656433,0.1149891956683849,6,B2018-00569
570,570,189190.134529148,0.5606657259649399,0.6212849803698068,0,B2019-00570
571,571,1118767.4887892376,0.5716149716502661,0.5005990681100789,0,B2019-00571
572,572,1220333.0855018587,0.5909580846339456,-0.0335426446403991,6,B2020-00572
573,573,840852.716143841,0.3690142610253719,0.1453114722864298,2,B2018-00573
574,574,1293833.8565022422,0.4685725800581726,0.5881305584407122,0,B2019-00574
575,575,1498788.8475836432,0.4338310274701201,0.1193344517778532,2,B2020-00575
576,576,201122.67657992564,0.6728817246341765,0.4761903599234479,0,B2020-00576
577,577,800641.0313901345,0.4076059512313937,0.4947081846554141,0,B2019-00577
578,578,187766.8278500383,0.5962065318475285,0.0793347988607619,3,B2018-00578
579,579,974304.7436878348,0.4911527678744244,0.5929609668815703,0,B2018-00579
580,580,1335771.0588235294,0.3810408789370902,0.1233331916029415,2,B2017-00580
581,581,835032.4705882353,0.4562069631350685,0.1312454929190397,2,B2017-00581
582,582,997951.0588235294,0.3596378084214457,0.1478372337293225,2,B2017-00582
583,583,215152.9411764706,0.5256310655148577,0.1271398628132721,3,B2017-00583
584,584,818199.7411764706,0.467649357521183,-0.0024539303464508,6,B2017-00584
585,585,1250000.0,0.687606660677908,-0.5362364567456198,5,B2024-00585
586,586,500000.0,0.6254085705168229,0.0412994902496319,3,B2024-00586
587,587,880000.0,0.6800702243980968,-0.5465279018516175,5,B2024-00587
588,588,222550.6190823015,0.3089790264287073,0.1399117183440009,2,B2021-00588
589,589,776984.7050254915,0.3407298932258873,0.2220530467210634,2,B2021-00589
590,590,17820422.341239482,0.2692559026172024,0.0368488169702856,7,B2018-00590
591,591,262356.5416985463,0.5606657259649399,0.6212849803698068,0,B2018-00591
592,592,232484.7058823529,0.5849579465008093,0.5831047133065582,0,B2017-00592
593,593,159396.1744452946,0.5439713256796135,0.1127682284813882,3,B2018-00593
594,594,808932.6702371845,0.2336767901616719,0.0975114616421368,2,B2018-00594
595,595,1123576.4705882354,0.4706933599939722,0.5750483659532329,0,B2017-00595
596,596,843903.6098654708,0.6187906344445847,0.5287884062913065,0,B2019-00596
597,597,850000.0,0.674526626424028,-0.50439719409983,5,B2024-00597
598,598,1012541.169089518,0.3415548949470053,-0.03274244637242,2,B2018-00598
599,599,212170.6823529412,0.5492758989668726,0.6316319980281518,0,B2017-00599
600,600,1560906.7734887106,0.5799893547597407,0.561075228755582,0,B2021-00600
601,601,336141.1449814126,0.6728817246341765,0.4761903599234479,0,B2020-00601
602,602,233570.1989288448,0.5686506307381239,0.0767650210298544,3,B2018-00602
603,603,216073.31764705884,0.4399239898387317,0.1492769580133087,3,B2017-00603
604,604,281193.9461883408,0.5605909069611935,0.625634810141925,0,B2019-00604
605,605,971010.7115531754,0.4779471943120226,0.0033179331907495,2,B2018-00605
606,606,246767.264573991,0.5555985359487955,0.6303297286144599,0,B2019-00606
607,607,944133.741392502,0.4455481664940316,0.6006759201064741,0,B2018-00607
608,608,188449.7757847533,0.5606657259649399,0.6212849803698068,0,B2019-00608
609,609,1476580.3717472118,0.4594606038811171,-0.0053458866011134,2,B2020-00609
610,610,1312113.0111524162,0.5532637701770825,-0.0770616476023959,2,B2020-00610
611,611,1216510.5882352942,0.3026896426969895,-0.0016835205677458,2,B2017-00611
612,612,1002293.028024607,0.7281938557388798,-0.0860903126297281,5,B2022-00612
613,613,254944.2379182156,0.5911147006672071,0.0452831561436699,3,B2020-00613
614,614,164872.19730941704,0.6625253077642602,0.0404334868481347,3,B2019-00614
615,615,187380.8722264729,0.5109856340989385,0.5998514132329775,0,B2018-00615
616,616,269935.7306809488,0.5833285760168523,0.6245907914385609,0,B2018-00616
617,617,769526.2474367737,0.6925947030221686,-0.5098841678455237,5,B2022-00617
618,618,244179.9256505576,0.6655985251020157,0.4764091968665668,0,B2020-00618
619,619,1111961.8834080717,0.5608725762750583,0.4955160113160437,0,B2019-00619
620,620,1138130.07518797,0.4759188087893679,0.2321420308346974,2,B2022-00620
621,621,1612006.044376435,0.4763583782754294,0.6103446954335495,0,B2018-00621
622,622,191187.29411764705,0.4509890030288788,0.2587690778819166,3,B2017-00622
623,623,182115.16728624536,0.6012032016176219,0.0554620292224465,3,B2020-00623
624,624,1153677.3752563226,0.3553107377192411,0.1830747102979311,2,B2022-00624
625,625,812800.0,0.3565046022761156,0.0181106595640103,2,B2017-00625
626,626,1406601.2,0.4386527213937945,0.2255781437719779,2,B2017-00626
627,627,1176526.9893899204,0.7189264814904905,-0.4871234479779931,5,B2023-00627
628,628,1360988.5941644562,0.4568699705438095,-0.0408557872128117,2,B2023-00628
629,629,1158299.798206278,0.5718567966817021,-0.017220138753895,6,B2019-00629
630,630,213544.9008885851,0.6319524006344233,-0.276595852759408,4,B2022-00630
631,631,921032.1286472148,0.7185296336813096,-0.4594305031052336,5,B2023-00631
632,632,573046.6617100372,0.5268764102664297,0.5801333188524812,0,B2020-00632
633,633,217344.3302387268,0.5587479585570669,-0.0879871808928133,3,B2023-00633
634,634,221995.6300072833,0.3540152636376206,0.0413382634279487,2,B2021-00634
635,635,2375049.411764706,0.5118277671291911,0.2620601868644283,6,B2017-00635
636,636,1178560.0,0.3763296456534487,0.1594923169559254,2,B2017-00636
637,637,1131327.4535809015,0.6707982220301687,-0.4912754396771266,5,B2023-00637
638,638,217842.35294117648,0.5168517845339379,0.236333697480171,3,B2017-00638
639,639,227667.17674062744,0.628516483813873,0.1280506372518526,3,B2018-00639
640,640,925755.2941176472,0.2712375124629821,0.0803682506172965,2,B2017-00640
641,641,1005750.0,0.7048357607810972,-0.5156446975660057,5,B2025-00641
642,642,170365.07063197024,0.6323657308685523,0.0782492641594373,3,B2020-00642
643,643,200000.0,0.7375649596581167,-0.4812005785932192,4,B2024-00643
644,644,200000.0,0.7486053122737255,-0.4825234207717909,4,B2024-00644
645,645,197298.61616897304,0.6323657308685523,0.0782492641594373,3,B2021-00645
646,646,836027.1883289125,0.3950823756995201,0.1889281394352433,2,B2023-00646
647,647,193531.8302387268,0.7043406080976653,-0.440607401126404,4,B2023-00647
648,648,350000.0,0.6769964122965018,-0.4515354070701364,4,B2025-00648
649,649,1032997.2267657992,0.5958671544352107,-0.0163195241152008,6,B2020-00649
650,650,313661.8209640398,0.5189931941305922,0.019464334814896,3,B2018-00650
651,651,815255.0185873606,0.5888226806230321,-0.0505588978475809,6,B2020-00651
652,652,977421.6143497756,0.6131546025658658,0.3750424407279053,0,B2019-00652
653,653,249984.1561338289,0.5948329375357558,0.5028962572715094,0,B2020-00653
654,654,1287266.9472073454,0.4310847077393035,-0.0404679338812203,2,B2018-00654
655,655,205591.92825112108,0.5879504562875417,0.5754944600569425,0,B2019-00655
656,656,282138.28996282525,0.5386388351330986,0.0766090510325811,3,B2020-00656
657,657,1600000.0,0.3393462340433117,0.0226632066816701,2,B2025-00657
658,658,274005.1721499618,0.6034442758103966,0.2182751163854969,3,B2018-00658
659,659,280667.1524663677,0.5972796461693745,0.0610098902374414,3,B2019-00659
660,660,268343.5294117647,0.4625184289814394,0.2990169554472536,3,B2017-00660
661,661,500500.0,0.6589149489417246,-0.3193321973307527,4,B2025-00661
662,662,221485.3050397877,0.718081876209816,-0.4037944637455653,4,B2023-00662
663,663,1727618.3529411764,0.3530904682384053,0.1498607871923794,2,B2017-00663
664,664,1018864.8178438662,0.4797664175299505,0.6057909731877021,0,B2020-00664
665,665,1171827.6525198938,0.7658316501931112,-0.1398651914298233,5,B2023-00665
666,666,868082.3529411765,0.3114851132007211,-0.0312096001656223,2,B2017-00666
667,667,303183.02387267904,0.2831768465998298,0.0165251236849411,2,B2023-00667
668,668,909549.0716180372,0.5193196988321753,-0.0207113517909978,6,B2023-00668
669,669,814478.8550185873,0.4497009668952864,0.607217429798528,0,B2020-00669
670,670,599943.1900946831,0.5044057834932936,0.5188498996283615,0,B2021-00670
671,671,1567299.5294117648,0.4429260575326381,0.2042799603480063,6,B2017-00671
672,672,380619.8964705882,0.3605322695009448,0.0619946948319867,3,B2017-00672
673,673,166172.08885941643,0.7139670784037556,-0.4641472204549223,4,B2023-00673
674,674,1111556.87732342,0.5192283002814905,0.5973007382896501,0,B2020-00674
675,675,787069.625095639,0.5906737575589385,0.5377526344517614,0,B2018-00675
676,676,1111671.0875331564,0.4941796968875823,0.605865334739355,0,B2023-00676
677,677,740000.0,0.6809031289666493,-0.501946481472825,5,B2024-00677
678,678,780364.9579188984,0.4562069631350685,0.1312454929190397,2,B2018-00678
679,679,248959.77421704296,0.5757329359324957,0.5779270942282015,0,B2021-00679
680,680,1169202.6022304832,0.4752350915517087,0.6043731218385046,0,B2020-00680
681,681,860809.4170403588,0.549554813473606,0.1016576797281103,6,B2019-00681
682,682,187730.6809487376,0.6153535006085684,0.1806240575473391,3,B2018-00682
683,683,946524.1009946445,0.5935391939452956,0.491501677565996,0,B2018-00683
684,684,847598.673740053,0.5784702533825408,0.0067790998393201,6,B2023-00684
685,685,1096878.4977578474,0.5427820272947463,0.4397862906244941,0,B2019-00685
686,686,285871.87443946186,0.5748741096029844,0.1101310440014372,3,B2019-00686
687,687,166750.66312997346,0.7121726544506033,-0.4742864987471868,4,B2023-00687
688,688,187730.6809487376,0.5858403625545436,0.4723309580079276,0,B2018-00688
689,689,161065.88235294115,0.4731478015826402,0.1643781835611952,3,B2017-00689
690,690,1294204.705882353,0.4379859854981782,0.041400570907523,2,B2017-00690
691,691,798114.2676579925,0.4892880596509403,0.6196408425003961,0,B2020-00691
692,692,723341.8834080717,0.5783069520738106,-0.0822514654158724,6,B2019-00692
693,693,1428376.4705882354,0.4653373859432347,-0.1452085112744994,2,B2017-00693
694,694,977627.9265493498,0.4969575503114523,0.0691816204721681,6,B2018-00694
695,695,757819.7857689366,0.6244895027801458,-0.0870140458238158,6,B2018-00695
696,696,1619914.080656186,0.4176670686217121,0.5139418102714116,0,B2022-00696
697,697,862703.5294117647,0.4150965133432986,0.011267083166666,6,B2017-00697
698,698,276497.7937219731,0.6614583161189777,0.1056854523480446,3,B2019-00698
699,699,230843.85650224207,0.6163609487783694,0.4947555143972819,0,B2019-00699
700,700,700000.0,0.342545079164868,0.1024259962257831,2,B2025-00700
701,701,300000.0,0.7193806004294819,-0.3940365571550087,4,B2024-00701
702,702,252652.5198938992,0.7157639142981581,-0.3360899956155225,4,B2023-00702
703,703,149411.76470588235,0.4472339018727222,0.0877120940083035,3,B2017-00703
704,704,277660.1569506726,0.5523404523803692,0.6362092141178306,0,B2019-00704
705,705,262356.5416985463,0.4497361849107475,0.148603172746517,3,B2018-00705
706,706,262356.5416985463,0.4485203380872872,0.2525384694192604,3,B2018-00706
707,707,252652.5198938992,0.5686215659097669,0.0137686369741221,3,B2023-00707
708,708,253527.88104089216,0.6819617407225776,0.44193807149137,0,B2020-00708
709,709,172916.1859193438,0.6913868884266872,-0.4139073201570432,4,B2022-00709
710,710,268941.17647058825,0.5858403625545436,0.4723309580079276,0,B2017-00710
711,711,191861.33894414693,0.6438332453137936,0.4901488725906064,0,B2018-00711
712,712,1515837.79648049,0.3827280054884218,0.1544896474696003,2,B2018-00712
713,713,813888.2938026015,0.4222643366574885,0.0268452580447475,6,B2018-00713
714,714,265736.8773234201,0.5877719891051475,-0.018462742073398,3,B2020-00714
715,715,1512779.774117647,0.3974024707026715,-0.0014279921501189,2,B2017-00715
716,716,1583294.3643122676,0.4763867640853075,0.5749308164416258,0,B2020-00716
717,717,235062.7161438409,0.5343009024006452,0.1663518332087633,3,B2018-00717
718,718,190932.3034859877,0.7466519258882747,-0.1101463878910472,4,B2022-00718
719,719,262452.73909716913,0.5275019995094195,0.6579608016781813,0,B2018-00719
720,720,1014617.1522214127,0.4298852450622304,0.5929128191659367,0,B2021-00720
721,721,876399.1124713086,0.6358693882659211,0.533942997528702,0,B2018-00721
722,722,787648.0235294118,0.3620267725525483,0.1372147792258225,2,B2017-00722
723,723,119529.41176470587,0.5429028845286329,0.1665938536342529,3,B2017-00723
724,724,686737.5256322625,0.6490541498190419,0.019143595991807,6,B2022-00724
725,725,565676.3594164456,0.5882839028576352,-0.4070169245189534,5,B2023-00725
726,726,950000.0,0.6764681791891815,-0.5715242506075399,5,B2025-00726
727,727,125860.9865470852,0.648588713501225,0.5211906273063326,0,B2019-00727
728,728,1288176.5799256505,0.4647533233939606,0.5943237034644498,0,B2020-00728
729,729,789401.6832440705,0.4461618028172489,0.2129932281684967,6,B2018-00729
730,730,262065.0344299924,0.681004618339245,0.5463860249335105,0,B2018-00730
731,731,1159446.8400918136,0.5170736279051689,0.6300974714242634,0,B2018-00731
732,732,226197.9801071156,0.5190481461132831,0.1571683718292193,3,B2018-00732
733,733,1485100.4989747095,0.6777683570795577,-0.4791603870150204,5,B2022-00733
734,734,180648.9439184268,0.7005903476294348,-0.4979311611352883,4,B2021-00734
735,735,802105.2631578947,0.6603596236134945,-0.4797733936516193,5,B2022-00735
736,736,242515.8968609865,0.680824866575785,0.4781274894083829,0,B2019-00736
737,737,629839.9933687003,0.6607312264969525,0.1386670601386018,5,B2023-00737
738,738,711307.798408488,0.6188678619633924,0.0371267656366388,6,B2023-00738
739,739,147660.23872679044,0.7026525848013933,-0.4365303002140864,4,B2023-00739
740,740,240995.2,0.4744895749744774,0.1739010833536125,3,B2017-00740
741,741,841322.705882353,0.4478639277339762,0.090000998043127,2,B2017-00741
742,742,910962.4060150376,0.664918697516906,-0.3102493441272855,5,B2022-00742
743,743,865546.2968630453,0.4443305737151073,0.1259098883226056,6,B2018-00743
744,744,710460.9071618037,0.540349790810612,-0.1473581886641764,6,B2023-00744
745,745,981007.0788064272,0.3141416943499393,0.0341726766772408,2,B2018-00745
746,746,841038.8235294118,0.4478639277339762,0.090000998043127,2,B2017-00746
747,747,259441.4690130069,0.6225215342588694,-0.5528557931148823,4,B2018-00747
748,748,783510.8355437665,0.694760949080133,-0.530427176448415,5,B2023-00748
749,749,167452.49487354752,0.7070503504024772,-0.4827356264857156,4,B2022-00749
750,750,749088.1886534519,0.6715288979646149,-0.4971096372149521,5,B2022-00750
751,751,216446.021872864,0.6875852551960597,-0.4967847492570975,4,B2022-00751
752,752,1062952.1040550882,0.4559958370112214,0.3320986300459485,2,B2018-00752
753,753,1060070.6493506494,0.6740654928684601,-0.4694790911524032,5,B2022-00753
754,754,730517.3684210527,0.6037674924436529,-0.307263068484944,5,B2022-00754
755,755,854097.4117647059,0.4889856766757173,0.0260039721230971,6,B2017-00755
756,756,168988.3717472119,0.6270821250760565,-0.0369567230118941,3,B2020-00756
757,757,969227.0198222832,0.683423291996341,-0.5379754702284505,5,B2022-00757
758,758,1187063.7047163364,0.6592054645859305,-0.519313516086675,5,B2022-00758
759,759,234381.4080656186,0.6520893769355808,-0.2576320084440151,4,B2022-00759
760,760,262521.7472118959,0.5791130699362109,0.2047273108713765,3,B2020-00760
761,761,1199610.7115531757,0.5574367884043794,0.1585088154606799,6,B2018-00761
762,762,731342.9118250171,0.619884845613184,-0.2465037814858613,5,B2022-00762
763,763,1292112.9411764706,0.344237031616975,0.212823891196544,2,B2017-00763
764,764,1002530.01367054,0.5637298772977719,-0.1578833107612089,6,B2022-00764
765,765,1082321.2576896788,0.5820448035716312,0.5365105035742472,0,B2022-00765
766,766,749262.6725905674,0.675499959832313,-0.5076659896953477,5,B2022-00766
767,767,225204.07382091595,0.6434029961698968,-0.2386759496401939,4,B2022-00767
768,768,875552.9411764706,0.3530904682384053,0.1498607871923794,2,B2017-00768
769,769,268161.8447058824,0.5429028845286329,0.1665938536342529,3,B2017-00769
770,770,197641.9280795716,0.6133010956766959,0.0939629218107193,3,B2018-00770
771,771,804432.8071748879,0.5467362446237842,-0.0669324423975838,6,B2019-00771
772,772,1148382.156133829,0.4884502739449147,0.5094410269904649,0,B2020-00772
773,773,180963.28092959672,0.7449361525997901,0.0029461235307298,4,B2022-00773
774,774,596542.9177718833,0.619884845613184,-0.2465037814858613,5,B2023-00774
775,775,513976.4705882353,0.4005970605102611,1.9934919500055187e-05,2,B2017-00775
776,776,268941.17647058825,0.523672634534742,0.2455700189190691,3,B2017-00776
777,777,852367.2532517216,0.6202680456192807,0.3713081551799682,0,B2018-00777
778,778,1085750.887528692,0.5646289299804158,0.4533421066406893,0,B2018-00778
779,779,753549.2042846214,0.3926970879443799,-0.0178637819548057,2,B2018-00779
780,780,262592.56505576207,0.6068790269030568,-0.0023253972186599,3,B2020-00780
781,781,1124587.3605947956,0.5511367287386111,-0.0479606182590891,6,B2020-00781
782,782,225000.0,0.7462710347507326,-0.4231534861830854,4,B2024-00782
783,783,250000.0,0.7177550904289928,-0.4327752938105361,4,B2024-00783
784,784,222711.5531752105,0.5943128556861128,0.0946389215011084,3,B2018-00784
785,785,799675.092936803,0.5394570960703385,0.5648940749536648,0,B2020-00785
786,786,164126.91915513473,0.6323657308685523,0.0782492641594373,3,B2021-00786
787,787,1005408.5692425404,0.6384467212062612,0.5135318668442903,0,B2018-00787
788,788,1415228.2352941176,0.4361097449531769,0.2256062806487453,6,B2017-00788
789,789,255068.85998469783,0.5429028845286329,0.1665938536342529,3,B2018-00789
790,790,410044.8430493273,0.2777989352731918,-0.0537419449035961,2,B2019-00790
791,791,46641.16296863046,0.2984670191048806,0.1038460993494258,2,B2018-00791
792,792,848957.6470588235,0.569157093043209,0.3439827435910628,0,B2017-00792
793,793,956235.2941176472,0.4379859854981782,0.041400570907523,6,B2017-00793
794,794,1936549.7882352944,0.4001661618535768,0.1353871388478603,2,B2017-00794
795,795,821228.6995515695,0.5213497682446411,-0.1328170521369481,6,B2019-00795
796,796,192257.0823529412,0.5210637372217117,0.158974688992897,3,B2017-00796
797,797,1627305.6726457395,0.6494518311580841,0.5229579041927311,0,B2019-00797
798,798,2500000.0,0.5325543492671637,0.0178293047254875,2,B2024-00798
799,799,239058.8235294117,0.4583533545780328,0.2649289767063383,3,B2017-00799
800,800,757218.8235294118,0.550301697497158,0.0157188605651134,6,B2017-00800
801,801,1133085.501858736,0.2504661343775861,-0.0660048180058563,2,B2020-00801
802,802,1301660.2973977695,0.6729095577100404,-0.4898746400330058,5,B2020-00802
803,803,326488.14078041323,0.2808553434217721,0.2882590954884917,2,B2018-00803
804,804,268941.17647058825,0.5168517845339379,0.236333697480171,3,B2017-00804
805,805,262356.5416985463,0.5889986205911917,0.6125804299941151,0,B2018-00805
806,806,900000.0,0.7130999318069687,-0.5307403572077587,5,B2024-00806
807,807,1614131.286245353,0.4946959607415733,0.62830636100467,0,B2020-00807
808,808,750339.7092578425,0.5604589828517156,-0.0412151835966335,6,B2018-00808
809,809,288563.0451415456,0.5174534424904018,0.1570896985887309,3,B2018-00809
810,810,937525.6322624744,0.2685545400356719,0.0588421228044038,2,B2022-00810
811,811,260574.11764705885,0.3971578294727156,0.1236917275447146,3,B2017-00811
812,812,222936.0137719969,0.6731363773206469,0.5474830925613655,0,B2018-00812
813,813,741594.4912012243,0.6485900412294383,0.5084128527024676,0,B2018-00813
814,814,206383.64804896715,0.6590424771674691,0.5668138270267239,0,B2018-00814
815,815,1718237.1231828618,0.2866524867071928,-0.0101630203068988,2,B2018-00815
816,816,887697.1551724138,0.7046481397050003,-0.4685629745321024,5,B2023-00816
817,817,192490.1647058824,0.5450944267008012,0.6302404172551563,0,B2017-00817
818,818,1344774.2007434943,0.5199831737292212,0.6169072760340649,0,B2020-00818
819,819,268134.35294117645,0.4367519327065188,0.1913758949695626,3,B2017-00819
820,820,900000.0,0.7016951682161048,-0.4717849532712193,5,B2024-00820
821,821,7991842.680262199,0.2297293550130633,0.1166457925306143,2,B2021-00821
822,822,1323442.9992348894,0.433150119779177,0.1164816793497087,2,B2018-00822
823,823,587387.1461361898,0.4238840646400406,0.2797762914544089,2,B2018-00823
824,824,776522.4215246637,0.4478639277339762,0.090000998043127,2,B2019-00824
825,825,691710.6336489439,0.5417060257595557,0.0519967569643939,6,B2021-00825
826,826,1444135.228235294,0.3490566845651326,0.1262966084525973,2,B2017-00826
827,827,279698.82352941175,0.4674392807057486,0.1376804023845751,3,B2017-00827
828,828,214549.3496557001,0.5424484293013464,0.6432331521180314,0,B2018-00828
829,829,828338.8235294118,0.4387528386210408,0.0142532626308873,6,B2017-00829
830,830,227387.26790450927,0.7033188151876524,-0.4327662363838064,4,B2023-00830
831,831,900000.0,0.686555051368878,-0.5040515738524716,5,B2024-00831
832,832,332993.44501092494,0.2397682599678857,0.1655234958036963,2,B2021-00832
833,833,1047424.4702665756,0.526953957074649,0.5817402611398913,0,B2022-00833
834,834,819426.9319051264,0.4910157981336016,0.1433875044883465,6,B2018-00834
835,835,741947.3684210527,0.6078468019513275,-0.3033181858933017,5,B2022-00835
836,836,256135.65022421523,0.5521202303108524,0.0538817507124279,3,B2019-00836
837,837,836220.7792207793,0.7141234160027374,-0.4894714277886198,5,B2022-00837
838,838,793328.9124668435,0.6789336782384401,-0.5256706725188257,5,B2023-00838
839,839,1157152.2214129642,0.6138633968098827,-0.0107421538388802,6,B2021-00839
840,840,833710.7880642695,0.481278512491587,0.0670713198248015,6,B2018-00840
841,841,698037.5091041514,0.627394336352055,-0.3111727081511387,5,B2021-00841
842,842,1339590.3345724908,0.1989344832563225,0.0620704072266194,2,B2020-00842
843,843,254660.9665427509,0.6205975469955864,0.1527128366040181,3,B2020-00843
844,844,263459.5067264574,0.6785363257179903,0.5221935473261291,0,B2019-00844
845,845,518914.7851420248,0.4536719645963643,0.6652976511465424,0,B2021-00845
846,846,709028.2527881041,0.5142937591733642,0.6180477745380208,0,B2020-00846
847,847,857179.1821561338,0.4773581677355353,0.6340129975486759,0,B2020-00847
848,848,660588.847583643,0.515841777234066,0.6431270991967447,0,B2020-00848
849,849,598278.2228696285,0.562598005647765,0.506643588885461,0,B2021-00849
850,850,764774.945375091,0.5674730278052451,-0.3425758441786632,5,B2021-00850
851,851,859385.6502242152,0.4685725800581726,0.5881305584407122,0,B2019-00851
852,852,1072396.939556236,0.3732249903485731,0.1118630423402189,6,B2018-00852
853,853,234381.4080656186,0.719636628021615,-0.4477924409891886,4,B2022-00853
854,854,234875.29411764705,0.5161384298745456,0.2548182770147549,3,B2017-00854
855,855,291798.7758224943,0.4367519327065188,0.1913758949695626,3,B2018-00855
856,856,1016000.0,0.3763296456534487,0.1594923169559254,6,B2017-00856
857,857,257287.05882352943,0.6323657308685523,0.0782492641594373,3,B2017-00857
858,858,800000.0,0.3653158149959293,0.0930569541699973,2,B2025-00858
859,859,910000.0,0.2958935470179009,-0.0095720476134358,2,B2024-00859
860,860,450000.0,0.3187643775113751,0.0280253318271206,2,B2024-00860
861,861,725000.0,0.3454844066676266,0.1234186386334358,2,B2025-00861
862,862,1100000.0,0.4758799927501689,0.0074647169649802,3,B2024-00862
863,863,700000.0,0.3447243874594419,0.1200151959018545,2,B2025-00863
864,864,1100000.0,0.3347768110031378,0.0140597805476444,2,B2025-00864
865,865,1010610.0795755968,0.4110774871298691,0.069312405236582,2,B2023-00865
866,866,763041.6951469583,0.6104328618133987,-0.2833434791772415,5,B2022-00866
867,867,875693.6339522547,0.674451090772138,-0.4814673338044914,5,B2023-00867
868,868,880000.0,0.6542101458614517,-0.5470641359410194,5,B2024-00868
869,869,925640.52027544,0.5191965628896752,0.5110427153467236,0,B2018-00869
870,870,561788.2352941177,0.3521598252919797,0.1100214736013096,6,B2017-00870
871,871,167712.91866028708,0.6671426374729726,-0.3011892748478872,4,B2022-00871
872,872,839085.4408749146,0.5451075659076645,0.028941471315597,6,B2022-00872
873,873,1041555.470543229,0.469765064374379,0.6084285690143405,0,B2018-00873
874,874,1190811.7647058824,0.3189091527739853,0.1122416468967494,2,B2017-00874
875,875,765036.8832891247,0.6542101458614517,-0.5470641359410194,5,B2023-00875
876,876,707427.0557029177,0.6871466098494471,-0.5175888323848469,5,B2023-00876
877,877,890000.0,0.1731859541917072,0.0714639300894693,2,B2024-00877
878,878,410000.0,0.4172020537130156,0.0265071201170171,2,B2024-00878
879,879,800000.0,0.667320119400699,-0.5141463467099547,5,B2024-00879
880,880,742520.3007518797,0.4907834304909502,0.0874040917104766,6,B2022-00880
881,881,174544.0640932265,0.7203800413206928,-0.4470895826292011,4,B2021-00881
882,882,463350.0,0.7282286072625476,-0.430389241352815,4,B2025-00882
883,883,1019983.4880636605,0.4263031119144178,-0.0071509614230869,2,B2023-00883
884,884,166671.2235133288,0.7744897591387766,-0.1306429445113938,4,B2022-00884
885,885,809731.2267657992,0.6406804239137049,-0.1346938096939473,6,B2020-00885
886,886,217842.35294117648,0.5168517845339379,0.236333697480171,3,B2017-00886
887,887,146538.46153846153,0.7359070669287269,-0.4600675440878614,4,B2023-00887
888,888,298503.44299923495,0.4776657331759562,0.132397165199938,3,B2018-00888
889,889,262933.72609028313,0.5387702407076591,0.5832956854078023,0,B2018-00889
890,890,167433.95269993166,0.5773293852425775,0.0650388055942673,3,B2022-00890
891,891,181293.6802973977,0.5374397486306854,0.0149688259787335,3,B2020-00891
892,892,336236.14384085697,0.4723705554833419,0.2200469423286954,3,B2018-00892
893,893,206275.56445739247,0.6937256027690346,-0.4331501161109857,4,B2021-00893
894,894,196767.40627390976,0.6323657308685523,0.0782492641594373,3,B2018-00894
895,895,848929.4600136706,0.6240573970989228,-0.5129465376741501,5,B2022-00895
896,896,203911.8250170881,0.6668134029905827,-0.3326503871954577,4,B2022-00896
897,897,945644.8327137546,0.5886235090436378,0.5627737481425045,0,B2020-00897
898,898,622115.0036416606,0.583635617259689,0.4745810526283292,0,B2021-00898
899,899,776984.7050254915,0.692466558684338,-0.5147699245936332,5,B2021-00899
900,900,825457.6342769703,0.7211256500090082,0.4118953476963463,0,B2018-00900
901,901,686945.8646616541,0.5834439325159523,-0.0098024443596169,6,B2022-00901
902,902,1000000.0,0.715082736588031,-0.5506388640096384,5,B2025-00902
903,903,1000000.0,0.5937903196986186,-0.3025439054584414,5,B2025-00903
904,904,800000.0,0.6817215768807604,-0.4902939434445035,5,B2024-00904
905,905,711317.9045092838,0.5606348828707984,0.3727812693473152,0,B2023-00905
906,906,754066.7108753315,0.5323691767730234,-0.0310977929649447,6,B2023-00906
907,907,1000000.0,0.5861707137853113,-0.0192641805475495,6,B2024-00907
908,908,800000.0,0.6333891540948069,-0.0361870274831703,6,B2024-00908
909,909,300000.0,0.6010941816464055,0.0519210680200022,3,B2024-00909
910,910,1400000.0,0.3286390072281117,0.0151350420250067,2,B2025-00910
911,911,800000.0,0.5464839891031202,-0.038298293166395,6,B2024-00911
912,912,785521.949602122,0.6614136543149011,-0.540872304149954,5,B2023-00912
913,913,819892.2077922078,0.5451075659076645,0.028941471315597,6,B2022-00913
914,914,209176.4705882353,0.5256310655148577,0.1271398628132721,3,B2017-00914
915,915,769579.1889824026,0.4824222463687339,0.1636279292167013,6,B2018-00915
916,916,1206861.6367713003,0.5044344056934011,0.639120460727922,0,B2019-00916
917,917,263562.35294117645,0.4583533545780328,0.2649289767063383,3,B2017-00917
918,918,178931.25273124545,0.5928210877938651,0.5289877147530142,0,B2021-00918
919,919,514891.1143481427,0.5343637426916414,0.474479776379914,0,B2021-00919
920,920,396579.9256505576,0.3537461275441068,0.0115927142916787,2,B2020-00920
921,921,876956.896551724,0.6968493032034149,-0.5192185391285681,5,B2023-00921
922,922,1065654.135338346,0.5005269146118266,-0.023890171521301,6,B2022-00922
923,923,169731.76470588235,0.5275937936724733,0.1391455785458353,3,B2017-00923
924,924,1000000.0,0.6904120902869159,-0.4921604409573,5,B2025-00924
925,925,885582.9596412556,0.6148881850298752,-0.1226000220092423,6,B2019-00925
926,926,1053950.5882352942,0.5505100510642928,0.5097200177558442,0,B2017-00926
927,927,874192.8251121076,0.5895988828375334,-0.0275204574242281,6,B2019-00927
928,928,208225.8968609865,0.5214349630118809,0.6012435343099758,0,B2019-00928
929,929,250000.0,0.3121894972415079,0.0550769356326322,2,B2025-00929
930,930,263861.17647058825,0.5858403625545436,0.4723309580079276,0,B2017-00930
931,931,1188900.0,0.422861548997222,0.042302702309902,2,B2024-00931
932,932,235200.0,0.7339496151960692,-0.4160724002741033,4,B2024-00932
933,933,706090.0,0.7860250925375221,-0.1316359411247078,5,B2024-00933
934,934,1252914.798206278,0.3987329815370888,0.1347345810261895,2,B2019-00934
935,935,1062915.294117647,0.5147604599259095,0.5360481291918098,0,B2017-00935
936,936,985107.6235294116,0.381914326492809,-0.0887689639798251,2,B2017-00936
937,937,231588.23529411765,0.5180272730667485,0.0980236155974394,3,B2017-00937
938,938,289058.6074980873,0.5429028845286329,0.1665938536342529,3,B2018-00938
939,939,250000.0,0.737262851376284,-0.4040620042415376,4,B2025-00939
940,940,430000.0,0.5805797916419972,0.0677250030100458,3,B2024-00940
941,941,800000.0,0.6558631352500692,-0.4859076919082191,5,B2024-00941
942,942,250000.0,0.7320491443373603,-0.4166098947353127,4,B2024-00942
943,943,852000.0,0.567000559886989,-0.039537764842645,6,B2024-00943
944,944,900000.0,0.7114749411872552,-0.5196913853482704,5,B2025-00944
945,945,915775.0,0.6909291897215089,-0.51697886674302,5,B2025-00945
946,946,1500000.0,0.3172563082909563,0.0931860958751431,2,B2025-00946
947,947,700000.0,0.4484278581994471,-0.0972436341500815,3,B2025-00947
948,948,600000.0,0.4496236979072455,-0.1011160262900546,3,B2025-00948
949,949,850000.0,0.5715257191116069,-0.0884325943848813,6,B2025-00949
950,950,400000.0,0.4847441135352379,-0.0272630750891953,3,B2025-00950
951,951,1200000.0,0.5881636418862952,-0.0747584807323657,6,B2024-00951
952,952,800000.0,0.331288914995703,-0.0295634743756788,2,B2025-00952
953,953,300000.0,0.3330519146836838,-0.0215266298079642,2,B2025-00953
954,954,252000.0,0.5821584555865124,0.0003126973702424,3,B2025-00954
955,955,223705812.0,0.2297293550130633,0.1166457925306143,1,B2025-00955
956,956,173824.93368700266,0.7524412168428611,-0.3967565371220987,4,B2023-00956
957,957,162538.2980177717,0.6940092629271619,-0.4686750071184511,4,B2022-00957
958,958,700000.0,0.6649562891534211,-0.4805041032959485,5,B2025-00958
959,959,250000.0,0.696509836822821,-0.4624468307021018,4,B2024-00959
960,960,1100000.0,0.5795697577632362,-0.0708606672900752,2,B2025-00960
961,961,800000.0,0.639329551500876,-0.57305531576161,5,B2024-00961
962,962,1857000.0,0.669116957847939,-0.4920928474098619,5,B2024-00962
963,963,1067470.0,0.7413288317602929,-0.5371062432645232,5,B2025-00963
964,964,650000.0,0.6746294330025804,-0.5494925287506399,5,B2025-00964
965,965,250000.0,0.7086861516436809,-0.5315690830950806,4,B2025-00965
966,966,375000.0,0.4931680426756699,0.0639847416103548,3,B2025-00966
967,967,235000.0,0.7278262761001238,-0.4850773107635993,4,B2025-00967
968,968,350000.0,0.6221866309692502,0.0153491539919644,3,B2025-00968
969,969,244338.4774292273,0.5013820038583644,0.6024579968155604,0,B2018-00969
970,970,170852.01793721973,0.332994657329257,-0.0888678702568995,2,B2019-00970
971,971,1195294.1176470588,0.3318697962167733,0.0920905452207002,2,B2017-00971
972,972,779198.9288446826,0.5273549444253418,0.0552882903585992,6,B2018-00972
973,973,171437.5,0.7909731663184605,-0.116968158824782,4,B2024-00973
974,974,190051.76470588235,0.5429028845286329,0.1665938536342529,3,B2017-00974
975,975,299537.7578475336,0.5869823136457133,0.597644490796868,0,B2019-00975
976,976,1151725.6470588236,0.3415548949470053,-0.03274244637242,2,B2017-00976
977,977,300000.0,0.5679934555712922,0.0249252528251387,3,B2024-00977
978,978,280197.3094170403,0.5943128556861128,0.0946389215011084,3,B2019-00978
979,979,1303241.5455241012,0.5936622360927403,-0.0594894564834535,6,B2018-00979
980,980,1145915.0726855395,0.3763296456534487,0.1594923169559254,2,B2018-00980
981,981,28475336.32286996,0.3379691001148862,0.0831126855252463,7,B2019-00981
982,982,23642534.59577567,0.1826727873284007,0.0662572844731431,7,B2021-00982
983,983,1274966.0986547084,0.4703971012203589,0.6438756544623989,0,B2019-00983
984,984,48003978.77984085,0.3077406570576035,0.0381328652813633,7,B2023-00984
985,985,241449.41176470587,0.5864334404107153,0.4656184770879985,0,B2017-00985
986,986,995381.1764705882,0.3998867765084021,-0.0155035237870679,2,B2017-00986
987,987,188022.18821729155,0.5616396695140473,0.1359984966938992,3,B2018-00987
988,988,16563221.75,0.3135198099959457,0.0965465223782124,7,B2024-00988
989,989,13148235.294117648,0.2948049481112815,0.040832783909666,2,B2017-00989
990,990,9545812.09031318,0.2900657843331348,0.0310168828693504,2,B2021-00990
991,991,7973094.170403587,0.3420701959367326,-0.0034834598839919,2,B2019-00991
992,992,20405508.798775826,0.2855093386997507,0.2059344070194507,7,B2018-00992
993,993,20320000.0,0.3327824802070948,0.1620729091725082,7,B2017-00993
994,994,1477720.6023529412,0.218872109384357,0.1355921998715901,2,B2017-00994
995,995,7973094.170403587,0.2118849622700113,0.1767763788272526,2,B2019-00995
996,996,5549890.750182083,0.4036623137116477,-0.0400046553471934,2,B2021-00996
997,997,20000000.0,0.2666927859375129,-0.0017035971064956,7,B2024-00997
998,998,3331341.0799726592,0.3329417684198687,-0.0179039544751786,2,B2022-00998
999,999,5500000.0,0.3012970096580772,0.0991704985399807,2,B2025-00999
1000,1000,8964705.88235294,0.164423147982527,0.0992729709806024,2,B2017-01000
1001,1001,8053971.747211896,0.2414022881639849,0.0794276253687523,2,B2020-01001
1002,1002,848106.5053050398,0.7201570623439845,-0.5003632304008012,5,B2023-01002
1003,1003,16624535.809018567,0.313144986845464,0.0533515130052282,7,B2023-01003
1004,1004,156800.0,0.7207987678188236,-0.4270146995326569,4,B2024-01004
1005,1005,17216753.315649867,0.3660291782267424,0.0656877247627939,7,B2023-01005
1006,1006,10308222.811671088,0.253558801163242,0.0395999658826207,2,B2023-01006
1007,1007,886721.9730941703,0.4298294069834035,0.1208016956039906,2,B2019-01007
1008,1008,793208.768171385,0.4328030209662373,0.6235750444740443,0,B2018-01008
1009,1009,934056.3660477452,0.5119778404219996,-0.069611135872414,2,B2023-01009
1010,1010,1221232.0,0.4582905643182689,0.0517290554389729,6,B2017-01010
1011,1011,733014.1176470588,0.4238451505409385,0.1281876568003744,2,B2017-01011
1012,1012,825038.4468247897,0.5802997764431187,0.3107227149005331,0,B2018-01012
1013,1013,650000.0,0.7273277555772415,-0.1462287989677322,5,B2024-01013
1014,1014,262356.5416985463,0.6261940907431263,0.1679336735378565,3,B2018-01014
1015,1015,248305.8913542464,0.6323657308685523,0.0782492641594373,3,B2018-01015
1016,1016,234381.4080656186,0.6494130080016174,-0.2185952438959832,4,B2022-01016
1017,1017,744795.3386744355,0.4557555035716076,0.0892989979271681,2,B2021-01017
1018,1018,683488.2294429708,0.6434868359371074,-0.4875637266619486,5,B2023-01018
1019,1019,898345.4381697612,0.6549056687737105,-0.5438590290255213,5,B2023-01019
1020,1020,450000.0,0.3044671165683052,0.1579004892999465,2,B2025-01020
1021,1021,426290.0,0.7496663552626586,-0.3939724795981776,4,B2024-01021
1022,1022,361000.0,0.3108356435894414,0.1149086874612308,2,B2025-01022
1023,1023,650000.0,0.6542101458614517,-0.5470641359410194,5,B2024-01023
1024,1024,900000.0,0.6401369386920797,-0.0553895087259685,6,B2024-01024
1025,1025,706397.0,0.7798386449485244,-0.1610365761260148,5,B2024-01025
1026,1026,380000.0,0.7425092749967166,-0.4929460551892045,4,B2024-01026
1027,1027,1000000.0,0.6369555399874085,-0.0352794199500326,6,B2024-01027
1028,1028,300000.0,0.7324448031809667,-0.4187816628396818,4,B2024-01028
1029,1029,800000.0,0.6579441918794515,-0.0929049418602007,6,B2024-01029
1030,1030,210080.0,0.729490099470804,-0.3982872068233131,4,B2024-01030
1031,1031,400000.0,0.7281173160992068,-0.3740557703621613,4,B2024-01031
1032,1032,950000.0,0.5311082042143728,-0.0708863853345629,6,B2024-01032
1033,1033,1040000.0,0.2651298442248191,0.0357385331243432,2,B2024-01033
1034,1034,1050000.0,0.2924727357339494,0.029609013152512,2,B2025-01034
1035,1035,808488.0636604774,0.6710748471525411,-0.5145571900399178,5,B2023-01035
1036,1036,1234975.33632287,0.4323166988285882,0.1520397877360279,2,B2019-01036
1037,1037,336500.0,0.6214929709627138,0.0396925231740831,3,B2024-01037
1038,1038,750000.0,0.5311082042143728,-0.0708863853345629,6,B2024-01038
1039,1039,700000.0,0.3281470118953862,-0.0012734424099901,2,B2025-01039
1040,1040,382125.0,0.6052978176164214,0.0498417674590392,3,B2025-01040
1041,1041,1055589.2206846322,0.7278582984092524,-0.1018769819648216,5,B2021-01041
1042,1042,1010610.0795755968,0.6201227730997281,-0.1131345920033469,6,B2023-01042
1043,1043,632250.0,0.7126172001324982,-0.528287948577054,5,B2024-01043
1044,1044,205910.0,0.7156514491135196,-0.4511561772460227,4,B2024-01044
1045,1045,812500.0,0.6879390476205947,-0.5110505016548262,5,B2024-01045
1046,1046,1200000.0,0.6311288120299388,-0.0206878609303889,6,B2024-01046
1047,1047,150000.0,0.5936217236803181,0.085811714469935,3,B2024-01047
1048,1048,996373.0706319702,0.333424213553499,0.0563299961797683,2,B2020-01048
1049,1049,796745.0910415149,0.542900003054177,0.0420504070451254,6,B2021-01049
1050,1050,1171859.2195868404,0.6351413399699039,0.5275087199265553,0,B2018-01050
1051,1051,158726.87545520757,0.5687858564092294,0.0261032081159114,3,B2021-01051
1052,1052,783006.3364894391,0.5632887994507808,0.0242340840722995,6,B2021-01052
1053,1053,794022.8696285506,0.6010628969023546,-0.3365468051692485,5,B2021-01053
1054,1054,648757.3205741628,0.6212634552407089,-0.3352862971098634,5,B2022-01054
1055,1055,1045861.927546138,0.6548723851339696,-0.5496728217965192,5,B2022-01055
1056,1056,230902.9074215761,0.4969309459263992,0.1827313720215827,3,B2018-01056
1057,1057,249745.0837581937,0.5927001497052115,0.0835291915407326,3,B2021-01057
1058,1058,231106.96250956392,0.574157067965556,0.1387122900374374,3,B2018-01058
1059,1059,800000.0,0.6681145522110726,-0.5058857431112272,5,B2024-01059
1060,1060,731683.2440703904,0.5089768860442655,0.4905227683504898,0,B2018-01060
1061,1061,296225.0,0.6235165984256354,-0.3284178783785551,4,B2024-01061
1062,1062,1005924.9814126394,0.5530328005803952,-0.0804341101443044,6,B2020-01062
1063,1063,1223747.5133894417,0.6066374575071009,0.0524269867167887,2,B2018-01063
1064,1064,1299300.2447058824,0.3884533121127106,0.1640650440140721,2,B2017-01064
1065,1065,1480717.4887892376,0.4278078307917914,0.212926615675851,2,B2019-01065
1066,1066,1982899.628252788,0.3115297132638671,0.1430729674202567,2,B2020-01066
1067,1067,1101594.0134529148,0.4076844693853373,0.5643550931500483,0,B2019-01067
1068,1068,827880.6426931907,0.5485982964140804,0.0444286171175214,6,B2018-01068
1069,1069,167796.6445623342,0.7152366135284594,-0.375378257096642,4,B2023-01069
1070,1070,837420.2403495994,0.6344382883214794,0.2973258474913682,5,B2021-01070
1071,1071,647729.1507268555,0.5281857429772907,0.5835053339861551,0,B2018-01071
1072,1072,820884.4682478961,0.5451388442351529,0.4823605783153909,0,B2018-01072
1073,1073,1218158.3048530417,0.552660341425991,-0.018368091288647,2,B2022-01073
1074,1074,1010655.7000765112,0.4697068725454421,0.183256744701277,6,B2018-01074
1075,1075,797408.9219330854,0.5076579771061348,0.6071888635332116,0,B2020-01075
1076,1076,740484.705882353,0.3713394295224759,0.2223784829857734,2,B2017-01076
1077,1077,859969.8917647059,0.3530904682384053,0.1498607871923794,2,B2017-01077
1078,1078,226244.6212700842,0.5280420999888642,0.1778163805342328,3,B2018-01078
1079,1079,194489.39461883408,0.6898862595371651,0.1216564902867354,3,B2019-01079
1080,1080,786499.9927166788,0.5844990040354352,-0.0552571525363903,6,B2021-01080
1081,1081,787781.9548872181,0.6534306172571112,-0.0086206043220947,6,B2022-01081
1082,1082,781622.9323308271,0.6935618732042064,-0.4893278786325246,5,B2022-01082
1083,1083,164554.26074289874,0.6562353552375269,0.0082731586145281,3,B2021-01083
1084,1084,718288.4850803368,0.4859715684969277,0.6055602057785382,0,B2018-01084
1085,1085,825852.6117647059,0.3813162036354246,-0.0847006058320971,2,B2017-01085
1086,1086,186017.64705882352,0.5212834654046222,0.2242144681685323,3,B2017-01086
1087,1087,251828.2527881041,0.5829066277852011,0.5916916455542336,0,B2020-01087
1088,1088,1157446.8401486988,0.5036108878049858,0.6081376143784295,0,B2020-01088
1089,1089,824067.7276205051,0.4126706514587593,0.2999571128495275,2,B2018-01089
1090,1090,12577249.07063197,0.1751638638551069,0.1192602019589986,2,B2020-01090
1091,1091,873325.6505576208,0.547222890821924,-0.0844582790526418,6,B2020-01091
1092,1092,232039.78576893653,0.4913533745907693,0.6203658554897712,0,B2018-01092
1093,1093,1792941.1764705882,0.3530904682384053,0.1498607871923794,2,B2017-01093
1094,1094,690128.9147851419,0.4425286680520335,-0.0638986513352641,2,B2021-01094
1095,1095,971508.3758193736,0.6035170314362281,-0.1182439419088072,6,B2021-01095
1096,1096,184256.3729060452,0.5661275231582168,0.1224800386927653,3,B2021-01096
1097,1097,596438.1818181819,0.5496590381747882,0.4164883933245362,0,B2022-01097
1098,1098,256278.0269058296,0.6323657308685523,0.0782492641594373,3,B2019-01098
1099,1099,808619.0823015295,0.5817923224476411,-0.0531582000185904,6,B2021-01099
1100,1100,255007.6434583015,0.5598617663304497,0.1381227954560419,3,B2018-01100
1101,1101,202122.0159151193,0.7184185858281307,-0.441670509364976,4,B2023-01101
1102,1102,654622.6790450928,0.6607150760821812,-0.4852535501979385,5,B2023-01102
1103,1103,187730.6809487376,0.4995267590364846,0.1434421915732411,3,B2018-01103
1104,1104,125820.9549071618,0.6511694961088592,-0.2189260169260004,4,B2023-01104
1105,1105,1193025.198938992,0.7115205285457638,-0.5147278751330777,5,B2023-01105
1106,1106,466649.2042440318,0.6608024377708043,-0.5213108620480486,5,B2023-01106
1107,1107,249256.6933721777,0.5866174068153361,0.0866656866156031,3,B2021-01107
1108,1108,2054849.3114001527,0.3558791344671041,0.1692138994714054,2,B2018-01108
1109,1109,316185.1133561176,0.3077904742449094,0.2197156360537184,2,B2022-01109
1110,1110,1132840.0,0.4711932474108912,0.571803669651129,0,B2017-01110
1111,1111,17929411.76470588,0.291809542183227,0.0283126925287319,7,B2017-01111
1112,1112,32033882.352941178,0.3929641967742793,-0.2442351252020585,7,B2017-01112
1113,1113,57605741.62679426,0.1796234345339894,-0.0489187345953369,7,B2022-01113
1114,1114,1008828.2352941176,0.3345208182891866,-0.0921697558733484,2,B2017-01114
1115,1115,39376076.55502392,0.4039856533328581,0.0531777191715086,7,B2022-01115
1116,1116,790581.9373634377,0.5903271313880695,-0.3054281807604184,5,B2021-01116
1117,1117,983801.4869888476,0.684915074990917,0.0144458619844402,6,B2020-01117
1118,1118,1208297.628156083,0.5717637911617643,0.4992957058064442,0,B2018-01118
1119,1119,783222.8116710875,0.5020099829946542,0.4874016669458224,0,B2023-01119
1120,1120,467154.5092838197,0.6089753476748423,-0.3029273787905632,5,B2023-01120
1121,1121,159917488.78923765,0.3650891956992295,-0.1661256932873979,1,B2019-01121
1122,1122,95618015.24663676,0.1902231347195124,0.1872672332605964,1,B2019-01122
1123,1123,19489070.63197026,0.2207240090216301,0.0436441026344881,7,B2020-01123
1124,1124,75522898.1544771,0.2297293550130633,0.1166457925306143,1,B2022-01124
1125,1125,69961744.4529457,0.2151613558562816,-0.0622893162661233,1,B2018-01125
1126,1126,10494261.667941852,0.1862497379554966,0.0195906279303654,2,B2018-01126
1127,1127,851647.0588235294,0.5659876641236813,0.4976873531799514,0,B2017-01127
1128,1128,617967.0588235294,0.3151546798186864,0.0218694820087382,2,B2017-01128
1129,1129,207902.9839326703,0.6048715140973143,0.106548578367306,3,B2018-01129
1130,1130,207843.408594319,0.6458829240564125,-0.0026585989847223,3,B2021-01130
1131,1131,23598000.0,0.2600355199515631,0.1452472169434899,7,B2025-01131
1132,1132,236701.56133829,0.6992139714915497,0.3715334886245433,0,B2020-01132
1133,1133,898379.3037135279,0.6656140550986129,-0.296467650180392,5,B2023-01133
1134,1134,268941.17647058825,0.4427572231980741,0.1168002197521546,3,B2017-01134
1135,1135,225763.6342769702,0.5636759447472988,0.6394665481411673,0,B2018-01135
1136,1136,861968.8790157211,0.6678494227602664,-0.5155247645152239,5,B2022-01136
1137,1137,247165.9192825112,0.5603052552623197,0.0687235243447641,3,B2019-01137
1138,1138,726729.7082228117,0.7718101034084666,-0.1390457297498093,5,B2023-01138
1139,1139,221846.58823529413,0.4583533545780328,0.2649289767063383,3,B2017-01139
1140,1140,199744.55570291777,0.717250812841399,-0.3979466697167865,4,B2023-01140
1141,1141,37222059.33014354,0.1608073499878384,0.0669676746018106,7,B2022-01141
1142,1142,1808802.3408071748,0.3791526459922812,0.2327211613934807,2,B2019-01142
1143,1143,581353.448275862,0.5928646574625436,-0.0700465984946797,6,B2023-01143
1144,1144,10308222.811671088,0.339110551127768,-0.0861713895224511,2,B2023-01144
1145,1145,116608396.42152466,0.4228801109774372,-0.0849130673768825,1,B2019-01145
1146,1146,957685.9143075749,0.4072118765676195,-0.0492625314567711,2,B2018-01146
1147,1147,700000.0,0.6558631352500692,-0.4859076919082191,5,B2024-01147
1148,1148,189744.9961744453,0.5271096238537554,0.2356371118292235,3,B2018-01148
1149,1149,36448430.49327354,0.2209655099221522,0.1191482764339532,7,B2019-01149
1150,1150,18922527.88104089,0.313144986845464,0.0533515130052282,7,B2020-01150
1151,1151,15863197.026022304,0.2880863920975935,0.0250757391568049,7,B2020-01151
1152,1152,90449602.12201592,0.2684076731066085,0.1041990637867271,1,B2023-01152
1153,1153,41456467.62331838,0.2151445096724253,0.102583511260282,7,B2019-01153
1154,1154,77694117.64705883,0.2385994250259311,0.1423914240416878,1,B2017-01154
1155,1155,23710800.0,0.2680368995380489,0.1007550499442069,7,B2024-01155
1156,1156,21366912.0,0.1837404963207582,0.0093314253835379,7,B2024-01156
1157,1157,738690.4588492352,0.6113922899206761,-0.3184135737270869,5,B2021-01157
1158,1158,228464.57963089543,0.5914227388853514,0.0075279155654232,3,B2022-01158
1159,1159,418572.7603787327,0.2310215407887289,0.1126035743541491,2,B2021-01159
1160,1160,261490.7651109412,0.6388777361833966,0.5260044651722485,0,B2018-01160
1161,1161,254802.6022304833,0.6186586867999978,0.0895916496494885,3,B2020-01161
1162,1162,27749.45375091041,0.1631190910419877,0.0846599165983947,2,B2021-01162
1163,1163,163009.66507177037,0.7148272557173588,-0.4422980174727892,4,B2022-01163
1164,1164,32292549.55570745,0.3148609329110549,0.0853961467371329,7,B2022-01164
1165,1165,824091.0482019895,0.5797627958015849,0.4291564642181174,0,B2018-01165
1166,1166,250000.0,0.7193786524176847,-0.4106087741500111,4,B2024-01166
1167,1167,1000000.0,0.7234365376514424,-0.4791696670734991,5,B2025-01167
1168,1168,250000.0,0.7062542577685985,-0.4365852929236698,4,B2025-01168
1169,1169,182273.7992565056,0.596652949919832,-0.0086102480210246,3,B2020-01169
1170,1170,300000.0,0.7427021901109558,-0.41743838749368,4,B2024-01170
1171,1171,983060.7313738893,0.6846533829364473,-0.5049883265994044,5,B2022-01171
1172,1172,166457.67600820234,0.66414058762854,-0.4766863793107748,4,B2022-01172
1173,1173,733053.8961038961,0.3822926479744337,0.0858517778700214,2,B2022-01173
1174,1174,1345306.0443764348,0.6033789997604794,0.541884869297002,0,B2018-01174
1175,1175,825670.8520179372,0.5022698391916455,0.6104328340430285,0,B2019-01175
1176,1176,1016168.4350132626,0.6677701148627686,-0.4645215900095938,5,B2023-01176
1177,1177,900000.0,0.6970585109377279,-0.5173385922234647,5,B2024-01177
1178,1178,94348142.7530954,0.3349291960620743,-0.0264994872155203,1,B2021-01178
1179,1179,28135197.652519893,0.2849389432787616,0.0649179417208155,7,B2023-01179
1180,1180,14248197.893663509,0.2587800058796931,0.0494462079294896,7,B2021-01180
1181,1181,86912466.84350133,0.3039638482505132,-0.0051421386112959,1,B2023-01181
1182,1182,24953022.188217297,0.1929434699306619,0.1803785772298799,7,B2018-01182
1183,1183,19909018.567639258,0.3259722082945772,0.0992265250924394,7,B2023-01183
1184,1184,1257866.5427509292,0.5063271006663657,-0.0640449274996229,6,B2020-01184
1185,1185,300000.0,0.6751434517767166,-0.221102221621325,4,B2024-01185
1186,1186,350000.0,0.733308239820916,-0.4912124357606213,4,B2024-01186
1187,1187,350000.0,0.7544514363348716,-0.4257258670628615,4,B2024-01187
1188,1188,257705.5702917772,0.5485603054434892,-0.0260274067922596,3,B2023-01188
1189,1189,1334456.2352941176,0.3530904682384053,0.1498607871923794,2,B2017-01189
1190,1190,849467.0,0.546188695267486,0.0357317912212456,3,B2025-01190
1191,1191,900000.0,0.714597026203067,-0.4993232235710451,5,B2024-01191
1192,1192,52084.75734791524,0.3468336386699875,0.0010313013321193,2,B2022-01192
1193,1193,950000.0,0.6597794556507346,-0.451334946606367,5,B2024-01193
1194,1194,300000.0,0.7348591442512526,-0.4707665565147125,4,B2024-01194
1195,1195,1800000.0,0.3482671106473495,0.0667478416265515,2,B2024-01195
1196,1196,727900.0,0.6826679196813547,-0.5175312486623787,4,B2024-01196
1197,1197,1100000.0,0.4795055638591134,-0.1018739498551539,6,B2025-01197
1198,1198,1359702.6022304832,0.3358610682443189,0.2544684629341352,2,B2020-01198
1199,1199,171219.67953386743,0.5412094954268147,0.0581482998729308,3,B2021-01199
1200,1200,17000000.0,0.2650525611273599,-0.025407669823336,7,B2024-01200
1201,1201,703667.5,0.5286953376519604,-0.032124417288273,6,B2024-01201
1202,1202,703675.0,0.533673064073951,-0.0280986124521245,6,B2024-01202
1203,1203,187754.00153022195,0.5361505961739267,0.6142563935700202,0,B2018-01203
1204,1204,845856.4593301435,0.5861008174668815,-0.2841855902697934,5,B2022-01204
1205,1205,584458.0,0.5263932015516621,0.047383760529833,3,B2024-01205
1206,1206,605300.0,0.5686894893667754,0.0288928794422831,3,B2025-01206
1207,1207,3537135.2785145887,0.384833740005372,0.1626106477319147,2,B2023-01207
1208,1208,212733.4217506631,0.7340080110302725,0.1430558902579315,4,B2023-01208
1209,1209,518190.31830238726,0.7091690113291091,-0.4921548598608794,5,B2023-01209
1210,1210,300000.0,0.5832234093193915,0.0896132769131754,3,B2024-01210
1211,1211,1500000.0,0.4950381756512137,-0.02010897340312,2,B2024-01211
1212,1212,1430000.0,0.3090180220367686,0.0393662935132809,2,B2024-01212
1213,1213,1000000.0,0.7077074519400921,-0.5177852220291469,5,B2024-01213
1214,1214,620000.0,0.6865764986044938,-0.2700639710214465,4,B2024-01214
1215,1215,711909.1114058355,0.6565629512160308,-0.5399448892332238,5,B2023-01215
1216,1216,1975057.0,0.170969024443445,0.166880363814264,2,B2024-01216
1217,1217,153502.5,0.7080681536349488,-0.5174146175425169,4,B2024-01217
1218,1218,620089.293517844,0.4829517615399373,0.5994227952768753,0,B2021-01218
1219,1219,682914.0568099052,0.6978679923785822,-0.5134275879981424,5,B2021-01219
1220,1220,903000.0,0.6955948333156824,-0.5320491346998633,5,B2024-01220
1221,1221,714930.8355437665,0.7035453586894066,-0.4799212467974949,5,B2023-01221
1222,1222,700000.0,0.5613349296079053,-0.0451064831147102,6,B2024-01222
1223,1223,817330.9018567639,0.2641181189179992,0.0445960895369138,2,B2023-01223
1224,1224,1163172.5,0.6047768208240114,0.0502061145963269,6,B2024-01224
1225,1225,162397.46021220158,0.6166554734572833,0.0573144589310265,3,B2023-01225
1226,1226,867356.100795756,0.4242567889072235,0.113204463802753,2,B2023-01226
1227,1227,828000.0,0.4267247730007474,0.1616035485646468,2,B2024-01227
1228,1228,1153730.1552941178,0.366121658565521,-0.0970366261884127,2,B2017-01228
1229,1229,642242.7055702917,0.6035236193349917,-0.0484489317820337,6,B2023-01229
1230,1230,1180000.0,0.7060780339229166,-0.5297084393924616,5,B2024-01230
1231,1231,472000.0,0.6052978176164214,0.0498417674590392,3,B2025-01231
1232,1232,710946.5053050398,0.6357652442102961,-0.0604091247100833,6,B2023-01232
1233,1233,162910.3448275862,0.6576334079510749,0.0434500210282439,3,B2023-01233
1234,1234,19424617.62563729,0.3614598259814835,0.0520274759746645,7,B2021-01234
1235,1235,1005840.0,0.4893955974222682,-0.0234179670664727,6,B2017-01235
1236,1236,5364730.006835271,0.3091251607379222,0.1175508983112594,2,B2022-01236
1237,1237,18593995.29411765,0.2154520267199073,-0.054882143847797,7,B2017-01237
1238,1238,5467264.573991031,0.2515858474125946,0.1244778502589315,2,B2019-01238
1239,1239,2423592.825112108,0.3402898664745635,-0.0134655623291745,2,B2019-01239
1240,1240,9064684.014869887,0.3302473496407508,-0.0282280803062183,2,B2020-01240
1241,1241,46876281.61312372,0.2373890540015531,-0.0947221509779487,7,B2022-01241
1242,1242,40811017.59755165,0.2753795657171632,0.09872782352227,7,B2018-01242
1243,1243,784685.0,0.5832452663565092,-0.34147968176963,5,B2024-01243
1244,1244,242345.8823529412,0.4399239898387317,0.1492769580133087,3,B2017-01244
1245,1245,859117.6470588235,0.6170319131222246,-0.0187685256444293,6,B2017-01245
1246,1246,12431755.280407865,0.2381179982663065,-0.0089257217017562,7,B2021-01246
1247,1247,688277.3542600897,0.4922366820802429,-0.0054606112229428,6,B2019-01247
1248,1248,601031.0408921933,0.5473593388915051,-0.0275308925980432,6,B2020-01248
1249,1249,449541.1507647487,0.3867370557785486,0.0823274095957495,2,B2021-01249
1250,1250,827975.0,0.647601062767261,-0.5507597350337062,5,B2024-01250
1251,1251,777158.377964805,0.4539166119072177,0.1160709787502741,6,B2018-01251
1252,1252,1185268.5539403216,0.3311873472918837,0.053893850751463,2,B2018-01252
1253,1253,2164125.5605381164,0.4465638930545114,0.1701910436330663,2,B2019-01253
1254,1254,694428.6151491968,0.4428292989972777,-0.0045639370457553,2,B2018-01254
1255,1255,612165.2639632748,0.2876171663473899,0.0294467779997669,2,B2018-01255
1256,1256,612165.2639632748,0.3004067597255662,0.0484323555142049,2,B2018-01256
1257,1257,812469.6860986546,0.5976310245603269,-0.1324582497468425,6,B2019-01257
1258,1258,696748.7668161435,0.6263354049777474,0.4032411399148639,0,B2019-01258
1259,1259,268941.17647058825,0.4725345591317395,0.0752297412013115,3,B2017-01259
1260,1260,181078.3940520446,0.5948329375357558,0.5028962572715094,0,B2020-01260
1261,1261,193072.10408921933,0.5456031981094454,0.0268881689585226,3,B2020-01261
1262,1262,250000.0,0.5839020901160406,0.0343263970501597,3,B2024-01262
1263,1263,268941.17647058825,0.5042832887332465,0.20292568380707,3,B2017-01263
1264,1264,167452.49487354752,0.6913868884266872,-0.4139073201570432,4,B2022-01264
1265,1265,236680.58148431528,0.5930292480923488,0.4955303073467655,0,B2018-01265
1266,1266,233001.75975516456,0.4399239898387317,0.1492769580133087,3,B2018-01266
1267,1267,216321.71384850808,0.4977620474540313,0.2400396410119121,3,B2018-01267
1268,1268,167150.22421524662,0.552797327068126,0.009243411150673,3,B2019-01268
1269,1269,182119.66496722505,0.6635619112209775,-0.4064340808700285,4,B2021-01269
1270,1270,694468.1040892194,0.5236598281936634,0.5648689062087008,0,B2020-01270
1271,1271,300000.0,0.5808563192702454,0.0069793534297171,3,B2024-01271
1272,1272,251829.8017771702,0.7634604195805983,-0.1117394522967817,4,B2022-01272
1273,1273,300000.0,0.692642457196448,-0.503526031645736,4,B2024-01273
1274,1274,207559.09814323607,0.5805056191583198,-0.0538483610123696,3,B2023-01274
1275,1275,222334.2175066313,0.6933533260300826,-0.5125031218957965,4,B2023-01275
1276,1276,300000.0,0.7403673251824169,-0.413815611052679,4,B2025-01276
1277,1277,350000.0,0.7577695469077061,-0.456405228377036,4,B2024-01277
1278,1278,224030.83271375464,0.6241674731454696,0.0904395264430097,3,B2020-01278
1279,1279,235191.32604237867,0.6937256027690346,-0.4331501161109857,4,B2022-01279
1280,1280,165011.24163568774,0.6323657308685523,0.0782492641594373,3,B2020-01280
1281,1281,203126.00145666423,0.6273375781557217,-0.0529626405997705,3,B2021-01281
1282,1282,200224.2241968558,0.5935018414639233,-0.2533078791533439,4,B2022-01282
1283,1283,234381.4080656186,0.7260405264944604,-0.4547115962689713,4,B2022-01283
1284,1284,1025037.0721048798,0.5676905801747882,0.5644386138761237,0,B2021-01284
1285,1285,801344.9417040359,0.594478339195116,0.4342470179212847,0,B2019-01285
1286,1286,765287.0588235294,0.3530904682384053,0.1498607871923794,2,B2017-01286
1287,1287,267028.7058823529,0.5169908685032325,0.1256356164028238,3,B2017-01287
1288,1288,233667.84688995217,0.719636628021615,-0.4477924409891886,4,B2022-01288
1289,1289,855522.0446096654,0.4782031677635233,0.6397675255256198,0,B2020-01289
1290,1290,1000000.0,0.6655894203998332,-0.5353546291851955,5,B2024-01290
1291,1291,252652.5198938992,0.525966083235786,-0.0202648531138293,3,B2023-01291
1292,1292,950000.0,0.563605675147149,-0.0741920807212002,6,B2024-01292
1293,1293,223284.1909814324,0.5463480848268554,0.0068500790611658,3,B2023-01293
1294,1294,712202.1883289125,0.6954646551889476,-0.5022664515646307,5,B2023-01294
1295,1295,900000.0,0.6542098870475044,-0.5103216943481087,5,B2024-01295
1296,1296,300000.0,0.7342379335685226,-0.4232116470726586,4,B2024-01296
1297,1297,300000.0,0.7230296001174062,-0.4725154649640905,4,B2025-01297
1298,1298,250000.0,0.7423317311095142,-0.4499800656238004,4,B2025-01298
1299,1299,194221.57161803712,0.6050560048955739,0.0278905246787817,3,B2023-01299
1300,1300,227217.6356877324,0.596652949919832,-0.0086102480210246,3,B2020-01300
1301,1301,181037.4362709396,0.6323657308685523,0.0782492641594373,3,B2021-01301
1302,1302,206922.1267297888,0.539699126017459,0.0315693793228246,3,B2021-01302
1303,1303,142909.68681718863,0.5743439652562957,0.5153462524293292,0,B2021-01303
1304,1304,572932.3308270677,0.4482389418088253,0.1633834100583399,6,B2022-01304
1305,1305,148936.36363636365,0.7260405264944604,-0.4547115962689713,4,B2022-01305
1306,1306,285789.865470852,0.680824866575785,0.4781274894083829,0,B2019-01306
1307,1307,240548.25112107623,0.6326377124846896,0.0928129738647018,3,B2019-01307
1308,1308,207609.62864721485,0.7232406908190924,-0.4374410480958615,4,B2023-01308
1309,1309,978021.5311004784,0.6158214562134053,-0.093004599789006,6,B2022-01309
1310,1310,248587.9315367808,0.65016608044112,-0.0369067236247722,3,B2021-01310
1311,1311,300000.0,0.5548195091795706,0.0251708420585982,3,B2024-01311
1312,1312,173928.624535316,0.6551275250561516,0.01099872551097,3,B2020-01312
1313,1313,1212732.0954907162,0.2514578172066093,0.181210434672388,2,B2023-01313
1314,1314,167499.37115516062,0.6282719250424256,-0.3722653165064226,4,B2022-01314
1315,1315,167499.37115516062,0.6795232741885208,-0.4698500157121908,4,B2022-01315
1316,1316,1175357.3068094875,0.4648396381591096,0.5598958705604575,0,B2018-01316
1317,1317,177976.22009569377,0.6544592669580583,-0.4312607245104987,4,B2022-01317
1318,1318,950000.0,0.5553600217081227,-0.0738837132093171,6,B2024-01318
1319,1319,451515.31830238726,0.6171210673369874,-0.5856377569188319,5,B2023-01319
1320,1320,900000.0,0.6247868405115568,-0.5714049874002679,5,B2025-01320
1321,1321,796048.579752367,0.6032027546965608,-0.0693589332448816,6,B2021-01321
1322,1322,887427.530954115,0.5451075659076645,0.028941471315597,6,B2021-01322
1323,1323,733965.3793574846,0.7135988165157405,-0.5393282969698124,5,B2022-01323
1324,1324,218430.55762081785,0.6531115227747405,0.4892437778334226,0,B2020-01324
1325,1325,943481.427530954,0.6822533880200028,-0.5481908426116023,5,B2021-01325
1326,1326,900000.0,0.5117613952535476,-0.0838251318813308,6,B2025-01326
1327,1327,200000.0,0.7155887291776519,-0.4413329037952446,4,B2024-01327
1328,1328,800000.0,0.6575289200630564,-0.5608367875563033,5,B2024-01328
1329,1329,254660.9665427509,0.6911780510294377,0.4378926823237015,0,B2020-01329
1330,1330,199796.0670065549,0.5913667505891053,0.5828859305563635,0,B2021-01330
1331,1331,800000.0,0.6558631352500692,-0.4859076919082191,5,B2025-01331
1332,1332,888422.5,0.4924230608061847,-0.0259711557454088,6,B2024-01332
1333,1333,671045.0928381963,0.4078494876290395,-0.0212063061362194,2,B2023-01333
1334,1334,789036.292789512,0.5956987503380657,-0.0666921816516144,6,B2021-01334
1335,1335,172795.53903345723,0.6047025276321222,0.5878715573210214,0,B2020-01335
1336,1336,156343.19737800435,0.6323657308685523,0.0782492641594373,3,B2021-01336
1337,1337,215015.76128538643,0.5013820038583644,0.6024579968155604,0,B2018-01337
1338,1338,1342491.033457249,0.6177666937657033,0.4735856119655494,0,B2020-01338
1339,1339,875217.7713037145,0.5359184387984102,0.5762003176899372,0,B2021-01339
1340,1340,625746.468401487,0.5983987131915582,0.484729032221684,0,B2020-01340
1341,1341,843192.1267297887,0.6048983852290509,-0.3281337906964028,5,B2021-01341
1342,1342,236611.26729788785,0.7275867491772738,0.2511020319738185,4,B2021-01342
1343,1343,1033833.6489439184,0.5123223379109453,0.456722295324574,0,B2021-01343
1344,1344,749235.2512745812,0.56645641668893,-0.2887872489115438,5,B2021-01344
1345,1345,880973.9776951673,0.4982838338570996,0.6339405230406002,0,B2020-01345
1346,1346,913000.0,0.6953216762994927,-0.5424194551069645,5,B2024-01346
1347,1347,738431.8215613383,0.5806336429757532,-0.0628797696245111,6,B2020-01347
1348,1348,629912.6001456664,0.4709094070532702,0.645953971840554,0,B2021-01348
1349,1349,22661.71003717472,0.3478098278271931,-0.015086948902548,2,B2020-01349
1350,1350,841663.6363636364,0.7630859342028335,-0.1078078427472318,5,B2022-01350
1351,1351,1011218.8235294118,0.384833740005372,0.1626106477319147,2,B2017-01351
1352,1352,603766.5071770335,0.6297444139596643,-0.5842633072884917,5,B2022-01352
1353,1353,617702.8404952658,0.5212585915570512,0.0442159774404783,6,B2021-01353
1354,1354,744663.067669173,0.4795537342862787,0.0388000134329789,6,B2022-01354
1355,1355,1016660.966542751,0.6293297277027708,-0.0098349190268022,6,B2020-01355
1356,1356,192302.13260423788,0.7302498432728489,0.007264640101005,4,B2022-01356
1357,1357,2223342.175066313,0.6498296005571657,-0.5075870461355241,5,B2023-01357
1358,1358,816688.9952153111,0.7068527641504962,-0.4904745801579908,5,B2022-01358
1359,1359,640287.175066313,0.7697220293045365,-0.4543651440260883,5,B2023-01359
1360,1360,690562.5,0.6739243731931382,-0.518756635899275,5,B2023-01360
1361,1361,1000000.0,0.671362123620149,-0.5228861465533136,5,B2024-01361
1362,1362,153910.45796308955,0.7057319376861141,-0.4040779751436851,4,B2022-01362
1363,1363,1819098.143236074,0.5932051657005706,0.3365394243833058,0,B2023-01363
1364,1364,155733.4244702666,0.6851410070102617,-0.4296440868767873,4,B2022-01364
1365,1365,673716.3362952837,0.6772810217603623,-0.4947755912969085,5,B2022-01365
1366,1366,250000.0,0.723829171562258,-0.4193564671836117,4,B2024-01366
1367,1367,837698.8340807174,0.3742795979604897,0.1557643534780046,6,B2019-01367
1368,1368,168475.96035543404,0.6901265594143062,-0.4315416961427891,4,B2022-01368
1369,1369,1088959.4600136706,0.4298294069834035,0.1208016956039906,2,B2022-01369
1370,1370,712202.1883289125,0.6083405542008519,-0.0345114301338961,6,B2023-01370
1371,1371,300000.0,0.7270190079461165,-0.4527965479701162,4,B2024-01371
1372,1372,860614.6753246754,0.7916146935621642,-0.1148027164485157,5,B2022-01372
1373,1373,167220.71770334928,0.7285093804030831,-0.4639953526116592,4,B2022-01373
1374,1374,733676.3089542037,0.6150990325107744,-0.5498199728327982,5,B2022-01374
1375,1375,800000.0,0.54643746194666,-0.0813916245830975,6,B2024-01375
1376,1376,950000.0,0.6542101458614517,-0.5470641359410194,5,B2024-01376
1377,1377,768885.0,0.6033783542121078,-0.3352789387517954,5,B2024-01377
1378,1378,1606698.2453531595,0.5122526089965597,0.4935480476041157,0,B2020-01378
1379,1379,108776.7487254188,0.261058182309103,0.0309958751458245,2,B2021-01379
1380,1380,831928.6234522942,0.4439175777343986,0.0204926631707443,6,B2021-01380
1381,1381,234381.4080656186,0.7227632334214256,-0.3829888904822455,4,B2022-01381
1382,1382,1050809.97949419,0.6781591345929485,-0.4646213523593259,5,B2022-01382
1383,1383,1041755.044429255,0.6723834328889009,-0.3652241956775368,5,B2022-01383
1384,1384,377392.5710123816,0.245023468748249,0.0762243637210718,2,B2021-01384
1385,1385,847349.6654275092,0.4793972516716904,0.6045379606369033,0,B2020-01385
1386,1386,901048.9671002296,0.4075220622523137,-0.0986772344173839,2,B2018-01386
1387,1387,254114.2527881041,0.5642852595383222,0.1147932975562005,3,B2020-01387
1388,1388,742020.3932993445,0.4663343006734466,0.5762130731613234,0,B2021-01388
1389,1389,395000.0,0.5808563192702454,0.0069793534297171,3,B2024-01389
1390,1390,950000.0,0.5641094639859374,-0.2929972679292435,5,B2024-01390
1391,1391,937525.6322624744,0.2838395993148579,0.0782125612679943,2,B2022-01391
1392,1392,978152.6396327468,0.4478639277339762,0.090000998043127,2,B2018-01392
1393,1393,1250034.176349966,0.4826329362709758,0.4870203601963689,0,B2022-01393
1394,1394,400000.0,0.662411872093403,-0.2437742720029749,4,B2024-01394
1395,1395,1051054.7778537252,0.5492299081721519,-0.3172039045109169,5,B2022-01395
1396,1396,1010610.0795755968,0.6664252942750416,-0.5656095942069692,5,B2023-01396
1397,1397,1301347.4403183025,0.4423706864732621,0.0209215106549735,2,B2023-01397
1398,1398,2950000.0,0.6789687111767712,-0.5130990334224799,5,B2024-01398
1399,1399,763926.2453531598,0.7640570910778969,0.0077833272334153,5,B2020-01399
1400,1400,227387.26790450927,0.7320716138534362,-0.4630618470745228,4,B2023-01400
1401,1401,1028517.7033492824,0.7732295860691284,-0.1427600514783693,5,B2022-01401
1402,1402,179294.11764705885,0.5271096238537554,0.2356371118292235,3,B2017-01402
1403,1403,717176.4705882353,0.3488431552573902,0.0157624178959993,2,B2017-01403
1404,1404,241277.4299384826,0.7036099327139117,-0.420107051234845,4,B2022-01404
1405,1405,1418250.0,0.6396682638845419,-0.1089771152440125,6,B2024-01405
1406,1406,207961.4149008886,0.7036099327139117,-0.420107051234845,4,B2022-01406
1407,1407,167884.195193008,0.539699126017459,0.0315693793228246,3,B2021-01407
1408,1408,1001009.2838196286,0.561491257000932,0.3119938987222729,0,B2023-01408
1409,1409,1344828.4347231716,0.3976294211928525,0.1188959619362973,2,B2022-01409
1410,1410,47873850.0,0.2342670000675865,-0.0094586978850958,7,B2024-01410
1411,1411,200906.0451565914,0.539699126017459,0.0315693793228246,3,B2021-01411
1412,1412,1007987.8077203204,0.6156036048996576,-0.2384319484994194,5,B2021-01412
1413,1413,755062.6365622723,0.4956672085880246,0.6355365496120093,0,B2021-01413
1414,1414,452426.8773234201,0.2179706156488449,0.0917888428115207,2,B2020-01414
1415,1415,793000.0,0.60134070064158,0.427075310076106,0,B2024-01415
1416,1416,175250.93531598512,0.6537607548481479,0.1106216647973687,3,B2020-01416
1417,1417,201461.0342316096,0.7131028362397608,-0.4933075427860133,4,B2021-01417
1418,1418,279387.05025491625,0.596652949919832,-0.0086102480210246,3,B2021-01418
1419,1419,191839.05835543765,0.719636628021615,-0.4477924409891886,4,B2023-01419
1420,1420,263708.60888565186,0.6637608258378948,-0.328127450395237,4,B2021-01420
1421,1421,745856.3294600137,0.5026470034655246,0.5607999585955199,0,B2022-01421
1422,1422,1623326.3947560086,0.6124080344146523,-0.0233565532605281,6,B2021-01422
1423,1423,684402.9055762081,0.5105097275416104,-0.1100015789114293,6,B2020-01423
1424,1424,232673.6198106336,0.7133147314815055,-0.4905248975279856,4,B2021-01424
1425,1425,645777.3143236074,0.6204276678539024,-0.0680285568235716,6,B2023-01425
1426,1426,196250.0,0.7405049210737599,-0.4685918191149489,4,B2024-01426
1427,1427,890757.4654042242,0.5201761197586418,0.6269354631913924,0,B2021-01427
1428,1428,871055.3532410779,0.6156816396294504,-0.0143136928018233,6,B2021-01428
1429,1429,1407292.1933085502,0.5672273996771954,0.0735462833099532,6,B2020-01429
1430,1430,760120.6278026906,0.622571181825761,0.4406125685898672,0,B2019-01430
1431,1431,827422.6547085202,0.5298166211283897,-0.1268815869099022,6,B2019-01431
1432,1432,991053.2342007436,0.6005266634766533,-0.0316646049242819,6,B2020-01432
1433,1433,194180.2617100372,0.5514634595114286,0.1031369097151693,3,B2020-01433
1434,1434,1034142.8571428572,0.4612054269185722,-0.0405048152722816,2,B2022-01434
1435,1435,947446.949602122,0.351810107748143,0.0428558946466386,2,B2023-01435
1436,1436,243330.1115241636,0.6323657308685523,0.0782492641594373,3,B2020-01436
1437,1437,1016425.0,0.6544950148357964,-0.4826360321160675,5,B2024-01437
1438,1438,747416.2679425838,0.6540964542906934,-0.4758578733808019,5,B2022-01438
1439,1439,224995.0,0.6988600682277541,-0.4663142685857664,4,B2024-01439
1440,1440,683425.0663129974,0.588883931438854,-0.001041705514504,6,B2023-01440
1441,1441,1530798.5130111524,0.5835418833186479,0.5477350622988421,0,B2020-01441
1442,1442,1203082.9596412557,0.5828428769027991,-0.0464183548300247,6,B2019-01442
1443,1443,836785.1458885941,0.7287396467228686,-0.4652689254336232,5,B2023-01443
1444,1444,699471.69089518,0.3689679066299892,0.1702206843313736,2,B2018-01444
1445,1445,638514.9308084486,0.592142151651711,0.0325888432044729,6,B2021-01445
1446,1446,1010610.0795755968,0.6474000544006699,-0.0750330833029231,6,B2023-01446
1447,1447,300000.0,0.7324596620038952,-0.3910596176372382,4,B2024-01447
1448,1448,1000000.0,0.6925994663726412,-0.4943370118261896,5,B2024-01448
1449,1449,249745.0837581937,0.6487884434812717,-0.2405858770338388,4,B2021-01449
1450,1450,815325.8364312267,0.711701330350139,-0.4458083013155096,5,B2020-01450
1451,1451,1074844.4907723856,0.780668580972152,-0.147202570818479,5,B2022-01451
1452,1452,143618.5873605948,0.6150021007096315,0.5836290594950444,0,B2020-01452
1453,1453,234134.005468216,0.6472906667081043,-0.1883312419474839,4,B2022-01453
1454,1454,1467223.5294117648,0.4376818760967909,0.595714165826247,0,B2017-01454
1455,1455,603677.1300448431,0.5156585143190449,-0.1174010865533791,6,B2019-01455
1456,1456,242435.87764020392,0.5699825149573339,0.1020235170966066,3,B2021-01456
1457,1457,604368.5112107623,0.6013016861046928,0.545479884725056,0,B2019-01457
1458,1458,164484.932735426,0.6189607257611035,0.5994452401106691,0,B2019-01458
1459,1459,1671342.7802690582,0.4739343660068997,0.6542355997610373,0,B2019-01459
1460,1460,1925257.1012381648,0.5841809666360034,0.4032562528613088,0,B2021-01460
1461,1461,1616063.1970260222,0.441134780200771,0.6268879837016363,0,B2020-01461
1462,1462,1544462.3766816142,0.4085530847483702,0.144675835878201,2,B2019-01462
1463,1463,1527789.5944912017,0.5243046616917715,0.6050557647347131,0,B2018-01463
1464,1464,1209172.149961745,0.2536375320097172,0.1397566054475324,2,B2018-01464
1465,1465,190051.76470588235,0.5271096238537554,0.2356371118292235,3,B2017-01465
1466,1466,1357854.1176470588,0.39281558538263,0.0963965045623986,2,B2017-01466
1467,1467,308658.40807174885,0.6747203812724769,0.5516612762446896,0,B2019-01467
1468,1468,289560.0,0.4259556125316395,0.0649673820897025,3,B2017-01468
1469,1469,1564126.0235294118,0.336917248493535,0.133222477234782,2,B2017-01469
1470,1470,297337.4139250192,0.5513557027277676,0.6408494621667999,0,B2018-01470
1471,1471,728015.3665427509,0.2617755412790122,0.0754346775275452,2,B2020-01471
1472,1472,1097097.7578475336,0.4205061480245435,0.608359266915421,0,B2019-01472
1473,1473,1332682.188340807,0.5417333025902192,0.5913840094360563,0,B2019-01473
1474,1474,956202.1423106352,0.3485320864348887,0.3110890939936676,2,B2018-01474
1475,1475,312379.1889824025,0.4977731279282774,0.60458217261538,0,B2018-01475
1476,1476,1985015.6950672648,0.5010008158392348,0.6200162963330021,0,B2019-01476
1477,1477,1201592.9609793422,0.5197240715657965,0.5224867301243691,0,B2018-01477
1478,1478,1749043.6113236423,0.4174888596799852,0.4074799996647803,2,B2018-01478
1479,1479,1250716.5022421523,0.4297731391107003,0.0591535440749844,2,B2019-01479
1480,1480,940129.293517844,0.4895641363477702,0.6462413676627546,0,B2021-01480
1481,1481,1446660.9865470852,0.4722295558129571,0.1739381881550599,2,B2019-01481
1482,1482,1800000.0,0.6145171423553565,-0.2912012543815122,5,B2024-01482
1483,1483,803540.9322651129,0.5592947922406896,-0.1346309140341663,6,B2021-01483
1484,1484,807574.1626794259,0.6483629228472227,-0.2817438911458265,5,B2022-01484
1485,1485,825823.7436270938,0.6000327895540966,-0.3319918027354689,5,B2021-01485
1486,1486,201738.5287691187,0.4658854837070108,0.091783666916034,2,B2021-01486
1487,1487,606366.0477453581,0.7227408660093505,-0.5487892169969403,5,B2023-01487
1488,1488,234381.4080656186,0.7036099327139117,-0.420107051234845,4,B2022-01488
1489,1489,153129.18660287082,0.7282264772082117,-0.3909986543556786,4,B2022-01489
1490,1490,226124.00530503973,0.5485505299157246,0.0107950480780797,3,B2023-01490
1491,1491,173142.75461380725,0.6546629053724045,-0.2697167271146332,4,B2022-01491
1492,1492,817776.4020393299,0.4972223944758994,-0.1131788575155722,6,B2021-01492
1493,1493,167731.14832535887,0.7684874573653316,-0.0961007547550237,4,B2022-01493
1494,1494,732725.7621326043,0.6178030741909712,-0.484118408695141,5,B2022-01494
1495,1495,690591.7976760082,0.5476527054792072,0.463973822686072,0,B2022-01495
1496,1496,55498.90750182082,0.2860091196809884,0.1242890747568235,2,B2021-01496
1497,1497,1177593.1830238726,0.6882310317994037,-0.5074910573967091,5,B2023-01497
1498,1498,734395.0786056049,0.5944533976230391,-0.3113764876048164,5,B2022-01498
1499,1499,833356.1175666439,0.5804905462938409,-0.3474176411759292,5,B2022-01499
1500,1500,95000000.0,0.2297293550130633,0.1166457925306143,1,B2024-01500
1501,1501,7769847.050254916,0.2440256268479539,0.0992220879896324,2,B2021-01501
1502,1502,233860.56049213943,0.6023126333828629,0.5397053358351358,0,B2022-01502
1503,1503,1736063.8925729443,0.5010694373004175,0.5191309633176496,0,B2023-01503
1504,1504,234381.4080656186,0.7099905756762281,-0.4002171221926862,4,B2022-01504
1505,1505,1992417.771883289,0.4717179166657189,0.3860265456707005,0,B2023-01505
1506,1506,1054429.8701298705,0.6542094666451255,-0.4939096980517068,5,B2022-01506
1507,1507,225006.15174299385,0.7744897591387766,-0.1306429445113938,4,B2022-01507
1508,1508,734926.3431305537,0.6667735075042802,-0.5142174892778066,5,B2022-01508
1509,1509,2000000.0,0.5720162317096443,0.0450812323863574,3,B2024-01509
1510,1510,234381.4080656186,0.5288877429947414,0.2475978448621889,3,B2022-01510
1511,1511,822937.2197309417,0.5076192944520908,0.2088364168879984,6,B2019-01511
1512,1512,178512.5,0.6827329063143717,-0.5230343792110592,4,B2024-01512
1513,1513,689930.8687002652,0.6201142593765113,-0.321708860898114,5,B2023-01513
1514,1514,167709.7935748462,0.7005903476294348,-0.4979311611352883,4,B2022-01514
1515,1515,711998.6329460014,0.5959188225103451,-0.3189980985551472,5,B2022-01515
1516,1516,829155.4818865346,0.5864385178679467,-0.0454414940879194,6,B2022-01516
1517,1517,1100000.0,0.665324565591412,-0.0865303179989017,6,B2024-01517
1518,1518,690262.976281561,0.3940182835459583,-0.0448734114855364,2,B2018-01518
1519,1519,250000.0,0.7303849973021378,-0.4395491380366376,4,B2024-01519
1520,1520,1276474.872541879,0.377654951850216,0.0640455001259919,2,B2021-01520
1521,1521,981302.3872679044,0.6924140408486688,-0.571825495657617,5,B2023-01521
1522,1522,188022.18821729155,0.5012084547259115,0.2761227175129194,3,B2018-01522
1523,1523,530222.8298017771,0.6513160823961917,-0.4660674498344996,5,B2022-01523
1524,1524,250000.0,0.7326505050215888,-0.3931862822436204,4,B2024-01524
1525,1525,162889.29351784414,0.7344923544524307,-0.5221245357196691,4,B2021-01525
1526,1526,214589.2002734108,0.6824848699071596,-0.4148519125971625,4,B2022-01526
1527,1527,772795.8421750662,0.7752240044279121,-0.1398912969093229,5,B2023-01527
1528,1528,576911.1434814275,0.6103045965869994,-0.3200863433494625,5,B2021-01528
1529,1529,948753.823743627,0.6132640844386924,0.0152374274383223,6,B2021-01529
1530,1530,181404.5092838196,0.6354568502224698,-0.3097975299676482,4,B2023-01530
1531,1531,944415.1193633951,0.6300453824973836,-0.5678320317010742,5,B2023-01531
1532,1532,1200000.0,0.5369011933421642,-0.0106837853749371,2,B2024-01532
1533,1533,745989.1455912509,0.6584515600427517,0.1515229177942806,5,B2022-01533
1534,1534,234381.4080656186,0.7056623145195978,-0.4060274137239851,4,B2022-01534
1535,1535,414000.0,0.6755166101673877,-0.4890107524193567,4,B2024-01535
1536,1536,970953.3867443552,0.6924864784793202,-0.529622257117085,5,B2021-01536
1537,1537,742728.6397812713,0.4897013689114197,0.0825577391001832,2,B2022-01537
1538,1538,165108.68079289133,0.7098653234579356,-0.4042531590732089,4,B2022-01538
1539,1539,2544772.4663677127,0.4995163053445236,0.6132337008113009,0,B2019-01539
1540,1540,1140656.185919344,0.6941356106206134,-0.493662068544644,5,B2022-01540
1541,1541,390000.0,0.7300360858417722,-0.4016535487353093,4,B2024-01541
1542,1542,201890.134529148,0.5527717974735556,0.6325029487732976,0,B2019-01542
1543,1543,133147.8779840849,0.765759984175564,-0.1007811362888397,4,B2023-01543
1544,1544,206891.0731373889,0.7036099327139117,-0.420107051234845,4,B2022-01544
1545,1545,1471553.5324107793,0.6398347699950462,-0.3763145097596542,5,B2021-01545
1546,1546,1089185.0132625997,0.649977702743691,-0.3999517567470182,5,B2023-01546
1547,1547,227387.26790450927,0.6946802734662088,-0.2433117018077462,4,B2023-01547
1548,1548,691737.6623376624,0.6624978339748258,-0.5445827867011097,5,B2022-01548
1549,1549,159743.95078605606,0.630898640333077,-0.2263083147160244,4,B2022-01549
1550,1550,609903.1830238727,0.7077895756790457,-0.488871785015574,5,B2023-01550
1551,1551,167452.49487354752,0.7810099676349163,0.0142409428436069,4,B2022-01551
1552,1552,949179.5967190705,0.6113922899206761,-0.3184135737270869,5,B2022-01552
1553,1553,949179.5967190705,0.6113922899206761,-0.3184135737270869,5,B2022-01553
1554,1554,1805051.5695067265,0.3713394295224759,0.2223784829857734,2,B2019-01554
1555,1555,146239.6212672979,0.709673701151022,-0.4996130416735764,4,B2021-01555
1556,1556,249745.0837581937,0.6990877741842549,-0.4042545871234703,4,B2021-01556
1557,1557,203911.8250170881,0.5329009007868349,0.560904970406662,0,B2022-01557
1558,1558,173545.08375819374,0.6937256027690346,-0.4331501161109857,4,B2021-01558
1559,1559,964255.7176470588,0.6026838170860741,-0.0397500765030824,6,B2017-01559
1560,1560,110354.57963089545,0.7379319566504494,-0.4837087578760002,4,B2022-01560
1561,1561,936069.8632946002,0.6554050612566181,-0.5339183317552424,5,B2022-01561
1562,1562,226050.55762081785,0.6728817246341765,0.4761903599234479,0,B2020-01562
1563,1563,885440.8749145592,0.6592054645859305,-0.519313516086675,5,B2022-01563
1564,1564,283271.375464684,0.6048715140973143,0.106548578367306,3,B2020-01564
1565,1565,192767.13037144937,0.6241674731454696,0.0904395264430097,3,B2021-01565
1566,1566,950418.7909686816,0.7000944431868469,-0.5061555826903824,5,B2021-01566
1567,1567,1304250.0,0.6675327988142185,-0.5475423549844545,5,B2024-01567
1568,1568,752565.1857246904,0.5880851078135697,0.0301802337602577,6,B2021-01568
1569,1569,440632.5,0.7380664860492211,-0.4465704303048619,4,B2024-01569
1570,1570,887982.5200291332,0.2312393654558682,0.221755997568651,2,B2021-01570
1571,1571,1184903.8951201746,0.7565053871125506,-0.1429654799692362,5,B2021-01571
1572,1572,300000.0,0.7469575839493157,-0.4812610239468619,4,B2024-01572
1573,1573,350000.0,0.7486053122737255,-0.4825234207717909,4,B2025-01573
1574,1574,207383.5294117647,0.458486787893799,0.155463056896724,3,B2017-01574
1575,1575,182353.94395078605,0.658426869329556,-0.2707367732338966,4,B2022-01575
1576,1576,184861.2,0.4544757750779222,0.6601884128088014,0,B2017-01576
1577,1577,234381.4080656186,0.6434029961698968,-0.2386759496401939,4,B2022-01577
1578,1578,840000.0,0.7077918145246026,-0.5238027498782157,5,B2025-01578
1579,1579,989610.3896103896,0.6709907381993281,0.1149900280456834,5,B2022-01579
1580,1580,430500.0,0.6100331603487185,0.0445512685996447,3,B2025-01580
1581,1581,1145273.872679045,0.7239307888436327,-0.5262978845532608,5,B2023-01581
1582,1582,791733.7413925021,0.452214105462566,0.1114686679451737,6,B2018-01582
1583,1583,278053.11659192824,0.5988855117884695,0.5794132737674635,0,B2019-01583
1584,1584,207818.18181818185,0.7098433318050178,-0.3727549071869085,4,B2022-01584
1585,1585,1117738.892686261,0.685240586123003,-0.5176471019990351,5,B2022-01585
1586,1586,5549890.750182083,0.2772149406010424,0.0550157411910305,2,B2021-01586
1587,1587,16146274.777853724,0.2838648401455519,0.0596885667268507,7,B2022-01587
1588,1588,520847.57347915246,0.3163557844508151,0.193140613142795,2,B2022-01588
1589,1589,223974.87354750512,0.6942376753825521,-0.4993662083546081,4,B2022-01589
1590,1590,893318.3819548872,0.5994890268050898,-0.5524110230346251,5,B2022-01590
1591,1591,160000.0,0.4533630646884524,-0.0202643030132257,3,B2024-01591
1592,1592,710000.0,0.6335240457702808,-0.1127081102809889,6,B2024-01592
1593,1593,169275.46138072453,0.77793188336507,-0.1384061979269074,4,B2022-01593
1594,1594,204693.0963773069,0.5397618662105289,0.6143699195380826,0,B2022-01594
1595,1595,234381.4080656186,0.7193726739896157,-0.4685587316186474,4,B2022-01595
1596,1596,517055.8031442242,0.558951100730997,-0.304620733476774,5,B2022-01596
1597,1597,1200000.0,0.6393785000105789,-0.5330454151241665,5,B2025-01597
1598,1598,1041695.1469583048,0.6870306170295875,-0.5225884732019976,5,B2022-01598
1599,1599,1200000.0,0.6393785000105789,-0.5330454151241665,5,B2025-01599
1600,1600,231053.05171158045,0.5880919734487661,0.106641943332564,3,B2021-01600
1601,1601,350000.0,0.5850393469587567,0.0628204031952399,3,B2024-01601
1602,1602,954465.6366047744,0.7273277555772415,-0.1462287989677322,5,B2023-01602
1603,1603,1136155.643236074,0.6841673098590346,-0.5058582047639191,5,B2023-01603
1604,1604,227387.26790450927,0.6774448185430587,-0.2399710585717684,4,B2023-01604
1605,1605,1000000.0,0.4988591434188888,-0.0324271691379273,6,B2024-01605
1606,1606,248587.3408488064,0.6705694025184431,-0.5035655895601339,4,B2023-01606
1607,1607,1158538.8235294118,0.2966820113486564,0.1577274989400055,2,B2017-01607
1608,1608,223469.6514012304,0.5949237405713036,0.1055205139780133,3,B2022-01608
1609,1609,733822.1462747778,0.6985070786988135,-0.4911757226871593,5,B2022-01609
1610,1610,171567.1907040328,0.7005903476294348,-0.4979311611352883,4,B2022-01610
1611,1611,856325.4955570746,0.673050884298586,-0.4871764339940879,5,B2022-01611
1612,1612,889868.0792891319,0.422589103342915,0.0690276164189626,2,B2022-01612
1613,1613,744291.1825017089,0.6840537452004329,-0.490445675989468,5,B2022-01613
1614,1614,171098.42788790158,0.7227632334214256,-0.3829888904822455,4,B2022-01614
1615,1615,194890.7450444293,0.6942376753825521,-0.4993662083546081,4,B2022-01615
1616,1616,853877.5119617225,0.6117060735060507,-0.5061917346547654,5,B2022-01616
1617,1617,703422.8776486672,0.6337311623721229,-0.249780896286569,5,B2022-01617
1618,1618,617454.9668435013,0.6687892416418953,-0.5283194730163274,5,B2023-01618
1619,1619,729212.6452494874,0.6104359458621474,-0.0709655402008759,6,B2022-01619
1620,1620,1618500.0,0.3255403145035753,0.1317107262417978,2,B2024-01620
1621,1621,700000.0,0.6736355821502447,-0.4528813985075908,5,B2024-01621
1622,1622,750000.0,0.5411479636518666,-0.0625857613310502,6,B2024-01622
1623,1623,1542000.0,0.3856517073251289,0.1511730986266575,2,B2024-01623
1624,1624,199315.29411764705,0.4509890030288788,0.2587690778819166,3,B2017-01624
1625,1625,700000.0,0.6849140740355842,-0.476627926999922,5,B2024-01625
1626,1626,1110538.1165919283,0.6510332818485273,0.4591008366244161,0,B2019-01626
1627,1627,755861.8113465483,0.7157741228546186,-0.4509831391208383,5,B2022-01627
1628,1628,2950345.0650344305,0.4469319431097973,0.6271568550641623,0,B2018-01628
1629,1629,215750.6903622693,0.6913868884266872,-0.4139073201570432,4,B2022-01629
1630,1630,944114.3540669855,0.7025991546173135,-0.4930976357303661,5,B2022-01630
1631,1631,732051.2645249488,0.6486106799745408,-0.552025133245881,5,B2022-01631
1632,1632,2588584.5447589904,0.3620267725525483,0.1372147792258225,2,B2018-01632
1633,1633,927629.5283663704,0.7521922563287565,-0.1452462037862613,5,B2022-01633
1634,1634,199172.1120984279,0.699861335101686,-0.4570715250003986,4,B2022-01634
1635,1635,218140.1856763925,0.7100613928130632,-0.4495571052009721,4,B2023-01635
1636,1636,877108.4880636605,0.6156807184054424,-0.5687691540009191,5,B2023-01636
1637,1637,239589.8838004101,0.5564686457706819,0.5258822552187509,0,B2022-01637
1638,1638,687891.9628647214,0.541060965167201,-0.0741605371507476,6,B2023-01638
1639,1639,176856.76392572944,0.6048290179413818,0.0362522204193314,3,B2023-01639
1640,1640,250000.0,0.7108715299662104,-0.3738431663871354,4,B2024-01640
1641,1641,1134145.5912508543,0.7149917778593606,-0.4470432256609737,5,B2022-01641
1642,1642,1302118.9336978812,0.2683019496759435,0.1130122412846028,2,B2022-01642
1643,1643,959903.5874439462,0.4566409536678927,0.6666160589054081,0,B2019-01643
1644,1644,654399.2,0.7492840202060941,-0.5057458774776742,4,B2024-01644
1645,1645,814405.2044609665,0.593476678724033,-0.0018541684405417,6,B2020-01645
1646,1646,854960.6700655498,0.6577686359145788,-0.4637116008999246,5,B2021-01646
1647,1647,200751.1210762332,0.6870130928377218,0.4541084509702848,0,B2019-01647
1648,1648,1150081.7843866171,0.4176713574973412,0.050501183575751,2,B2020-01648
1649,1649,196023.7918215613,0.6323657308685523,0.0782492641594373,3,B2020-01649
1650,1650,705049.32735426,0.1983809011910965,0.0626877330315991,2,B2019-01650
1651,1651,19932735.42600897,0.2620354600744039,-0.1682525301953849,7,B2019-01651
1652,1652,1041159.5047341587,0.5733251350585538,0.4387770164297768,0,B2021-01652
1653,1653,917190.5829596412,0.6082378892088407,-0.1095116287378036,6,B2019-01653
1654,1654,205390000.0,0.3744198827955606,-0.0593698143294292,1,B2024-01654
1655,1655,172275.78475336323,0.5119786825766837,0.6209069340753711,0,B2019-01655
1656,1656,754254.7085201794,0.4419975142566219,-0.0837069881580671,6,B2019-01656
1657,1657,254660.9665427509,0.6216806454528457,0.1609120061062827,3,B2020-01657
1658,1658,788627.5092936803,0.4309380052075306,0.0261993612181262,6,B2020-01658
1659,1659,731123.4200743494,0.5882104650148422,0.000124535106929,6,B2020-01659
1660,1660,1087488.065618592,0.422589103342915,0.0690276164189626,2,B2022-01660
1661,1661,243179.37219730945,0.6644529199555964,0.4705656330295023,0,B2019-01661
1662,1662,820868.2352941177,0.3980452221913589,-0.0437427523399413,2,B2017-01662
1663,1663,190699.32735426008,0.6323657308685523,0.0782492641594373,3,B2019-01663
1664,1664,1800000.0,0.684508078166567,-0.5038161494754715,5,B2025-01664
1665,1665,671259.6802973978,0.593476678724033,-0.0018541684405417,6,B2020-01665
1666,1666,232677.81167108752,0.7259123129673509,-0.4113433892094532,4,B2023-01666
1667,1667,1664967.2250546247,0.4630373301693091,0.575623771793963,0,B2021-01667
1668,1668,1485925.6278026905,0.6110977264050433,-0.0201992149055615,6,B2019-01668
1669,1669,152621.99563000727,0.6671426374729726,-0.3011892748478872,4,B2021-01669
1670,1670,254944.2379182156,0.6747203812724769,0.5516612762446896,0,B2020-01670
1671,1671,1207069.5067264573,0.5973304656613923,0.0090702195359229,6,B2019-01671
1672,1672,56950.67264573991,0.2984670191048806,0.1038460993494258,2,B2019-01672
1673,1673,256192.60089686097,0.5662738620756217,0.5399356676993428,0,B2019-01673
1674,1674,234636.7713004484,0.529898245391265,0.0331003392025372,3,B2019-01674
1675,1675,183665.9192825112,0.4741958546308771,0.0610686838200095,3,B2019-01675
1676,1676,874124.4428259286,0.5401551807197027,0.0034464102857723,6,B2021-01676
1677,1677,293267.32702112163,0.7637022458791521,-0.3818727248587776,4,B2021-01677
1678,1678,109857.84753363227,0.6057813515071282,0.0703696072712097,3,B2019-01678
1679,1679,750000.0,0.6787042421329735,-0.4942475875897081,5,B2025-01679
1680,1680,326831.85235816817,0.7187645606721521,0.1285055616766522,4,B2022-01680
1681,1681,179538.96576839036,0.6433949993678018,-0.0053554084719698,3,B2021-01681
1682,1682,153630.13452914797,0.6747203812724769,0.5516612762446896,0,B2019-01682
1683,1683,500000.0,0.7415068170581951,-0.4935366166308271,4,B2024-01683
1684,1684,505305.0397877984,0.6973811191964453,-0.3755713776339728,4,B2023-01684
1685,1685,156836.57824933686,0.6891451199075637,-0.3082904551201475,4,B2023-01685
1686,1686,192039.1045796309,0.6356376200817352,-0.2718849870003938,4,B2022-01686
1687,1687,245399.93848257008,0.6937256027690346,-0.4331501161109857,4,B2022-01687
1688,1688,176426.0290742158,0.5662414383271591,0.0731690451185889,3,B2018-01688
1689,1689,255252.91479820627,0.6655985251020157,0.4764091968665668,0,B2019-01689
1690,1690,188141.2964311726,0.6671426374729726,-0.3011892748478872,4,B2021-01690
1691,1691,815833.9402767662,0.6038872038173997,-0.566065142199025,5,B2021-01691
1692,1692,146794.6103423161,0.6230544813427487,0.5814037196784764,0,B2021-01692
1693,1693,647949.7450837581,0.5441676610973878,0.5846790969007669,0,B2021-01693
1694,1694,200945.5980861244,0.7211996148454599,-0.413889210257736,4,B2022-01694
1695,1695,173984.30493273542,0.680824866575785,0.4781274894083829,0,B2019-01695
1696,1696,282292.72379495035,0.418030732597998,0.1911576452084868,3,B2018-01696
1697,1697,719320.4208110177,0.648027683390692,0.4916938813120711,0,B2018-01697
1698,1698,379416.7713004484,0.3586114881809328,0.6030233896329065,0,B2019-01698
1699,1699,960442.9254955573,0.6844579774185484,-0.5017649408996927,5,B2022-01699
1700,1700,861428.2527881041,0.6227382322730116,0.4880151415593299,0,B2020-01700
1701,1701,299537.7578475336,0.5513557027277676,0.6408494621667999,0,B2019-01701
1702,1702,382125.0,0.5130159965378072,0.1043182570076975,3,B2025-01702
1703,1703,176048.27586206896,0.7005276777239778,-0.1813607799841704,4,B2023-01703
1704,1704,187844.36878347365,0.5109856340989385,0.5998514132329775,0,B2018-01704
1705,1705,260607.4980872227,0.609970031518576,0.5891132082092418,0,B2018-01705
1706,1706,820884.4682478961,0.472069804070476,0.0448378442996474,2,B2018-01706
1707,1707,205217.05882352943,0.5271096238537554,0.2356371118292235,3,B2017-01707
1708,1708,1121471.375464684,0.5991832776190449,-0.0966147039740117,6,B2020-01708
1709,1709,935963.089542037,0.6734524121445989,0.2736199948725862,0,B2022-01709
1710,1710,712880.7434944238,0.4909830415920761,0.6004779654775185,0,B2020-01710
1711,1711,770554.7955390335,0.5350176228560399,0.0709461646596801,6,B2020-01711
1712,1712,807970.6962509565,0.6068583676709841,0.3211170265085198,0,B2018-01712
1713,1713,400000.0,0.6018907926198284,-0.3258485099147468,5,B2024-01713
1714,1714,350000.0,0.7486053122737255,-0.4825234207717909,4,B2024-01714
1715,1715,45323.42007434944,0.2041232178744703,0.0748116748831865,2,B2020-01715
1716,1716,300000.0,0.6516830806725219,-0.5597972377439547,4,B2024-01716
1717,1717,404743.2670237185,0.5661275231582168,0.1224800386927653,3,B2018-01717
1718,1718,231533.29575596817,0.5482798101404358,0.0510734637992065,3,B2023-01718
1719,1719,1153747.8381962865,0.7930874483232171,-0.1787136131880265,5,B2023-01719
1720,1720,247104.8814078041,0.4923617844470074,0.2662950099074475,3,B2018-01720
1721,1721,161170.40358744393,0.5214349630118809,0.6012435343099758,0,B2019-01721
1722,1722,200000.0,0.176503077829245,0.1032367696043621,2,B2025-01722
1723,1723,252652.5198938992,0.7105940622856495,-0.3999741756799406,4,B2023-01723
1724,1724,300000.0,0.5821584555865124,0.0003126973702424,3,B2024-01724
1725,1725,300000.0,0.721111368559462,-0.3976700092972839,4,B2024-01725
1726,1726,700000.0,0.7136662207666034,-0.5257765578840635,5,B2024-01726
1727,1727,600000.0,0.7541448383727662,-0.5009180808849193,5,B2024-01727
1728,1728,231500.0,0.7524199057546239,-0.4085734792500456,4,B2024-01728
1729,1729,640000.0,0.6939004311907009,-0.5306631041313904,5,B2024-01729
1730,1730,800000.0,0.7524683137873557,-0.4818563124632142,5,B2024-01730
1731,1731,820301.4537107883,0.4775837469730699,0.5740829070504808,0,B2018-01731
1732,1732,151045.79630895422,0.6987099972248046,-0.4256528890528001,4,B2022-01732
1733,1733,728145.6664238892,0.6627042351614882,0.2742538829674813,5,B2021-01733
1734,1734,187147.66641162973,0.6420054008591148,0.5533045566714071,0,B2018-01734
1735,1735,706195.5390334572,0.5324819632862302,-0.0435647944001544,6,B2020-01735
1736,1736,1029895.1798010714,0.4519036653369829,0.0518803208912087,6,B2018-01736
1737,1737,867093.6802973978,0.5401827921306276,0.5781419212239972,0,B2020-01737
1738,1738,184520.1793721973,0.5523404523803692,0.6362092141178306,0,B2019-01738
1739,1739,969843.4085943188,0.6131240813510945,-0.0797323802122154,6,B2021-01739
1740,1740,765299.7219730942,0.5347426437566296,-0.0157158852150756,6,B2019-01740
1741,1741,260024.4835501148,0.574157067965556,0.1387122900374374,3,B2018-01741
1742,1742,1270971.69089518,0.4061205631589233,0.3701039144653882,2,B2018-01742
1743,1743,802714.0358744394,0.541776461588243,0.512732337749596,0,B2019-01743
1744,1744,1159800.4484304932,0.2790500273350995,0.0584845612495562,2,B2019-01744
1745,1745,265224.9775784753,0.6735964342345799,0.4783487579160905,0,B2019-01745
1746,1746,1188845.2914798206,0.275218779864891,0.1295926571650352,2,B2019-01746
1747,1747,153032.1524663677,0.4741958546308771,0.0610686838200095,3,B2019-01747
1748,1748,827778.0269058296,0.4438635511294078,0.5955447438044539,0,B2019-01748
1749,1749,647202.274535809,0.548859549457054,0.4409527888223711,0,B2023-01749
1750,1750,628663.021189337,0.4263031119144178,-0.0071509614230869,2,B2022-01750
1751,1751,2370301.2331838566,0.5407038014198644,0.0899424766082567,6,B2019-01751
1752,1752,1365934.5724907063,0.5117655743616495,0.5849035007166983,0,B2020-01752
1753,1753,230873.7566947208,0.4908347235263938,0.1202971244128809,3,B2018-01753
1754,1754,233880.4376657825,0.7259123129673509,-0.4113433892094532,4,B2023-01754
1755,1755,237241.1798980335,0.5687858564092294,0.0261032081159114,3,B2021-01755
1756,1756,162504.44292549556,0.6915637582027114,-0.4591639920360211,4,B2022-01756
1757,1757,1223195.921340131,0.5779899056332001,0.0435117240864737,6,B2021-01757
1758,1758,184672.9411764706,0.5271096238537554,0.2356371118292235,3,B2017-01758
1759,1759,1008906.6564651876,0.3575230269350005,0.0603072622299784,2,B2018-01759
1760,1760,241352.9528366371,0.7321671178043554,-0.0084753812639347,4,B2022-01760
1761,1761,218563.2672590568,0.7020114046191074,-0.4359320822238717,4,B2022-01761
1762,1762,821758.9900535579,0.5055959789183363,0.21160610554725,6,B2018-01762
1763,1763,262356.5416985463,0.5627725289375751,0.6223572079190742,0,B2018-01763
1764,1764,1289045.1415455244,0.3437728351157624,0.0486100740032209,2,B2018-01764
1765,1765,223877.58224942625,0.6673488679333958,0.5329852041863851,0,B2018-01765
1766,1766,717176.4705882353,0.2340676591880361,0.061010056798054,2,B2017-01766
1767,1767,192143.5294117647,0.4427572231980741,0.1168002197521546,3,B2017-01767
1768,1768,1088488.1407804133,0.5280963052215204,0.5151367426792364,0,B2018-01768
1769,1769,215082.28996282528,0.7079673130876963,0.4295142100017389,0,B2020-01769
1770,1770,173158.67294117648,0.4101278444021285,0.105122435414211,3,B2017-01770
1771,1771,812800.0,0.23811451873783,0.1623128730784117,2,B2017-01771
1772,1772,794013.5623529411,0.5188799033687485,0.0323823189462679,6,B2017-01772
1773,1773,239058.8235294117,0.534530234759636,0.0958998481689198,3,B2017-01773
1774,1774,717978.2665695556,0.4718943455611658,0.6515675374658161,0,B2021-01774
1775,1775,1150547.1231828618,0.5529104391999189,-0.0546359204449444,6,B2018-01775
1776,1776,1614367.2532517218,0.4565776681956824,0.5255281541259971,0,B2018-01776
1777,1777,1306197.4292272383,0.4347537882620033,0.1425095593582268,2,B2018-01777
1778,1778,592571.7488789237,0.5090172868000634,0.6053982389409425,0,B2019-01778
1779,1779,809107.5745983169,0.4312637924766357,0.3523581005991834,2,B2018-01779
1780,1780,230290.7421576129,0.5606597350849399,0.6189463098223859,0,B2018-01780
1781,1781,176761.33828996282,0.5474352497020797,0.6316403727479616,0,B2020-01781
1782,1782,916498.8523335884,0.2782141877756534,0.2126948121734746,2,B2018-01782
1783,1783,392951.7980107116,0.2914058417794362,0.2747387730628373,2,B2018-01783
1784,1784,1203237.0619739864,0.4626628330017849,0.5033671361967856,0,B2018-01784
1785,1785,765200.7498087224,0.586671865638406,0.5261035388379738,0,B2018-01785
1786,1786,805326.7253251723,0.5917696303351453,0.5237591088669887,0,B2018-01786
1787,1787,169285.87443946188,0.5757802320164108,0.5338166258491932,0,B2019-01787
1788,1788,1326066.5646518748,0.4219576111258899,-0.132751820733014,2,B2018-01788
1789,1789,171406.27390971695,0.6667125895009662,0.4616943712947504,0,B2018-01789
1790,1790,305243.99126001453,0.6048715140973143,0.106548578367306,3,B2021-01790
1791,1791,1035567.3752563228,0.5767323587762747,-0.2919097015468508,5,B2022-01791
1792,1792,852992.9372197309,0.4085530847483702,0.144675835878201,2,B2019-01792
1793,1793,177044.6096654275,0.6308781769256084,0.5026275318742164,0,B2020-01793
1794,1794,788565.8304853042,0.6283668283480218,-0.5136362472052289,5,B2022-01794
1795,1795,774721.7174721189,0.5304285435100046,0.5806011732475655,0,B2020-01795
1796,1796,1487925.7101238165,0.4950970857059626,0.0514689876616627,2,B2021-01796
1797,1797,1198677.8882938027,0.3575230269350005,0.0603072622299784,2,B2018-01797
1798,1798,161169.56896551725,0.7148272557173588,-0.4422980174727892,4,B2023-01798
1799,1799,130588.10408921933,0.656902328367319,0.485231193663476,0,B2020-01799
1800,1800,728573.9776951673,0.4877273620360404,0.6400014713863897,0,B2020-01800
1801,1801,1124889.6860986548,0.509319218706532,0.4884295401296154,0,B2019-01801
1802,1802,1021979.8206278026,0.569406409776057,0.0017317406047334,6,B2019-01802
1803,1803,242040.35874439465,0.6092336367521585,0.1353011274419168,3,B2019-01803
1804,1804,269946.1883408072,0.6655985251020157,0.4764091968665668,0,B2019-01804
1805,1805,1166099.0588235294,0.2461513038536989,0.0604938998670654,2,B2017-01805
1806,1806,1162363.2286995514,0.623841812500548,-0.170366815280451,6,B2019-01806
1807,1807,268941.17647058825,0.4427572231980741,0.1168002197521546,3,B2017-01807
1808,1808,1004534.0474368786,0.4635166070429116,0.6390601699263064,0,B2018-01808
1809,1809,568367.7130044843,0.4840274742037564,0.5521828518909219,0,B2019-01809
1810,1810,147502.24215246635,0.5802419639046864,0.5735981372005129,0,B2019-01810
1811,1811,733941.9412166781,0.5486678298947577,0.1264312211747885,6,B2022-01811
1812,1812,3537135.2785145887,0.3731443598373076,0.0245567626903904,2,B2023-01812
1813,1813,250000.0,0.7440073573852104,-0.4757481400418124,4,B2024-01813
1814,1814,234080.3366488141,0.6157634784293227,0.5854322282992165,0,B2018-01814
1815,1815,766955.6235654171,0.4864542896877424,0.0506936258377412,6,B2018-01815
1816,1816,527618.5919343814,0.6521530626784543,-0.5330352707095665,5,B2022-01816
1817,1817,558313.0717488789,0.2955022533907636,0.3317505111205148,2,B2019-01817
1818,1818,218551.7444529457,0.579247638623858,0.6175844441018411,0,B2018-01818
1819,1819,767425.0,0.7027137071155194,-0.514164339900386,5,B2024-01819
1820,1820,737780.5878332194,0.6885251897931707,-0.5311223975066756,5,B2022-01820
1821,1821,203180.56618209643,0.582051287796668,0.4114765421585893,0,B2018-01821
1822,1822,648383.4080717489,0.4449560838407848,0.5037741996911412,0,B2019-01822
1823,1823,199682.4789594492,0.5905255395016109,0.0996449372370247,3,B2018-01823
1824,1824,1164565.4498141264,0.619476047066955,-0.0249904375989743,6,B2020-01824
1825,1825,727019.1277735273,0.5521976923956946,0.308599025593299,0,B2018-01825
1826,1826,148377.19969395566,0.4765823798296262,0.6167417663244682,0,B2018-01826
1827,1827,765701.7937219731,0.4944829337106042,0.6095555709868014,0,B2019-01827
1828,1828,219213.4659525632,0.6376567031066129,0.5624403021165064,0,B2018-01828
1829,1829,742737.5464684014,0.5814460971769743,0.0197070026634551,6,B2020-01829
1830,1830,283927.5784753363,0.649559557714883,0.0575873434383565,3,B2019-01830
1831,1831,205768.32713754647,0.6659594388592797,0.0387677105357296,3,B2020-01831
1832,1832,906468.4014869888,0.5893467011078786,0.0186698033982539,6,B2020-01832
1833,1833,797855.3940321348,0.336848601445977,0.0425568735940871,2,B2018-01833
1834,1834,732051.2645249488,0.6119236438617981,-0.0843012612378684,6,B2022-01834
1835,1835,786488.7892376682,0.625347739373801,0.3455203936267843,0,B2019-01835
1836,1836,233213.00448430493,0.6092145519063896,0.1744986793068736,3,B2019-01836
1837,1837,695997.7695167286,0.4589347843570546,0.5169579970127334,0,B2020-01837
1838,1838,256390.58823529413,0.4583533545780328,0.2649289767063383,3,B2017-01838
1839,1839,964303.5294117648,0.3565046022761156,0.0181106595640103,2,B2017-01839
1840,1840,192143.5294117647,0.4509890030288788,0.2587690778819166,3,B2017-01840
1841,1841,180151.4919663352,0.5773293852425775,0.0650388055942673,3,B2018-01841
1842,1842,729186.6028708135,0.6246763825523204,-0.2619019485112696,5,B2022-01842
1843,1843,700000.0,0.6769970866316479,-0.509955956294136,5,B2025-01843
1844,1844,256278.0269058296,0.5138161910389674,0.6497690258079553,0,B2019-01844
1845,1845,154750.3787327021,0.569360645183494,0.0660440182572094,3,B2021-01845
1846,1846,148641.25560538116,0.6413821625875341,0.0549784668796565,3,B2019-01846
1847,1847,164991.79372197308,0.6323657308685523,0.0782492641594373,3,B2019-01847
1848,1848,189105.35809018568,0.6124238260852414,0.0252207165519185,3,B2023-01848
1849,1849,152087.4914559125,0.715047150354808,-0.1632772608514578,4,B2022-01849
1850,1850,182526.9058295964,0.6655985251020157,0.4764091968665668,0,B2019-01850
1851,1851,200043.4126394052,0.6655985251020157,0.4764091968665668,0,B2020-01851
1852,1852,227412.323379461,0.5742108649475012,0.0877994640493076,3,B2021-01852
1853,1853,174517.82899628254,0.554740612595101,0.0165087056923267,3,B2020-01853
1854,1854,167379.57621326044,0.7366667837460374,-0.475722544170728,4,B2022-01854
1855,1855,152686.46616541353,0.6501166224589733,0.0493315938414173,3,B2022-01855
1856,1856,16915926.039329935,0.1915514880644271,0.1024083071550937,7,B2021-01856
1857,1857,950000.0,0.7124609331441187,-0.5248911628246667,5,B2024-01857
1858,1858,1537400.6896551724,0.5531101203201256,-0.0464947614923905,2,B2023-01858
1859,1859,174918.3239917977,0.7213221440861091,-0.4418006922703986,4,B2022-01859
1860,1860,467866.95830485306,0.6697432839883309,-0.5437874856415731,5,B2022-01860
1861,1861,836220.7792207793,0.7404967324686187,-0.153016678147534,5,B2022-01861
1862,1862,711600.8753315649,0.6616980094286076,0.1517703794481773,5,B2023-01862
1863,1863,932447.3684210528,0.7188071622135005,-0.443525325233124,5,B2022-01863
1864,1864,350000.0,0.7392083171108194,-0.4796195810840905,4,B2025-01864
1865,1865,1200000.0,0.5138724040525653,-0.0957416780595096,6,B2024-01865
1866,1866,350000.0,0.712607223351699,-0.4602554778231428,4,B2025-01866
1867,1867,712176.923076923,0.6788697578773336,-0.5195649334395985,5,B2023-01867
1868,1868,252652.5198938992,0.7210137554284965,-0.4843836938891048,4,B2023-01868
1869,1869,350000.0,0.616337127765962,0.0287334698736416,3,B2024-01869
1870,1870,354030.0,0.6801143326531855,-0.5499807548830413,4,B2024-01870
1871,1871,349105.0,0.6801143326531855,-0.5499807548830413,4,B2024-01871
1872,1872,755223.7730690363,0.5986414712983161,-0.0663926872046708,6,B2022-01872
1873,1873,434656.3437727604,0.7161943896647491,-0.2194069881551252,5,B2021-01873
1874,1874,987526.999316473,0.6940081679878066,-0.5099807063421921,5,B2022-01874
1875,1875,707427.0557029177,0.72726348106762,-0.5305343299872224,5,B2023-01875
1876,1876,858981.8181818182,0.6165301965243459,-0.2488091817482122,5,B2022-01876
1877,1877,600000.0,0.6621030185757375,-0.4844120369088207,5,B2024-01877
1878,1878,1081042.0225464192,0.6190248530563277,-0.08887484272269,6,B2023-01878
1879,1879,742040.450928382,0.7116714412302462,-0.5359442628357461,5,B2023-01879
1880,1880,898098.8594164456,0.6999751799598586,-0.517432477334036,5,B2023-01880
1881,1881,157816.8147641832,0.6963256381634675,-0.4197670813509636,4,B2022-01881
1882,1882,1075764.705882353,0.3715870398785433,0.0949487235965379,2,B2017-01882
1883,1883,430772.54641909816,0.4630329457601402,0.0897083479676751,2,B2023-01883
1884,1884,202088.8585099112,0.6582468871477736,-0.2482810162831877,4,B2022-01884
1885,1885,637442.3076923076,0.691238780389104,-0.4936674328740789,5,B2023-01885
1886,1886,685875.7957559682,0.6866344164367786,-0.4878564770149934,5,B2023-01886
1887,1887,1100000.0,0.3129028879333841,0.0657757427358818,2,B2025-01887
1888,1888,700000.0,0.3032062677075183,0.0542495157369176,2,B2025-01888
1889,1889,634220.4647983595,0.631628342164816,-0.2902401928208987,5,B2022-01889
1890,1890,300000.0,0.696509836822821,-0.4624468307021018,4,B2024-01890
1891,1891,234381.4080656186,0.7163995410074607,-0.4628578487386924,4,B2022-01891
1892,1892,776062.8844839372,0.584328063132509,-0.5273759635873961,5,B2022-01892
1893,1893,165369.1045796309,0.6256162558488557,0.1176303006619494,3,B2022-01893
1894,1894,300000.0,0.5679934555712922,0.0249252528251387,3,B2024-01894
1895,1895,1150750.0,0.6920417283317052,-0.537483994562333,5,B2024-01895
1896,1896,245144.48,0.285895630845708,0.0670749274123664,2,B2024-01896
1897,1897,732624.1968557758,0.6852286350409524,-0.5446472572656489,5,B2022-01897
1898,1898,848460.6971975394,0.6445627237372717,-0.5611002184515523,5,B2022-01898
1899,1899,795350.1326259946,0.4650036416409276,0.0376275958443577,6,B2023-01899
1900,1900,880351.9510328999,0.5259435411195014,0.0681331572682916,6,B2018-01900
1901,1901,300000.0,0.7300360858417722,-0.4016535487353093,4,B2024-01901
1902,1902,957047.74535809,0.6343007756952205,-0.4161084414009013,5,B2023-01902
1903,1903,733353.3834586466,0.6454767942157217,-0.2650909618499803,5,B2022-01903
1904,1904,833366.8094873758,0.4246334424577127,0.0705909101927604,6,B2018-01904
1905,1905,1080117.3143236074,0.7026632117499394,-0.4790731169830206,5,B2023-01905
1906,1906,710989.4562334217,0.6846722076433946,-0.5277830837566595,5,B2023-01906
1907,1907,840466.1710037175,0.4937910562713284,-0.0392936000359227,6,B2020-01907
1908,1908,851317.0,0.546188695267486,0.0357317912212456,3,B2024-01908
1909,1909,200000.0,0.7187062689379086,-0.4142799347818854,4,B2024-01909
1910,1910,295785.3580901857,0.7866805687428796,-0.1558470728246517,4,B2023-01910
1911,1911,950000.0,0.6928139036365325,-0.4958867361598253,5,B2024-01911
1912,1912,211760.7095490716,0.7079442612225193,-0.3895362795475944,4,B2023-01912
1913,1913,227387.26790450927,0.7262672137150284,-0.5081260027486799,4,B2023-01913
1914,1914,1085238.004101162,0.50475146455577,-0.0752442894452462,6,B2022-01914
1915,1915,1400000.0,0.5925438547918699,0.0044725440070213,2,B2024-01915
1916,1916,478992.5,0.5935804753886028,0.0839353258850365,3,B2025-01916
1917,1917,708437.6657824933,0.6767111733278219,-0.4676379975614282,5,B2023-01917
1918,1918,207810.36910457964,0.7426529939791128,-0.434403789332149,4,B2022-01918
1919,1919,725280.2460697198,0.6780490625700372,-0.4739238954926001,5,B2022-01919
1920,1920,900000.0,0.6201834260974234,-0.3056527346505942,5,B2025-01920
1921,1921,954858.7035688274,0.422589103342915,0.0690276164189626,2,B2021-01921
1922,1922,303183.02387267904,0.6842056042777167,-0.2855434573336082,4,B2023-01922
1923,1923,1000000.0,0.5466053026811477,-0.044307158832564,6,B2024-01923
1924,1924,1111671.0875331564,0.5880177441272176,-0.006453704044574,6,B2023-01924
1925,1925,1100000.0,0.4073760443091831,-0.0211751306598733,2,B2024-01925
1926,1926,1212732.0954907162,0.6009940231034493,-0.0232023575526411,6,B2023-01926
1927,1927,1000000.0,0.6743715044668525,-0.5112465505160831,5,B2024-01927
1928,1928,620000.0,0.7456020069964066,-0.4511018958294251,4,B2024-01928
1929,1929,697284.6889952153,0.7231771735644629,-0.5101237777127318,5,B2022-01929
1930,1930,1313793.1034482757,0.2453056281453703,0.0833724714282659,2,B2023-01930
1931,1931,761987.3673740053,0.6862440075167782,-0.4984833517078203,5,B2023-01931
1932,1932,724887.006151743,0.612447893452449,-0.0774981455873118,6,B2022-01932
1933,1933,151566.64388243336,0.7098653234579356,-0.4042531590732089,4,B2022-01933
1934,1934,747416.2679425838,0.7821438919657406,-0.1502262665285027,5,B2022-01934
1935,1935,180484.85411140585,0.7134239296286065,-0.4537639689768006,4,B2023-01935
1936,1936,709689.3063660477,0.4719843303320888,0.414300396835855,0,B2023-01936
1937,1937,1300000.0,0.2978801659576613,0.0435801698089461,2,B2025-01937
1938,1938,648194.8051948053,0.6638825825725231,-0.4279187210873427,5,B2022-01938
1939,1939,688715.6100795756,0.646617028181008,-0.5516095576587068,5,B2023-01939
1940,1940,300000.0,0.7300360858417722,-0.4016535487353093,4,B2024-01940
1941,1941,250000.0,0.6925200068051918,-0.5043247804960999,4,B2024-01941
1942,1942,900000.0,0.6775563439839475,-0.5104355919647073,5,B2024-01942
1943,1943,900000.0,0.6463586426299321,-0.5538252414101654,5,B2024-01943
1944,1944,300000.0,0.7196230921715069,-0.3982691049831309,4,B2024-01944
1945,1945,706163.7931034482,0.5308725464327132,-0.4591051543632612,5,B2023-01945
1946,1946,300000.0,0.7369638676107069,-0.4033653074993236,4,B2024-01946
1947,1947,700000.0,0.6699171603247869,-0.5256387511504079,5,B2024-01947
1948,1948,131177.18832891245,0.6275663622377385,0.0406160755971338,3,B2023-01948
1949,1949,400000.0,0.7415100504369667,-0.4574860960576672,4,B2024-01949
1950,1950,300000.0,0.6687586732805829,-0.3221093612167858,4,B2024-01950
1951,1951,641737.400530504,0.7207562280613129,-0.1152070677511604,5,B2023-01951
1952,1952,13895964.125560535,0.3255684655570307,0.2137459001607444,2,B2019-01952
1953,1953,791055.0397877984,0.6032897700885668,-0.2921677442092485,5,B2023-01953
1954,1954,648715.6527682844,0.3961760648729397,0.1227068198513025,2,B2022-01954
1955,1955,127556.67771883289,0.5973355604443269,0.0223221377772699,3,B2023-01955
1956,1956,50530.50397877984,0.351145900428954,0.0579143962205862,2,B2023-01956
1957,1957,1300000.0,0.4132398022418355,0.1080348653632904,2,B2024-01957
1958,1958,629079.5092838196,0.4890266210545788,0.4706324338760816,0,B2023-01958
1959,1959,65689.6551724138,0.3255093900759683,0.0273258409323046,2,B2023-01959
1960,1960,701616.0477453581,0.6229641075208882,-0.0156756056805226,6,B2023-01960
1961,1961,686204.2440318302,0.7011812940144994,-0.1515340618008009,5,B2023-01961
1962,1962,940702.8024606972,0.7023345058324597,-0.5150321452195558,5,B2022-01962
1963,1963,214823.58168147644,0.7443159790763667,-0.3932725214795493,4,B2022-01963
1964,1964,712250.1923076923,0.5634920005084054,0.3741574462535501,0,B2023-01964
1965,1965,187754.00153022195,0.5902430222977414,0.0845768423698102,3,B2018-01965
1966,1966,760557.3541114058,0.5600470183609288,-0.0564255764405956,6,B2023-01966
1967,1967,159694.07824933686,0.6159469739123962,-0.0532567033156161,3,B2023-01967
1968,1968,13650000.0,0.2297293550130633,0.1166457925306143,2,B2025-01968
1969,1969,932056.7327409432,0.5120336899118623,0.5622065037026052,0,B2022-01969
1970,1970,749978.8380041012,0.6354364418307684,-0.4818271419619672,5,B2022-01970
1971,1971,400000.0,0.7305312141285455,-0.4403704682336576,4,B2025-01971
1972,1972,174483.93711551608,0.6671426374729726,-0.3011892748478872,4,B2022-01972
1973,1973,165004.51127819548,0.7200313912008822,-0.462677165415423,4,B2022-01973
1974,1974,233339.71291866028,0.7326495740206582,-0.4757970924617453,4,B2022-01974
1975,1975,1087244.6419098142,0.7005816332950503,-0.5112316353119669,5,B2023-01975
1976,1976,719339.6220159151,0.4216894862833145,-0.0180773655669441,2,B2023-01976
1977,1977,656896.5517241379,0.6793659067936183,-0.5072336656775279,5,B2023-01977
1978,1978,189438.85941644563,0.7261976537162895,-0.4441149615193399,4,B2023-01978
1979,1979,1016016.8435013264,0.7505120723180526,0.0785497375691075,5,B2023-01979
1980,1980,729186.6028708135,0.6111477327506267,-0.362299232826661,5,B2022-01980
1981,1981,749025.6869446343,0.5451075659076645,0.028941471315597,6,B2022-01981
1982,1982,454774.5358090185,0.2871775274079856,0.001391051796826,2,B2023-01982
1983,1983,625017.0881749829,0.3077904742449094,0.2197156360537184,2,B2022-01983
1984,1984,161983.59535201642,0.7314206177951059,-0.3780389334019456,4,B2022-01984
1985,1985,172124.4976076555,0.6938956930338439,-0.4615456157079018,4,B2022-01985
1986,1986,183020.6288448393,0.7213221440861091,-0.4418006922703986,4,B2022-01986
1987,1987,173339.84084880637,0.7587796606298167,-0.1318974096784149,4,B2023-01987
1988,1988,150328.24933687,0.6668134029905827,-0.3326503871954577,4,B2023-01988
1989,1989,1172999.9602122016,0.6697973173338159,-0.4947945886769543,5,B2023-01989
1990,1990,754965.9535201641,0.5939680086731337,-0.5329999161313813,5,B2022-01990
1991,1991,844825.1811346549,0.6149767195833652,-0.2949789994036288,5,B2022-01991
1992,1992,885440.8749145592,0.5806168243899178,0.0957773484173297,6,B2022-01992
1993,1993,231707.938820102,0.5414686622931411,0.0447915102459199,3,B2021-01993
1994,1994,249516.75836431223,0.6323657308685523,0.0782492641594373,3,B2020-01994
1995,1995,254951.07623318385,0.6125965716244627,0.5345743510064689,0,B2019-01995
1996,1996,164386.77888293806,0.5773293852425775,0.0650388055942673,3,B2018-01996
1997,1997,179294.11764705885,0.5571606821290516,0.1012147009376384,3,B2017-01997
1998,1998,1159032.8997704668,0.5306392110488334,0.0636413573852973,6,B2018-01998
1999,1999,259612.4887892377,0.5739083536034126,0.5416738614765246,0,B2019-01999
2000,2000,243840.0,0.4755611783268965,0.1602697018533855,3,B2017-02000
2001,2001,825840.0918133131,0.3565046022761156,0.0181106595640103,2,B2018-02001
2002,2002,1389588.8594164455,0.3635960379429682,0.0806872562610993,2,B2023-02002
2003,2003,200900.97934200463,0.6352388303104148,0.1283976914861465,3,B2018-02003
2004,2004,292249.4117647059,0.6241674731454696,0.0904395264430097,3,B2017-02004
2005,2005,183796.9058295964,0.6323657308685523,0.0782492641594373,3,B2019-02005
2006,2006,257045.2792654936,0.6673986694942332,0.5477343482099464,0,B2018-02006
2007,2007,288592.195868401,0.5858403625545436,0.4723309580079276,0,B2018-02007
2008,2008,210147.98206278027,0.6728817246341765,0.4761903599234479,0,B2019-02008
2009,2009,848752.5631216528,0.6797404890939878,0.4782511147461619,0,B2018-02009
2010,2010,215074.0627390972,0.5109856340989385,0.5998514132329775,0,B2018-02010
2011,2011,259642.5153793575,0.5596973642441881,-0.575421040974455,5,B2022-02011
2012,2012,512128.92376681615,0.5127334631401687,0.5926354866398869,0,B2019-02012
2013,2013,1180054.1176470588,0.3530904682384053,0.1498607871923794,2,B2017-02013
2014,2014,802626.1107313739,0.6000444559233318,-0.2510706328920158,5,B2022-02014
2015,2015,380000.0,0.7211850351343896,-0.4294840637200829,4,B2025-02015
2016,2016,826714.6136189749,0.5973304656613923,0.0090702195359229,6,B2018-02016
2017,2017,774972.0734506506,0.6101116227577305,-0.0013114084219136,6,B2018-02017
2018,2018,219914.420975965,0.5620792565972244,0.0869314859873556,3,B2021-02018
2019,2019,1164367.079388201,0.66286715347101,-0.4580104746746881,5,B2021-02019
2020,2020,217989.13542463665,0.5716871640013209,0.6049556489770279,0,B2018-02020
2021,2021,454774.5358090185,0.3905526069537488,0.0929663910110809,2,B2023-02021
2022,2022,807766.6411629688,0.4298294069834035,0.1208016956039906,2,B2018-02022
2023,2023,187701.53022188225,0.5271096238537554,0.2356371118292235,3,B2018-02023
2024,2024,827442.3529411765,0.3886997372433934,-0.0621220481867066,2,B2017-02024
2025,2025,798825.2788104089,0.5685176631394954,0.5302590565094851,0,B2020-02025
2026,2026,196184.68169761272,0.565261924346797,0.0177632504468318,3,B2023-02026
2027,2027,10160000.0,0.313144986845464,0.0533515130052282,2,B2017-02027
2028,2028,109668235.29411764,0.164423147982527,0.0992729709806024,1,B2017-02028
2029,2029,619367.8077203204,0.4604766562486346,0.6081765540600116,0,B2021-02029
2030,2030,1487653.4498141264,0.4934300061443204,0.6229249825982166,0,B2020-02030
2031,2031,1464626.6578249335,0.684086497690407,-0.4904295901748715,5,B2023-02031
2032,2032,660520.2476329206,0.5481235789677247,0.5090721680882259,0,B2021-02032
2033,2033,1388907.881040892,0.4884253223932164,0.5778956415680151,0,B2020-02033
2034,2034,182143.49442379185,0.5743439652562957,0.5153462524293292,0,B2020-02034
2035,2035,14429715.950473417,0.2548547163403317,-0.2281206663989632,7,B2021-02035
2036,2036,8498141.26394052,0.2265713502409944,0.2015268200076875,2,B2020-02036
2037,2037,32648814.078041323,0.3218007084467728,-0.1069916447152022,7,B2018-02037
2038,2038,1080237.867395762,0.6979248684381888,-0.5238507172364318,5,B2022-02038
2039,2039,1201801.092498179,0.6296073071639228,0.0183953086064214,6,B2021-02039
2040,2040,306374.13925019134,0.5688036368938953,0.6053032633095762,0,B2018-02040
2041,2041,254944.2379182156,0.5854058982530381,0.5654077765130473,0,B2020-02041
2042,2042,188791.4798206278,0.560770585763469,0.1034947704387882,3,B2019-02042
2043,2043,934720.0,0.3460252877580096,0.2247399001622906,2,B2017-02043
2044,2044,798351.7844136925,0.5924800914164262,0.0237061714926766,6,B2021-02044
2045,2045,256055.9192825112,0.5944027838244943,0.5596813685950477,0,B2019-02045
2046,2046,1381090.3131828113,0.5352183733384298,0.5988372507297214,0,B2021-02046
2047,2047,390000.0,0.5973955309049379,0.0053477124971883,3,B2024-02047
2048,2048,508600.0,0.5548195091795706,0.0251708420585982,3,B2025-02048
2049,2049,300000.0,0.7319140322633443,-0.4813682345381938,4,B2024-02049
2050,2050,1050448.3289124668,0.6947742587389564,-0.5209563620697614,5,B2023-02050
2051,2051,961022.5,0.7035888132054537,-0.4496738325271614,5,B2024-02051
2052,2052,1037490.0,0.4395859041474362,-0.0760066348290515,6,B2024-02052
2053,2053,183177.5,0.7080681536349488,-0.5174146175425169,4,B2024-02053
2054,2054,630115.3846153846,0.6891353478579513,-0.4788057839472847,5,B2023-02054
2055,2055,233941.07427055703,0.5867124088619778,0.0108442788169421,3,B2023-02055
2056,2056,350000.0,0.5866850373961137,0.046372501988662,3,B2025-02056
2057,2057,24740259.74025974,0.3378477547547293,-0.0551310134862282,7,B2022-02057
2058,2058,31250854.40874915,0.3671621800439529,-0.0887622568994718,7,B2022-02058
2059,2059,579230.0,0.7172254851693542,-0.1127706227301007,5,B2024-02059
2060,2060,181657.1618037136,0.7037736452692487,-0.3381310162312854,4,B2023-02060
2061,2061,1313793.1034482757,0.6197865048584401,-0.4478978916540383,5,B2023-02061
2062,2062,217376.9701606733,0.6790902315922814,0.5194222705117556,0,B2018-02062
2063,2063,290341.2394797246,0.6963365692549499,0.5301403814205125,0,B2018-02063
2064,2064,1255937.3647058825,0.336028278059349,-0.0699715558373829,2,B2017-02064
2065,2065,832113.3282325938,0.4172443120369503,-0.0909720898081453,2,B2018-02065
2066,2066,1451851.4202476328,0.5949413902081448,-0.0974697001661803,6,B2021-02066
2067,2067,1208442.3529411764,0.4868773228310204,0.0288073415695893,6,B2017-02067
2068,2068,240220.64941176472,0.4583533545780328,0.2649289767063383,3,B2017-02068
2069,2069,221129.41176470587,0.3548016077738669,0.1273508876449849,3,B2017-02069
2070,2070,16000000.0,0.2650525611273599,-0.025407669823336,7,B2024-02070
2071,2071,201338.8380041012,0.675915456885664,-0.4774966103852586,4,B2022-02071
2072,2072,1147482.3529411764,0.3182072283688406,0.103904511080247,2,B2017-02072
2073,2073,612490.7040328094,0.653084013358566,0.1484976511011044,5,B2022-02073
2074,2074,162720.59466848942,0.7021560305616645,-0.460781167743664,4,B2022-02074
2075,2075,707222.4606971976,0.7038813857897188,-0.5225969536530186,5,B2022-02075
2076,2076,800000.0,0.6584332414157589,-0.5320031294429968,5,B2024-02076
2077,2077,1000000.0,0.5527543371746937,-0.0389310330255677,6,B2024-02077
2078,2078,151096.31299734747,0.7018119551943061,-0.4559633474484368,4,B2023-02078
2079,2079,371350.0,0.5808563192702454,0.0069793534297171,3,B2025-02079
2080,2080,228269.025198939,0.7470716546266404,-0.4273444440973972,4,B2023-02080
2081,2081,131184.76790450927,0.6403049029651857,-0.2795722949723888,4,B2023-02081
2082,2082,178744.2379182156,0.6471509308424765,0.4899870421516058,0,B2020-02082
2083,2083,213559.7960670065,0.5948329375357558,0.5028962572715094,0,B2021-02083
2084,2084,944356.5481886537,0.6845167256773134,-0.4838754222513611,5,B2022-02084
2085,2085,1257663.819628647,0.7138629294276579,-0.4372631639224847,5,B2023-02085
2086,2086,173254.43866171004,0.5679527059134041,0.0034803022589143,3,B2020-02086
2087,2087,670163.3355437665,0.6193250862304109,-0.2896389231150761,5,B2023-02087
2088,2088,176957.96308954206,0.6805976846856625,-0.5145397436601528,4,B2022-02088
2089,2089,731594.9235251275,0.6289560365361784,-0.0563303358579424,6,B2021-02089
2090,2090,183224.0932265113,0.6234667412213234,0.0566530693113055,3,B2021-02090
2091,2091,673015.8266569555,0.5379073474940811,-0.1083526234805765,6,B2021-02091
2092,2092,1171433.6564705882,0.5270815728333972,0.0375374719349444,6,B2017-02092
2093,2093,718902.5331564987,0.6614910938102437,-0.0664728791053528,6,B2023-02093
2094,2094,769214.8579752366,0.4233591395256988,0.5545654310044131,0,B2021-02094
2095,2095,690289.2119357308,0.4947849219073748,0.5733757057869973,0,B2018-02095
2096,2096,279992.7314460597,0.426504829791942,0.1802538577628268,3,B2018-02096
2097,2097,1016000.0,0.3530904682384053,0.1498607871923794,2,B2017-02097
2098,2098,229765.47705753823,0.5913667505891053,0.5828859305563635,0,B2021-02098
2099,2099,191247.05882352943,0.4968293708063511,0.09600406052702,3,B2017-02099
2100,2100,265952.9411764706,0.4731478015826402,0.1643781835611952,3,B2017-02100
2101,2101,221837.03136954864,0.5278722535630398,0.6461940746980942,0,B2018-02101
2102,2102,161900.25974025976,0.7146723671734162,-0.4101458593023658,4,B2022-02102
2103,2103,171945.72490706318,0.6241674731454696,0.0904395264430097,3,B2020-02103
2104,2104,748546.5071770336,0.5278389152914871,-0.3196951112835188,5,B2022-02104
2105,2105,155374.03964456596,0.7684874573653316,-0.0961007547550237,4,B2022-02105
2106,2106,250000.0,0.7045761670569287,-0.4578525467480275,4,B2024-02106
2107,2107,179294.11764705885,0.5471988340762949,0.6262376274961297,0,B2017-02107
2108,2108,773355.2941176471,0.480696341960721,0.069461887764243,6,B2017-02108
2109,2109,149251.72149961747,0.4001065023242767,0.1693344184256436,3,B2018-02109
2110,2110,1850612.1076233184,0.3309615507588897,0.1367925536967775,2,B2019-02110
2111,2111,182035.85130111524,0.5595997284711284,0.651831320605637,0,B2020-02111
2112,2112,254597.64705882352,0.4583533545780328,0.2649289767063383,3,B2017-02112
2113,2113,208339.02939166097,0.7036099327139117,-0.420107051234845,4,B2022-02113
2114,2114,841188.2352941177,0.4025936530674628,-0.0725144635614038,2,B2017-02114
2115,2115,1005223.9621267298,0.5283906053190642,0.5766186959080373,0,B2021-02115
2116,2116,656896.5517241379,0.619884845613184,-0.2465037814858613,5,B2023-02116
2117,2117,945859.1934381408,0.6798221707261488,-0.4301662072460382,5,B2022-02117
2118,2118,909786.9955156952,0.4771583959368838,0.6059214869423506,0,B2019-02118
2119,2119,979367.0689655172,0.6947136061023704,-0.4937868507142296,5,B2023-02119
2120,2120,1070604.7915242652,0.6677164085484723,-0.545720623447367,5,B2022-02120
2121,2121,1008084.9308084486,0.6845780132192497,-0.5200859189688298,5,B2021-02121
2122,2122,568278.5577580314,0.6499118993430915,0.145275235260036,5,B2022-02122
2123,2123,190161.45666423888,0.6234667412213234,0.0566530693113055,3,B2021-02123
2124,2124,510279.1551347414,0.5435541219498448,0.5026202343731673,0,B2021-02124
2125,2125,262065.0344299924,0.6105979732145382,0.5786054325149331,0,B2018-02125
2126,2126,220172.68626110733,0.6671426374729726,-0.3011892748478872,4,B2022-02126
2127,2127,748197.5393028025,0.6814183308035867,-0.50757239986855,5,B2022-02127
2128,2128,891267.4729411765,0.2851629761337367,-0.024470333072511,2,B2017-02128
2129,2129,203498.8235294117,0.4509890030288788,0.2587690778819166,3,B2017-02129
2130,2130,187439.17368018365,0.450401009383084,0.1599148631794548,3,B2018-02130
2131,2131,268941.17647058825,0.5401436649864028,0.2115330243549076,3,B2017-02131
2132,2132,191247.05882352943,0.7030408709992929,0.4986865210800459,0,B2017-02132
2133,2133,33468.23529411765,0.338044104596621,0.1203737006245456,2,B2017-02133
2134,2134,825803.8277511962,0.612447893452449,-0.0774981455873118,6,B2022-02134
2135,2135,1122302.9839326704,0.4429074734938973,-0.0284970326921276,2,B2018-02135
2136,2136,820345.8917647059,0.4307266457402228,0.0607854591826011,6,B2017-02136
2137,2137,268690.1647058824,0.5657737289213491,0.639220626649188,0,B2017-02137
2138,2138,886430.1176470588,0.3231284589293068,-0.0373052525387256,2,B2017-02138
2139,2139,199874.0807174888,0.5450944267008012,0.6302404172551563,0,B2019-02139
2140,2140,228250.1912777353,0.5271096238537554,0.2356371118292235,3,B2018-02140
2141,2141,227703.5294117647,0.658044339870485,0.4515069999812328,0,B2017-02141
2142,2142,812970.8520179372,0.494628365865528,-0.0596209049612023,6,B2019-02142
2143,2143,1631576.4705882354,0.3987329815370888,0.1347345810261895,2,B2017-02143
2144,2144,227175.0397877984,0.7175584323383816,-0.3905786475591277,4,B2023-02144
2145,2145,960418.8235294118,0.3692523586602534,-0.0269966458542467,2,B2017-02145
2146,2146,828820.0,0.5311082042143728,-0.0708863853345629,6,B2025-02146
2147,2147,800000.0,0.6391278500334738,-0.5567223168298172,5,B2024-02147
2148,2148,1206393.0437665782,0.6701681838007205,-0.5631220121446945,5,B2023-02148
2149,2149,800000.0,0.5416899761372098,-0.0676968796360015,6,B2025-02149
2150,2150,746332.9049897471,0.6479358809045693,-0.4980798877577711,5,B2022-02150
2151,2151,592470.1591511936,0.5943980631768732,0.3504661785892438,0,B2023-02151
2152,2152,900000.0,0.691656912243474,-0.5316094592342128,5,B2024-02152
2153,2153,175123.31838565023,0.6190161563489377,0.0926537976652884,3,B2019-02153
2154,2154,206730.94170403585,0.5827266603227448,0.5215655032367094,0,B2019-02154
2155,2155,203390.97744360904,0.7227632334214256,-0.3829888904822455,4,B2022-02155
2156,2156,183477.64705882352,0.4303926011160514,0.062217140040503,3,B2017-02156
2157,2157,226209.41176470587,0.3989653960731974,0.234692142390674,3,B2017-02157
2158,2158,192394.79724560064,0.5583714465534461,0.6311521201925011,0,B2018-02158
2159,2159,934601.6023306628,0.5445102277679745,0.0557015020386501,6,B2021-02159
2160,2160,797309.4170403588,0.600831091873001,0.4339449411267894,0,B2019-02160
2161,2161,956235.2941176472,0.4319046666388024,0.1712460833482515,2,B2017-02161
2162,2162,200000.0,0.7294103776352002,-0.4146681852584957,4,B2024-02162
2163,2163,200802.36500341765,0.6972678638488894,-0.4228408906296382,4,B2022-02163
2164,2164,174483.93711551608,0.704877504119733,-0.4506520702643697,4,B2022-02164
2165,2165,873608.9219330854,0.5360035829983483,0.5429784365703236,0,B2020-02165
2166,2166,762960.9637730691,0.5788463016199686,-0.0176988631038572,6,B2022-02166
2167,2167,799171.7040358745,0.5451198766607773,0.5352735910244685,0,B2019-02167
2168,2168,763792.9411764706,0.3518863416857004,0.1426714737505109,2,B2017-02168
2169,2169,514801.83626625873,0.4140305611013207,0.0611754931019218,2,B2018-02169
2170,2170,738580.3060443766,0.524979892488224,0.1977364555057532,6,B2018-02170
2171,2171,252678.0669144981,0.569360645183494,0.0660440182572094,3,B2020-02171
2172,2172,1079051.7647058824,0.4079908223492215,-0.0668560415490023,2,B2017-02172
2173,2173,268941.17647058825,0.5271096238537554,0.2356371118292235,3,B2017-02173
2174,2174,250000.0,0.7212528577974044,-0.3748351901702061,4,B2024-02174
2175,2175,223520.0,0.5002192776879032,0.5938780614172217,0,B2017-02175
2176,2176,701945.0,0.6875396904251087,-0.4765332171140604,5,B2024-02176
2177,2177,197500.0,0.7105719112302664,-0.5101940504704872,4,B2024-02177
2178,2178,196028.23529411765,0.5836409625037725,0.5958795763962247,0,B2017-02178
2179,2179,175628.2527881041,0.6540500806809069,0.4816400418195333,0,B2020-02179
2180,2180,1040318.2588235296,0.5100277556485115,0.5782124044345328,0,B2017-02180
2181,2181,1385345.8823529412,0.3530904682384053,0.1498607871923794,2,B2017-02181
2182,2182,252244.15455241007,0.6407333425583216,0.0807293848907141,3,B2018-02182
2183,2183,29780000.0,0.313144986845464,0.0533515130052282,7,B2024-02183
2184,2184,251500.0,0.5772482660092834,0.0240395864744168,3,B2024-02184
2185,2185,1950133.408071749,0.4945238579347258,0.5543524071978428,0,B2019-02185
2186,2186,722355.0114766642,0.6307454596816201,0.4639680982050823,0,B2018-02186
2187,2187,793675.2941176471,0.3149799021522809,0.1200876041073205,6,B2017-02187
2188,2188,967221.117061974,0.3246963074891779,0.1289827472069872,2,B2018-02188
2189,2189,480378.92376681615,0.4312230639687041,0.1561050614326668,2,B2019-02189
2190,2190,261575.30221882177,0.5841708557966057,0.5758438484810371,0,B2018-02190
2191,2191,300000.0,0.7144245638828018,-0.4741453942831147,4,B2025-02191
2192,2192,212762.35294117648,0.5180272730667485,0.0980236155974394,3,B2017-02192
2193,2193,1247104.1411764706,0.5386446646045099,0.152173675556752,6,B2017-02193
2194,2194,195430.58823529413,0.458486787893799,0.155463056896724,3,B2017-02194
2195,2195,909706.7329762818,0.5973304656613923,0.0090702195359229,6,B2018-02195
2196,2196,1425212.8647214854,0.6689832511447261,-0.5090099654392812,5,B2023-02196
2197,2197,729397.5461380725,0.6523869573549247,-0.4761146228090944,5,B2022-02197
2198,2198,734108.6124401914,0.6048983852290509,-0.3281337906964028,5,B2022-02198
2199,2199,285316.7058823529,0.4509890030288788,0.2587690778819166,3,B2017-02199
2200,2200,1000000.0,0.6275681492498986,-0.0827873170868881,6,B2024-02200
2201,2201,273683.2059479554,0.5483578911794624,0.611225484251898,0,B2020-02201
2202,2202,220399.10313901343,0.6496579323103475,0.0520858622970848,3,B2019-02202
2203,2203,1126853.7252221464,0.5155857851839206,0.467156537260433,0,B2022-02203
2204,2204,729134.5181134655,0.6523869573549247,-0.4761146228090944,5,B2022-02204
2205,2205,2250000.0,0.3081677244905003,0.0602078610472584,2,B2025-02205
2206,2206,500000.0,0.6256354149991904,-0.5719430221513387,5,B2025-02206
2207,2207,801295.9641255605,0.5731426173559325,0.5664104398316899,0,B2019-02207
2208,2208,836917.9752367078,0.6048983852290509,-0.3281337906964028,5,B2021-02208
2209,2209,174904.36113236425,0.4834816334198499,0.0741902453999077,3,B2018-02209
2210,2210,277308.23529411765,0.4583533545780328,0.2649289767063383,3,B2017-02210
2211,2211,229037.2609028309,0.5960780118396649,0.0560353413230427,3,B2018-02211
2212,2212,228513.3411764706,0.633584005638968,0.5799338963769949,0,B2017-02212
2213,2213,537882.3529411765,0.4124729841503409,0.0767107659510986,6,B2017-02213
2214,2214,994858.2352941176,0.6538578819859721,0.4663445774692159,0,B2017-02214
2215,2215,1404409.2825112108,0.5332384012862382,0.3799708686767329,0,B2019-02215
2216,2216,253777.1598513011,0.6681697308832353,0.5416618039009925,0,B2020-02216
2217,2217,769184.32735426,0.5118619335675914,0.5991934038712216,0,B2019-02217
2218,2218,1778209.1764705882,0.4379859854981782,0.041400570907523,6,B2017-02218
2219,2219,205485.05576208176,0.6679164140429106,0.5496536775760187,0,B2020-02219
2220,2220,814399.5390334572,0.6600400916468928,0.4097921280136266,0,B2020-02220
2221,2221,175930.4667176741,0.5429028845286329,0.1665938536342529,3,B2018-02221
2222,2222,1199772.3855092276,0.686280415129122,-0.4638920406113764,5,B2022-02222
2223,2223,183326.76620538963,0.5530464035343247,0.4484883198993685,0,B2021-02223
2224,2224,300000.0,0.6669710621574935,-0.2749286176935429,4,B2024-02224
2225,2225,975091.8133129304,0.3597891475595527,0.5089390344628486,0,B2018-02225
2226,2226,1788250.0,0.2763053489741732,0.0966647497002207,2,B2024-02226
2227,2227,230223.6954858455,0.6048715140973143,0.106548578367306,3,B2018-02227
2228,2228,233910.7559681697,0.7199579824661763,-0.4145766212117762,4,B2023-02228
2229,2229,1113694.5112781955,0.7028191175685479,-0.4847350139801076,5,B2022-02229
2230,2230,266275.09293680295,0.6294530302998063,0.0828391673511705,3,B2020-02230
2231,2231,310863.12941176473,0.4731478015826402,0.1643781835611952,3,B2017-02231
2232,2232,169731.76470588235,0.4731478015826402,0.1643781835611952,3,B2017-02232
2233,2233,136462.06425153793,0.5526389413530829,0.0617718001463743,3,B2022-02233
2234,2234,268343.5294117647,0.4583533545780328,0.2649289767063383,3,B2017-02234
2235,2235,1341120.0,0.4443579694387013,0.0256787617569656,6,B2017-02235
2236,2236,732475.7552973343,0.7059821018710988,-0.5312252078851081,5,B2022-02236
2237,2237,120651.73615857826,0.7058595798126682,-0.4609645706425596,4,B2022-02237
2238,2238,273725.32517215004,0.5044339281695098,0.1411063574689394,3,B2018-02238
2239,2239,851247.8653404745,0.6245079240608207,0.4224983522682037,0,B2018-02239
2240,2240,853440.0,0.514303743715007,0.4292770761181185,0,B2017-02240
2241,2241,733092.9596719071,0.570764539310431,-0.4266402989806809,5,B2022-02241
2242,2242,1295499.66367713,0.6545961504572105,0.3071412868435745,0,B2019-02242
2243,2243,1305970.0448430493,0.6443147346101041,0.3287583471729623,0,B2019-02243
2244,2244,673161.6336295283,0.6439952019948355,-0.2640163319394015,5,B2022-02244
2245,2245,770827.3542600897,0.6114380322820424,0.4333139742592715,0,B2019-02245
2246,2246,794376.4573991031,0.2989936980937671,0.289695858311712,2,B2019-02246
2247,2247,1560804.3721973093,0.5990975381201648,-0.0609450783244876,6,B2019-02247
2248,2248,227387.26790450927,0.5988632437551785,0.02851716514658,3,B2023-02248
2249,2249,950000.0,0.6668110079079427,-0.5141245568458499,5,B2024-02249
2250,2250,161739.91031390135,0.6539424388722739,0.0546395558246172,3,B2019-02250
2251,2251,889185.2705882353,0.5691555728941162,0.4402590450913592,0,B2017-02251
2252,2252,127107.64183185236,0.6429995330846692,0.0977217240530412,3,B2022-02252
2253,2253,213864.30757459835,0.5667715112694597,0.5506322841050877,0,B2018-02253
2254,2254,255068.85998469783,0.623587349729456,0.1617855517570323,3,B2018-02254
2255,2255,228250.1912777353,0.6152612347125852,0.4655468705145216,0,B2018-02255
2256,2256,193936.4705882353,0.5620304429074539,0.5565017607219932,0,B2017-02256
2257,2257,256278.0269058296,0.4721780586658437,0.5956243084601912,0,B2019-02257
2258,2258,1382058.8235294118,0.3750428276129967,0.6248720370559635,0,B2017-02258
2259,2259,1068201.079972659,0.6861331754663155,-0.5206885970852627,5,B2022-02259
2260,2260,155886.6047745358,0.7301038281219223,-0.4608728764291473,4,B2023-02260
2261,2261,158171.88638018936,0.5456031981094454,0.0268881689585226,3,B2021-02261
2262,2262,239058.8235294117,0.458486787893799,0.155463056896724,3,B2017-02262
2263,2263,244437.64705882352,0.4926267838930606,0.1662417852994959,3,B2017-02263
2264,2264,90812.4705882353,0.458486787893799,0.155463056896724,3,B2017-02264
2265,2265,1667136.4705882354,0.5027613432352639,0.0906744090616806,2,B2017-02265
2266,2266,698510.948275862,0.7026632117499394,-0.4790731169830206,5,B2023-02266
2267,2267,746072.5,0.6463586426299321,-0.5538252414101654,5,B2024-02267
2268,2268,800000.0,0.5311082042143728,-0.0708863853345629,6,B2024-02268
2269,2269,840889.4117647059,0.346678714898059,-0.1141309123885598,2,B2017-02269
2270,2270,1000000.0,0.5509473217009684,-0.0311865250345203,6,B2024-02270
2271,2271,350000.0,0.7486053122737255,-0.4825234207717909,4,B2024-02271
2272,2272,787432.0026525198,0.7005719225647317,-0.5263682574734725,5,B2023-02272
2273,2273,193592.89211935733,0.4969309459263992,0.1827313720215827,3,B2018-02273
2274,2274,254264.3866171004,0.6106147768267919,0.0558751391438619,3,B2020-02274
2275,2275,233205.8148431523,0.6790357371295307,0.481857252605741,0,B2018-02275
2276,2276,730117.7785145888,0.711008712080736,-0.1616312495321779,5,B2023-02276
2277,2277,917388.2352941176,0.518820315527479,0.00154681109233,6,B2017-02277
2278,2278,196513.9910313901,0.6422411453653875,0.4906181969483932,0,B2019-02278
2279,2279,842383.5294117647,0.6057052456775901,0.4799228421261745,0,B2017-02279
2280,2280,268343.5294117647,0.5169908685032325,0.1256356164028238,3,B2017-02280
2281,2281,821175.97551645,0.6100711492326784,0.5217244285089215,0,B2018-02281
2282,2282,924369.5485845448,0.4160281394456331,0.0722343366117579,2,B2018-02282
2283,2283,1792941.1764705882,0.3852232650833263,0.0271041099756036,2,B2017-02283
2284,2284,726375.9946949602,0.6629379035923619,-0.4546684626314532,5,B2023-02284
2285,2285,975091.8133129304,0.3912490564765478,0.138411659237447,2,B2018-02285
2286,2286,300000.0,0.6844581229240934,-0.2247746241494542,4,B2024-02286
2287,2287,350000.0,0.6752058897502541,-0.4339026525541625,4,B2024-02287
2288,2288,949847.2838561592,0.5459461960779167,0.2259300893315918,6,B2018-02288
2289,2289,871914.798206278,0.5051148618880196,0.5851074162591091,0,B2019-02289
2290,2290,1079830.4832713755,0.6183570809952236,-0.1082335598265477,6,B2020-02290
2291,2291,243700.0765110941,0.4505173256114316,0.2178956064370249,3,B2018-02291
2292,2292,850520.7574654042,0.6687923963363153,-0.540627166074699,5,B2021-02292
2293,2293,208724.2152466368,0.6123721478831904,0.5228679471284426,0,B2019-02293
2294,2294,224770.5753823744,0.6323657308685523,0.0782492641594373,3,B2021-02294
2295,2295,960646.056049214,0.5757407884326086,-0.3025428264956998,5,B2022-02295
2296,2296,557547.0852017937,0.5090172868000634,0.6053982389409425,0,B2019-02296
2297,2297,184232.5937260904,0.5987967567407557,0.1621766351406003,3,B2018-02297
2298,2298,1109978.1500364165,0.3733482764291964,0.2166984930775588,2,B2021-02298
2299,2299,416678.05878332193,0.6317913293114852,-0.5109643573247826,5,B2022-02299
2300,2300,229433.35611756664,0.6988565092825005,-0.4341374674524491,4,B2022-02300
2301,2301,364593.3014354067,0.2695091791401673,0.183021513359854,2,B2022-02301
2302,2302,235681.7843866171,0.6727455936723289,0.547808988631862,0,B2020-02302
2303,2303,191247.05882352943,0.5168517845339379,0.236333697480171,3,B2017-02303
2304,2304,187538.286151492,0.5263440877256574,0.2534900608491482,3,B2018-02304
2305,2305,849567.2470588236,0.5150151183443193,0.200109347312932,6,B2017-02305
2306,2306,1098652.5112107622,0.5610605878997823,-0.0060105343285383,6,B2019-02306
2307,2307,1196579.0588235294,0.265074833148999,0.0566276661219494,2,B2017-02307
2308,2308,1174527.094108646,0.444799267273287,0.1073231835639456,3,B2018-02308
2309,2309,1590126.869888476,0.5139636399393558,0.0378647059875448,2,B2020-02309
2310,2310,652096.1538461539,0.6269424813999936,-0.094777345155854,6,B2023-02310
2311,2311,1393987.758224943,0.3339157688533326,0.1221084671017393,2,B2018-02311
2312,2312,635421.0875331565,0.6802862591526022,-0.4828826775699828,5,B2023-02312
2313,2313,1750000.0,0.3099796559177302,-0.003592444006628,2,B2025-02313
2314,2314,741896.2304832713,0.5323834813316387,0.5334627624241822,0,B2020-02314
2315,2315,850033.4117647059,0.3289024652031897,-0.0925236604346944,2,B2017-02315
2316,2316,217009.23294117648,0.4509890030288788,0.2587690778819166,3,B2017-02316
2317,2317,283271.375464684,0.2847661020272266,0.1439247296477212,2,B2020-02317
2318,2318,800808.1784386617,0.632095449785468,-0.1051328347242827,6,B2020-02318
2319,2319,880742.1524663677,0.3982523342313229,0.062217025970956,6,B2019-02319
2320,2320,821117.6740627392,0.4129105014078875,0.1419409970750758,2,B2018-02320
2321,2321,208952.35294117648,0.4509890030288788,0.2587690778819166,3,B2017-02321
2322,2322,953229.1866028708,0.6203024877166285,-0.5187003256162855,5,B2022-02322
2323,2323,255360.3672532517,0.5214349630118809,0.6012435343099758,0,B2018-02323
2324,2324,177362.06896551725,0.4568281679541013,-0.0105218287672314,3,B2023-02324
2325,2325,800000.0,0.6327681299800443,-0.5461848612675521,5,B2024-02325
2326,2326,206110.5411764705,0.3710477978636929,0.0104884495269789,3,B2017-02326
2327,2327,7417995.294117647,0.3077060293605234,-0.0549326525343822,2,B2017-02327
2328,2328,857677.1300448431,0.6223109069849445,-0.0103465194919637,6,B2019-02328
2329,2329,1200000.0,0.3070501781669258,0.1730396666679363,2,B2025-02329
2330,2330,251121.14349775785,0.5972796461693745,0.0610098902374414,3,B2019-02330
2331,2331,206730.94170403585,0.6313938266863097,0.0840528952820874,3,B2019-02331
2332,2332,236339.5294117647,0.5701230251194621,0.2022346234646266,3,B2017-02332
2333,2333,823312.6117647059,0.3906678482604949,0.0169858994993872,2,B2017-02333
2334,2334,147811.67559296102,0.5256310655148577,0.1271398628132721,3,B2018-02334
2335,2335,224492.56505576207,0.672130767584513,0.4593102746662941,0,B2020-02335
2336,2336,827902.5411764706,0.2851629761337367,-0.024470333072511,2,B2017-02336
2337,2337,873355.7765876054,0.5730694516657766,0.062424243526626,6,B2018-02337
2338,2338,204055.08798775828,0.5263440877256574,0.2534900608491482,3,B2018-02338
2339,2339,237578.42387146145,0.6088211056096362,0.0953114698166529,3,B2018-02339
2340,2340,254485.84544759,0.5773293852425775,0.0650388055942673,3,B2018-02340
2341,2341,829833.9461883408,0.5408196690486529,0.5773116567007731,0,B2019-02341
2342,2342,182993.30855018587,0.6147602675274421,0.0209603839072059,3,B2020-02342
2343,2343,630750.0,0.6621030185757375,-0.4844120369088207,5,B2024-02343
2344,2344,1092569.2425401686,0.4109241586210557,0.1295830668191367,2,B2018-02344
2345,2345,841937.1231828617,0.5614367317235366,0.4316700542251371,0,B2018-02345
2346,2346,204395.29411764705,0.670122578283153,0.5023781840482797,0,B2017-02346
2347,2347,183136.2780269058,0.6323657308685523,0.0782492641594373,3,B2019-02347
2348,2348,174029.8393267024,0.4217010907452404,0.1710644794880504,3,B2018-02348
2349,2349,1144494.1176470588,0.3530904682384053,0.1498607871923794,2,B2017-02349
2350,2350,174904.36113236425,0.4874694848333984,0.6179896406763927,0,B2018-02350
2351,2351,723273.5426008968,0.3686477601659231,-0.081646347643606,2,B2019-02351
2352,2352,796162.5278810408,0.491505136838817,0.508029229920431,0,B2020-02352
2353,2353,182313.45724907063,0.5948329375357558,0.5028962572715094,0,B2020-02353
2354,2354,836042.846212701,0.585678501367416,-0.0433845981248499,6,B2018-02354
2355,2355,800548.2352941177,0.3461972632412286,-0.0719561362779665,2,B2017-02355
2356,2356,961434.8235294118,0.2775370849582328,0.3191074777178241,2,B2017-02356
2357,2357,943676.0966542752,0.4470972464851677,0.1443529135862107,2,B2020-02357
2358,2358,1185731.7647058824,0.3546452104402257,-0.0013728807969001,2,B2017-02358
2359,2359,268941.17647058825,0.5271096238537554,0.2356371118292235,3,B2017-02359
2360,2360,800000.0,0.6806343343647397,-0.5231199281961948,5,B2024-02360
2361,2361,300252.4866105586,0.6389990028594874,0.580084381391426,0,B2018-02361
2362,2362,1181799.8474801062,0.6503971795384387,-0.5198742311436734,5,B2023-02362
2363,2363,822427.1247130836,0.3579022875877357,0.0835358517453934,2,B2018-02363
2364,2364,338144.6188340807,0.5493462824090827,0.6562048976318737,0,B2019-02364
2365,2365,823706.2586074983,0.4787612609360397,0.1648230427196108,6,B2018-02365
2366,2366,935915.2941176472,0.306209515425381,0.0195879864684505,2,B2017-02366
2367,2367,256689.41176470587,0.4599759580418944,0.1036278890976257,3,B2017-02367
2368,2368,1406305.3647058825,0.3530904682384053,0.1498607871923794,2,B2017-02368
2369,2369,197068.96551724136,0.7005903476294348,-0.4979311611352883,4,B2023-02369
2370,2370,875284.3472317157,0.6087568155710761,-0.0664672883454562,6,B2022-02370
2371,2371,207036.9104579631,0.5723680802157699,0.1708699131914885,3,B2022-02371
2372,2372,1264589.6860986548,0.4950335640676604,0.5248003485450293,0,B2019-02372
2373,2373,1113539.7769516727,0.4833581188589032,0.5750276357506412,0,B2020-02373
2374,2374,1023986.3294600137,0.7520389389127987,-0.1348364745492754,5,B2022-02374
2375,2375,1581520.1793721972,0.3162107674341706,0.1768079488108639,2,B2019-02375
2376,2376,256278.0269058296,0.5167908290525974,0.241713402633561,3,B2019-02376
2377,2377,821175.97551645,0.4209166906216839,0.5984715531624794,0,B2018-02377
2378,2378,816612.9882352941,0.4170366516323056,0.0913557828020714,2,B2017-02378
2379,2379,1129402.767662054,0.6085442247073403,0.5435747438821642,0,B2021-02379
2380,2380,249745.0837581937,0.5876841700587874,0.5920237362975601,0,B2021-02380
2381,2381,797913.1449814126,0.5080195655503081,0.6265985585609024,0,B2020-02381
2382,2382,255139.0134529148,0.5836543731080469,0.0506394459211893,3,B2019-02382
2383,2383,268941.17647058825,0.4803513575973013,0.2727813518671467,3,B2017-02383
2384,2384,1473977.3527161442,0.6196888784006181,0.5285601302698025,0,B2018-02384
2385,2385,878270.2112163146,0.6661603504409406,-0.489285088727949,5,B2021-02385
2386,2386,294421.7042971595,0.6339152969488255,0.4951499142595605,0,B2021-02386
2387,2387,1111273.6059479553,0.6317362019561821,0.4505081693518585,0,B2020-02387
2388,2388,163120.96412556054,0.6493019619833494,0.0438411371080323,3,B2019-02388
2389,2389,940693.9556235656,0.2910221572958779,-0.0184456423836411,2,B2018-02389
2390,2390,275926.00896860985,0.5575695686194851,0.1254176628174243,3,B2019-02390
2391,2391,1560135.201793722,0.5727514675193478,-0.0766415879282846,6,B2019-02391
2392,2392,237974.8737566948,0.4485203380872872,0.2525384694192604,3,B2018-02392
2393,2393,832821.1764705882,0.520134626369573,0.2645738706476436,6,B2017-02393
2394,2394,177173.54260089685,0.5829215899549509,0.0743844244943572,3,B2019-02394
2395,2395,260454.58823529413,0.4399239898387317,0.1492769580133087,3,B2017-02395
2396,2396,1318219.188982403,0.4478639277339762,0.090000998043127,2,B2018-02396
2397,2397,311500.0,0.6795659203669497,-0.5140903624478088,4,B2024-02397
2398,2398,1936974.1176470588,0.3530904682384053,0.1498607871923794,2,B2017-02398
2399,2399,500000.0,0.6745474811901472,-0.5347479640169055,4,B2024-02399
2400,2400,212245.3861927546,0.6963113711795926,-0.4306844761630287,4,B2022-02400
2401,2401,249745.0837581937,0.6855720329403383,-0.4798761753431219,4,B2021-02401
2402,2402,300000.0,0.6434269971387538,-0.2527185033936651,4,B2025-02402
2403,2403,178023.4889058914,0.6232751339861682,0.5554853797664556,0,B2018-02403
2404,2404,969843.4085943188,0.4351933423096668,0.5130430811042885,0,B2021-02404
2405,2405,813743.2360742706,0.656279570774763,-0.5207087785666297,5,B2023-02405
2406,2406,1221560.705882353,0.4511066140956331,0.5952346562102523,0,B2017-02406
2407,2407,302151.7937219731,0.5546955756481734,0.6362274881381178,0,B2019-02407
2408,2408,1029668.1614349775,0.6486571414247316,0.4504879797751134,0,B2019-02408
2409,2409,362468.2511210762,0.5013820038583644,0.6024579968155604,0,B2019-02409
2410,2410,1176169.4117647058,0.5235687606457219,0.2147066312755867,6,B2017-02410
2411,2411,220586.46518745224,0.3626017659517496,0.572801054815516,0,B2018-02411
2412,2412,257016.1285386381,0.4927371186139533,0.4157779113141402,3,B2018-02412
2413,2413,291929.9540933436,0.409276654960498,0.1720134936675531,3,B2018-02413
2414,2414,219635.29411764705,0.4744895749744774,0.1739010833536125,3,B2017-02414
2415,2415,225626.62586074983,0.5429028845286329,0.1665938536342529,3,B2018-02415
2416,2416,255708.5201793722,0.5943128556861128,0.0946389215011084,3,B2019-02416
2417,2417,187147.66641162973,0.6035843916594592,0.4644039865896772,0,B2018-02417
2418,2418,800000.0,0.6881099657805002,-0.5011336755071959,5,B2024-02418
2419,2419,800000.0,0.6742621944280177,-0.5127172858011643,5,B2025-02419
2420,2420,716116.2782228696,0.529409490581708,-0.1453424371571384,6,B2021-02420
2421,2421,234482.8841951929,0.6319524006344233,-0.276595852759408,4,B2021-02421
2422,2422,3200000.0,0.601847584965566,-0.2880331889093298,5,B2024-02422
2423,2423,1180352.9411764706,0.4107352190526182,0.1733082482950165,2,B2017-02423
2424,2424,1579670.7928913194,0.441128458563672,0.0810114032913927,2,B2022-02424
2425,2425,554989.0750182082,0.5257599088309967,0.117853893032713,6,B2021-02425
2426,2426,226074.79970866712,0.666240035050618,-0.0305267460039759,3,B2021-02426
2427,2427,757728.6995515695,0.575982667321878,-0.0611462416252791,6,B2019-02427
2428,2428,179661.75975516453,0.5256310655148577,0.1271398628132721,3,B2018-02428
2429,2429,785565.4475899007,0.6402532243991118,0.4697519566651999,0,B2018-02429
2430,2430,951692.6862611072,0.6625926125722797,-0.5291313225328267,5,B2022-02430
2431,2431,216357.8834080717,0.4509890030288788,0.2587690778819166,3,B2019-02431
2432,2432,161455.15695067265,0.680824866575785,0.4781274894083829,0,B2019-02432
2433,2433,734293.4977578475,0.5127334631401687,0.5926354866398869,0,B2019-02433
2434,2434,254485.84544759,0.6588757799873792,0.5322944995681921,0,B2018-02434
2435,2435,262120.42081101768,0.4776657331759562,0.132397165199938,3,B2018-02435
2436,2436,1175648.8140780416,0.6169027718400338,0.4914795768505343,0,B2018-02436
2437,2437,189360.9865470852,0.5234922238907067,0.0951484139534363,3,B2019-02437
2438,2438,975966.3351185924,0.4699916949456248,0.0461980271626337,6,B2018-02438
2439,2439,198224.94261667944,0.5385323479840747,0.6407539772088149,0,B2018-02439
2440,2440,771374.0807174888,0.5085501908913744,0.5596206768457949,0,B2019-02440
2441,2441,669418.4941176471,0.4002101448974487,0.3406677964608298,2,B2017-02441
2442,2442,819660.1377199696,0.5255538794849144,-0.1000845446588544,6,B2018-02442
2443,2443,207261.6679418516,0.4260656560220177,0.1899198115048216,3,B2018-02443
2444,2444,1032504.1698546292,0.5138666851902294,0.5951739006815715,0,B2018-02444
2445,2445,269577.17674062744,0.5656698891485187,0.5685756150050139,0,B2018-02445
2446,2446,822050.4973221119,0.4862450989792101,0.2165918508454208,6,B2018-02446
2447,2447,262356.5416985463,0.544717520390168,0.2104666185078708,3,B2018-02447
2448,2448,1664967.2250546247,0.4951077091755629,0.6175417919205102,0,B2021-02448
2449,2449,1368393.420045907,0.4753307739964985,0.6435590790627373,0,B2018-02449
2450,2450,205804.1315990819,0.6022330643091418,0.4526485471947059,0,B2018-02450
2451,2451,758354.0669856459,0.4257460846200556,0.1118818680353274,2,B2022-02451
2452,2452,1140502.549162418,0.4923470789345338,0.5094275331449758,0,B2021-02452
2453,2453,1749043.6113236423,0.2170108876071272,0.2165559308695768,2,B2018-02453
2454,2454,960251.1782708496,0.4024058417099606,-0.0738019471472628,2,B2018-02454
2455,2455,800000.0,0.5964820754091469,-0.4853276529026626,5,B2025-02455
2456,2456,800000.0,0.6126366101476891,-0.4320547035072672,5,B2025-02456
2457,2457,1023190.5126243308,0.5128209070367413,0.5433586555530986,0,B2018-02457
2458,2458,836917.3680183628,0.6430875408260464,0.4711649596116243,0,B2018-02458
2459,2459,1059803.8255547057,0.4941620450500718,0.5290520512610855,0,B2018-02459
2460,2460,196906.95067264573,0.655311065617048,0.0441295304003129,3,B2019-02460
2461,2461,254797.30941704035,0.581615212162951,0.1376743693515204,3,B2019-02461
2462,2462,736002.3529411765,0.3141416943499393,0.0341726766772408,2,B2017-02462
2463,2463,170030.58823529413,0.5256310655148577,0.1271398628132721,3,B2017-02463
2464,2464,186856.15914307573,0.455967327205922,0.049088275269754,3,B2018-02464
2465,2465,220962.5095638868,0.5749477327967716,0.6108928015889926,0,B2018-02465
2466,2466,1062369.0895179803,0.4452473659658696,0.0285497155601715,2,B2018-02466
2467,2467,190215.2466367713,0.6497561388673613,0.0348803100699748,3,B2019-02467
2468,2468,152380.46821599454,0.7020114046191074,-0.4359320822238717,4,B2022-02468
2469,2469,167130.11152416357,0.6113986458535483,0.1207895819457134,3,B2020-02469
2470,2470,249190.0946831755,0.6241674731454696,0.0904395264430097,3,B2021-02470
2471,2471,237613.4047436879,0.5460046412526883,0.5743115352197827,0,B2018-02471
2472,2472,227335.6950672645,0.6323657308685523,0.0782492641594373,3,B2019-02472
2473,2473,262356.5416985463,0.607240998713052,0.1451064609492512,3,B2018-02473
2474,2474,145837.32057416267,0.6048715140973143,0.106548578367306,3,B2022-02474
2475,2475,638417.0403587443,0.2294185249417694,0.0886800413088163,2,B2019-02475
2476,2476,718717.4887892377,0.5712476552466147,-0.0156259704746406,6,B2019-02476
2477,2477,214719.70260223048,0.6638743817225052,-0.0017345469574285,3,B2020-02477
2478,2478,256278.0269058296,0.5334042098284754,0.6329992188958236,0,B2019-02478
2479,2479,233084.865470852,0.6735964342345799,0.4783487579160905,0,B2019-02479
2480,2480,222084.75836431223,0.6531115227747405,0.4892437778334226,0,B2020-02480
2481,2481,843330.5279265495,0.5738354893537021,0.4644885132024242,0,B2018-02481
2482,2482,369347.5,0.7248274981341362,-0.3758494912650376,4,B2024-02482
2483,2483,802626.1107313739,0.6847604500320068,-0.464595793747585,5,B2022-02483
2484,2484,245334.11764705885,0.5453141698571684,0.1718479648188793,3,B2017-02484
2485,2485,149691.5926179084,0.6546629053724045,-0.2697167271146332,4,B2022-02485
2486,2486,251788.7058823529,0.5169908685032325,0.1256356164028238,3,B2017-02486
2487,2487,263395.0117647059,0.458486787893799,0.155463056896724,3,B2017-02487
2488,2488,1195294.1176470588,0.384833740005372,0.1626106477319147,2,B2017-02488
2489,2489,229532.82325937264,0.5263440877256574,0.2534900608491482,3,B2018-02489
2490,2490,269935.7306809488,0.6048715140973143,0.106548578367306,3,B2018-02490
2491,2491,262356.5416985463,0.5119558664985591,0.6038213833736831,0,B2018-02491
2492,2492,986485.3041695148,0.592488857851012,-0.30026949042142,5,B2022-02492
2493,2493,1071811.659192825,0.5786174820025103,0.3359192474898372,0,B2019-02493
2494,2494,234381.4080656186,0.5866190168210729,0.1592992064122898,3,B2022-02494
2495,2495,200005.4682159945,0.5743895320339806,0.0611036400208182,3,B2022-02495
2496,2496,850000.0,0.2900385457820915,0.1510318787231071,2,B2025-02496
2497,2497,1000000.0,0.6649687908891658,-0.4716448217828096,5,B2025-02497
2498,2498,715006.6312997347,0.6317858106207261,-0.2986286859751031,5,B2023-02498
2499,2499,894635.807192043,0.480696341960721,0.069461887764243,6,B2018-02499
2500,2500,1013410.0509832484,0.5930389578954917,-0.1012123340953696,6,B2021-02500
2501,2501,302746.5404224326,0.5629808635001008,0.0306716587106872,3,B2021-02501
2502,2502,253145.7399103139,0.5905255395016109,0.0996449372370247,3,B2019-02502
2503,2503,249745.0837581937,0.6113023762472175,0.0146879877887504,3,B2021-02503
2504,2504,1232348.2352941176,0.3101723782844349,0.0977762674574061,2,B2017-02504
2505,2505,819718.4391736804,0.4200148695690296,-0.048236443561372,2,B2018-02505
2506,2506,187439.17368018365,0.6195586983115189,0.0452469779068489,3,B2018-02506
2507,2507,1136878.3473603674,0.2314987188366107,0.0607020536244342,2,B2018-02507
2508,2508,1126627.8222869628,0.5776107208305378,0.0141758214392308,6,B2021-02508
2509,2509,1370233.1838565022,0.522058461862096,0.5810381996923006,0,B2019-02509
2510,2510,400000.0,0.7040262393214913,-0.4467452033144163,4,B2024-02510
2511,2511,242250.0,0.7381515279117302,-0.0305039962827669,4,B2024-02511
2512,2512,769769.4117647059,0.3214814861672971,0.1290522448356927,2,B2017-02512
2513,2513,301710.02295332827,0.5598617663304497,0.1381227954560419,3,B2018-02513
2514,2514,695500.0,0.6591324595200337,-0.4787851011167166,5,B2024-02514
2515,2515,500000.0,0.730250205782716,-0.4917501733108481,4,B2024-02515
2516,2516,933823.5294117648,0.3955691963860688,0.1882251656755134,2,B2017-02516
2517,2517,400000.0,0.6890557342052972,-0.4236038885452727,4,B2025-02517
2518,2518,853141.1764705882,0.1977075384532269,0.1133557938739589,2,B2017-02518
2519,2519,1321397.6470588236,0.233342472770439,-0.0025189122103868,2,B2017-02519
2520,2520,1252255.8588235294,0.3750429851090087,0.0478606890894453,2,B2017-02520
2521,2521,187439.17368018365,0.4427572231980741,0.1168002197521546,3,B2018-02521
2522,2522,162273.1294117647,0.5916712716007272,0.6199742560082956,0,B2017-02522
2523,2523,265646.23048327136,0.6205271243386891,0.0690081921867713,3,B2020-02523
2524,2524,206417.10875331564,0.7177708848613427,-0.4972243356280444,4,B2023-02524
2525,2525,245012.7434944237,0.5563126352347887,0.0377479429213261,3,B2020-02525
2526,2526,236630.0448430493,0.5990142970639621,0.5650826419434736,0,B2019-02526
2527,2527,443436.2709395484,0.554973518246181,0.0260787746536967,6,B2021-02527
2528,2528,341704.03587443946,0.3015966312482817,0.1556842071269001,2,B2019-02528
2529,2529,746116.4573991031,0.6568207567764592,0.4629103168255088,0,B2019-02529
2530,2530,777741.3925019129,0.460448736480282,0.5999209066417582,0,B2018-02530
2531,2531,740136.9548584546,0.3399951079864545,-0.0833894859073737,2,B2018-02531
2532,2532,822342.0045906658,0.5973304656613923,0.0090702195359229,6,B2018-02532
2533,2533,1128133.1293037492,0.4716656696838844,0.0776375467098778,6,B2018-02533
2534,2534,1706208.6468401486,0.6216925691180183,-0.0907730939005877,6,B2020-02534
2535,2535,167139.98632946002,0.7438156080101633,-0.4797333651778079,4,B2022-02535
2536,2536,162952.56312165267,0.4874694848333984,0.6179896406763927,0,B2018-02536
2537,2537,808058.1484315228,0.5642622738764717,0.1619911130370861,6,B2018-02537
2538,2538,1256616.591928251,0.4604565962715164,0.1288607350356243,2,B2019-02538
2539,2539,1224330.5279265495,0.4877883843345829,0.5690385616558393,0,B2018-02539
2540,2540,1160562.8252788105,0.5425301020214879,-0.0339638797827019,6,B2020-02540
2541,2541,1367064.1469013009,0.4659350719412992,0.182402443120923,2,B2018-02541
2542,2542,1414182.0557029175,0.3938991988003334,0.0549753973638624,2,B2023-02542
2543,2543,8000000.0,0.3762498094945197,0.0731047691208263,2,B2024-02543
2544,2544,497134.7764705882,0.3238009974602964,-0.0567574749354964,2,B2017-02544
2545,2545,799391.8215613383,0.5220023819496283,0.5943076839728091,0,B2020-02545
2546,2546,821467.482785004,0.6053718405768735,0.4724747978128635,0,B2018-02546
2547,2547,268941.17647058825,0.4583533545780328,0.2649289767063383,3,B2017-02547
2548,2548,811556.23565417,0.5053641127515389,-0.0714089328036912,6,B2018-02548
2549,2549,180967.5294117647,0.4399239898387317,0.1492769580133087,3,B2017-02549
2550,2550,602091.1671087533,0.7517853390705123,-0.159364892064054,5,B2023-02550
2551,2551,780947.9724560063,0.6345734295947664,0.4757953773877533,0,B2018-02551
2552,2552,940786.1176470588,0.3576055117784229,-0.0891538052753742,2,B2017-02552
2553,2553,724759.3984962406,0.6516496353670348,-0.5226145671123114,5,B2022-02553
2554,2554,376725.0,0.7123515184876394,-0.4911204953324014,4,B2025-02554
2555,2555,178970.85501858735,0.6241674731454696,0.0904395264430097,3,B2020-02555
2556,2556,1143000.0,0.6157335625654954,-0.015900855697055,6,B2019-02556
2557,2557,1000000.0,0.7717967855060809,-0.4696586829145484,5,B2025-02557
2558,2558,686696.4705882353,0.5009191751459621,0.0402132084256984,6,B2017-02558
2559,2559,720741.059466849,0.6584515600427517,0.1515229177942806,5,B2022-02559
2560,2560,1535056.4705882354,0.4839164797332323,-0.0033587179920312,6,B2017-02560
2561,2561,167508.62068965516,0.7163996691794301,-0.4643308638487165,4,B2023-02561
2562,2562,220379.49502677887,0.6483793625659549,0.49822420843808,0,B2018-02562
2563,2563,1197104.8327137546,0.5247441596204309,0.6002830309364029,0,B2020-02563
2564,2564,500000.0,0.6100331603487185,0.0445512685996447,3,B2024-02564
2565,2565,1500000.0,0.2963486524725599,0.1493216759719943,2,B2025-02565
2566,2566,883650.0,0.2685545400356719,0.0588421228044038,2,B2024-02566
2567,2567,469980.0,0.7045686482190101,-0.3165735017925268,4,B2024-02567
2568,2568,200000.0,0.7187062689379086,-0.4142799347818854,4,B2024-02568
2569,2569,900000.0,0.6341626818258966,-0.302955041838593,5,B2024-02569
2570,2570,280000.0,0.7222367098205225,-0.4556715420288792,4,B2024-02570
2571,2571,200000.0,0.7243333920236159,-0.4103691796164964,4,B2024-02571
2572,2572,305505.05,0.3573531251154754,0.1401561398331981,2,B2024-02572
2573,2573,252961.3382899628,0.6485564998596683,0.1626795349359613,3,B2020-02573
2574,2574,1281355.294117647,0.3565046022761156,0.0181106595640103,2,B2017-02574
2575,2575,262356.5416985463,0.4991749341861882,0.2464801573676575,3,B2018-02575
2576,2576,1160180.371352785,0.7287396467228686,-0.4652689254336232,5,B2023-02576
2577,2577,662202.5,0.5967138491577818,-0.6037233594084958,5,B2024-02577
2578,2578,947633.9124668436,0.7068238497368917,-0.428445155681352,5,B2023-02578
2579,2579,203995.0,0.7413840229480982,-0.4089671788125836,4,B2024-02579
2580,2580,659393.028024607,0.5039986822953121,0.4666559825522067,0,B2022-02580
2581,2581,842682.3529411765,0.4707340052779828,-0.0068150873629116,6,B2017-02581
2582,2582,31077647.05882353,0.300678867431209,-0.0770189876255702,7,B2017-02582
2583,2583,225854.4094117647,0.4731478015826402,0.1643781835611952,3,B2017-02583
2584,2584,704395.2254641909,0.7133640856781196,-0.5100633171841195,5,B2023-02584
2585,2585,900000.0,0.399152534893859,0.1226568355267347,2,B2024-02585
2586,2586,300000.0,0.5006719332540369,-0.0001471155300479,3,B2025-02586
2587,2587,1000000.0,0.6174643887329447,-0.4657895697742963,5,B2025-02587
2588,2588,957020.0,0.6463586426299321,-0.5538252414101654,5,B2024-02588
2589,2589,268032.75294117647,0.5271096238537554,0.2356371118292235,3,B2017-02589
2590,2590,986506.1176470588,0.5404427970643889,0.5286024382449351,0,B2017-02590
2591,2591,898947.1996939558,0.4507439001211435,0.0913825460245433,6,B2018-02591
2592,2592,1226922.027543994,0.5575051039542324,0.135749909866931,6,B2018-02592
2593,2593,553800.0,0.2088420496999711,0.1074395244969569,2,B2025-02593
2594,2594,250000.0,0.7491804977688633,-0.4181303289418937,4,B2024-02594
2595,2595,980000.0,0.7078024951706723,-0.5303489354728914,5,B2024-02595
2596,2596,980000.0,0.6739563620650096,-0.5379149194191449,5,B2024-02596
2597,2597,233937.5,0.6638681158321795,-0.5521292263266957,4,B2024-02597
2598,2598,433000.0,0.7253013223145035,-0.4171813056900583,4,B2024-02598
2599,2599,980000.0,0.6910569240715466,-0.5356389779889926,5,B2024-02599
2600,2600,1438470.8562334217,0.6365672342997147,0.1042750906483314,5,B2023-02600
2601,2601,350000.0,0.7326738028455462,-0.4281881705431345,4,B2025-02601
2602,2602,530479.3368700265,0.7109511433580301,-0.5426116607537436,5,B2023-02602
2603,2603,685049.3308550186,0.4979910457175859,0.5473494332825805,0,B2020-02603
2604,2604,745655.8031442242,0.6012000643127641,-0.3072476355122592,5,B2022-02604
2605,2605,524162.60089686094,0.4971341312549217,0.628706276491167,0,B2019-02605
2606,2606,400000.0,0.6282136833227991,-0.302943986323861,4,B2025-02606
2607,2607,209577.5,0.7363638030369419,-0.4077050892121672,4,B2024-02607
2608,2608,729104.6419098143,0.6800678827171898,-0.534596235217853,5,B2023-02608
2609,2609,860766.923076923,0.7230350958410557,-0.469685414217611,5,B2023-02609
2610,2610,1155127.3209549072,0.6500766937022615,-0.3154143206201986,5,B2023-02610
2611,2611,665252.5632262474,0.7031765767795477,-0.5459889951967822,5,B2022-02611
2612,2612,782573.4791524266,0.5656966830998182,0.0715339178438112,6,B2022-02612
2613,2613,660338.3663704717,0.756190466144169,-0.1661156807052061,5,B2022-02613
2614,2614,800000.0,0.6597129840231444,-0.4716819194162182,5,B2024-02614
2615,2615,197967.03345724905,0.652384399563922,0.4869594090611329,0,B2020-02615
2616,2616,1142708.4927314464,0.4640906995184155,0.6123472986621357,0,B2018-02616
2617,2617,1145556.8435013262,0.7385727731212195,-0.1052618054640775,5,B2023-02617
2618,2618,1000769.442379182,0.5512524321882991,-0.0048529154368293,6,B2020-02618
2619,2619,649535.987696514,0.7158321016092354,-0.5497469336831424,5,B2022-02619
2620,2620,1058143.226765799,0.5646763328509063,-0.1148289430966262,6,B2020-02620
2621,2621,181897.18169761272,0.7463216531844264,-0.3868887137144045,4,B2023-02621
2622,2622,957980.3366488144,0.4636146623214742,0.5864097310286374,0,B2018-02622
2623,2623,712452.3143236074,0.7273277555772415,-0.1462287989677322,5,B2023-02623
2624,2624,1135653.4449760767,0.6940107004522533,-0.4848406534827554,5,B2022-02624
2625,2625,320092.5,0.6826679196813547,-0.5175312486623787,4,B2024-02625
2626,2626,281088.79877582256,0.5822376947223645,0.0933574363461729,3,B2018-02626
2627,2627,320751.88340807176,0.5836543731080469,0.0506394459211893,3,B2019-02627
2628,2628,228751.04579630896,0.7282286072625476,-0.430389241352815,4,B2022-02628
2629,2629,261470.58823529413,0.4509890030288788,0.2587690778819166,3,B2017-02629
2630,2630,556767.8263841422,0.6496500661970479,-0.5254296319137278,5,B2022-02630
2631,2631,691531.9275461381,0.6634391122631937,-0.5271390446933546,5,B2022-02631
2632,2632,928526.4422341242,0.2783344903759497,0.0736095800114629,2,B2018-02632
2633,2633,1078076.2331838564,0.4085530847483702,0.144675835878201,2,B2019-02633
2634,2634,1759377.130044843,0.5594811007116014,-0.0614183496679463,6,B2019-02634
2635,2635,256112.86995515693,0.6056908976405253,0.0586501116311746,3,B2019-02635
2636,2636,231214.95358090184,0.7300576974789303,-0.4410267777511788,4,B2023-02636
2637,2637,253108.72197309416,0.5450944267008012,0.6302404172551563,0,B2019-02637
2638,2638,222799.00535577664,0.5098668609287312,0.2455367713619832,3,B2018-02638
2639,2639,1219916.6765799257,0.5843849082628311,-0.0190095562976857,6,B2020-02639
2640,2640,151577.06083390294,0.6885990919883413,-0.518098837337995,4,B2022-02640
2641,2641,1023205.058099795,0.7153149525920172,-0.4759085888370173,5,B2022-02641
2642,2642,1495916.1897475135,0.4820849254136781,0.5798753074673942,0,B2018-02642
2643,2643,355038.35269993165,0.6742367381204315,-0.4256770290389458,4,B2022-02643
2644,2644,234381.4080656186,0.7083747484541512,-0.4618517106640077,4,B2022-02644
2645,2645,233527.2180451128,0.6699883025520882,-0.4587218854717146,5,B2022-02645
2646,2646,140519.46684894053,0.749606956987333,-0.0926824706010548,4,B2022-02646
2647,2647,210422.4196855776,0.5597910537081338,0.0537354221268599,3,B2022-02647
2648,2648,624319.5358090185,0.6638653160658005,-0.3832501689853962,5,B2023-02648
2649,2649,880000.0,0.7131605072542719,-0.5105132312155558,5,B2024-02649
2650,2650,200000.0,0.7193786524176847,-0.4106087741500111,4,B2024-02650
2651,2651,278931.6579925651,0.679513250579042,0.4795998227186804,0,B2020-02651
2652,2652,183381.1659192825,0.5778016018822092,0.5923579662431263,0,B2019-02652
2653,2653,262384.9882352941,0.5517594546995286,0.6453301764039868,0,B2017-02653
2654,2654,280894.11764705885,0.5161384298745456,0.2548182770147549,3,B2017-02654
2655,2655,1067737.5256322625,0.6772810217603623,-0.4947755912969085,5,B2022-02655
2656,2656,318908.9517980108,0.5439713256796135,0.1127682284813882,3,B2018-02656
2657,2657,910024.8803827752,0.5746123624905212,0.0778872014417903,6,B2022-02657
2658,2658,1064942.6575529734,0.694310360345662,-0.493226201645577,5,B2022-02658
2659,2659,227182.6193633952,0.7418885711902635,-0.0012494597613831,4,B2023-02659
2660,2660,733014.8325358852,0.6695147793289392,-0.4715798727618542,5,B2022-02660
2661,2661,167356.13807245388,0.7152366135284594,-0.375378257096642,4,B2022-02661
2662,2662,180044.4535315985,0.6728817246341765,0.4761903599234479,0,B2020-02662
2663,2663,810133.4721189591,0.4361945695696776,0.6015994426501767,0,B2020-02663
2664,2664,1501882.1710037177,0.5587914985459161,0.550568625252045,0,B2020-02664
2665,2665,1017471.12267658,0.64713536239349,-0.0922109127045139,6,B2020-02665
2666,2666,181087.05882352943,0.4583533545780328,0.2649289767063383,3,B2017-02666
2667,2667,194726.85539403217,0.5429028845286329,0.1665938536342529,3,B2018-02667
2668,2668,254944.2379182156,0.6739543171701111,0.5353305904312363,0,B2020-02668
2669,2669,222661.61689730515,0.6776625718405632,-0.4434649084879233,4,B2021-02669
2670,2670,904978.3940520446,0.474890971474967,-0.0868837307054358,6,B2020-02670
2671,2671,187306.0378732702,0.6906627849364243,-0.5095385924322215,4,B2021-02671
2672,2672,234381.4080656186,0.6487884434812717,-0.2405858770338388,4,B2022-02672
2673,2673,1075764.705882353,0.2999450134332638,-0.0111483626130278,2,B2017-02673
2674,2674,797488.2379182156,0.6045249472323261,-0.0220525454673214,6,B2020-02674
2675,2675,217821.0594668489,0.6709809591181982,-0.4637777892784312,4,B2022-02675
2676,2676,1174038.1165919283,0.4956672085880246,0.6355365496120093,0,B2019-02676
2677,2677,900000.0,0.4484278581994471,-0.0972436341500815,3,B2024-02677
2678,2678,1113300.2242152465,0.5904413112552698,0.489966755248331,0,B2019-02678
2679,2679,177653.29460013672,0.6937966415372521,-0.4278180038587932,4,B2022-02679
2680,2680,1152681.6143497757,0.4944829337106042,0.6095555709868014,0,B2019-02680
2681,2681,1250276.3704716335,0.582920442836491,-0.0295068969632921,2,B2022-02681
2682,2682,818703.9938791126,0.4508189583760918,0.6114112284219773,0,B2018-02682
2683,2683,993748.2785003828,0.3565046022761156,0.0181106595640103,2,B2018-02683
2684,2684,990449.0807174888,0.5695314932238542,0.5414484610597685,0,B2019-02684
2685,2685,830795.7153787301,0.384833740005372,0.1626106477319147,2,B2018-02685
2686,2686,1631390.386016023,0.4077676245892234,0.108155362565035,2,B2021-02686
2687,2687,234222.54955570743,0.5946243204075662,0.1372270209250429,3,B2022-02687
2688,2688,254677.9628252788,0.6079727983956248,0.0789675157506313,3,B2020-02688
2689,2689,846116.8831168831,0.6598091323335454,-0.3190413637435194,5,B2022-02689
2690,2690,258482.35294117648,0.5168517845339379,0.236333697480171,3,B2017-02690
2691,2691,1126757.219330855,0.6125409072233321,-0.0589373592625682,6,B2020-02691
2692,2692,872192.5650557621,0.6369188358229898,0.4692816221499294,0,B2020-02692
2693,2693,753675.1638747269,0.5933778294901499,0.1178117995285431,5,B2021-02693
2694,2694,256278.0269058296,0.6000151946370926,0.5647699131953685,0,B2019-02694
2695,2695,180044.4535315985,0.5789376930211013,0.0905849043303916,3,B2020-02695
2696,2696,375160.0,0.7112944215673253,-0.413586216999958,4,B2025-02696
2697,2697,370000.0,0.501968791394347,-0.0602241910492975,3,B2025-02697
2698,2698,200000.0,0.7237126745028332,-0.5034781596291975,4,B2024-02698
2699,2699,400000.0,0.4592216505211147,-0.1091885266790737,3,B2024-02699
2700,2700,2000000.0,0.7048075423136311,-0.5085197435511839,5,B2024-02700
2701,2701,850000.0,0.7016751566471331,-0.4661054658226221,4,B2024-02701
2702,2702,262356.5416985463,0.5243156381541552,0.6622257895425688,0,B2018-02702
2703,2703,186564.65187452183,0.4136602619544792,0.2100237034432373,3,B2018-02703
2704,2704,753035.2941176471,0.6385108677387561,0.4668531744340808,0,B2017-02704
2705,2705,617668.2352941177,0.4452109084574571,0.0927411484239205,6,B2017-02705
2706,2706,268941.17647058825,0.4059911207140919,0.0708496514108147,3,B2017-02706
2707,2707,224691.3882352941,0.5429028845286329,0.1665938536342529,3,B2017-02707
2708,2708,1119681.6541353385,0.6805923322933046,-0.5328856779663862,5,B2022-02708
2709,2709,183381.1659192825,0.5871663502649712,0.0277310432635027,3,B2019-02709
2710,2710,262356.5416985463,0.4398869991129172,0.1888006106450006,3,B2018-02710
2711,2711,268582.5882352941,0.4509890030288788,0.2587690778819166,3,B2017-02711
2712,2712,268941.17647058825,0.461279648890611,0.2463285167452532,3,B2017-02712
2713,2713,247781.1782708493,0.5088726001456173,0.593737375584927,0,B2018-02713
2714,2714,1302870.5882352942,0.3584064368502982,0.0242400018592557,2,B2017-02714
2715,2715,12243305.279265497,0.2421041443234698,-0.07235797184588,7,B2018-02715
2716,2716,18696286.47214854,0.0,0.0,7,B2023-02716
2717,2717,66062780.269058295,0.1586628457047813,-0.0104082477521435,1,B2019-02717
2718,2718,277494.5375091041,0.6012470638565484,0.1119389113456089,3,B2021-02718
2719,2719,173317.64705882352,0.4440831853209455,0.1857912195228343,3,B2017-02719
2720,2720,1011628.2692307692,0.4348682189235184,0.0317887201592586,2,B2023-02720
2721,2721,1275610.6617100372,0.4773138013562515,0.6381735054140697,0,B2020-02721
2722,2722,1352891.7040358745,0.4517643203297218,0.1047406415775045,2,B2019-02722
2723,2723,300000.0,0.7186940908843775,-0.3822878006300777,4,B2024-02723
2724,2724,1014250.0,0.7049675015663478,-0.5377838273479607,5,B2025-02724
2725,2725,198224.94261667944,0.5569107854104616,0.210121274090089,3,B2018-02725
2726,2726,634319.8163733743,0.4141710921971807,0.592485309331725,0,B2018-02726
2727,2727,183381.1659192825,0.6092445821990128,0.3975130354731958,0,B2019-02727
2728,2728,224416.4705882353,0.5207451205052562,0.1472488505081659,3,B2017-02728
2729,2729,271085.20179372194,0.5513557027277676,0.6408494621667999,0,B2019-02729
2730,2730,1029603.6725325176,0.4198882493361104,-0.0688143400124048,2,B2018-02730
2731,2731,802719.730941704,0.5045670378684258,-0.0463261277653263,6,B2019-02731
2732,2732,823506.7264573991,0.4439970493929706,0.6002664726667656,0,B2019-02732
2733,2733,6323230.623342175,0.2753809337391205,0.1740536339959248,2,B2023-02733
2734,2734,810156.1338289962,0.4692977620611421,0.6499942248286906,0,B2020-02734
2735,2735,9400000.0,0.2534342662676074,0.1057589476018676,2,B2024-02735
2736,2736,226020.16067329768,0.5546955756481734,0.6362274881381178,0,B2018-02736
2737,2737,214719.70260223048,0.5679582571238032,0.0401134269106842,3,B2020-02737
2738,2738,5378823.529411765,0.2711928157797071,0.1960487494129754,2,B2017-02738
2739,2739,250000.0,0.7103380299616078,-0.3968633266857172,4,B2024-02739
2740,2740,716180.8875286918,0.3831192115982191,0.1363501124064078,6,B2018-02740
2741,2741,274917.64705882355,0.4427572231980741,0.1168002197521546,3,B2017-02741
2742,2742,581529.0134529148,0.3780004656515636,0.2208538800830958,2,B2019-02742
2743,2743,192686.3045141546,0.6573639107573082,0.5240727545469143,0,B2018-02743
2744,2744,759310.5882352941,0.4626061765852758,0.1115138130722938,6,B2017-02744
2745,2745,8333561.175666439,0.2364989272253172,0.0735353450394325,2,B2022-02745
2746,2746,19800000.0,0.313144986845464,0.0533515130052282,7,B2024-02746
2747,2747,625348.0,0.4704764927193794,0.6170815552039371,0,B2017-02747
2748,2748,146336.64881407807,0.1455571980202558,-0.0403333855108604,2,B2018-02748
2749,2749,275182.8615149197,0.5533280821710069,0.2540922765434024,3,B2018-02749
2750,2750,781271.3602187287,0.53379336497029,0.5597745172099696,0,B2022-02750
2751,2751,183381.1659192825,0.6472468810011666,0.0982647919454375,3,B2019-02751
2752,2752,1317029.8393267023,0.3290901801725196,-0.0521296926282061,2,B2018-02752
2753,2753,253617.1537872992,0.6404069447270567,0.5861091203637311,0,B2018-02753
2754,2754,21280030.60443765,0.346582742524595,-0.0163932864047884,7,B2018-02754
2755,2755,1076431.226765799,0.4043336933008087,0.0491437324187716,2,B2020-02755
2756,2756,876305.9764705882,0.4925462422298104,0.183088943948201,6,B2017-02756
2757,2757,197701.64705882352,0.5298564628868587,0.3950501821214158,3,B2017-02757
2758,2758,227375.6694720735,0.5044339281695098,0.1411063574689394,3,B2018-02758
2759,2759,864049.9103139013,0.5973304656613923,0.0090702195359229,6,B2019-02759
2760,2760,268343.5294117647,0.4509890030288788,0.2587690778819166,3,B2017-02760
2761,2761,1338430.5882352942,0.5462911259453113,0.0497217276028932,6,B2017-02761
2762,2762,1065007.0588235294,0.6598861729900403,0.4521686924335235,0,B2017-02762
2763,2763,805955.134741442,0.637154162139951,-0.0250384553771553,6,B2021-02763
2764,2764,167341.17647058822,0.4731478015826402,0.1643781835611952,3,B2017-02764
2765,2765,561788.2352941177,0.2600303222345091,-0.0058145216337218,2,B2017-02765
2766,2766,277328.3550114767,0.5961746536683995,0.4841708295217805,0,B2018-02766
2767,2767,795086.0749808723,0.5704368141665084,-0.0456005140089118,6,B2018-02767
2768,2768,553059.0023529412,0.569157093043209,0.3439827435910628,0,B2017-02768
2769,2769,245582.6656955572,0.6909004896789392,-0.406449443626706,4,B2021-02769
2770,2770,196028.23529411765,0.5061841951253855,0.6641762356760653,0,B2017-02770
2771,2771,944036.2269309638,0.5467223884078761,0.5719296020425287,0,B2022-02771
2772,2772,184256.3729060452,0.5678667512614353,0.0416125122459098,3,B2021-02772
2773,2773,217814.23106350424,0.426504829791942,0.1802538577628268,3,B2018-02773
2774,2774,800000.0,0.5122784395911453,0.0104870171507295,6,B2024-02774
2775,2775,249467.5892206846,0.7157827760981852,-0.5011950343290399,4,B2021-02775
2776,2776,509888.4758364312,0.3774866604642321,0.2333147929989282,2,B2020-02776
2777,2777,241150.58823529413,0.3626017659517496,0.572801054815516,0,B2017-02777
2778,2778,195601.377199694,0.587594260493775,0.0809236892622863,3,B2018-02778
2779,2779,597881.4078041317,0.3806092341209048,-0.0156467306589447,2,B2018-02779
2780,2780,179661.75975516453,0.5387702407076591,0.5832956854078023,0,B2018-02780
2781,2781,198982.8615149197,0.555666910963398,0.6546812932154706,0,B2018-02781
2782,2782,209885.23335883708,0.6035843916594592,0.4644039865896772,0,B2018-02782
2783,2783,165284.6212700842,0.5119558664985591,0.6038213833736831,0,B2018-02783
2784,2784,216712.33358837035,0.5002192776879032,0.5938780614172217,0,B2018-02784
2785,2785,167884.195193008,0.5461014250714955,0.6370574819573808,0,B2021-02785
2786,2786,1041695.1469583048,0.4910493654886304,0.5183992019551501,0,B2022-02786
2787,2787,262126.2509563887,0.4222941674767282,0.1006703948865901,3,B2018-02787
2788,2788,259441.4690130069,0.466561657786485,0.1615278241401939,3,B2018-02788
2789,2789,712909.6153846154,0.5902080866980305,-0.346178317920537,5,B2023-02789
2790,2790,719407.5,0.6817215768807604,-0.4902939434445035,5,B2025-02790
2791,2791,185569.41176470587,0.5169908685032325,0.1256356164028238,3,B2017-02791
2792,2792,1125185.063197026,0.5268764102664297,0.5801333188524812,0,B2020-02792
2793,2793,187235.1185921959,0.588726014526148,0.5988333371604226,0,B2018-02793
2794,2794,1121910.415149308,0.6687366252431545,-0.0869005595751394,6,B2021-02794
2795,2795,820884.4682478961,0.4321440702398332,0.1004045026362541,6,B2018-02795
2796,2796,1050455.1569506726,0.5760195124754218,-0.0511462610396914,6,B2019-02796
2797,2797,864395.4843408593,0.666255080343487,-0.5136942797170446,5,B2021-02797
2798,2798,800000.0,0.6499570175339706,-0.5527954241415471,5,B2024-02798
2799,2799,969921.189591078,0.5956987503380657,-0.0666921816516144,6,B2020-02799
2800,2800,1420665.1193633953,0.6837005850305387,-0.4836615938706892,5,B2023-02800
2801,2801,167692.0847573479,0.7118721799434328,-0.4595657914403823,4,B2022-02801
2802,2802,703674.4237918216,0.4050064476586246,0.2195983513010259,2,B2020-02802
2803,2803,1544553.4977578474,0.5242856740102867,0.5981340268654981,0,B2019-02803
2804,2804,1317811.7647058824,0.3876074241917778,0.0969235099429203,2,B2017-02804
2805,2805,2416304.8327137544,0.5568962678538035,0.045722656709592,2,B2020-02805
2806,2806,675938.8235294118,0.3151546798186864,0.0218694820087382,2,B2017-02806
2807,2807,662372.2352941177,0.544613083780879,0.0823858319433365,6,B2017-02807
2808,2808,1000000.0,0.6925179047565233,-0.4846457413581954,5,B2024-02808
2809,2809,823850.6493506493,0.7781066621507663,-0.1531887940318871,5,B2022-02809
2810,2810,614417.0352941176,0.5053675627510672,0.6442468837922471,0,B2017-02810
2811,2811,200957.28779840848,0.6859572375377949,-0.3130704342757063,4,B2023-02811
2812,2812,167205.09227614492,0.6972678638488894,-0.4228408906296382,4,B2022-02812
2813,2813,475000.0,0.7329574113797535,-0.4359524951716246,4,B2024-02813
2814,2814,776984.7050254915,0.4275971959601842,0.0321507957604626,6,B2021-02814
2815,2815,1241807.909774436,0.6038995923955748,-0.0165123304746386,6,B2022-02815
2816,2816,183649.57918898243,0.5271096238537554,0.2356371118292235,3,B2018-02816
2817,2817,735254.4771018456,0.5815870275242446,-0.0552965204407542,6,B2022-02817
2818,2818,167686.8762816131,0.5544027455566012,0.0675011480544202,3,B2022-02818
2819,2819,492513.4654818866,0.6553799586470194,-0.523217269256217,5,B2022-02819
2820,2820,213041.5433766234,0.5753700832322831,0.0623655126855266,3,B2022-02820
2821,2821,861874.394618834,0.4298294069834035,0.1208016956039906,2,B2019-02821
2822,2822,786488.7892376682,0.5356154331839335,-0.126040554326542,6,B2019-02822
2823,2823,215318.9288446825,0.5271578281703622,0.5787578979396352,0,B2018-02823
2824,2824,151532.7887901572,0.7156120571665231,-0.4795839237940775,4,B2022-02824
2825,2825,262356.5416985463,0.5287059694636055,0.2597602642243168,3,B2018-02825
2826,2826,185311.1706197399,0.466561657786485,0.1615278241401939,3,B2018-02826
2827,2827,620750.0,0.6229768379074454,-0.5932553152492385,5,B2024-02827
2828,2828,221250.0,0.5905173196660828,-0.004264284631027,3,B2025-02828
2829,2829,714134.5065034431,0.0,0.0,2,B2018-02829
2830,2830,262356.5416985463,0.5551079849847316,0.5881406692273142,0,B2018-02830
2831,2831,911112.9411764706,0.3763296456534487,0.1594923169559254,2,B2017-02831
2832,2832,178983.97669337215,0.6113023762472175,0.0146879877887504,3,B2021-02832
2833,2833,1979220.7792207792,0.4871367802051948,0.5793898038272752,0,B2022-02833
2834,2834,268941.17647058825,0.4427572231980741,0.1168002197521546,3,B2017-02834
2835,2835,2150157.612853864,0.416157588332583,0.3432756376908138,2,B2018-02835
2836,2836,1416423.5294117648,0.3530904682384053,0.1498607871923794,2,B2017-02836
2837,2837,797975.4646840148,0.4439964207678305,0.6415831444512446,0,B2020-02837
2838,2838,879885.5394032137,0.3620267725525483,0.1372147792258225,2,B2018-02838
2839,2839,909320.0,0.3594779083796849,0.1466208446678339,2,B2017-02839
2840,2840,237769.0582959641,0.5513557027277676,0.6408494621667999,0,B2019-02840
2841,2841,313228.6995515695,0.5943128556861128,0.0946389215011084,3,B2019-02841
2842,2842,735697.1975393029,0.5840965016482625,-0.3239199203412923,5,B2022-02842
2843,2843,256275.1793721973,0.6323657308685523,0.0782492641594373,3,B2019-02843
2844,2844,1045272.6457399104,0.5546124499752721,-0.2730450043755394,6,B2019-02844
2845,2845,188313.6954858455,0.6433622794832718,0.569923737093276,0,B2018-02845
2846,2846,1138750.9293680298,0.491505136838817,0.508029229920431,0,B2020-02846
2847,2847,249606.3364894392,0.5913667505891053,0.5828859305563635,0,B2021-02847
2848,2848,234873.23641928085,0.4342975844656629,0.1947596761179316,3,B2018-02848
2849,2849,864319.0512624332,0.5152245875762343,0.0416149428744097,6,B2018-02849
2850,2850,194523.670793882,0.7005903476294348,-0.4979311611352883,4,B2021-02850
2851,2851,215423.871461362,0.4875548654311727,0.0815797221802772,3,B2018-02851
2852,2852,2400000.0,0.324716287972853,0.1047720726584037,2,B2025-02852
2853,2853,231020.4705882353,0.4427572231980741,0.1168002197521546,3,B2017-02853
2854,2854,231020.4705882353,0.4599759580418944,0.1036278890976257,3,B2017-02854
2855,2855,191811.7827084928,0.5232476072923058,0.6510092598952256,0,B2018-02855
2856,2856,1001502.3718439176,0.5521825555522155,0.127078494172533,6,B2018-02856
2857,2857,838287.4521805664,0.4095741827382314,-0.0505347870293527,2,B2018-02857
2858,2858,157894.39184268026,0.6433949993678018,-0.0053554084719698,3,B2021-02858
2859,2859,270985.15684774297,0.5626792887796679,0.3639378560209824,3,B2018-02859
2860,2860,773047.5836431227,0.549289866477041,0.5440583915598771,0,B2020-02860
2861,2861,738679.4185156849,0.6724730832684804,0.3775714724505069,0,B2018-02861
2862,2862,292942.26022304833,0.672130767584513,0.4593102746662941,0,B2020-02862
2863,2863,879992.6816143497,0.6016879965777229,-0.0654522980586125,6,B2019-02863
2864,2864,194534.11764705885,0.5429028845286329,0.1665938536342529,3,B2017-02864
2865,2865,877728.3856159145,0.5031755468517713,-0.0101149763408147,6,B2018-02865
2866,2866,1020183.5294117648,0.3151546798186864,0.0218694820087382,2,B2017-02866
2867,2867,142376.68161434977,0.543774008582588,0.5160278714540395,0,B2019-02867
2868,2868,758712.9411764706,0.5565343429929163,0.067005735643859,6,B2017-02868
2869,2869,769470.5882352941,0.5087476484233215,0.4679023971460134,0,B2017-02869
2870,2870,183663.2228116711,0.6277559972101993,-0.0014548016927488,3,B2023-02870
2871,2871,971821.940520446,0.5053081262081897,0.637038584430695,0,B2020-02871
2872,2872,258858.45447589905,0.4776657331759562,0.132397165199938,3,B2018-02872
2873,2873,207861.64705882352,0.0,0.0,2,B2017-02873
2874,2874,163521.76392572944,0.7148272557173588,-0.4422980174727892,4,B2023-02874
2875,2875,1136975.0,0.6939015179998897,-0.4956953092693066,5,B2024-02875
2876,2876,795576.8390386015,0.4986042365305023,0.638104759303784,0,B2021-02876
2877,2877,161944.932735426,0.5262698193785438,0.5811382094752078,0,B2019-02877
2878,2878,257098.68900218487,0.7063234906571108,-0.496049219145276,4,B2021-02878
2879,2879,234381.4080656186,0.6671426374729726,-0.3011892748478872,4,B2022-02879
2880,2880,261482.0198928845,0.6323657308685523,0.0782492641594373,3,B2018-02880
2881,2881,462212.75899005367,0.1608073499878384,0.0669676746018106,2,B2018-02881
2882,2882,300000.0,0.1930105893932141,0.1956021377981392,2,B2024-02882
2883,2883,193852.33358837035,0.4363644132963155,0.1485560801102449,3,B2018-02883
2884,2884,758880.872226473,0.5443011791514396,0.2133249091924926,6,B2018-02884
2885,2885,313749.27314460604,0.5013820038583644,0.6024579968155604,0,B2018-02885
2886,2886,681268.6261107314,0.4907483388214099,0.5905355076548653,0,B2022-02886
2887,2887,189479.72456006124,0.5044339281695098,0.1411063574689394,3,B2018-02887
2888,2888,190927.13004484304,0.6043376520584474,0.5897940076016033,0,B2019-02888
2889,2889,2041279.648048968,0.2366978110154336,0.126779958342279,2,B2018-02889
2890,2890,23320.58148431523,0.2202980595868251,0.0266202001254712,2,B2018-02890
2891,2891,184409.6654275093,0.6201108531362055,0.5881523471565973,0,B2020-02891
2892,2892,271052.2035195104,0.5466401354946304,0.6003390291587933,0,B2018-02892
2893,2893,652955.2930374906,0.4886761115350885,0.1667924725968315,2,B2018-02893
2894,2894,1079993.6189747516,0.6369933676914792,-0.0044297942881071,6,B2018-02894
2895,2895,308706.19739862287,0.5263440877256574,0.2534900608491482,3,B2018-02895
2896,2896,806600.612088753,0.6381101728090031,-0.0102781718004961,6,B2018-02896
2897,2897,825784.7533632286,0.5618272482565121,-0.0787019840948772,6,B2019-02897
2898,2898,292090.28309104824,0.5984401039536323,0.1432587005536492,3,B2018-02898
2899,2899,131123.37662337662,0.6866149535021047,-0.4250506835305169,4,B2022-02899
2900,2900,156035.17844136927,0.6937256027690346,-0.4331501161109857,4,B2021-02900
2901,2901,203084.36878347365,0.6061095248409578,0.5241947146938858,0,B2018-02901
2902,2902,251862.28003060448,0.6048715140973143,0.106548578367306,3,B2018-02902
2903,2903,887056.6182096406,0.5604192347314539,-0.0189530761157672,6,B2018-02903
2904,2904,184232.5937260904,0.6255323802171485,0.0922366476450853,3,B2018-02904
2905,2905,959049.32735426,0.5989585593602849,-0.0303443571623606,6,B2019-02905
2906,2906,262356.5416985463,0.5271096238537554,0.2356371118292235,3,B2018-02906
2907,2907,945381.1659192824,0.4806114824813282,0.4646880261661763,0,B2019-02907
2908,2908,239477.7858703569,0.5410275380712813,0.6330008229822173,0,B2021-02908
2909,2909,1121428.4621270087,0.260566470399222,0.0895386584578645,2,B2018-02909
2910,2910,2144088.972490706,0.3559729931302647,0.0460511822309172,2,B2020-02910
2911,2911,1312074.2157612855,0.3371236361601378,0.0045246776575317,2,B2018-02911
2912,2912,257298.48506919155,0.2860357629836435,0.2389142052999401,2,B2021-02912
2913,2913,264105.58530987,0.5256310655148577,0.1271398628132721,3,B2018-02913
2914,2914,262356.5416985463,0.5040493786110385,0.5816329904602248,0,B2018-02914
2915,2915,181609.02830910485,0.5790395862301647,0.1136936374525228,3,B2018-02915
2916,2916,20212.201591511937,0.1794180756146987,0.0879674589256698,2,B2023-02916
2917,2917,880000.0,0.5329014662767162,-0.0755822524240237,6,B2024-02917
2918,2918,820913.6189747516,0.4329796956282559,-0.0959458496170386,2,B2018-02918
2919,2919,606366.0477453581,0.2824258021908916,0.1167649898586921,2,B2023-02919
2920,2920,817590.4361132366,0.4696193314924586,0.5893787336942534,0,B2018-02920
2921,2921,1204221.9730941704,0.5673371075543041,-0.0712966558765112,6,B2019-02921
2922,2922,735922.0371747211,0.5053081262081897,0.637038584430695,0,B2020-02922
2923,2923,268941.17647058825,0.5943128556861128,0.0946389215011084,3,B2017-02923
2924,2924,138750.0,0.7288042652558949,-0.4634726762379348,4,B2024-02924
2925,2925,186239.46684894053,0.7366667837460374,-0.475722544170728,4,B2022-02925
2926,2926,2359840.0,0.5417850178166372,0.0513658692282522,6,B2024-02926
2927,2927,262356.5416985463,0.657293495395778,0.517093947710906,0,B2018-02927
2928,2928,643253.3156498674,0.6742191140594587,-0.5081240001137634,5,B2023-02928
2929,2929,303183.02387267904,0.2483729630661196,0.1659901886329022,2,B2023-02929
2930,2930,274016.83244070393,0.5876255520632516,0.1015842262404667,3,B2018-02930
2931,2931,233213.00448430493,0.4996562732085856,0.6187647478811824,0,B2019-02931
2932,2932,1021125.5605381166,0.6696473007882641,0.4318104771403327,0,B2019-02932
2933,2933,1021638.1165919282,0.3855434752651061,0.0840472817659089,2,B2019-02933
2934,2934,796851.0,0.4116840412701196,0.1493497039371193,2,B2024-02934
2935,2935,224385.65022421523,0.5523404523803692,0.6362092141178306,0,B2019-02935
2936,2936,750666.8161434977,0.4416057421519263,0.6432110184410169,0,B2019-02936
2937,2937,1048604.260089686,0.4520055286951174,0.6496423352028029,0,B2019-02937
2938,2938,300000.0,0.5808563192702454,0.0069793534297171,3,B2024-02938
2939,2939,784495.5156950672,0.5560740656925454,-0.1258099244464348,6,B2019-02939
2940,2940,800488.4923525127,0.5481292513295879,0.0578627080233917,6,B2021-02940
2941,2941,199973.9862280031,0.4669297402275946,0.053603524932807,3,B2018-02941
2942,2942,200839.40520446096,0.5412568743798277,0.6389268570851128,0,B2020-02942
2943,2943,881257.2490706319,0.4167858300764814,-0.0250726215184617,2,B2020-02943
2944,2944,249745.0837581937,0.5912136018532238,0.5504796034063804,0,B2021-02944
2945,2945,249745.0837581937,0.6323657308685523,0.0782492641594373,3,B2021-02945
2946,2946,332993.44501092494,0.378121088961364,-0.0275704874464356,2,B2021-02946
2947,2947,2303366.27414421,0.2891634003191241,0.1095897875406809,2,B2021-02947
2948,2948,990131.2371838688,0.6907344943135322,-0.4727675168811091,5,B2022-02948
2949,2949,750900.2184996358,0.6157769213454375,-0.098031609318294,6,B2021-02949
2950,2950,702767.130553657,0.422589103342915,0.0690276164189626,2,B2022-02950
2951,2951,242467.4887892377,0.5869360073060296,0.018384976668391,3,B2019-02951
2952,2952,217269.14498141265,0.6174821447314893,0.0976560507615793,3,B2020-02952
2953,2953,1178073.8755980865,0.6155642790472985,-0.0975360912663996,6,B2022-02953
2954,2954,165968.0792891319,0.7032538145695639,-0.4881761149272953,4,B2022-02954
2955,2955,765052.4399126001,0.6493108537522152,-0.0209829621824912,6,B2021-02955
2956,2956,900000.0,0.6085891686632942,-0.3425903663167263,5,B2024-02956
2957,2957,797125.6505576208,0.5437807737124143,-0.0467070248145186,6,B2020-02957
2958,2958,8000000.0,0.2297293550130633,0.1166457925306143,2,B2024-02958
2959,2959,1109978.1500364165,0.5524333492608412,-0.0716994762549338,6,B2021-02959
2960,2960,254944.2379182156,0.6693181110746346,0.5208099032243242,0,B2020-02960
2961,2961,176262.331838565,0.6655985251020157,0.4764091968665668,0,B2019-02961
2962,2962,3046860.986547085,0.3494630728048102,0.1867530630709756,2,B2019-02962
2963,2963,829710.8753315649,0.7553402154274239,-0.0828464457566965,5,B2023-02963
2964,2964,721373.8892686261,0.7006596894513721,-0.4606499006247749,5,B2022-02964
2965,2965,1238054.6821599454,0.6019990781331375,-0.551082256306862,5,B2022-02965
2966,2966,246502.750929368,0.6036070734648417,0.5865692149715035,0,B2020-02966
2967,2967,183843.12267657992,0.5456031981094454,0.0268881689585226,3,B2020-02967
2968,2968,256278.0269058296,0.6083193965353095,0.0605424992868458,3,B2019-02968
2969,2969,183559.85130111524,0.6048715140973143,0.106548578367306,3,B2020-02969
2970,2970,239058.8235294117,0.0,0.0,2,B2017-02970
2971,2971,1134218.587360595,0.5407458352199048,0.5317380141977364,0,B2020-02971
2972,2972,782833.9029391662,0.6017011852636398,-0.0659504358846909,6,B2022-02972
2973,2973,178428.98761835397,0.6214553328180217,0.0276420489089848,3,B2021-02973
2974,2974,802651.3901345291,0.3596442117926425,0.0277877148011134,2,B2019-02974
2975,2975,254944.2379182156,0.6024426865108561,0.0240410499210451,3,B2020-02975
2976,2976,182954.03587443943,0.56030535001257,0.0011514207020892,3,B2019-02976
2977,2977,1734371.7647058824,0.4988347053333555,0.200223619796608,2,B2017-02977
2978,2978,262473.5910780669,0.6655985251020157,0.4764091968665668,0,B2020-02978
2979,2979,732522.6315789474,0.4852754360660625,0.5179900980035502,0,B2022-02979
2980,2980,593560.8157319737,0.5944533976230391,-0.3113764876048164,5,B2021-02980
2981,2981,168494.1900205058,0.7488309338070706,-0.3968958903489779,4,B2022-02981
2982,2982,791899.1031390134,0.4906004961023157,-0.0862026381496224,6,B2019-02982
2983,2983,243362.7093954844,0.6396754563647289,0.0286089815687101,3,B2021-02983
2984,2984,500000.0,0.5808563192702454,0.0069793534297171,3,B2024-02984
2985,2985,1500000.0,0.538696359216251,-0.0614322013938105,6,B2024-02985
2986,2986,844148.6988847583,0.4439582325373237,0.5864357983336476,0,B2020-02986
2987,2987,760000.0,0.7055286981600879,-0.3657461286292557,4,B2025-02987
2988,2988,668875.0,0.5825034997313365,-0.0665087062131471,6,B2024-02988
2989,2989,656643.899204244,0.765739798586878,-0.1645991872719344,5,B2023-02989
2990,2990,2021220.1591511937,0.4721024370313653,0.0635297872889519,6,B2023-02990
2991,2991,213529.9628252788,0.6728817246341765,0.4761903599234479,0,B2020-02991
2992,2992,179177.07657992563,0.6048715140973143,0.106548578367306,3,B2020-02992
2993,2993,820070.6319702602,0.5456401815315324,0.5719748772905726,0,B2020-02993
2994,2994,179659.4394618834,0.5991193217138394,0.0870463845263162,3,B2019-02994
2995,2995,184232.5937260904,0.6174821447314893,0.0976560507615793,3,B2018-02995
2996,2996,792895.7399103139,0.6612820727408495,0.3695680214759786,0,B2019-02996
2997,2997,154170.88174982913,0.5456031981094454,0.0268881689585226,3,B2022-02997
2998,2998,558041.5149308085,0.4080189281758342,0.072148048039252,2,B2021-02998
2999,2999,900000.0,0.6618586245729401,-0.5692779233551115,5,B2024-02999
3000,3000,175606.13395225463,0.6785429414892635,-0.2646106317251858,4,B2023-03000
3001,3001,769731.1671087533,0.7157357488939593,-0.4599683294771362,5,B2023-03001
3002,3002,248829.35178441368,0.6197844256056994,-0.3483453824382856,4,B2021-03002
3003,3003,26235.654169854635,0.3355459293616604,0.2499321295201735,2,B2018-03003
3004,3004,302584.5447589901,0.4133460625859456,0.1909003997240014,3,B2018-03004
3005,3005,12000000.0,0.240293777833479,0.1068961800596816,2,B2024-03005
3006,3006,719820.8302986161,0.596014688347597,-0.2926045761696957,5,B2021-03006
3007,3007,183651.68161434977,0.5606657259649399,0.6212849803698068,0,B2019-03007
3008,3008,52471.30833970927,0.3711378893922503,0.0271514214924278,2,B2018-03008
3009,3009,188605.20275439945,0.5773293852425775,0.0650388055942673,3,B2018-03009
3010,3010,840967.56133829,0.5261226478177572,0.5973452669578002,0,B2020-03010
3011,3011,5682423.791821561,0.2506004124766861,0.2738648579969538,2,B2020-03011
3012,3012,771896.1038961039,0.765381193846995,-0.1351381304619124,5,B2022-03012
3013,3013,748862.0689655172,0.7623780142375397,-0.1394004089184759,5,B2023-03013
3014,3014,220348.3048327137,0.5948329375357558,0.5028962572715094,0,B2020-03014
3015,3015,8084880.636604775,0.296013963686152,0.1403088147548554,2,B2023-03015
3016,3016,4648806.366047746,0.2829021730922399,0.0307830281011615,2,B2023-03016
3017,3017,749832.4887892377,0.4562380564736705,0.1382587240702929,2,B2019-03017
3018,3018,268941.17647058825,0.6240979393880117,0.2782655681054168,3,B2017-03018
3019,3019,999484.3049327354,0.548695236680824,-0.1244533796526524,6,B2019-03019
3020,3020,1229565.0224215246,0.5637383478515094,-0.2505477436375601,6,B2019-03020
3021,3021,232484.7058823529,0.4853635893026578,0.2638106365117482,3,B2017-03021
3022,3022,182426.7657992565,0.5456031981094454,0.0268881689585226,3,B2020-03022
3023,3023,695678.805535324,0.688461137946398,-0.4939536281636441,5,B2021-03023
3024,3024,255139.0134529148,0.570847624537778,0.6253286349760686,0,B2019-03024
3025,3025,279846.97781178274,0.5637904056676762,0.5412958855372828,0,B2018-03025
3026,3026,234831.97026022305,0.6728817246341765,0.4761903599234479,0,B2020-03026
3027,3027,234381.4080656186,0.7260405264944604,-0.4547115962689713,4,B2022-03027
3028,3028,569506.7264573991,0.3315228917731802,0.0496826671937279,2,B2019-03028
3029,3029,176007.05882352943,0.4367519327065188,0.1913758949695626,3,B2017-03029
3030,3030,337988.34668608883,0.6585453722060013,-0.2252519362996815,4,B2021-03030
3031,3031,266146.13618974754,0.6806183895641984,0.4673311608532031,0,B2018-03031
3032,3032,1252638.4142173617,0.6963853724044042,-0.4971200234130687,5,B2022-03032
3033,3033,200000.0,0.716148838300805,-0.4007578732741372,4,B2024-03033
3034,3034,287717.6740627391,0.5088841389617651,0.6094333226953125,0,B2018-03034
3035,3035,264757.64705882355,0.466561657786485,0.1615278241401939,3,B2017-03035
3036,3036,262356.5416985463,0.5429028845286329,0.1665938536342529,3,B2018-03036
3037,3037,896639.0977443609,0.61746350976624,-0.3179972840712134,5,B2022-03037
3038,3038,1200000.0,0.6502087421720761,-0.5019429359202695,5,B2024-03038
3039,3039,1154082.600896861,0.4298294069834035,0.1208016956039906,2,B2019-03039
3040,3040,249745.0837581937,0.5851792530260187,0.1050600472368706,3,B2021-03040
3041,3041,797408.9219330854,0.5986425205834218,-0.0709830293208348,6,B2020-03041
3042,3042,207297.33424470268,0.5526389413530829,0.0617718001463743,3,B2022-03042
3043,3043,906274.7778537252,0.5739592291139872,-0.0854587208284175,6,B2022-03043
3044,3044,191986.6870696252,0.5264296798836003,0.5224994013350256,0,B2018-03044
3045,3045,275765.8760520276,0.5513920033683118,0.2045871939592115,3,B2018-03045
3046,3046,1204469.8884758365,0.4689585437451647,-0.0021429203344967,2,B2020-03046
3047,3047,800849.2352512745,0.6737816162845648,-0.5017012010693466,5,B2021-03047
3048,3048,199327.3542600897,0.6456118910414734,0.0310294241425397,3,B2019-03048
3049,3049,1118638.6617100372,0.5323834813316387,0.5334627624241822,0,B2020-03049
3050,3050,1307554.2607428986,0.4713969450689861,0.5873496464670527,0,B2021-03050
3051,3051,254179.40520446096,0.5013820038583644,0.6024579968155604,0,B2020-03051
3052,3052,448000.0,0.6239312486335025,0.092462040228261,3,B2024-03052
3053,3053,833356.1175666439,0.5886051403574769,0.5117913035251668,0,B2022-03053
3054,3054,149210.76233183854,0.5623070725747045,0.6238106028609584,0,B2019-03054
3055,3055,1434075.6664388245,0.6898282895500434,-0.5136025686604982,5,B2022-03055
3056,3056,800000.0,0.6752685933776856,-0.522587230175118,5,B2025-03056
3057,3057,587730.9417040359,0.6059129125641627,0.0409338938772875,6,B2019-03057
3058,3058,587730.9417040359,0.6059129125641627,0.0409338938772875,6,B2019-03058
3059,3059,226290.7559681697,0.6860787497327023,-0.4235881863091806,4,B2023-03059
3060,3060,277494.5375091041,0.569360645183494,0.0660440182572094,3,B2021-03060
3061,3061,191811.7827084928,0.5424484293013464,0.6432331521180314,0,B2018-03061
3062,3062,12826319.816373376,0.2781619029666167,0.0290142482478697,7,B2018-03062
3063,3063,1619844.6588235295,0.4478639277339762,0.090000998043127,2,B2017-03063
3064,3064,300835.5011476665,0.4469148441449759,0.2022099859130052,3,B2018-03064
3065,3065,186856.15914307573,0.5822224541823902,0.1037857754212588,3,B2018-03065
3066,3066,174933.5118592196,0.613293719801727,0.1005417618433106,3,B2018-03066
3067,3067,227387.26790450927,0.7059205311655481,-0.4530380133953892,4,B2023-03067
3068,3068,5575470.852017937,0.3561687619391425,-0.0965388665671307,2,B2019-03068
3069,3069,697645.7399103139,0.5468306354264466,-0.0522065164050172,2,B2019-03069
3070,3070,179679.37219730942,0.6184695049843303,0.0908594603215122,3,B2019-03070
3071,3071,588687.9699248121,0.4287219217802345,0.16996692472618,2,B2022-03071
3072,3072,887263.8414217362,0.4091379887196328,0.2021808072709152,2,B2022-03072
3073,3073,803394.0321346597,0.5192283002814905,0.5973007382896501,0,B2018-03073
3074,3074,242534.0474368784,0.682055392862944,0.4949724975143453,0,B2018-03074
3075,3075,3884923.525127458,0.3179021808078825,0.0824932633215272,2,B2021-03075
3076,3076,647673.9576213261,0.6427748561741863,-0.4952875916846787,5,B2022-03076
3077,3077,855752.5632262474,0.689043880139499,-0.489570152719007,5,B2022-03077
3078,3078,515639.0977443609,0.4321440702398332,0.1004045026362541,6,B2022-03078
3079,3079,841406.6319702602,0.6076731893254207,-0.1159658117311082,6,B2020-03079
3080,3080,650000.0,0.6915635417264737,-0.5363927628840605,5,B2024-03080
3081,3081,838335.970260223,0.5313683739784518,0.0186244336769982,6,B2020-03081
3082,3082,180282.6702371844,0.6048715140973143,0.106548578367306,3,B2018-03082
3083,3083,250000.0,0.3009527700125637,0.0824324023044351,2,B2024-03083
3084,3084,186203.007518797,0.5526389413530829,0.0617718001463743,3,B2022-03084
3085,3085,1039455.5023923444,0.6849507636009856,-0.4637397456775138,5,B2022-03085
3086,3086,548033.6648814079,0.2868115115710814,0.0836407944176891,2,B2018-03086
3087,3087,23320.58148431523,0.3514872583954247,0.0709137349643941,2,B2018-03087
3088,3088,1400000.0,0.6288230328073678,-0.4583055956313333,5,B2025-03088
3089,3089,600000.0,0.2698630377719308,0.0640117184206787,2,B2024-03089
3090,3090,817282.3529411765,0.5188799033687485,0.0323823189462679,6,B2017-03090
3091,3091,630210.4484304932,0.3829822993088522,-0.1427752481039265,2,B2019-03091
3092,3092,743452.7785145888,0.5437934206536915,-0.0117764506695807,6,B2023-03092
3093,3093,1101375.8193736344,0.5654618651844416,0.0120503362331865,6,B2021-03093
3094,3094,268941.17647058825,0.4529276213713108,0.4029103344343605,3,B2017-03094
3095,3095,1097863.5390334572,0.5874251075857814,0.5508944245673241,0,B2020-03095
3096,3096,956235.2941176472,0.3984487759669487,0.1576477984141244,6,B2017-03096
3097,3097,218559.5294117647,0.5297555576696821,0.3968767952742561,3,B2017-03097
3098,3098,212869.92941176472,0.5271096238537554,0.2356371118292235,3,B2017-03098
3099,3099,688119.8550922761,0.6153567291634162,-0.2765985593032765,5,B2022-03099
3100,3100,255423.7668161435,0.5944027838244943,0.5596813685950477,0,B2019-03100
3101,3101,400000.0,0.2679827936703103,-0.0159539380189313,2,B2025-03101
3102,3102,2000000.0,0.2900385457820915,0.1510318787231071,2,B2024-03102
3103,3103,978224.6616541352,0.680945531897707,-0.5177361030896669,5,B2022-03103
3104,3104,898432.3607427055,0.7143155479116959,-0.4597755921020569,5,B2023-03104
3105,3105,1666838.561591431,0.6542562334925753,0.4608339957303073,0,B2018-03105
3106,3106,917625.0,0.6906622274708184,-0.5058131301678631,5,B2025-03106
3107,3107,268594.5411764706,0.5617218626031462,0.6195409655364921,0,B2017-03107
3108,3108,218210.6809487376,0.5429028845286329,0.1665938536342529,3,B2018-03108
3109,3109,147295.70772762052,0.5256310655148577,0.1271398628132721,3,B2018-03109
3110,3110,191844.7058823529,0.4427572231980741,0.1168002197521546,3,B2017-03110
3111,3111,976257.8423871464,0.6366846906223109,0.0058885857309856,6,B2018-03111
3112,3112,202106.5470852017,0.6326377124846896,0.0928129738647018,3,B2019-03112
3113,3113,811556.23565417,0.5451388442351529,0.4823605783153909,0,B2018-03113
3114,3114,175778.88293802604,0.5575997626288971,0.0924112841032682,3,B2018-03114
3115,3115,259457.3925710124,0.5822507276146576,0.0179731203516793,3,B2021-03115
3116,3116,1123060.9028309106,0.4609961664687365,0.0544231554803079,2,B2018-03116
3117,3117,276095.2792654936,0.5042831455374236,0.2350610969763154,3,B2018-03117
3118,3118,206892.09549071616,0.7205181846588439,-0.3712845235871658,4,B2023-03118
3119,3119,184476.76392572944,0.6818145035345079,-0.2920335693377878,4,B2023-03119
3120,3120,248655.7000765112,0.42584897954368,0.1806371642152725,3,B2018-03120
3121,3121,183961.7411764706,0.5436778264249038,0.617180524566478,0,B2017-03121
3122,3122,230940.8033664882,0.6735964342345799,0.4783487579160905,0,B2018-03122
3123,3123,819426.9319051264,0.480696341960721,0.069461887764243,6,B2018-03123
3124,3124,184021.5058823529,0.5436778264249038,0.617180524566478,0,B2017-03124
3125,3125,227134.6153846153,0.7334857462160923,-0.4494887060747852,4,B2023-03125
3126,3126,227109.350132626,0.6214872044994839,0.0446555222319432,3,B2023-03126
3127,3127,836279.8408488063,0.5834591102479084,0.3033401699977269,0,B2023-03127
3128,3128,187147.66641162973,0.5598617663304497,0.1381227954560419,3,B2018-03128
3129,3129,823508.0336648816,0.3904215046852599,0.1593627139767395,2,B2018-03129
3130,3130,245027.67662053896,0.687904713537263,-0.3137316599271818,4,B2021-03130
3131,3131,240870.80844865256,0.6042867506314867,0.5201413966997007,0,B2021-03131
3132,3132,1087962.036910458,0.653302915938109,-0.5059724331427584,5,B2022-03132
3133,3133,229391.6883116883,0.7005903476294348,-0.4979311611352883,4,B2022-03133
3134,3134,211675.08798775828,0.4326833221390753,0.2134437566562997,3,B2018-03134
3135,3135,21879667.29788784,0.3266304904198808,0.1085736047251418,7,B2021-03135
3136,3136,594238.7267904509,0.7116721716634602,-0.1090655242864328,5,B2023-03136
3137,3137,815594.9442379182,0.6125381571194123,-0.0317343465407816,6,B2020-03137
3138,3138,172400.54682159945,0.7005903476294348,-0.4979311611352883,4,B2022-03138
3139,3139,552098.4278879015,0.436358506473649,0.6207468005581406,0,B2022-03139
3140,3140,238231.22676579925,0.5620977337382072,0.0086242294158111,3,B2020-03140
3141,3141,182426.7657992565,0.6728817246341765,0.4761903599234479,0,B2020-03141
3142,3142,390635.68010936433,0.6009623199696433,0.5148731563406844,0,B2022-03142
3143,3143,183381.1659192825,0.7017895743946575,0.4798801695520011,0,B2019-03143
3144,3144,4962712.3088128185,0.3260546542427648,0.1259858014633337,2,B2021-03144
3145,3145,3073000.683527,0.2390945213014041,0.1336173672411075,2,B2022-03145
3146,3146,23500000.0,0.2943911304579327,0.0977177380507639,7,B2024-03146
3147,3147,651843.5013262599,0.6607312264969525,0.1386670601386018,5,B2023-03147
3148,3148,14263219.227967951,0.1731738625871231,-0.0147970850264684,7,B2021-03148
3149,3149,705250.0,0.6667300669597163,-0.4946964602843711,5,B2024-03149
3150,3150,1250000.0,0.66235191247163,-0.4990169197267232,5,B2024-03150
3151,3151,800000.0,0.669091593336561,-0.503709542478025,5,B2024-03151
3152,3152,126326259.9469496,0.3257271022834508,-0.0788449174931923,1,B2023-03152
3153,3153,53800000.0,0.313144986845464,0.0533515130052282,7,B2025-03153
3154,3154,28964639.0,0.3481254233887644,0.0313864250817898,7,B2024-03154
3155,3155,210187.36059479552,0.5620977337382072,0.0086242294158111,3,B2020-03155
3156,3156,898201.6404647984,0.7064962274195797,-0.5444222907298342,5,B2022-03156
3157,3157,62319.70260223048,0.3125455732012808,0.1493081777974593,2,B2020-03157
3158,3158,1067382.738528769,0.5659627640704117,0.5792095352275144,0,B2021-03158
3159,3159,205213.94395078605,0.7084774091917405,-0.4570138668677142,4,B2022-03159
3160,3160,425000.0,0.5300589514963245,0.0417916220735104,3,B2024-03160
3161,3161,1010610.0795755968,0.4888472482953482,0.4810808767126412,0,B2023-03161
3162,3162,1252055.353241078,0.5242645093931978,0.5425196973099627,0,B2021-03162
3163,3163,74035.87443946188,0.2608400425667086,0.1068464282224445,2,B2019-03163
3164,3164,800000.0,0.6686363758160198,-0.4891026187091112,5,B2024-03164
3165,3165,206664.5044429255,0.7565843597565055,-0.126037779215509,4,B2022-03165
3166,3166,186962.8647214854,0.5487847934195348,0.0621418232960819,3,B2023-03166
3167,3167,227387.26790450927,0.7382900446563904,-0.3842191410720067,4,B2023-03167
3168,3168,1234548.2062780268,0.4860346688132172,0.0289275007422884,2,B2019-03168
3169,3169,817776.1338289962,0.3690142610253719,0.1453114722864298,2,B2020-03169
3170,3170,254944.2379182156,0.548034737058715,0.6110212189588924,0,B2020-03170
3171,3171,1071904.3062200958,0.7034887580424839,-0.4846665613107197,5,B2022-03171
3172,3172,262391.44237918215,0.5782195231011154,0.0418504379394448,3,B2020-03172
3173,3173,200628.5506190823,0.6458829240564125,-0.0026585989847223,3,B2021-03173
3174,3174,825407.5018208303,0.5303071718368814,-0.1740507999629451,6,B2021-03174
3175,3175,885440.8749145592,0.4893936736417571,0.5288052280082712,0,B2022-03175
3176,3176,194256.1784386617,0.5457952773191156,0.0266868168621422,3,B2020-03176
3177,3177,259193.30855018587,0.5893459819701684,0.0011203072994538,3,B2020-03177
3178,3178,750669.1449814126,0.5128652954986876,-0.1210906756601557,6,B2020-03178
3179,3179,798825.2788104089,0.4993026797425717,0.58883268812932,0,B2020-03179
3180,3180,1054395.994173343,0.5932361039065309,0.352067814825856,0,B2021-03180
3181,3181,305366.54275092937,0.5013820038583644,0.6024579968155604,0,B2020-03181
3182,3182,1020340.3964456596,0.7107735513791734,-0.4535260772183867,5,B2022-03182
3183,3183,1056928.866047745,0.7798386449485244,-0.1610365761260148,5,B2023-03183
3184,3184,994282.5278810408,0.5499949251401243,0.5380010454680805,0,B2020-03184
3185,3185,687294.1176470588,0.4379859854981782,0.041400570907523,6,B2017-03185
3186,3186,254751.6133828996,0.5313122174251314,0.5768636022554341,0,B2020-03186
3187,3187,503688.0636604775,0.6672683152639501,-0.5332508590133666,5,B2023-03187
3188,3188,208145.25198938992,0.6138394806915166,0.0074802196080261,3,B2023-03188
3189,3189,992042.9715950472,0.6948245408761431,-0.4724823101000288,5,B2021-03189
3190,3190,254377.69516728623,0.6655985251020157,0.4764091968665668,0,B2020-03190
3191,3191,664223.3684210527,0.6337003920381454,-0.3413832573542788,5,B2022-03191
3192,3192,1545641.2556053812,0.3564326869956458,0.2804345814576657,2,B2019-03192
3193,3193,709133.971291866,0.6427175508535129,-0.488299103811997,5,B2022-03193
3194,3194,16182899.20424403,0.3255042992623855,0.0711008791693142,7,B2023-03194
3195,3195,732395.023923445,0.6323069018684404,-0.2440616102861184,5,B2022-03195
3196,3196,901717.8541114058,0.6597482009350675,-0.5080517699375666,5,B2023-03196
3197,3197,186564.65187452183,0.5995640859705138,0.0939359602378753,3,B2018-03197
3198,3198,173018.82352941178,0.6463790277434303,0.5431781734370487,0,B2017-03198
3199,3199,683123.3183856502,0.562417762471384,0.5650618946223023,0,B2019-03199
3200,3200,256278.0269058296,0.5332995695771238,0.6268101039609038,0,B2019-03200
3201,3201,280894.11764705885,0.4637150443048207,0.1997215559220462,3,B2017-03201
3202,3202,252652.5198938992,0.7447361151182506,-0.4591616756346944,4,B2023-03202
3203,3203,800488.4705882353,0.3749233466020735,-0.0553004749637525,2,B2017-03203
3204,3204,190126.9730941704,0.5606000570516355,0.0123474858524974,3,B2019-03204
3205,3205,211865.8823529412,0.0,0.0,2,B2017-03205
3206,3206,254745.94795539032,0.693975986403064,0.4854496597506101,0,B2020-03206
3207,3207,1247588.2352941176,0.3979487498315193,0.1750197065768837,2,B2017-03207
3208,3208,209620.81784386616,0.5443115791400592,0.094510467479937,3,B2020-03208
3209,3209,1500000.0,0.6068236974233502,-0.0569877015025827,6,B2025-03209
3210,3210,198647.62815608268,0.6045913439137531,0.0915765492373038,3,B2018-03210
3211,3211,1167018.3766816142,0.5353096912249629,-0.1037802713690817,6,B2019-03211
3212,3212,178428.98761835397,0.5552689356483955,0.6329747234846165,0,B2021-03212
3213,3213,213061.17647058825,0.5169908685032325,0.1256356164028238,3,B2017-03213
3214,3214,1331800.0,0.3576151142973808,0.1271663586141168,2,B2024-03214
3215,3215,925294.376657825,0.6890719988891676,-0.5530857255540133,5,B2023-03215
3216,3216,742410.7115531754,0.2843216003228232,0.1638154085848125,2,B2018-03216
3217,3217,291565.7035294117,0.4399239898387317,0.1492769580133087,3,B2017-03217
3218,3218,144842.6457399103,0.5956436313879732,0.0869565813745066,3,B2019-03218
3219,3219,202889.0589135425,0.4367519327065188,0.1913758949695626,3,B2018-03219
3220,3220,265988.8,0.458486787893799,0.155463056896724,3,B2017-03220
3221,3221,1170471.9592134012,0.6823220878425879,-0.5210664781823567,5,B2021-03221
3222,3222,793075.8496240602,0.7236555645541871,-0.437472388581207,5,B2022-03222
3223,3223,231626.1244019139,0.7111507023676621,-0.3749660794798996,4,B2022-03223
3224,3224,249745.0837581937,0.7191123085723606,-0.4122463774599068,4,B2021-03224
3225,3225,90930.11152416356,0.5467278052262727,0.0655139135846082,3,B2020-03225
3226,3226,594807.9289131921,0.624676862866375,-0.5106496275653208,5,B2022-03226
3227,3227,199670.818668707,0.4765823798296262,0.6167417663244682,0,B2018-03227
3228,3228,242047.05882352943,0.6264320538061834,0.1621218577574668,3,B2017-03228
3229,3229,788897.8026905829,0.4155608108408611,0.4989680350173812,0,B2019-03229
3230,3230,882085.0,0.7044027255900882,-0.5189955012502834,5,B2024-03230
3231,3231,1221749.4423791822,0.4980067160663791,0.638910829944076,0,B2020-03231
3232,3232,255708.5201793722,0.5854058982530381,0.5654077765130473,0,B2019-03232
3233,3233,1205382.5554705434,0.6106566757631121,0.3417661560251587,0,B2018-03233
3234,3234,710711.5384615385,0.643121901820716,-0.0763518610901838,6,B2023-03234
3235,3235,396165.0,0.7051439164885217,-0.4415727257603065,4,B2024-03235
3236,3236,18168470.588235293,0.2297293550130633,0.1166457925306143,7,B2017-03236
3237,3237,6215529.411764706,0.2731469324322522,0.1036058644188991,2,B2017-03237
3238,3238,1203063.5294117648,0.4476740899698443,-0.0077459035826112,6,B2017-03238
3239,3239,3000000.0,0.4245438659173807,0.0168337662880952,2,B2024-03239
3240,3240,7462586.074980874,0.2169715336385981,0.1605504221567235,2,B2018-03240
3241,3241,214141.2394797246,0.5186939988885136,0.6246815278333925,0,B2018-03241
3242,3242,746136.8029739776,0.6122504464068623,0.0334958100090713,6,B2020-03242
3243,3243,157402.5198938992,0.7092424127424385,-0.4714772846103157,4,B2023-03243
3244,3244,854063.1970260222,0.4986357659070501,0.6334048482939968,0,B2020-03244
3245,3245,35878923.76681614,0.3309246725752486,0.1689234105437983,7,B2019-03245
3246,3246,11250307.587149693,0.2850616655539718,0.056799797360619,2,B2022-03246
3247,3247,6104879.825200291,0.2097099515819999,0.1987719245950917,2,B2021-03247
3248,3248,234381.4080656186,0.7430543756540878,-0.4021518905468021,4,B2022-03248
3249,3249,263767.0403587444,0.5518637297278919,0.1158579176445559,3,B2019-03249
3250,3250,135899.54887218046,0.712717119812025,-0.4774283368678411,4,B2022-03250
3251,3251,200000.0,0.4930327875873955,0.0116385093201317,3,B2024-03251
3252,3252,800000.0,0.6876840338942489,-0.5460381172798745,5,B2024-03252
3253,3253,726168.8196286472,0.5475388978320926,-0.0434575282643935,6,B2023-03253
3254,3254,187720.82228116711,0.582261771518919,0.0018201035578573,3,B2023-03254
3255,3255,400000.0,0.6059941345304818,0.1091581918189163,3,B2025-03255
3256,3256,1500000.0,0.681718473002582,-0.5366871692739129,5,B2024-03256
3257,3257,36980177.71701983,0.3577298596819231,-0.0514214856758297,7,B2022-03257
3258,3258,34631063.50420812,0.18898528225643,0.1818656490134066,7,B2018-03258
3259,3259,11876766.205389656,0.212878292730491,0.1013937258436779,2,B2021-03259
3260,3260,9667538.823529411,0.2657791472056182,0.1838246286610887,2,B2017-03260
3261,3261,1010610.0795755968,0.5762209587925409,0.3117536930614408,0,B2023-03261
3262,3262,288065.8823529412,0.4731478015826402,0.1643781835611952,3,B2017-03262
3263,3263,242644.7058823529,0.6139548114529556,0.552237581430495,0,B2017-03263
3264,3264,733811.7293233083,0.6973913928853732,-0.4351069301838222,5,B2022-03264
3265,3265,218630.4514154553,0.5635387019057503,0.6370442276428842,0,B2018-03265
3266,3266,677754.3993879114,0.4510861402334566,0.093125917936807,6,B2018-03266
3267,3267,774243.3052792656,0.480696341960721,0.069461887764243,6,B2018-03267
3268,3268,929761.273209549,0.2389773393234518,0.1968967102025197,2,B2023-03268
3269,3269,181576.9516728625,0.5457952773191156,0.0266868168621422,3,B2020-03269
3270,3270,1221879.2399179768,0.6370030306706639,-0.5463315967299411,5,B2022-03270
3271,3271,1641652.5,0.6500749964411057,-0.4957664750771278,5,B2024-03271
3272,3272,688732.3718386877,0.6716407490231412,-0.4720758718276538,5,B2022-03272
3273,3273,17010000.0,0.2297293550130633,0.1166457925306143,7,B2024-03273
3274,3274,802341.1764705882,0.2851629761337367,-0.024470333072511,2,B2017-03274
3275,3275,183477.64705882352,0.4509890030288788,0.2587690778819166,3,B2017-03275
3276,3276,320000.0,0.7462710347507326,-0.4231534861830854,4,B2024-03276
3277,3277,713743.3687002652,0.7067704978201055,-0.4908825115699317,5,B2023-03277
3278,3278,1168853.9323607427,0.6822458568465929,-0.5596964273581679,5,B2023-03278
3279,3279,1080716.100795756,0.7176516084313536,-0.518724549485756,5,B2023-03279
3280,3280,153259.01856763926,0.7129932091123298,-0.4430395136990197,4,B2023-03280
3281,3281,237746.0212201592,0.6986943970015485,-0.3749335666013766,4,B2023-03281
3282,3282,252652.5198938992,0.7245870449417725,-0.4349646376690604,4,B2023-03282
3283,3283,908124.705882353,0.3542703540357029,0.1290193465647197,6,B2017-03283
3284,3284,778996.282527881,0.5171492926774754,0.5861512292406734,0,B2020-03284
3285,3285,1094959.4408921932,0.5893460101731888,-0.0777291509999868,6,B2020-03285
3286,3286,647283.3219412167,0.7633159855699049,-0.1335599546422546,5,B2022-03286
3287,3287,193174.55228981544,0.7442300037439242,-0.4970144538758295,4,B2022-03287
3288,3288,349825.0,0.6021011568814939,0.0068117616892624,3,B2025-03288
3289,3289,297389.17647058825,0.4731478015826402,0.1643781835611952,3,B2017-03289
3290,3290,854522.2286962854,0.5835475202310013,-0.3340070336518149,5,B2021-03290
3291,3291,153389.6103896104,0.7025844333396074,-0.5072061714158632,4,B2022-03291
3292,3292,265325.4117647059,0.4876132833480016,0.2669259878546036,3,B2017-03292
3293,3293,1195294.1176470588,0.4674707997565185,0.1596079674704521,6,B2017-03293
3294,3294,256526.39632746755,0.6195921686657377,0.0534475324938428,3,B2018-03294
3295,3295,996080.3366488144,0.4840722668007577,0.0407284390128371,2,B2018-03295
3296,3296,196327.05882352943,0.7030408709992929,0.4986865210800459,0,B2017-03296
3297,3297,702821.2987012988,0.6937378650556445,-0.5127060459897281,5,B2022-03297
3298,3298,234148.24933687,0.7259759453845187,-0.3991010385176409,4,B2023-03298
3299,3299,676856.100795756,0.6907348232408717,-0.4263231433713372,5,B2023-03299
3300,3300,719030.07518797,0.7187216012640149,-0.4860481594436734,5,B2022-03300
3301,3301,210712.201591512,0.7008659753681814,-0.452682411033041,4,B2023-03301
3302,3302,260549.32735426008,0.3618766544727786,0.2231351067523884,2,B2019-03302
3303,3303,657234.7123088128,0.6213684152008077,0.0005029319808526,6,B2021-03303
3304,3304,262402.7732342007,0.6323657308685523,0.0782492641594373,3,B2020-03304
3305,3305,707128.7081339713,0.7731332749759094,-0.1278682716371738,5,B2022-03305
3306,3306,206169.5092838196,0.7284023131885298,-0.4122114334940898,4,B2023-03306
3307,3307,793865.4545454546,0.6427954371874391,-0.4893715815717575,5,B2022-03307
3308,3308,181558.7443946188,0.5301013212568698,0.6412601683164754,0,B2019-03308
3309,3309,814402.4743677375,0.6965795647270668,-0.3128419972368811,5,B2022-03309
3310,3310,833243.9475600873,0.5967592802823263,0.0399789513040153,6,B2021-03310
3311,3311,647283.3219412167,0.7633159855699049,-0.1335599546422546,5,B2022-03311
3312,3312,757957.5596816976,0.619884845613184,-0.2465037814858613,5,B2023-03312
3313,3313,214184.75294117647,0.5169908685032325,0.1256356164028238,3,B2017-03313
3314,3314,254896.4705882353,0.4744895749744774,0.1739010833536125,3,B2017-03314
3315,3315,769470.5882352941,0.4975188748546923,0.0666175192411929,6,B2017-03315
3316,3316,215152.9411764706,0.5271096238537554,0.2356371118292235,3,B2017-03316
3317,3317,350000.0,0.2948480904880903,0.1306338463030956,2,B2024-03317
3318,3318,213837.29060451564,0.6909856498986016,-0.4545432614556778,4,B2021-03318
3319,3319,169962.8252788104,0.6174821447314893,0.0976560507615793,3,B2020-03319
3320,3320,796090.2039329933,0.5599100637039566,0.0168882317372292,6,B2021-03320
3321,3321,1296176.062884484,0.6703366305047403,-0.5122334163219241,5,B2022-03321
3322,3322,253312.7058823529,0.4913731014537295,0.2705470911863608,3,B2017-03322
3323,3323,234486.8235294117,0.4731478015826402,0.1643781835611952,3,B2017-03323
3324,3324,734468.8550185873,0.5076579771061348,0.6071888635332116,0,B2020-03324
3325,3325,135735.14498141262,0.6728817246341765,0.4761903599234479,0,B2020-03325
3326,3326,222181.00994644227,0.5002192776879032,0.5938780614172217,0,B2018-03326
3327,3327,853779.9256505576,0.4576922562861373,0.6568039588321666,0,B2020-03327
3328,3328,122816.4705882353,0.5075686746492434,0.0952562675376384,3,B2017-03328
3329,3329,214913.8823529412,0.5234899246569064,0.0808092102266878,3,B2017-03329
3330,3330,1034527.0588235294,0.3903266499498976,-0.0016550243614935,2,B2017-03330
3331,3331,206970.16067329768,0.5283399049679225,0.0677557178952641,3,B2018-03331
3332,3332,220830.58823529413,0.4427572231980741,0.1168002197521546,3,B2017-03332
3333,3333,823326.292789512,0.5091960703718826,0.6373398318046523,0,B2021-03333
3334,3334,239058.8235294117,0.4101278444021285,0.105122435414211,3,B2017-03334
3335,3335,265355.29411764705,0.5212834654046222,0.2242144681685323,3,B2017-03335
3336,3336,900000.0,0.6787651974514924,-0.4923678452735818,5,B2024-03336
3337,3337,231552.96863045148,0.6387650935838752,0.5392268060332484,0,B2018-03337
3338,3338,800571.7407137654,0.6221195373503956,-0.0257216075079383,6,B2021-03338
3339,3339,1434352.9411764706,0.3157979223407113,0.1011848951615553,2,B2017-03339
3340,3340,227233.18385650223,0.5450944267008012,0.6302404172551563,0,B2019-03340
3341,3341,182526.9058295964,0.529898245391265,0.0331003392025372,3,B2019-03341
3342,3342,262026.0223048327,0.6305201570109663,0.0172493729277841,3,B2020-03342
3343,3343,986341.1670588236,0.3461972632412286,-0.0719561362779665,2,B2017-03343
3344,3344,841487.0588235294,0.4396742340438472,-0.0212125122757389,2,B2017-03344
3345,3345,192442.35294117648,0.4509890030288788,0.2587690778819166,3,B2017-03345
3346,3346,859018.5676392573,0.6655894203998332,-0.5353546291851955,5,B2023-03346
3347,3347,1000000.0,0.6581373676718886,-0.5187137249809464,5,B2024-03347
3348,3348,827442.3529411765,0.4510861402334566,0.093125917936807,6,B2017-03348
3349,3349,829626.7712318287,0.4858653668717099,0.4115876852443476,0,B2018-03349
3350,3350,669871.8135469774,0.6154069738220466,-0.333840237682941,5,B2021-03350
3351,3351,746053.8116591928,0.5735568060798213,-0.0298466424494449,6,B2019-03351
3352,3352,200802.36500341765,0.696504296737551,-0.440126356129584,4,B2022-03352
3353,3353,1173316.75592961,0.3763296456534487,0.1594923169559254,2,B2018-03353
3354,3354,834002.2953328234,0.4422144187675638,0.079845760616755,6,B2018-03354
3355,3355,820009.9464422343,0.5731048451523395,0.5061668915036741,0,B2018-03355
3356,3356,1709542.750929368,0.5166740832476789,0.5474850531901143,0,B2020-03356
3357,3357,1552603.4753363228,0.4636146623214742,0.5864097310286374,0,B2019-03357
3358,3358,1088054.377964805,0.3333246337633105,0.1229917103980062,2,B2018-03358
3359,3359,1019776.9516728624,0.2885956476428976,0.0455051319958786,2,B2020-03359
3360,3360,804490.7063197026,0.4497686193756979,0.6594216517170247,0,B2020-03360
3361,3361,262356.5416985463,0.5417355958593303,0.5170991086105015,0,B2018-03361
3362,3362,1399390.5882352942,0.4080808417898944,0.0997387170068547,2,B2017-03362
3363,3363,184745.64651874528,0.5283219868947256,0.6422180652776526,0,B2018-03363
3364,3364,833127.7735271616,0.4478639277339762,0.090000998043127,2,B2018-03364
3365,3365,261773.52716143843,0.5044339281695098,0.1411063574689394,3,B2018-03365
3366,3366,1112636.6029074218,0.4464169216148447,0.1022573982193465,2,B2018-03366
3367,3367,262964.7058823529,0.6199644070879188,0.5899356106969824,0,B2017-03367
3368,3368,1241388.106630212,0.5001099550728499,0.0541448570826267,2,B2022-03368
3369,3369,884667.8364312267,0.5586560805557488,0.0323119154462467,6,B2020-03369
3370,3370,256278.0269058296,0.5013820038583644,0.6024579968155604,0,B2019-03370
3371,3371,262356.5416985463,0.5878160034868924,0.0551585905255772,3,B2018-03371
3372,3372,1263181.7506631298,0.5503915342890721,-0.0395005385135156,6,B2023-03372
3373,3373,949410.1647058824,0.4072363163384568,-0.0118642646282541,2,B2017-03373
3374,3374,192741.17647058825,0.5161384298745456,0.2548182770147549,3,B2017-03374
3375,3375,268941.17647058825,0.538862269545695,0.1275225982913723,3,B2017-03375
3376,3376,201606.42693190515,0.5283399049679225,0.0677557178952641,3,B2018-03376
3377,3377,284753.36322869954,0.6383852175575849,0.1027575945208177,3,B2019-03377
3378,3378,965598.6547085202,0.5696654222653145,-0.0134188998088607,6,B2019-03378
3379,3379,1400210.408921933,0.6185224623491083,-0.0200680698229937,6,B2020-03379
3380,3380,400000.0,0.6932948996904753,-0.4583401167449551,4,B2024-03380
3381,3381,878999.461883408,0.4812545232350152,0.6346052812863818,0,B2019-03381
3382,3382,1169311.2107623315,0.6122570916098391,0.4941731722268045,0,B2019-03382
3383,3383,1121090.3136954862,0.5169493210795575,0.6064668853009656,0,B2018-03383
3384,3384,729351.1859219589,0.2080447320903456,0.1364514138591933,2,B2018-03384
3385,3385,857366.5477057538,0.6030965131399901,-0.3367665817401213,5,B2021-03385
3386,3386,218665.69555717407,0.7194491800431332,-0.4927702227612113,4,B2021-03386
3387,3387,746714.5788235294,0.4370837709732523,0.0831979764516416,2,B2017-03387
3388,3388,996335.2122015916,0.6216246316927058,-0.2527464983894851,5,B2023-03388
3389,3389,942151.4919663352,0.3419113442480549,0.0174395664223301,2,B2018-03389
3390,3390,569506.7264573991,0.247846247489203,0.0567809896762935,2,B2019-03390
3391,3391,842383.5294117647,0.3021948305309563,-0.0338080784158724,2,B2017-03391
3392,3392,191844.7058823529,0.4868667875521668,0.084793782254419,3,B2017-03392
3393,3393,192591.76470588235,0.4362878141111292,0.1371427371198446,3,B2017-03393
3394,3394,268941.17647058825,0.458486787893799,0.155463056896724,3,B2017-03394
3395,3395,1344209.977046672,0.5165184431291974,0.4112913949730802,0,B2018-03395
3396,3396,203200.0,0.6460072093623385,0.0650925533928533,3,B2019-03396
3397,3397,251011.76470588235,0.4509890030288788,0.2587690778819166,3,B2017-03397
3398,3398,1230854.1176470588,0.5565343429929163,0.067005735643859,6,B2017-03398
3399,3399,1438865.1764705882,0.3530904682384053,0.1498607871923794,2,B2017-03399
3400,3400,268941.17647058825,0.4599759580418944,0.1036278890976257,3,B2017-03400
3401,3401,1028251.7647058824,0.6073735130302749,0.4592034327254222,0,B2017-03401
3402,3402,1016573.2976281564,0.5829832320808807,0.0073749899340436,6,B2018-03402
3403,3403,842084.705882353,0.6442878693782834,0.4781792006893169,0,B2017-03403
3404,3404,797225.7383320583,0.364632783497988,0.0524238247322431,2,B2018-03404
3405,3405,227870.8133971292,0.711975451992739,-0.3374075361676767,4,B2022-03405
3406,3406,758372.2823529412,0.3021948305309563,-0.0338080784158724,2,B2017-03406
3407,3407,781424.6176256372,0.7224081738310527,-0.1672410454837996,5,B2021-03407
3408,3408,192453.09869931143,0.5977895737156427,0.0658525700257398,3,B2018-03408
3409,3409,172839.5294117647,0.4509890030288788,0.2587690778819166,3,B2017-03409
3410,3410,268941.17647058825,0.5731559547816933,0.6340456932008489,0,B2017-03410
3411,3411,200608.7443946188,0.6496579323103475,0.0520858622970848,3,B2019-03411
3412,3412,700000.0,0.7292450034765516,-0.4745292149775191,5,B2024-03412
3413,3413,246906.6564651875,0.6232751339861682,0.5554853797664556,0,B2018-03413
3414,3414,1230743.6878347362,0.3008150430105315,0.0529070058267592,2,B2018-03414
3415,3415,1022899.0053557768,0.6101116227577305,-0.0013114084219136,6,B2018-03415
3416,3416,1200000.0,0.7301221187564484,-0.5023208770891897,5,B2024-03416
3417,3417,1180739.257101238,0.6209976140184322,-0.0785319338016738,6,B2021-03417
3418,3418,1440924.8120300754,0.551340164271881,-0.1794651039914425,5,B2022-03418
3419,3419,1088042.600896861,0.5794893692597521,-0.0200715752645657,6,B2019-03419
3420,3420,1211231.032125769,0.6990977015893451,-0.4875094335262354,5,B2022-03420
3421,3421,956235.2941176472,0.0,0.0,2,B2017-03421
3422,3422,710436.090225564,0.6049226981001198,-0.0326050308148086,6,B2022-03422
3423,3423,290069.88847583643,0.574675945299913,0.608294116624984,0,B2020-03423
3424,3424,668520.4460966543,0.6289175103110651,0.3999920318726869,0,B2020-03424
3425,3425,254944.2379182156,0.6159710241842007,0.5185112743189548,0,B2020-03425
3426,3426,721308.7443946188,0.575666856861376,0.5414956520469463,0,B2019-03426
3427,3427,118229.59641255604,0.5854058982530381,0.5654077765130473,0,B2019-03427
3428,3428,1476410.408921933,0.6021202466726084,0.4233563738664979,0,B2020-03428
3429,3429,1708692.936802974,0.6516793525612341,0.0032998768796336,6,B2020-03429
3430,3430,1362818.587360595,0.4715529099497531,0.6226550426924988,0,B2020-03430
3431,3431,2169251.121076233,0.6037229445153893,0.0213909897805679,6,B2019-03431
3432,3432,183549.3647058824,0.4509890030288788,0.2587690778819166,3,B2017-03432
3433,3433,347399.10313901346,0.5876255520632516,0.1015842262404667,3,B2019-03433
3434,3434,853213.3828996283,0.4730933561208875,0.6587292491630564,0,B2020-03434
3435,3435,249745.0837581937,0.5623248319444927,0.6281568005023271,0,B2021-03435
3436,3436,855282.3259372611,0.4008791555470116,0.2781528879723354,2,B2018-03436
3437,3437,1331221.9730941704,0.4085530847483702,0.144675835878201,2,B2019-03437
3438,3438,1332752.9411764706,0.3763296456534487,0.1594923169559254,2,B2017-03438
3439,3439,817386.3810252488,0.6509283795959111,-0.0814240874480153,6,B2018-03439
3440,3440,1062835.5011476667,0.6385108677387561,0.4668531744340808,0,B2018-03440
3441,3441,1289686.3874726875,0.5036108878049858,0.6081376143784295,0,B2021-03441
3442,3442,788376.7040358745,0.618356024983539,0.0044239101259541,6,B2019-03442
3443,3443,1454971.7647058824,0.3530904682384053,0.1498607871923794,2,B2017-03443
3444,3444,1520210.405508799,0.5549992332214759,0.4667436721723799,0,B2018-03444
3445,3445,176653.40474368786,0.5145972015110357,0.5742033740276726,0,B2018-03445
3446,3446,664981.4323607427,0.584328063132509,-0.5273759635873961,5,B2023-03446
3447,3447,827887.2180451128,0.6768023600035022,-0.481234294878719,5,B2022-03447
3448,3448,710436.090225564,0.6346182166124843,-0.0074707549969989,6,B2022-03448
3449,3449,1200000.0,0.6496164579368016,-0.047731396709248,6,B2024-03449
3450,3450,234381.4080656186,0.6753244664218189,-0.3056021756226286,4,B2022-03450
3451,3451,181718.5873605948,0.6638743817225052,-0.0017345469574285,3,B2020-03451
3452,3452,190649.41176470587,0.5661275231582168,0.1224800386927653,3,B2017-03452
3453,3453,155733.4244702666,0.7213221440861091,-0.4418006922703986,4,B2022-03453
3454,3454,674474.1695146959,0.6352461068947445,-0.4578216712547385,5,B2022-03454
3455,3455,859715.2941176471,0.306209515425381,0.0195879864684505,2,B2017-03455
3456,3456,551287.798408488,0.4920877535393261,-0.0938652140907943,6,B2023-03456
3457,3457,8333561.175666439,0.2297293550130633,0.1166457925306143,2,B2022-03457
3458,3458,867783.5294117647,0.2723913773106798,0.1482922542707242,2,B2017-03458
3459,3459,14343.529411764706,0.3213199526030189,0.0869597470352705,2,B2017-03459
3460,3460,851348.2352941177,0.4893694777859726,0.5920118992123509,0,B2017-03460
3461,3461,217172.9150726856,0.4756696528926289,0.5866727468055957,0,B2018-03461
3462,3462,1031832.8912466844,0.4677758962622766,0.6048373759038209,0,B2023-03462
3463,3463,814663.703136955,0.5053953089847306,0.0299788768980926,6,B2018-03463
3464,3464,187287.5899005356,0.5324528927630807,0.1675729309687275,3,B2018-03464
3465,3465,811903.5294117647,0.3512839830750794,-0.0544754437649121,2,B2017-03465
3466,3466,259948.6916602908,0.4969309459263992,0.1827313720215827,3,B2018-03466
3467,3467,1204921.9739862282,0.5489218794368279,0.5262020111790504,0,B2018-03467
3468,3468,637278.0269058296,0.4713969450689861,0.5873496464670527,0,B2019-03468
3469,3469,4500000.0,0.3454844066676266,0.1234186386334358,2,B2024-03469
3470,3470,1226750.0382555474,0.618825698515253,0.517613305348199,0,B2018-03470
3471,3471,801404.2243262928,0.5649685970986326,0.092472051229779,6,B2021-03471
3472,3472,854260.0896860986,0.5651569923448245,0.0205384877868082,6,B2019-03472
3473,3473,839915.2470588236,0.4379859854981782,0.041400570907523,6,B2017-03473
3474,3474,168363.15294117646,0.5453141698571684,0.1718479648188793,3,B2017-03474
3475,3475,177701.9519300801,0.6704438089446678,0.0437988102268725,3,B2021-03475
3476,3476,380000.0,0.7293924220028618,-0.4493075369410773,4,B2024-03476
3477,3477,171046.3431305537,0.7213221440861091,-0.4418006922703986,4,B2022-03477
3478,3478,594238.7267904509,0.6646969191411759,-0.4863368798872218,5,B2023-03478
3479,3479,1563828.6381025251,0.3809590635608496,0.4921829816725744,0,B2018-03479
3480,3480,1113091.3505882353,0.3542703540357029,0.1290193465647197,6,B2017-03480
3481,3481,283010.6726457399,0.6038928082609575,0.1058445520441688,3,B2019-03481
3482,3482,190062.7390971692,0.6735423339828119,0.4960179228923628,0,B2018-03482
3483,3483,1016777.352716144,0.3629212650267305,0.0407157969728064,2,B2018-03483
3484,3484,1163405.508798776,0.5359741247517406,0.034137380610167,6,B2018-03484
3485,3485,376250.0,0.6110286118134491,0.0371292287714196,3,B2024-03485
3486,3486,216382.5055762081,0.6752008779120922,0.3768477211383833,0,B2020-03486
3487,3487,228541.6985462893,0.5790395862301647,0.1136936374525228,3,B2018-03487
3488,3488,183429.5739910314,0.5214349630118809,0.6012435343099758,0,B2019-03488
3489,3489,804750.0,0.5937500331645227,0.0018622069326579,6,B2024-03489
3490,3490,189543.76470588235,0.4697916490995424,0.0388903890378511,3,B2017-03490
3491,3491,613928.2511210762,0.6189606831384119,-0.0657774703791806,6,B2019-03491
3492,3492,1356360.0,0.3530904682384053,0.1498607871923794,2,B2017-03492
3493,3493,768937.3634377276,0.5986414712983161,-0.0663926872046708,6,B2021-03493
3494,3494,792608.263198164,0.6371277402153352,0.4720997783725053,0,B2018-03494
3495,3495,797975.4646840148,0.6530310685649295,0.0279029486791249,6,B2020-03495
3496,3496,221545.5241009947,0.3960670152552352,0.1256342539052963,3,B2018-03496
3497,3497,167452.49487354752,0.6929562238549947,-0.4947748887188682,4,B2022-03497
3498,3498,733353.3834586466,0.6019990781331375,-0.551082256306862,5,B2022-03498
3499,3499,1118240.053050398,0.6037825118362088,-0.0338940538404012,6,B2023-03499
3500,3500,684183.023872679,0.6494943494850636,-0.5359860058056963,5,B2023-03500
3501,3501,1233047.5,0.3574679808020026,0.071224855110018,2,B2024-03501
3502,3502,350000.0,0.5770555796397331,0.0188215367937482,3,B2024-03502
3503,3503,1145988.2352941176,0.3151546798186864,0.0218694820087382,2,B2017-03503
3504,3504,1638449.411764706,0.384833740005372,0.1626106477319147,2,B2017-03504
3505,3505,869576.4705882353,0.5103160054608676,0.0131041442282118,6,B2017-03505
3506,3506,195018.3626625861,0.4565786120868492,0.2505388682145314,3,B2018-03506
3507,3507,851127.8026905829,0.5470250222397876,-0.1071369563808968,6,B2019-03507
3508,3508,225918.1331293037,0.6048715140973143,0.106548578367306,3,B2018-03508
3509,3509,659204.0358744394,0.6192606379765251,-0.0320210626958852,6,B2019-03509
3510,3510,793892.3766816143,0.4024058417099606,-0.0738019471472628,2,B2019-03510
3511,3511,158892.37668161435,0.6166063181766523,0.0740645813531866,3,B2019-03511
3512,3512,850000.0,0.6233414216622537,-0.5837825916414708,5,B2024-03512
3513,3513,1338018.3626625864,0.657549599649477,0.003585021188824,6,B2018-03513
3514,3514,780594.2583732058,0.6584185117383271,-0.2438816799012404,5,B2022-03514
3515,3515,350000.0,0.5808563192702454,0.0069793534297171,3,B2024-03515
3516,3516,831378.729915838,0.5991263370681553,-0.0012849518917302,6,B2018-03516
3517,3517,198686.08885651856,0.6810428470228338,-0.4549272637824395,4,B2021-03517
3518,3518,776941.1764705882,0.3675773463633888,0.242814106796751,2,B2017-03518
3519,3519,194607.4349442379,0.5687858564092294,0.0261032081159114,3,B2020-03519
3520,3520,229707.72762050503,0.658044339870485,0.4515069999812328,0,B2018-03520
3521,3521,182811.65919282511,0.5416369532431703,0.6498956847736305,0,B2019-03521
3522,3522,898133.8944146903,0.5534572744617015,0.5130787337447401,0,B2018-03522
3523,3523,194795.0928381963,0.7191731497419692,0.1076254257496349,4,B2023-03523
3524,3524,1008001.2780269058,0.5435662100888947,0.0792163603613577,6,B2019-03524
3525,3525,846537.1078806429,0.5386305399631816,-0.067962003367881,6,B2018-03525
3526,3526,217782.58823529413,0.4731478015826402,0.1643781835611952,3,B2017-03526
3527,3527,268542.32593726093,0.469029123284658,0.29414798534218,3,B2018-03527
3528,3528,838887.2941176471,0.3923895405259239,0.1063325412247196,2,B2017-03528
3529,3529,1096682.3529411764,0.4452109084574571,0.0927411484239205,6,B2017-03529
3530,3530,1135162.447583643,0.3170880636377394,0.0716120271071905,2,B2020-03530
3531,3531,227375.6694720735,0.5661275231582168,0.1224800386927653,3,B2018-03531
3532,3532,23905.88235294118,0.2645474064636474,0.084693191560321,2,B2017-03532
3533,3533,213383.32058148435,0.5858403625545436,0.4723309580079276,0,B2018-03533
3534,3534,780129.3680297397,0.422589103342915,0.0690276164189626,2,B2020-03534
3535,3535,1127660.855018587,0.603186077003856,-0.0164838245114116,6,B2020-03535
3536,3536,1655243.294117647,0.3428359495378108,0.139069303528638,2,B2017-03536
3537,3537,234381.4080656186,0.6319524006344233,-0.276595852759408,4,B2022-03537
3538,3538,940650.7177033492,0.6703652557073584,-0.5352457218599244,5,B2022-03538
3539,3539,1606008.9686098655,0.4258074310141267,0.1194490809214899,2,B2019-03539
3540,3540,206785.8823529412,0.4451158424851559,0.2424384063532465,3,B2017-03540
3541,3541,278168.8470588235,0.4399239898387317,0.1492769580133087,3,B2017-03541
3542,3542,153385.3448275862,0.6942586152346888,-0.4449867484173762,4,B2023-03542
3543,3543,1865616.525198939,0.570921583389502,-0.4531690016922961,5,B2023-03543
3544,3544,232488.32228116711,0.7050831308535446,-0.3950894208735441,4,B2023-03544
3545,3545,1417977.4117647058,0.1256164177117154,0.0904219556533741,2,B2017-03545
3546,3546,265654.11764705885,0.6089637092756166,0.466851733939393,0,B2017-03546
3547,3547,201705.8823529412,0.3963912713813902,0.1062757609286124,3,B2017-03547
3548,3548,1351079.821561338,0.4445109645275306,0.5425945280494291,0,B2020-03548
3549,3549,273923.42007434944,0.6061095248409578,0.5241947146938858,0,B2020-03549
3550,3550,249218.8235294117,0.4427572231980741,0.1168002197521546,3,B2017-03550
3551,3551,272559.29609793425,0.5044339281695098,0.1411063574689394,3,B2018-03551
3552,3552,222392.37668161435,0.6655985251020157,0.4764091968665668,0,B2019-03552
3553,3553,826358.9747513391,0.4271979562204215,-0.0311297396192416,2,B2018-03553
3554,3554,1249194.9071618037,0.618885976818906,-0.081974130811997,6,B2023-03554
3555,3555,1200000.0,0.6906185344240289,-0.5384001861035099,5,B2024-03555
3556,3556,1047254.801061008,0.6730124051441961,-0.5177599081197032,5,B2023-03556
3557,3557,234150.77586206896,0.7333175791807426,-0.4064144582718819,4,B2023-03557
3558,3558,1400000.0,0.7405600696202164,-0.4351730432629775,5,B2024-03558
3559,3559,256278.0269058296,0.5943128556861128,0.0946389215011084,3,B2019-03559
3560,3560,833356.1175666439,0.6973968498613656,-0.5274946031372411,5,B2022-03560
3561,3561,180190.58823529413,0.4509890030288788,0.2587690778819166,3,B2017-03561
3562,3562,821467.482785004,0.6684703497902625,0.5064826805857858,0,B2018-03562
3563,3563,781423.5294117647,0.5191571930762761,0.5762858898290012,0,B2017-03563
3564,3564,254777.35271614388,0.5661275231582168,0.1224800386927653,3,B2018-03564
3565,3565,320000.0,0.7429046952972165,-0.3901922103590037,4,B2024-03565
3566,3566,711565.5039787798,0.7635530144929247,-0.4713063996814858,5,B2023-03566
3567,3567,550000.0,0.721997588402149,-0.4851017930511688,4,B2024-03567
3568,3568,350000.0,0.7090493932570044,-0.3915039600847158,4,B2024-03568
3569,3569,85426.00896860987,0.3230826898045487,0.0847554518361601,2,B2019-03569
3570,3570,959911.6609706084,0.6825398308582777,-0.5349710002403266,5,B2022-03570
3571,3571,200510.58823529413,0.5232468894780663,0.6510720420137115,0,B2017-03571
3572,3572,345144.6059678654,0.3567171664707793,0.0235720541765716,2,B2018-03572
3573,3573,242534.0474368784,0.259494215008709,0.1912128656319633,2,B2018-03573
3574,3574,840889.4117647059,0.1766088984538154,0.1005050315448742,2,B2017-03574
3575,3575,776941.1764705882,0.6407406985399281,0.3927772779844624,0,B2017-03575
3576,3576,262006.7329762816,0.4652476953810411,0.1048576738515436,3,B2018-03576
3577,3577,468762.8161312372,0.3139418962439235,0.1027135563932628,2,B2022-03577
3578,3578,201466.8235294117,0.6708848948755014,0.5105056321882592,0,B2017-03578
3579,3579,770745.2180566184,0.5594676383447555,-0.0520534629240087,6,B2018-03579
3580,3580,187362.35294117648,0.4583533545780328,0.2649289767063383,3,B2017-03580
3581,3581,262356.5416985463,0.5243975227714048,0.21890124951648,3,B2018-03581
3582,3582,385832.5,0.7201173530889311,-0.3992337501114781,4,B2024-03582
3583,3583,208877.64705882352,0.4509890030288788,0.2587690778819166,3,B2017-03583
3584,3584,234381.4080656186,0.7394112182553683,-0.4585335796828261,4,B2022-03584
3585,3585,420000.0,0.57343124007055,0.0281790386466182,3,B2024-03585
3586,3586,1493520.0,0.4590147209724975,0.6003889668314061,0,B2017-03586
3587,3587,838553.7135278514,0.5896143750779209,0.317509747644491,0,B2023-03587
3588,3588,1128762.331838565,0.6051794930584052,-0.0289858934837694,6,B2019-03588
3589,3589,294699.1988346686,0.6753244664218189,-0.3056021756226286,4,B2021-03589
3590,3590,1209147.6418318525,0.6740654928684601,-0.4694790911524032,5,B2022-03590
3591,3591,1566731.7647058824,0.0,0.0,2,B2017-03591
3592,3592,1043934.4501092498,0.4923178330657021,-0.1502262317122819,2,B2021-03592
3593,3593,195356.1544064093,0.6458829240564125,-0.0026585989847223,3,B2021-03593
3594,3594,2811751.6728624534,0.5883750945248369,0.3783188811300932,0,B2020-03594
3595,3595,272267.7888293803,0.5487433022426697,0.5149614030184795,0,B2018-03595
3596,3596,1982616.3568773232,0.4938166371771365,0.63770404484722,0,B2020-03596
3597,3597,1112123.4200743495,0.3705686747043364,-0.0355730979238736,2,B2020-03597
3598,3598,896899.5215311005,0.6774656905556538,-0.2413721097411811,5,B2022-03598
3599,3599,303024.0349599417,0.6748603452508826,-0.4435316875106185,4,B2021-03599
3600,3600,858356.8010936432,0.66840331784881,-0.4904592903089358,5,B2022-03600
3601,3601,1642643.458301454,0.6783720990817631,0.4759786037681044,0,B2018-03601
3602,3602,1166029.0742157616,0.3824144455784255,0.1695573010973876,2,B2018-03602
3603,3603,850035.1951032901,0.5074602847715016,0.3837702365046143,0,B2018-03603
3604,3604,300000.0,0.5912975743567392,0.0796807288202653,3,B2024-03604
3605,3605,422545.5156950672,0.3133556853780812,0.1758286367847141,2,B2019-03605
3606,3606,981336.4705882352,0.3266048501189953,0.0067827993393574,2,B2017-03606
3607,3607,202174.88789237663,0.584453041135104,0.4961365572208543,0,B2019-03607
3608,3608,175911.52416356877,0.6648349139040317,0.4594405593136466,0,B2020-03608
3609,3609,848105.4169854631,0.6369933676914792,-0.0044297942881071,6,B2018-03609
3610,3610,803289.2376681614,0.604246906538383,0.481149176399544,0,B2019-03610
3611,3611,899190.3183023873,0.6607150760821812,-0.4852535501979385,5,B2023-03611
3612,3612,850000.0,0.3454844066676266,0.1234186386334358,2,B2025-03612
3613,3613,268941.17647058825,0.4427572231980741,0.1168002197521546,3,B2017-03613
3614,3614,262356.5416985463,0.5736666179924301,0.5459215126776027,0,B2018-03614
3615,3615,268941.17647058825,0.4509890030288788,0.2587690778819166,3,B2017-03615
3616,3616,915865.3846153846,0.7193010417304081,-0.4862929736560732,5,B2023-03616
3617,3617,216412.55605381168,0.6199382019805291,0.1201240088032903,3,B2019-03617
3618,3618,364484.3049327354,0.3673855935107596,0.2044530742000366,2,B2019-03618
3619,3619,268134.35294117645,0.4906251108157113,0.1295605129603494,3,B2017-03619
3620,3620,51255.60538116592,0.1801232787288315,0.1487356015939041,2,B2019-03620
3621,3621,1003150.588235294,0.3921616363384712,-0.0048405585072657,2,B2017-03621
3622,3622,326488.14078041323,0.3535827424513446,0.2675330663514144,2,B2018-03622
3623,3623,834293.8026013774,0.1773833643782554,0.1402125120012156,2,B2018-03623
3624,3624,618897.6127320955,0.4710013460650967,0.5463252283029085,0,B2023-03624
3625,3625,1087717.6470588236,0.3530904682384053,0.1498607871923794,2,B2017-03625
3626,3626,1048571.7647058824,0.232011281921045,-0.1115967461376083,2,B2017-03626
3627,3627,3896650.4442825927,0.4806689926444973,0.623878005461705,0,B2021-03627
3628,3628,1542333.8345864662,0.3697323790388841,0.0693313820321119,2,B2022-03628
3629,3629,1167488.789237668,0.5037250095996761,0.5809219271706355,0,B2019-03629
3630,3630,199423.0483271376,0.6813208694444282,0.4309024428413223,0,B2020-03630
3631,3631,1189317.6470588236,0.3312694196845007,0.1329671769866257,2,B2017-03631
3632,3632,262998.17411764705,0.5422386674234714,0.072937994267859,3,B2017-03632
3633,3633,176760.09411764707,0.4731478015826402,0.1643781835611952,3,B2017-03633
3634,3634,1555715.990818669,0.4614024607780805,0.5866889258057181,0,B2018-03634
3635,3635,166606.0705882353,0.4913731014537295,0.2705470911863608,3,B2017-03635
3636,3636,799890.8235294118,0.3410373454559921,-0.0624598688252179,2,B2017-03636
3637,3637,757517.6470588235,0.421329886348312,-0.0168665599953531,2,B2017-03637
3638,3638,1242986.9931140018,0.5477808535798492,0.1463449098691686,6,B2018-03638
3639,3639,56654.2750929368,0.2946143880618652,0.1342091314797096,2,B2020-03639
3640,3640,161946.24535315984,0.640848316634065,0.0589450919678526,3,B2020-03640
3641,3641,1013573.308550186,0.5893467011078786,0.0186698033982539,6,B2020-03641
3642,3642,314063.5294117647,0.5740789936362831,0.1193515220611665,3,B2017-03642
3643,3643,683409.4117647059,0.5009191751459621,0.0402132084256984,6,B2017-03643
3644,3644,284480.0,0.5271129277058815,0.1040642047683349,3,B2017-03644
3645,3645,265295.5294117647,0.4583533545780328,0.2649289767063383,3,B2017-03645
3646,3646,155103.38196286472,0.7551654620535344,-0.4793612379897418,4,B2023-03646
3647,3647,815908.4391736804,0.3634122234444893,0.0918033938590973,2,B2018-03647
3648,3648,277494.5375091041,0.5517185934657542,0.0879660637805147,3,B2021-03648
3649,3649,10300000.0,0.2709238116185059,0.020386138642068,7,B2024-03649
3650,3650,1141335.0327749453,0.6108365428137281,-0.0175513168634489,6,B2021-03650
3651,3651,1293643.717472119,0.500183755458699,0.0159805410591054,2,B2020-03651
3652,3652,179805.70352941178,0.5169908685032325,0.1256356164028238,3,B2017-03652
3653,3653,721113.2427055703,0.6069990688335674,-0.3306671686748667,5,B2023-03653
3654,3654,1180950.5882352942,0.5270815728333972,0.0375374719349444,6,B2017-03654
3655,3655,1374588.2352941176,0.4935621914680781,0.0038077689325012,6,B2017-03655
3656,3656,1063214.1176470588,0.4104512466481962,0.0081735720278537,6,B2017-03656
3657,3657,1218692.0,0.4379859854981782,0.041400570907523,6,B2017-03657
3658,3658,268941.17647058825,0.4583533545780328,0.2649289767063383,3,B2017-03658
3659,3659,268941.17647058825,0.5449819021508069,0.1517054927340017,3,B2017-03659
3660,3660,903941.1764705882,0.3827079107138222,0.062761862659273,6,B2017-03660
3661,3661,721350.5576208178,0.5357102394288807,0.592389108791516,0,B2020-03661
3662,3662,179294.11764705885,0.5862308128787578,0.0614328888723871,3,B2017-03662
3663,3663,200271.5294117647,0.4670481198833382,0.353339157996834,3,B2017-03663
3664,3664,835528.5176470588,0.3141416943499393,0.0341726766772408,2,B2017-03664
3665,3665,1594618.8340807175,0.2875895586079065,0.1955714479363247,2,B2019-03665
3666,3666,213061.17647058825,0.5271096238537554,0.2356371118292235,3,B2017-03666
3667,3667,744967.0588235294,0.3141416943499393,0.0341726766772408,2,B2017-03667
3668,3668,168199.6939556236,0.6048715140973143,0.106548578367306,3,B2018-03668
3669,3669,261524.37647058823,0.5168517845339379,0.236333697480171,3,B2017-03669
3670,3670,250597.1384850804,0.4367519327065188,0.1913758949695626,3,B2018-03670
3671,3671,1590463.6572302987,0.5238388637237402,0.4966884168626375,0,B2018-03671
3672,3672,241816.9395562357,0.6046368316535241,0.0770565511145201,3,B2018-03672
3673,3673,833356.1175666439,0.584673036017186,-0.3231184731184122,5,B2022-03673
3674,3674,255984.73094170404,0.6035702825622667,0.4622296901817316,0,B2019-03674
3675,3675,1139844.932735426,0.4711650726429227,-0.083086007513252,6,B2019-03675
3676,3676,227610.38961038963,0.5967339575848021,0.591858773093761,0,B2022-03676
3677,3677,733339.0053557768,0.6366846906223109,0.0058885857309856,6,B2018-03677
3678,3678,863898.8235294118,0.3841284305795273,0.1775249755141171,6,B2017-03678
3679,3679,172122.35294117648,0.532662505763287,0.6217389715365479,0,B2017-03679
3680,3680,314827.8500382556,0.5487380605664675,0.2136365870240432,3,B2018-03680
3681,3681,1095446.188340807,0.4209594157290443,0.4956474037413601,0,B2019-03681
3682,3682,600000.0,0.6638121202461849,-0.5420168980438415,5,B2025-03682
3683,3683,234120.984278879,0.7076512193362646,-0.491155011831607,4,B2022-03683
3684,3684,191023.9461883408,0.680824866575785,0.4781274894083829,0,B2019-03684
3685,3685,262356.5416985463,0.458486787893799,0.155463056896724,3,B2018-03685
3686,3686,259441.4690130069,0.6080451399759883,0.1531161859375355,3,B2018-03686
3687,3687,1238361.1671087532,0.6643044513458023,-0.5095763835120898,5,B2023-03687
3688,3688,220212.02352941176,0.6323657308685523,0.0782492641594373,3,B2017-03688
3689,3689,873849.6470588235,0.3763296456534487,0.1594923169559254,2,B2017-03689
3690,3690,873200.9569377991,0.5843682770267938,-0.0675987748874266,6,B2022-03690
3691,3691,240493.4965570008,0.4704036203515676,0.260536581131651,3,B2018-03691
3692,3692,648500.0,0.6361539806543968,-0.0409278571637943,6,B2024-03692
3693,3693,212453.531598513,0.5753700832322831,0.0623655126855266,3,B2020-03693
3694,3694,919616.8973051712,0.5850189525299376,0.0412372640520069,6,B2021-03694
3695,3695,875000.0,0.5411479636518666,-0.0625857613310502,6,B2024-03695
3696,3696,1321065.0,0.6877547377854316,-0.528504252011529,5,B2024-03696
3697,3697,914450.5305039788,0.651059820915524,-0.3081852505063238,5,B2023-03697
3698,3698,187396.0306044377,0.6013271239870189,0.4802042624388122,0,B2018-03698
3699,3699,247582.95332823263,0.5513557027277676,0.6408494621667999,0,B2018-03699
3700,3700,1471566.468401487,0.4853489375731845,-0.0449050028047767,2,B2020-03700
3701,3701,234381.4080656186,0.6339736857865398,-0.2660631716291036,4,B2022-03701
3702,3702,1043887.5286916604,0.4572814517992934,-0.0015280339657645,2,B2018-03702
3703,3703,237578.42387146145,0.3928719851471208,0.2360040627525062,3,B2018-03703
3704,3704,234954.858454476,0.5773293852425775,0.0650388055942673,3,B2018-03704
3705,3705,817196.9013006887,0.5175479292314127,0.1994477100180925,6,B2018-03705
3706,3706,261569.4720734507,0.450401009383084,0.1599148631794548,3,B2018-03706
3707,3707,391250.0,0.565138895044826,0.0376523759504239,3,B2024-03707
3708,3708,1288170.6197398626,0.3642454688841159,0.0214973546275948,2,B2018-03708
3709,3709,254944.2379182156,0.5807811095788797,0.1558213108114144,3,B2020-03709
3710,3710,1101071.7703349283,0.6038872038173997,-0.566065142199025,5,B2022-03710
3711,3711,1154056.4705882354,0.5041511915951491,-0.0487690214919508,6,B2017-03711
3712,3712,1144195.1798010713,0.4000284340142291,0.1264883653230549,6,B2018-03712
3713,3713,1276218.821729151,0.6230469852124739,0.5083132303419665,0,B2018-03713
3714,3714,668717.6740627392,0.7030363333003384,0.3793215096722718,0,B2018-03714
3715,3715,3498087.2226472846,0.2383937133550867,0.0902703687878614,2,B2018-03715
3716,3716,1404210.9181331296,0.6385160909699984,0.5365094040455185,0,B2018-03716
3717,3717,226501.14766641168,0.4509890030288788,0.2587690778819166,3,B2018-03717
3718,3718,969031.9602142312,0.4024058417099606,-0.0738019471472628,2,B2018-03718
3719,3719,1126826.00896861,0.5991263370681553,-0.0012849518917302,6,B2019-03719
3720,3720,254194.338179036,0.2783137151900742,0.2006055273635928,2,B2018-03720
3721,3721,715358.8370313697,0.5142853214420816,0.5724981506115617,0,B2018-03721
3722,3722,983000.0,0.6226297571612626,-0.1177450655792572,6,B2024-03722
3723,3723,244959.3879112472,0.4744895749744774,0.1739010833536125,3,B2018-03723
3724,3724,253442.24942616685,0.5161384298745456,0.2548182770147549,3,B2018-03724
3725,3725,186564.65187452183,0.6216973934561526,0.5536996861618666,0,B2018-03725
3726,3726,187299.37219730945,0.5578330701273748,-0.0015044418231354,3,B2019-03726
3727,3727,169143.49775784754,0.529898245391265,0.0331003392025372,3,B2019-03727
3728,3728,239648.4304932736,0.466561657786485,0.1615278241401939,3,B2019-03728
3729,3729,256278.0269058296,0.5436633795087851,0.6257684172221186,0,B2019-03729
3730,3730,262356.5416985463,0.3767047648828982,0.1206479206716021,3,B2018-03730
3731,3731,227845.403587444,0.6729043645022947,0.4407905468468645,0,B2019-03731
3732,3732,283280.9334353481,0.6139111605744311,0.577714833778574,0,B2018-03732
3733,3733,253931.98163733748,0.5338187460677053,0.6431017006323613,0,B2018-03733
3734,3734,307818.3856502242,0.6460072093623385,0.0650925533928533,3,B2019-03734
3735,3735,813888.2938026015,0.5020650038311708,0.0303005473505757,6,B2018-03735
3736,3736,47811.76470588236,0.3977457007281108,0.01721173177324,2,B2017-03736
3737,3737,729967.8742310322,0.6061089045154369,-0.0448677234646648,6,B2022-03737
3738,3738,670856.1434977578,0.5639898032283238,-0.0347578360976024,6,B2019-03738
3739,3739,221538.11659192824,0.5191068494796666,0.6494581037779754,0,B2019-03739
3740,3740,807355.5156950672,0.483925508702362,0.0883624980433684,6,B2019-03740
3741,3741,192686.3045141546,0.6051452004195716,0.5779646690272985,0,B2018-03741
3742,3742,1066683.3970925787,0.4857812704338507,-0.0125921349356578,6,B2018-03742
3743,3743,996437.4439461884,0.5170212831785957,0.6090386680957594,0,B2019-03743
3744,3744,191520.2754399388,0.551588929207214,0.5092087435943418,0,B2018-03744
3745,3745,400000.0,0.6070647482565296,0.036487317465746,3,B2025-03745
3746,3746,187619.13011152417,0.7010882748353856,0.3706465893468453,0,B2020-03746
3747,3747,1003449.411764706,0.4295563498563439,0.0287338513683621,6,B2017-03747
3748,3748,233079.2891319208,0.7744897591387766,-0.1306429445113938,4,B2022-03748
3749,3749,188768.6995515695,0.552797327068126,0.009243411150673,3,B2019-03749
3750,3750,147217.48878923766,0.6706972849143882,0.4819664360127941,0,B2019-03750
3751,3751,268941.17647058825,0.5002192776879032,0.5938780614172217,0,B2017-03751
3752,3752,144479.73234200742,0.6323657308685523,0.0782492641594373,3,B2020-03752
3753,3753,255708.5201793722,0.529898245391265,0.0331003392025372,3,B2019-03753
3754,3754,541681.4764183186,0.3222807733716495,0.0783112948409353,2,B2022-03754
3755,3755,1214120.0,0.4048786786701887,0.1565301117707253,2,B2017-03755
3756,3756,1223470.950102529,0.7553118705610874,-0.142899833038424,5,B2022-03756
3757,3757,541681.4764183186,0.380005794386621,0.1680828818297562,2,B2022-03757
3758,3758,711722.1485411141,0.7167599147249117,-0.508407128373218,5,B2023-03758
3759,3759,1512325.1121076234,0.4756613956495787,0.5586604030635993,0,B2019-03759
3760,3760,610580.2917771883,0.693808370356089,-0.5195181948160045,5,B2023-03760
3761,3761,812238.1784386617,0.6114179631087778,0.4422722134126521,0,B2020-03761
3762,3762,198807.9571537873,0.5691055837743096,0.0852984713134325,3,B2018-03762
3763,3763,262356.5416985463,0.5687715796466594,0.6221397746114158,0,B2018-03763
3764,3764,268478.1943381791,0.6323657308685523,0.0782492641594373,3,B2018-03764
3765,3765,187937.2197309417,0.5870784481392965,0.0615091159335675,3,B2019-03765
3766,3766,240493.4965570008,0.5537619255884495,0.6317333209512204,0,B2018-03766
3767,3767,249745.0837581937,0.7029731681491307,-0.4921579960668891,4,B2021-03767
3768,3768,1145497.450837582,0.6927037786696827,-0.4834221727135702,5,B2021-03768
3769,3769,926118.5921958686,0.336848601445977,0.0425568735940871,2,B2018-03769
3770,3770,1457661.1764705882,0.3509387820251037,0.1609470343476835,2,B2017-03770
3771,3771,2000000.0,0.7133787563751631,-0.4907838891273585,5,B2024-03771
3772,3772,807152.2352941177,0.4850660973786035,0.0415775508129997,6,B2017-03772
3773,3773,541681.4764183186,0.3222807733716495,0.0783112948409353,2,B2022-03773
3774,3774,1484415.5844155846,0.651506398365104,-0.4903085308547785,5,B2022-03774
3775,3775,188092.19330855017,0.5380932955830031,0.6265906795610805,0,B2020-03775
3776,3776,1219029.1479820628,0.3823353383479855,0.1506825370938347,2,B2019-03776
3777,3777,1164811.8959107806,0.6240236968426497,0.0248037725247872,6,B2020-03777
3778,3778,782812.0903131828,0.5183374483105784,-0.1731575268455483,6,B2021-03778
3779,3779,153766.81614349777,0.6756634743893155,0.1061543964815704,3,B2019-03779
3780,3780,183381.1659192825,0.5555985359487955,0.6303297286144599,0,B2019-03780
3781,3781,254802.6022304833,0.6728817246341765,0.4761903599234479,0,B2020-03781
3782,3782,267626.9931140016,0.6094274506884932,0.5756515077050036,0,B2018-03782
3783,3783,942734.5065034432,0.3459914061946869,-0.0124503131678281,2,B2018-03783
3784,3784,203528.7058823529,0.4583533545780328,0.2649289767063383,3,B2017-03784
3785,3785,1020183.5294117648,0.3749716518086368,-0.0224546079980804,2,B2017-03785
3786,3786,690128.9147851419,0.5048726111473536,-0.1586399106186879,6,B2021-03786
3787,3787,2882273.5426008967,0.4097949358881322,0.1568308801797202,2,B2019-03787
3788,3788,773330.8550185873,0.5409165362212227,-0.0755140518027596,6,B2020-03788
3789,3789,176478.06691449814,0.5605075560633371,0.0115425067831604,3,B2020-03789
3790,3790,1251206.2780269058,0.5823740274245697,-0.0103460655417237,6,B2019-03790
3791,3791,258556.0538116592,0.4941991120448505,0.6196559756617172,0,B2019-03791
3792,3792,249387.11580480696,0.6874032513500987,-0.3277690114544677,4,B2021-03792
3793,3793,1200000.0,0.6304118970415166,-0.5694912862671136,5,B2024-03793
3794,3794,1129810.8847583642,0.6560502690876295,0.0193022913933193,6,B2020-03794
3795,3795,273241.42310635047,0.5580990053636035,0.6263938155598152,0,B2018-03795
3796,3796,1273588.1040892194,0.419211319699556,-0.0888073668954551,2,B2020-03796
3797,3797,120649.40235294118,0.5057586606779589,0.1242091397065066,3,B2017-03797
3798,3798,997567.8878368536,0.6054613222161007,-0.5304497046800074,5,B2021-03798
3799,3799,300000.0,0.5808563192702454,0.0069793534297171,3,B2024-03799
3800,3800,270000.0,0.7382045862484723,-0.4259983397122148,4,B2024-03800
3801,3801,350000.0,0.7173037795704136,-0.4336004932569969,4,B2025-03801
3802,3802,189076.2331838565,0.537890049564798,0.0353422895935775,3,B2019-03802
3803,3803,830625.5605381166,0.6048435006293157,-0.1024290858758217,6,B2019-03803
3804,3804,1068258.3732057416,0.570764539310431,-0.4266402989806809,5,B2022-03804
3805,3805,215948.58454475904,0.6665555906028533,0.4572072796751085,0,B2018-03805
3806,3806,909839.9529411764,0.1345538109934745,-0.0474726681858255,2,B2017-03806
3807,3807,275000.0,0.4709423538350386,0.0009422086699105,3,B2024-03807
3808,3808,227387.26790450927,0.729464851139118,-0.3960967230322078,4,B2023-03808
3809,3809,300000.0,0.7022947618259462,-0.4000142468701936,4,B2025-03809
3810,3810,1232602.9861616895,0.5839267128793411,-0.0876116797429015,6,B2021-03810
3811,3811,249684.03495994167,0.6436022201244455,-0.0098872477056244,3,B2021-03811
3812,3812,292964.8048967101,0.6090080379253472,0.0894188308287751,3,B2018-03812
3813,3813,195992.33766233767,0.7084783293498589,-0.4258497593584524,4,B2022-03813
3814,3814,234381.4080656186,0.7136957133509775,-0.4790441700026095,4,B2022-03814
3815,3815,1122440.8071748875,0.52598184260789,0.5935825237229356,0,B2019-03815
3816,3816,404244.0318302387,0.1908844879810053,0.1494524274557926,2,B2023-03816
3817,3817,143742.17042971594,0.6700934870507463,-0.430602521439711,4,B2021-03817
3818,3818,761603.4200743494,0.4489408382517507,0.5249126829364531,0,B2020-03818
3819,3819,573114.6468401487,0.5986982491539417,-0.0103952644981192,6,B2020-03819
3820,3820,23320.58148431523,0.3058290945623367,-0.0293934724677935,2,B2018-03820
3821,3821,271947.13083397096,0.5661275231582168,0.1224800386927653,3,B2018-03821
3822,3822,1049426.1667941853,0.5763727750686797,-0.0102400847693304,6,B2018-03822
3823,3823,324724.5218056619,0.5058461120864023,0.0015362838930219,3,B2018-03823
3824,3824,140214.99617444532,0.6048715140973143,0.106548578367306,3,B2018-03824
3825,3825,186506.9450956389,0.4991749341861882,0.2464801573676575,3,B2018-03825
3826,3826,878419.2578423873,0.3690142610253719,0.1453114722864298,2,B2018-03826
3827,3827,1246796.9931140018,0.4982366885811154,-0.0705454294459096,6,B2018-03827
3828,3828,215152.9411764706,0.4991749341861882,0.2464801573676575,3,B2017-03828
3829,3829,1154660.290742158,0.40791184101267,0.0474246608543238,2,B2018-03829
3830,3830,1812936.8029739773,0.3246227160748219,0.0620399080634987,2,B2020-03830
3831,3831,3233952.2546419096,0.374700395344285,0.0497428786188929,2,B2023-03831
3832,3832,813716.8550185873,0.5275430524319076,0.4927734530398626,0,B2020-03832
3833,3833,187927.89591078067,0.6026313117473682,0.5214063182200355,0,B2020-03833
3834,3834,800000.0,0.5311082042143728,-0.0708863853345629,6,B2024-03834
3835,3835,182242.1524663677,0.6413821625875341,0.0549784668796565,3,B2019-03835
3836,3836,186513.4529147982,0.5119558664985591,0.6038213833736831,0,B2019-03836
3837,3837,821467.482785004,0.5374739513175018,0.5164256671859133,0,B2018-03837
3838,3838,794940.3213465954,0.5622781633073347,-0.0371347641476949,6,B2018-03838
3839,3839,390000.0,0.7370833288807794,-0.4324795021311182,4,B2024-03839
3840,3840,1590043.6999271666,0.6704925543014856,-0.4957423618857647,5,B2021-03840
3841,3841,219396.23529411765,0.4406744731394615,0.2597727739194547,3,B2017-03841
3842,3842,1527415.8620689656,0.4615314580826595,0.5072582203148672,0,B2023-03842
3843,3843,943776.7435294116,0.3763296456534487,0.1594923169559254,2,B2017-03843
3844,3844,250000.0,0.7022947618259462,-0.4000142468701936,4,B2025-03844
3845,3845,250000.0,0.5370434650126595,0.0600175512697073,3,B2025-03845
3846,3846,174904.36113236425,0.5256310655148577,0.1271398628132721,3,B2018-03846
3847,3847,837791.8898240246,0.384833740005372,0.1626106477319147,2,B2018-03847
3848,3848,168491.20122417755,0.55419153884911,0.6080436791455847,0,B2018-03848
3849,3849,316576.89364957926,0.5424484293013464,0.6432331521180314,0,B2018-03849
3850,3850,868659.7877984084,0.6500134627656718,-0.549328244902604,5,B2023-03850
3851,3851,672989.7539302802,0.4284829472943517,0.1555613466277598,2,B2022-03851
3852,3852,1221421.0762331835,0.5349085055217362,0.5400459840900579,0,B2019-03852
3853,3853,621680.9576208178,0.4812854981530551,0.0033183973128389,6,B2020-03853
3854,3854,113565.33632286996,0.5119558664985591,0.6038213833736831,0,B2019-03854
3855,3855,925157.6470588236,0.2851629761337367,-0.024470333072511,2,B2017-03855
3856,3856,220232.9411764706,0.5271096238537554,0.2356371118292235,3,B2017-03856
3857,3857,840123.9479724562,0.4934053194155798,0.3688317787018842,0,B2018-03857
3858,3858,195300.39787798407,0.6672295316614988,-0.4499870514085181,4,B2023-03858
3859,3859,173526.37918215612,0.6074485626102509,0.1224172856454559,3,B2020-03859
3860,3860,138191.9461883408,0.5662738620756217,0.5399356676993428,0,B2019-03860
3861,3861,172140.1230348599,0.6791323049252423,-0.4670400446391859,4,B2022-03861
3862,3862,818087.7323420075,0.4925170653803976,0.591911210846514,0,B2020-03862
3863,3863,836042.846212701,0.4804947050156252,-0.0669588652057337,6,B2018-03863
3864,3864,233082.35294117648,0.4509890030288788,0.2587690778819166,3,B2017-03864
3865,3865,197724.1928251121,0.6503796732233056,0.4938923422389827,0,B2019-03865
3866,3866,279009.7689364958,0.4280338550760545,0.1902127672847828,3,B2018-03866
3867,3867,1111121.860986547,0.4633324166763709,0.5588404259659221,0,B2019-03867
3868,3868,808130.0448430493,0.5651569923448245,0.0205384877868082,6,B2019-03868
3869,3869,200000.0,0.7300360858417722,-0.4016535487353093,4,B2025-03869
3870,3870,154561.2780269058,0.5957948963336623,0.4731080738954188,0,B2019-03870
3871,3871,856954.1647058823,0.3763296456534487,0.1594923169559254,2,B2017-03871
3872,3872,184926.3810252487,0.5210637372217117,0.158974688992897,3,B2018-03872
3873,3873,167042.35294117648,0.4744895749744774,0.1739010833536125,3,B2017-03873
3874,3874,950000.0,0.6641575826095863,-0.5506063112148356,5,B2024-03874
3875,3875,265271.6143840857,0.6652916125064177,0.5427780503548462,0,B2018-03875
3876,3876,258275.4399387912,0.4763772281013286,0.2685436758857898,3,B2018-03876
3877,3877,709890.134529148,0.494628365865528,-0.0596209049612023,6,B2019-03877
3878,3878,1224280.0,0.37731021438609,0.1026612274849645,2,B2017-03878
3879,3879,1437920.8186687073,0.3701286637124654,0.2336280992272814,2,B2018-03879
3880,3880,320000.0,0.6295637130881905,-0.2670400297337464,4,B2024-03880
3881,3881,1387472.6875455207,0.4398379415097038,0.1594877388322104,2,B2021-03881
3882,3882,846080.8448652586,0.6777683570795577,-0.4791603870150204,5,B2021-03882
3883,3883,961468.9952153112,0.4298294069834035,0.1208016956039906,2,B2022-03883
3884,3884,828382.0351951035,0.6487705719007121,0.4686700954129339,0,B2018-03884
3885,3885,1619031.3695485848,0.4877883843345829,0.5690385616558393,0,B2018-03885
3886,3886,903176.9701606736,0.4429124364344986,0.1656167788198232,6,B2018-03886
3887,3887,560431.9890635681,0.4685725800581726,0.5881305584407122,0,B2022-03887
3888,3888,1020275.4399387912,0.5810311569637775,0.3643737405938818,0,B2018-03888
3889,3889,600000.0,0.5861677752596818,0.0002406969243499,3,B2025-03889
3890,3890,695525.0,0.5836139352101659,0.0001676792095043,2,B2024-03890
3891,3891,1274514.012303486,0.4533851098343988,0.0834226751319639,2,B2022-03891
3892,3892,303183.02387267904,0.3098688539296929,0.1713249361193792,2,B2023-03892
3893,3893,14199486.502549162,0.1987723654954589,0.0919277211852503,7,B2021-03893
3894,3894,800000.0,0.660628147854854,-0.5480363556764094,5,B2024-03894
3895,3895,1000000.0,0.6071061871415211,-0.0959647630164677,6,B2024-03895
3896,3896,236464.7983595352,0.7321671178043554,-0.0084753812639347,4,B2022-03896
3897,3897,826663.2262474368,0.648822919176873,-0.4823308095361994,5,B2022-03897
3898,3898,1000000.0,0.4920976614542862,-0.1191969919841869,6,B2025-03898
3899,3899,648976.0765550239,0.6607312264969525,0.1386670601386018,5,B2022-03899
3900,3900,371288.7969924812,0.5456031981094454,0.0268881689585226,3,B2022-03900
3901,3901,978495.5023923444,0.7039678316792047,-0.4757261115259792,5,B2022-03901
3902,3902,777917.1087533156,0.5422850696780073,-0.0289766102495127,6,B2023-03902
3903,3903,300000.0,0.7628305796271514,-0.422768593079854,4,B2024-03903
3904,3904,750000.0,0.4458670334381628,-0.0485629009047624,2,B2024-03904
3905,3905,1088932.3607427056,0.7165352901860711,-0.50501257536573,5,B2023-03905
3906,3906,878220.1591511936,0.4977540750353017,0.0698211228969398,6,B2023-03906
3907,3907,280000.0,0.7479903787397125,-0.4780674033187896,4,B2025-03907
3908,3908,600000.0,0.6693927076357826,-0.4980631374912693,5,B2025-03908
3909,3909,1022684.2105263158,0.6905793002377488,-0.4274843049521811,5,B2022-03909
3910,3910,1227116.8831168832,0.5538883035449308,-0.406757824245089,5,B2022-03910
3911,3911,300000.0,0.7319140322633443,-0.4813682345381938,4,B2024-03911
3912,3912,969098.4238714617,0.5399029049905831,0.5134413040740099,0,B2018-03912
3913,3913,637442.3076923076,0.691238780389104,-0.4936674328740789,5,B2023-03913
3914,3914,280000.0,0.729110129829748,-0.4806840107206115,4,B2024-03914
3915,3915,1163617.9615384615,0.7887200176843916,-0.1825438162665135,5,B2023-03915
3916,3916,1475238.0636604775,0.6685506426305015,-0.5022276995545087,5,B2023-03916
3917,3917,661255.058099795,0.648822919176873,-0.4823308095361994,5,B2022-03917
3918,3918,604818.8235294118,0.3488431552573902,0.0157624178959993,2,B2017-03918
3919,3919,233381.17647058825,0.5271096238537554,0.2356371118292235,3,B2017-03919
3920,3920,660000.0,0.4902326398214028,-0.0334201133770279,3,B2024-03920
3921,3921,750000.0,0.6402371408600623,-0.574248151496117,5,B2025-03921
3922,3922,1125812.030075188,0.7579952094828477,-0.1479340720113774,5,B2022-03922
3923,3923,787080.0,0.6329809278380658,-0.5773394178925413,5,B2025-03923
3924,3924,953500.0,0.6492706440729319,-0.1097933716445084,6,B2024-03924
3925,3925,946851.4080656186,0.6985070786988135,-0.4911757226871593,5,B2022-03925
3926,3926,648043.6074270557,0.7136483138028719,-0.5134562450545989,5,B2023-03926
3927,3927,482500.0,0.7151570177674531,-0.4981980468797568,4,B2024-03927
3928,3928,808488.0636604774,0.5466053026811477,-0.044307158832564,6,B2023-03928
3929,3929,1010610.0795755968,0.2851980019039925,0.0801670745359681,2,B2023-03929
3930,3930,228881.25768967875,0.7357451793319677,-0.4313535481575806,4,B2022-03930
3931,3931,795350.1326259946,0.6646872542719177,-0.497657072252213,5,B2023-03931
3932,3932,733874.2310321258,0.620618820326735,-0.5283580036940152,5,B2022-03932
3933,3933,564931.0344827586,0.5057324895925173,0.0074316845025507,6,B2023-03933
3934,3934,242943.5294117647,0.4399239898387317,0.1492769580133087,3,B2017-03934
3935,3935,199484.6206425154,0.6942376753825521,-0.4993662083546081,4,B2022-03935
3936,3936,783245.3531598513,0.504954634224429,0.5972629141907391,0,B2020-03936
3937,3937,188092.19330855017,0.6060959294826337,0.1310793606415094,3,B2020-03937
3938,3938,1055311.726147123,0.5954717734332624,-0.0190880520496053,6,B2021-03938
3939,3939,187980.34959941733,0.6937256027690346,-0.4331501161109857,4,B2021-03939
3940,3940,619808.6124401914,0.6726574262307025,-0.4145285154170707,5,B2022-03940
3941,3941,919655.172413793,0.6499570175339706,-0.5527954241415471,5,B2023-03941
3942,3942,880000.0,0.67280892224304,-0.4855790592276439,5,B2024-03942
3943,3943,725112.7320954907,0.6162807273816195,-0.5723885078220896,5,B2023-03943
3944,3944,167003.31564986738,0.6785438663022489,-0.543064491097788,4,B2023-03944
3945,3945,162139.75464190982,0.5886729425011841,0.0144732427241267,3,B2023-03945
3946,3946,177867.37400530503,0.6973074096966793,-0.294220115622637,4,B2023-03946
3947,3947,700000.0,0.4956382404836101,0.0011015941199173,3,B2024-03947
3948,3948,1074783.8196286473,0.775844567273402,-0.1696739960449339,5,B2023-03948
3949,3949,367000.0,0.6870612116103175,-0.5302740149035139,4,B2025-03949
3950,3950,240816.4798359536,0.6747315879494645,-0.3839484581047062,4,B2022-03950
3951,3951,129170.1982228298,0.5452922222084158,0.0065390297694867,3,B2022-03951
3952,3952,1325920.424403183,0.5666162570549444,0.3344096218106207,0,B2023-03952
3953,3953,299000.0,0.7364994826897119,-0.4990569277882026,4,B2025-03953
3954,3954,833356.1175666439,0.570619859815038,0.3197869257112576,0,B2022-03954
3955,3955,1386831.0,0.2801849260541564,0.0015563509684312,2,B2024-03955
3956,3956,1900000.0,0.1608073499878384,0.0669676746018106,2,B2025-03956
3957,3957,1700000.0,0.6812205775985786,-0.5044774015692272,5,B2025-03957
3958,3958,350000.0,0.6838986187842943,-0.2544507700975825,4,B2024-03958
3959,3959,1010610.0795755968,0.533673064073951,-0.0280986124521245,6,B2023-03959
3960,3960,1250000.0,0.7336509641478969,-0.5207662601513939,5,B2024-03960
3961,3961,350000.0,0.3232364901703702,0.0642380250130965,2,B2025-03961
3962,3962,901587.1496924128,0.6857970491213521,-0.491716773352303,5,B2022-03962
3963,3963,300000.0,0.6155123987535486,-0.4515344241947157,5,B2024-03963
3964,3964,1000000.0,0.5326516373838523,-0.0374523542806768,6,B2024-03964
3965,3965,648987.5,0.6057877664168905,-0.4425622893520593,5,B2025-03965
3966,3966,968535.0,0.6032530433087115,-0.4672317244118663,5,B2025-03966
3967,3967,2300000.0,0.2900385457820915,0.1510318787231071,2,B2024-03967
3968,3968,205734.7915242652,0.7152366135284594,-0.375378257096642,4,B2022-03968
3969,3969,745489.1319207109,0.6217184935745695,-0.2675548213228876,5,B2022-03969
3970,3970,169184.3130553657,0.5456031981094454,0.0268881689585226,3,B2022-03970
3971,3971,902425.7142857144,0.7587036032867461,-0.141150752456874,5,B2022-03971
3972,3972,20308504.19958989,0.3605342592901323,-0.0791630369893507,7,B2022-03972
3973,3973,184544.9801061008,0.5884464975908886,0.4316892629195585,0,B2023-03973
3974,3974,350000.0,0.7555336502593856,-0.4199913231890952,4,B2024-03974
3975,3975,1396511.5384615385,0.7240176501228548,-0.481269198651922,5,B2023-03975
3976,3976,675226.7942583732,0.6096305052440291,-0.3360623363185057,5,B2022-03976
3977,3977,900000.0,0.6463586426299321,-0.5538252414101654,5,B2024-03977
3978,3978,588377.1883289125,0.6661714671206206,-0.072846334317126,6,B2023-03978
3979,3979,752510.3713527852,0.5088003543280699,0.4251784965993712,0,B2023-03979
3980,3980,970943.6339522548,0.6939015179998897,-0.4956953092693066,5,B2023-03980
3981,3981,229182.5598206278,0.5333796154622731,0.0726180827749963,3,B2019-03981
3982,3982,808488.0636604774,0.5162047011960731,0.4157221410011996,0,B2023-03982
3983,3983,300000.0,0.7574015830637997,-0.4829510981582092,4,B2025-03983
3984,3984,750000.0,0.7124006660969283,-0.5190580627210925,5,B2024-03984
3985,3985,900000.0,0.7023695977946269,-0.489377996927125,5,B2024-03985
3986,3986,1150000.0,0.6467211045520214,-0.5514364169405898,5,B2024-03986
3987,3987,1200000.0,0.6463586426299321,-0.5538252414101654,5,B2025-03987
3988,3988,470000.0,0.7334897883751444,-0.4539058786668796,4,B2025-03988
3989,3989,1400000.0,0.4847441135352379,-0.0272630750891953,3,B2025-03989
3990,3990,938477.5,0.6993711355502441,-0.5284616562812552,5,B2024-03990
3991,3991,902317.0,0.366112902165091,0.0928039340655031,2,B2025-03991
3992,3992,162960.87533156498,0.7233936890907638,-0.4706209418947675,4,B2023-03992
3993,3993,783859.9726589201,0.5422206488036033,-0.3891760937182482,5,B2022-03993
3994,3994,259616.4730006836,0.6972678638488894,-0.4228408906296382,4,B2022-03994
3995,3995,1109678.7764866713,0.67181881733932,-0.4482545857934225,5,B2022-03995
3996,3996,1043379.4610342316,0.6069158987385228,-0.3460287035768415,5,B2021-03996
3997,3997,1063925.0,0.6715388378301816,-0.4743921317946027,5,B2024-03997
3998,3998,319150.0,0.5770401844597207,0.026422107764816,3,B2024-03998
3999,3999,1400000.0,0.6485876238860973,-0.0811298580624075,6,B2024-03999
4000,4000,800000.0,0.707122931025401,-0.513538336388288,5,B2024-04000
4001,4001,900000.0,0.67462662028303,-0.5325529456415499,5,B2025-04001
4002,4002,818057.5,0.686555051368878,-0.5040515738524716,5,B2025-04002
4003,4003,780000.0,0.537933105801958,0.0644687215144817,3,B2025-04003
4004,4004,575000.0,0.6645001021498932,-0.2484889776373421,4,B2024-04004
4005,4005,38600000.0,0.2151445096724253,0.102583511260282,7,B2025-04005
4006,4006,22221294.429708224,0.2758428210506704,0.0320321088138995,7,B2023-04006
4007,4007,167900.84486525855,0.5591336522427417,0.0274632465297315,3,B2021-04007
4008,4008,247425.8823529412,0.5169908685032325,0.1256356164028238,3,B2017-04008
4009,4009,183146.39475600875,0.7255788158090188,-0.4868667125511323,4,B2021-04009
4010,4010,729507.5,0.7434053927783087,-0.1711540231366863,5,B2024-04010
4011,4011,832522.3529411765,0.3840746121816326,-0.063093714969748,2,B2017-04011
4012,4012,191844.7058823529,0.4399239898387317,0.1492769580133087,3,B2017-04012
4013,4013,192143.5294117647,0.5271096238537554,0.2356371118292235,3,B2017-04013
4014,4014,837303.5294117647,0.4686246105281446,0.0228007751250065,6,B2017-04014
4015,4015,268941.17647058825,0.5336338595235605,0.0839077200710961,3,B2017-04015
4016,4016,1252641.3411764705,0.6325202533308241,0.5080250432861997,0,B2017-04016
4017,4017,717176.4705882353,0.3662355048541328,-0.0659875538980124,2,B2017-04017
4018,4018,187783.4529147982,0.637967398126665,0.0769961559115283,3,B2019-04018
4019,4019,1300000.0,0.6201227730997281,-0.1131345920033469,6,B2024-04019
4020,4020,1227459.362466843,0.7899041368184126,-0.1391362477752742,5,B2023-04020
4021,4021,380000.0,0.7077220533803753,-0.395887306376848,4,B2024-04021
4022,4022,214257.84238714617,0.6254746577521749,0.5270102094995001,0,B2018-04022
4023,4023,1318376.5477057537,0.4682180584642655,0.6237863722549399,0,B2021-04023
4024,4024,700000.0,0.6721524836056257,-0.5507155187216854,5,B2025-04024
4025,4025,800000.0,0.667993049570484,-0.4494010752626693,5,B2024-04025
4026,4026,256959.94173343043,0.4746580391858041,0.5782506293813162,0,B2021-04026
4027,4027,757957.5596816976,0.619122146285571,-0.0895431709463392,6,B2023-04027
4028,4028,1200426.9319051264,0.4416230153095511,0.0740683403787344,6,B2018-04028
4029,4029,177702.83091048207,0.6033701595422377,0.5661711025088644,0,B2018-04029
4030,4030,262356.5416985463,0.5718669471067443,0.0671878863708083,3,B2018-04030
4031,4031,537329.596412556,0.5613635238742207,0.4664761809482772,0,B2019-04031
4032,4032,277494.5375091041,0.3781684098948015,0.0251034877995133,2,B2021-04032
4033,4033,1143520.8475734792,0.7053426509858454,-0.4326562332599859,5,B2022-04033
4034,4034,153233.75331564987,0.720616153812139,-0.4593741902059574,4,B2023-04034
4035,4035,56950.67264573991,0.3731641465727988,0.0261542065501784,2,B2019-04035
4036,4036,1406895.6133828997,0.5689559375037523,0.0135371469280919,6,B2020-04036
4037,4037,191208.1784386617,0.5620977337382072,0.0086242294158111,3,B2020-04037
4038,4038,1069300.0683527,0.5538883035449308,-0.406757824245089,5,B2022-04038
4039,4039,1037643.899204244,0.6110327743037828,-0.02458604677724,6,B2023-04039
4040,4040,976830.4376657824,0.6995884544958576,-0.4395253614972669,5,B2023-04040
4041,4041,990650.5305039788,0.7098230605306665,-0.5091941843569654,5,B2023-04041
4042,4042,974733.4217506632,0.6705855627099755,-0.5437795983310342,5,B2023-04042
4043,4043,900000.0,0.3035979471244893,0.1493235010913447,2,B2025-04043
4044,4044,450000.0,0.3035979471244893,0.1493235010913447,2,B2025-04044
4045,4045,638958.2228116711,0.6336892693791456,-0.2765512905906868,5,B2023-04045
4046,4046,252652.5198938992,0.7123659100697446,-0.4733375466080571,4,B2023-04046
4047,4047,375000.0,0.7148448666912667,-0.4491109573028986,4,B2024-04047
4048,4048,700000.0,0.6767875647874475,-0.501262128036018,5,B2024-04048
4049,4049,798381.9628647214,0.6655894203998332,-0.5353546291851955,5,B2023-04049
4050,4050,1218000.0,0.2847701841172749,0.1140155279150621,2,B2025-04050
4051,4051,800000.0,0.6499570175339706,-0.5527954241415471,5,B2024-04051
4052,4052,244062.33421750664,0.5941995615963058,0.0134340482421546,3,B2023-04052
4053,4053,1423123.3267023722,0.5234595077863495,0.5782270617530814,0,B2018-04053
4054,4054,168645.0,0.6981065815378632,-0.5237829114239974,4,B2024-04054
4055,4055,183120.0,0.5894678343405956,0.0270633676288118,3,B2024-04055
4056,4056,494000.0,0.540928168453142,-0.0677681397931748,6,B2025-04056
4057,4057,300000.0,0.757888746135705,-0.445189307763873,4,B2024-04057
4058,4058,189750.0,0.6694173324468465,-0.5414148082092833,4,B2024-04058
4059,4059,38500000.0,0.25675209052118,-0.0097583145469122,7,B2024-04059
4060,4060,11660.290742157616,0.2888943071593894,-0.0341627821840608,2,B2018-04060
4061,4061,202122.0159151193,0.7179530276600536,-0.4015656685209399,4,B2023-04061
4062,4062,760500.0,0.6906185344240289,-0.5384001861035099,5,B2024-04062
4063,4063,400000.0,0.7428037873614628,-0.4424983386664488,4,B2024-04063
4064,4064,630617.0,0.5808563192702454,0.0069793534297171,3,B2025-04064
4065,4065,583000.0,0.74966439793106,-0.4708926699712111,4,B2024-04065
4066,4066,823560.0,0.6138508577277138,-0.3116116718896225,5,B2024-04066
4067,4067,950000.0,0.6834883660164293,-0.4953598047498846,5,B2025-04067
4068,4068,950000.0,0.6834883660164293,-0.4953598047498846,5,B2025-04068
4069,4069,400000.0,0.3440849924024417,0.1219422375566938,2,B2024-04069
4070,4070,1000000.0,0.2685545400356719,0.0588421228044038,2,B2024-04070
4071,4071,980000.0,0.1776855930158452,0.0911588543392377,2,B2024-04071
4072,4072,225905.0,0.7335972354650848,-0.3898078223736613,4,B2024-04072
4073,4073,528943.2095490716,0.6976144881585794,-0.5147453499178163,5,B2023-04073
4074,4074,592343.8328912467,0.6078573901368436,-0.3574589333147623,5,B2023-04074
4075,4075,360000.0,0.3639271882331392,0.1001399343320851,2,B2024-04075
4076,4076,734421.1209842789,0.6369365178134382,-0.5177167443234137,5,B2022-04076
4077,4077,863260.0,0.7003534522159129,-0.5403241291432206,5,B2024-04077
4078,4078,200000.0,0.7485816199653356,-0.3964115955205439,4,B2024-04078
4079,4079,252831.03345724905,0.5661275231582168,0.1224800386927653,3,B2020-04079
4080,4080,550000.0,0.4037051511438296,0.0584610354324277,2,B2024-04080
4081,4081,4042440.3183023874,0.4977115079374783,0.5020417418893941,0,B2023-04081
4082,4082,1014645.0,0.7622409602285849,-0.1246600197010289,5,B2024-04082
4083,4083,1900000.0,0.6698114218492123,-0.5012213679394308,5,B2024-04083
4084,4084,1214561.3315105948,0.3568250292952109,0.2187188016870747,2,B2022-04084
4085,4085,718680.198938992,0.7322577536670885,-0.1576871999180961,5,B2023-04085
4086,4086,655119.4736842106,0.5754141121949693,0.3749618203863443,0,B2022-04086
4087,4087,801360.4511278196,0.6436735193717072,-0.4559942884004126,5,B2022-04087
4088,4088,775903.4681697612,0.6743710036398857,-0.5286674996493259,5,B2023-04088
4089,4089,707427.0557029177,0.6614136543149011,-0.540872304149954,5,B2023-04089
4090,4090,708594.3103448276,0.5451812429960465,-0.0130479903384629,6,B2023-04090
4091,4091,300000.0,0.6565400907323354,-0.2597994082005259,4,B2024-04091
4092,4092,204208.7081339713,0.6600591458488032,-0.3236176556256441,4,B2022-04092
4093,4093,810813.8345864662,0.6268597410422946,-0.5321870650380673,5,B2022-04093
4094,4094,208674.97607655503,0.733813156961493,-0.4767142488373563,4,B2022-04094
4095,4095,222334.2175066313,0.7669764036466828,-0.1346937287148656,4,B2023-04095
4096,4096,709133.971291866,0.6960443041864588,-0.497204380400031,5,B2022-04096
4097,4097,673440.2870813397,0.4950594085927245,0.5165306727440595,0,B2022-04097
4098,4098,758361.8037135279,0.7314407365645422,-0.1800437465585504,5,B2023-04098
4099,4099,859018.5676392573,0.4784753232124253,0.4559905891181319,0,B2023-04099
4100,4100,622475.172413793,0.6793112506304927,-0.4947519363572841,5,B2023-04100
4101,4101,656896.5517241379,0.6614136543149011,-0.540872304149954,5,B2023-04101
4102,4102,244074.9668435013,0.7114997742616885,-0.4190058940945098,4,B2023-04102
4103,4103,923255.4708222812,0.463836782614102,0.0422933930188752,2,B2023-04103
4104,4104,500000.0,0.5725160775602062,0.0171826941302818,3,B2024-04104
4105,4105,1028922.3342175066,0.6822159672066316,-0.4702688399517651,5,B2023-04105
4106,4106,812858.1613123718,0.5536185431846475,0.0342819281749747,6,B2022-04106
4107,4107,748790.7846889952,0.6284355192043639,-0.2552569489283773,5,B2022-04107
4108,4108,1762251.326259947,0.5884900361651871,-0.0032907536209585,6,B2023-04108
4109,4109,623293.7665782493,0.5527650026584272,-0.0417352507590452,6,B2023-04109
4110,4110,1062312.5,0.6372793625610153,-0.4931375060534605,5,B2024-04110
4111,4111,684966.2466843501,0.6739243731931382,-0.518756635899275,5,B2023-04111
4112,4112,684784.3368700265,0.6808131081979933,-0.5100574374527391,5,B2023-04112
4113,4113,660434.7231715653,0.7350101268935155,-0.0473929087934465,5,B2022-04113
4114,4114,625673.7533156498,0.6857970491213521,-0.491716773352303,5,B2023-04114
4115,4115,140128.66710875332,0.6963256381634675,-0.4197670813509636,4,B2023-04115
4116,4116,1630915.0,0.561133600829724,-0.0047268004843896,2,B2024-04116
4117,4117,773808.9787798409,0.7247760518063824,-0.499602765392968,5,B2023-04117
4118,4118,204154.019138756,0.7118721799434328,-0.4595657914403823,4,B2022-04118
4119,4119,1414854.1114058355,0.5326796858672687,0.1667273776152971,2,B2023-04119
4120,4120,731681.6976127321,0.6498567815031321,-0.0607886287826175,6,B2023-04120
4121,4121,1100000.0,0.6109151073559627,-0.329117606092393,5,B2024-04121
4122,4122,705250.0,0.6950168942260331,-0.0706580263814377,5,B2024-04122
4123,4123,1000000.0,0.6636740659651027,-0.5210004304504148,5,B2024-04123
4124,4124,632869.2970822281,0.6747313939488119,-0.5230841562957855,5,B2023-04124
4125,4125,954475.7427055704,0.7429643269193787,-0.0594765803663741,5,B2023-04125
4126,4126,750000.0,0.7007942540677119,-0.4976505381701014,5,B2024-04126
4127,4127,1070000.0,0.6270300773839412,-0.0862497992345578,6,B2024-04127
4128,4128,1100000.0,0.4944243228457448,-0.0362999594467819,6,B2024-04128
4129,4129,1678400.0,0.2569733647244056,0.0491738076105836,2,B2025-04129
4130,4130,163175.6299734748,0.7298001788216426,-0.422418408980388,4,B2023-04130
4131,4131,970000.0,0.6526245841345244,-0.2554542515738144,5,B2024-04131
4132,4132,1018745.4907161804,0.6028248733478505,0.2507205675876565,0,B2023-04132
4133,4133,692379.0716180371,0.6874426855151788,-0.5373088407054519,5,B2023-04133
4134,4134,921900.2050580998,0.7433441528266007,-0.129742462855995,5,B2022-04134
4135,4135,808488.0636604774,0.6618205465513061,-0.0523841318029467,6,B2023-04135
4136,4136,797692.1933085502,0.5288035052440163,-0.08660560436385,6,B2020-04136
4137,4137,209176.4705882353,0.5075686746492434,0.0952562675376384,3,B2017-04137
4138,4138,988925.0,0.7029005510905352,-0.4756695191700873,5,B2024-04138
4139,4139,1400547.501858736,0.5493971321068531,0.0876113932363286,2,B2020-04139
4140,4140,254944.2379182156,0.4697074321696449,0.1359356029077908,3,B2020-04140
4141,4141,675000.0,0.72435456488767,-0.4200875692532846,4,B2024-04141
4142,4142,141485.41114058354,0.7175584323383816,-0.3905786475591277,4,B2023-04142
4143,4143,4887000.0,0.4111833379046153,0.0827972187946712,2,B2024-04143
4144,4144,712480.1061007958,0.6018119682726624,-0.0616490878405217,6,B2023-04144
4145,4145,1815091.76984705,0.6668320720471492,-0.5323129359681904,5,B2021-04145
4146,4146,1230630.0000000002,0.2216883753028966,0.1017362102486805,2,B2018-04146
4147,4147,800000.0,0.6492706440729319,-0.1097933716445084,6,B2024-04147
4148,4148,1054479.2425345958,0.3377107034894626,0.169484472395767,2,B2021-04148
4149,4149,300000.0,0.6827329063143717,-0.5230343792110592,4,B2024-04149
4150,4150,200000.0,0.6365329551363716,0.0195221952785554,3,B2024-04150
4151,4151,900000.0,0.350503982459961,0.0864978700065721,2,B2025-04151
4152,4152,602254.0168324409,0.4917646183072161,-0.0362799593088791,6,B2018-04152
4153,4153,24047532.467532467,0.3221296233451173,-3.305123906485741e-05,7,B2022-04153
4154,4154,1205762.132604238,0.422589103342915,0.0690276164189626,2,B2022-04154
4155,4155,196767.40627390976,0.5186356130798777,0.1487480484931967,3,B2018-04155
4156,4156,586791.2556053811,0.4302564913957621,0.60629446724967,0,B2019-04156
4157,4157,60909047.0,0.2297293550130633,0.1166457925306143,7,B2024-04157
4158,4158,710964.1909814323,0.6549277820938322,-0.5396648828681531,5,B2023-04158
4159,4159,752904.5092838196,0.5180454292789223,0.4038506162363477,0,B2023-04159
4160,4160,850000.0,0.6542101458614517,-0.5470641359410194,5,B2024-04160
4161,4161,990000.0,0.6542101458614517,-0.5470641359410194,5,B2024-04161
4162,4162,740792.5,0.7195449880906637,-0.5156610150395552,5,B2025-04162
4163,4163,302647.5,0.695709492525672,-0.5372411665843535,4,B2025-04163
4164,4164,187748.17138485084,0.5514256693927456,0.1367036815998484,3,B2018-04164
4165,4165,183285.14202476328,0.7133147314815055,-0.4905248975279856,4,B2021-04165
4166,4166,254944.2379182156,0.5782195231011154,0.0418504379394448,3,B2020-04166
4167,4167,218047.4368783474,0.4117764903964527,0.1291909561097431,3,B2018-04167
4168,4168,827432.7905882352,0.5503807911421479,0.2230653921470843,6,B2017-04168
4169,4169,182192.04284621275,0.4880601238192957,0.2864702558481594,3,B2018-04169
4170,4170,262356.5416985463,0.4485203380872872,0.2525384694192604,3,B2018-04170
4171,4171,842981.1764705882,0.4455481806304957,0.1275735689011136,2,B2017-04171
4172,4172,346019.12777352723,0.5943128556861128,0.0946389215011084,3,B2018-04172
4173,4173,956694.9865470852,0.6516575303541117,-0.1478443212503847,6,B2019-04173
4174,4174,195601.377199694,0.633584005638968,0.5799338963769949,0,B2018-04174
4175,4175,856448.3550114768,0.6385108677387561,0.4668531744340808,0,B2018-04175
4176,4176,1173061.4125560538,0.4636146623214742,0.5864097310286374,0,B2019-04176
4177,4177,125291.4798206278,0.3695438134941827,0.157333205561388,2,B2019-04177
4178,4178,1206466.9516728623,0.5519954609360412,0.5979077459649014,0,B2020-04178
4179,4179,188996.5022421525,0.6323657308685523,0.0782492641594373,3,B2019-04179
4180,4180,1029468.2501708816,0.5074955667116083,0.5515017851869981,0,B2022-04180
4181,4181,780000.0,0.6169057728803726,-0.3202759787596682,5,B2025-04181
4182,4182,181900.5355776588,0.4037005130171114,0.1865107473239901,3,B2018-04182
4183,4183,350000.0,0.2942063192570848,0.1483872272649746,2,B2025-04183
4184,4184,1047615.5294117648,0.4787534361944696,0.0846177023002488,6,B2017-04184
4185,4185,840889.4117647059,0.3151546798186864,0.0218694820087382,2,B2017-04185
4186,4186,687964.4573925709,0.7287061464711524,-0.1374685020188288,5,B2021-04186
4187,4187,747650.6493506493,0.607997020758072,-0.2451790409236175,5,B2022-04187
4188,4188,204354.54545454547,0.7360735906434729,0.0090124892595516,4,B2022-04188
4189,4189,1053352.9411764706,0.2603758423867495,-0.0260786333951657,2,B2017-04189
4190,4190,548374.3677375256,0.6864966119860975,-0.4639822605655277,5,B2022-04190
4191,4191,296919.15513474145,0.6118284826272574,0.080332478916298,3,B2021-04191
4192,4192,255482.80030604443,0.4398869991129172,0.1888006106450006,3,B2018-04192
4193,4193,850000.0,0.6125478462822884,-0.3337275657483065,5,B2024-04193
4194,4194,212227.82228696285,0.5837542152793794,0.1116721293203504,3,B2021-04194
4195,4195,815818.3856502242,0.6211734115184007,-0.089650743496377,6,B2019-04195
4196,4196,857596.8681718863,0.6232224215841514,-0.0658394584427708,6,B2021-04196
4197,4197,748301.7088174983,0.5425302059086334,0.5339925391679411,0,B2022-04197
4198,4198,190300.6726457399,0.619974100673914,0.5066399447084401,0,B2019-04198
4199,4199,290000.0,0.7462710347507326,-0.4231534861830854,4,B2024-04199
4200,4200,231795.30111524163,0.6505659075133042,0.0675675705702523,3,B2020-04200
4201,4201,800726.4573991031,0.6416432050051363,0.3884859046944678,0,B2019-04201
4202,4202,245640.3488905892,0.5771823695198804,0.4528425296590448,0,B2018-04202
4203,4203,990000.0,0.5881218716436176,-0.0540080023867219,2,B2025-04203
4204,4204,738358.7605202756,0.4912165723106574,-0.0495766624732704,6,B2018-04204
4205,4205,1031903.2125768968,0.7032948894539529,-0.4981511437230679,5,B2022-04205
4206,4206,231707.76470588235,0.5429028845286329,0.1665938536342529,3,B2017-04206
4207,4207,1169894.1176470588,0.5170098464850892,-0.0746074714660293,6,B2017-04207
4208,4208,894034.8598769652,0.765381193846995,-0.1351381304619124,5,B2022-04208
4209,4209,775643.2360742706,0.6938975315778991,-0.4883567358902116,5,B2023-04209
4210,4210,238760.0,0.4509890030288788,0.2587690778819166,3,B2017-04210
4211,4211,1113412.0122417752,0.322451387020457,0.0135262842050564,2,B2018-04211
4212,4212,178995.29411764705,0.5169908685032325,0.1256356164028238,3,B2017-04212
4213,4213,213658.8235294117,0.5169908685032325,0.1256356164028238,3,B2017-04213
4214,4214,986384.8048967102,0.4694003404095199,0.5479760598864842,0,B2018-04214
4215,4215,1139509.7411764706,0.363037926657112,0.1172298926235251,2,B2017-04215
4216,4216,198224.94261667944,0.5256310655148577,0.1271398628132721,3,B2018-04216
4217,4217,559693.9556235655,0.3623149009176848,0.0013323563402864,2,B2018-04217
4218,4218,192265.470852018,0.6323657308685523,0.0782492641594373,3,B2019-04218
4219,4219,200551.79372197308,0.6655985251020157,0.4764091968665668,0,B2019-04219
4220,4220,157035.54340396446,0.748440826409622,-0.4766912835395656,4,B2022-04220
4221,4221,349808.72226472845,0.3279633040441583,0.1808643100259238,2,B2018-04221
4222,4222,874971.8386876282,0.7157357488939593,-0.4599683294771362,5,B2022-04222
4223,4223,1027007.2833211944,0.5741020542121777,-0.0588826821054082,6,B2021-04223
4224,4224,237385.41176470587,0.4509890030288788,0.2587690778819166,3,B2017-04224
4225,4225,257983.93267023723,0.5814923445318844,0.5616660695679482,0,B2018-04225
4226,4226,207553.17521040555,0.5044339281695098,0.1411063574689394,3,B2018-04226
4227,4227,625978.750929368,0.5281504263458644,-0.0965697217634048,6,B2020-04227
4228,4228,230875.45520757465,0.565267370778413,0.0510953847649458,3,B2021-04228
4229,4229,185270.58823529413,0.5044339281695098,0.1411063574689394,3,B2017-04229
4230,4230,1171917.4572795625,0.7459298183981022,-0.1582971684517307,5,B2022-04230
4231,4231,178110.94108645758,0.6651960008131232,0.5488674641383497,0,B2018-04231
4232,4232,1059927.0588235294,0.4679901126878232,0.0781118615565985,6,B2017-04232
4233,4233,927925.9372609032,0.4519036653369829,0.0518803208912087,6,B2018-04233
4234,4234,193205.15695067265,0.529898245391265,0.0331003392025372,3,B2019-04234
4235,4235,146808.70129870131,0.719636628021615,-0.4477924409891886,4,B2022-04235
4236,4236,358000.0,0.7030578767144803,-0.4139508405759284,4,B2024-04236
4237,4237,315000.0,0.6835353681118784,-0.4099245907852815,4,B2025-04237
4238,4238,251250.0,0.7251408552623901,-0.4263704647769605,4,B2024-04238
4239,4239,1246960.594795539,0.520321505944439,-0.1202598763284089,6,B2020-04239
4240,4240,254944.2379182156,0.5677795091422094,0.1796562350583497,3,B2020-04240
4241,4241,804601.1821561338,0.5392977185878632,0.0540610953939966,6,B2020-04241
4242,4242,1016056.7764705884,0.5880286773037041,0.4312618724545797,0,B2017-04242
4243,4243,181780.8520179372,0.4985664694140584,0.5928913660784074,0,B2019-04243
4244,4244,723521.04055088,0.4834762882982134,0.0494798675451699,6,B2018-04244
4245,4245,833914.8431522573,0.662510325573924,0.4472720437233773,0,B2018-04245
4246,4246,743530.8968609865,0.5538159855271592,0.469682824828752,0,B2019-04246
4247,4247,161396.69888475837,0.5853563861805136,0.0340387649662479,3,B2020-04247
4248,4248,231140.0,0.458486787893799,0.155463056896724,3,B2017-04248
4249,4249,1624921.092936803,0.640065706819953,-0.0014381686466761,6,B2020-04249
4250,4250,46641.16296863046,0.2860091196809884,0.1242890747568235,2,B2018-04250
4251,4251,199525.06503443004,0.6033701595422377,0.5661711025088644,0,B2018-04251
4252,4252,218636.2815608264,0.5002192776879032,0.5938780614172217,0,B2018-04252
4253,4253,167181.65413533835,0.6986943970015485,-0.3749335666013766,4,B2022-04253
4254,4254,450000.0,0.7159752351388635,-0.4662603093913613,4,B2025-04254
4255,4255,745000.0,0.709242292868028,-0.4692790651877928,5,B2024-04255
4256,4256,260000.0,0.7379113086860382,-0.4279750730683099,4,B2024-04256
4257,4257,989787.5,0.6934048188893709,-0.5461526686919734,5,B2024-04257
4258,4258,178026.5450928382,0.7423229221019498,0.0843801637207834,4,B2023-04258
4259,4259,217250.84880636603,0.4978634525812901,-0.030659667629988,3,B2023-04259
4260,4260,771561.4384085694,0.3711457301162105,0.0860326832062974,2,B2018-04260
4261,4261,715769.4100509832,0.432416855908978,0.5456901083850977,0,B2021-04261
4262,4262,878767.2936802973,0.5645930754567605,0.0134378734991865,6,B2020-04262
4263,4263,837478.5142024762,0.5929396413116572,0.0813281575734997,6,B2021-04263
4264,4264,1295639.0588235294,0.438101775236499,0.5041555953448609,0,B2017-04264
4265,4265,1003780.04784689,0.7404967324686187,-0.153016678147534,5,B2022-04265
4266,4266,254660.9665427509,0.5289656176475156,0.6290419665882995,0,B2020-04266
4267,4267,6456321.189591078,0.2411788022998321,0.0271610469303168,2,B2020-04267
4268,4268,616829.3802601378,0.5973304656613923,0.0090702195359229,6,B2018-04268
4269,4269,1400000.0,0.6775570370064685,-0.4926729050698836,5,B2024-04269
4270,4270,2650384.0856924257,0.3457475956364931,0.2472255486006836,2,B2018-04270
4271,4271,1340261.7788235294,0.2734431513621285,0.0534492479959011,2,B2017-04271
4272,4272,66852.17811782709,0.3154330147248083,0.062363392828865,2,B2018-04272
4273,4273,638819.5488721805,0.6337272617471468,-0.297443201738888,5,B2022-04273
4274,4274,902148.2352941176,0.2654864646512962,0.1546766691842688,2,B2017-04274
4275,4275,1191110.5882352942,0.3327600045258756,0.1310958246941142,2,B2017-04275
4276,4276,634430.4932735426,0.5687081434522944,0.3583535771080101,0,B2019-04276
4277,4277,480094.1704035874,0.4260391235136115,0.6188556197105923,0,B2019-04277
4278,4278,316017.5464684015,0.4766592224548892,0.5868057654347255,0,B2020-04278
4279,4279,860611.7647058824,0.4988447009282089,0.034108107882806,6,B2017-04279
4280,4280,868108.6457536344,0.6028248181232386,-0.0603752003955637,6,B2018-04280
4281,4281,198224.94261667944,0.7084050754955036,0.4407139474800824,0,B2018-04281
4282,4282,814971.7472118959,0.4877958603541253,-0.1118263438982752,6,B2020-04282
4283,4283,500000.0,0.6531511869288055,-0.2361356457798256,4,B2024-04283
4284,4284,1300000.0,0.3032062677075183,0.0542495157369176,2,B2024-04284
4285,4285,195545.9908186688,0.5920663246829128,0.1043026781168877,3,B2018-04285
4286,4286,756061.9969395564,0.5736617898085359,-0.0222244849216881,6,B2018-04286
4287,4287,781979.6067006554,0.6177229019113794,-0.0541837953205419,6,B2021-04287
4288,4288,1083909.84278879,0.5973543159909634,-0.556215190672749,5,B2022-04288
4289,4289,198516.4498852334,0.6186986674362389,0.4587918665022565,0,B2018-04289
4290,4290,239058.8235294117,0.6635390035392424,0.5451868731116674,0,B2017-04290
4291,4291,249745.0837581937,0.5543648107086864,0.6274739175345834,0,B2021-04291
4292,4292,2956426.802621996,0.5416552572522296,0.625741585413171,0,B2021-04292
4293,4293,35858.82352941176,0.2984670191048806,0.1038460993494258,2,B2017-04293
4294,4294,931428.2511210762,0.3878483296610019,0.0343857090334349,2,B2019-04294
4295,4295,1218303.5294117648,0.3327600045258756,0.1310958246941142,2,B2017-04295
4296,4296,250000.0,0.7414657695102016,-0.4066763297029094,4,B2025-04296
4297,4297,283016.4312267658,0.6852477948934793,0.4953320181248445,0,B2020-04297
4298,4298,197922.077922078,0.74525885612352,-0.3999140625397097,4,B2022-04298
4299,4299,1043905.8295964124,0.4880855113770017,-0.0532031259554038,6,B2019-04299
4300,4300,185089.6860986547,0.5327823421293522,0.6687448209330691,0,B2019-04300
4301,4301,1200000.0,0.6212981166081399,-0.0972207711894209,6,B2024-04301
4302,4302,193338.8235294117,0.458486787893799,0.155463056896724,3,B2017-04302
4303,4303,250000.0,0.7314185778280116,-0.4915107605640381,4,B2024-04303
4304,4304,796964.3117261471,0.6889128405449931,-0.4426618444664303,5,B2021-04304
4305,4305,208898.47583643123,0.552797327068126,0.009243411150673,3,B2020-04305
4306,4306,1197910.3554340396,0.7428608424209814,-0.1564542695944861,5,B2022-04306
4307,4307,234381.4080656186,0.7084783293498589,-0.4258497593584524,4,B2022-04307
4308,4308,191783.474801061,0.6541225696272944,0.0322158820632498,3,B2023-04308
4309,4309,440000.0,0.7231294746752366,-0.4114073139074222,4,B2024-04309
4310,4310,830184.192825112,0.5206068992179453,0.5700739551287143,0,B2019-04310
4311,4311,61923623.785145886,0.2505370476406659,0.0706390631254129,7,B2023-04311
4312,4312,31042515.379357487,0.2555635732378815,0.0698270926535242,7,B2022-04312
4313,4313,642465.4818865346,0.7297869588245282,-0.4510222059947775,5,B2022-04313
4314,4314,28717363.98775823,0.2438781570246941,-0.0145185689141603,7,B2018-04314
4315,4315,1163502.2421524664,0.6404249907204588,0.1415885010417208,6,B2019-04315
4316,4316,2134400.0,0.2942063192570848,0.1483872272649746,2,B2025-04316
4317,4317,1203063.5294117648,0.3530904682384053,0.1498607871923794,2,B2017-04317
4318,4318,1381760.0,0.3413028080383979,0.1582849278837728,2,B2017-04318
4319,4319,30318302.387267902,0.3284685433031133,-0.010524451841972,7,B2023-04319
4320,4320,859018.5676392573,0.7642207514560265,-0.0476190847243599,5,B2023-04320
4321,4321,814875.0,0.6499570175339706,-0.5527954241415471,5,B2024-04321
4322,4322,628247.6329206118,0.6230454203926057,-0.0986144057803348,6,B2021-04322
4323,4323,781271.3602187287,0.4122844062213452,0.0598690669163101,2,B2022-04323
4324,4324,718942.750929368,0.6221195373503956,-0.0257216075079383,6,B2020-04324
4325,4325,158065.4275092937,0.582521887615139,0.0465533467432745,3,B2020-04325
4326,4326,41394032.134659536,0.313144986845464,0.0533515130052282,7,B2018-04326
4327,4327,652283.4586466165,0.5920330141235784,-0.3261864880036169,5,B2022-04327
4328,4328,1000000.0,0.3558043657425563,0.1650144191202026,2,B2024-04328
4329,4329,1022574.1176470588,0.3998657046694879,0.1673920893724121,2,B2017-04329
4330,4330,301512.9411764706,0.1901895755821625,0.1680868712705933,2,B2017-04330
4331,4331,792613.8340807174,0.5118619335675914,0.5991934038712216,0,B2019-04331
4332,4332,657834.3721973094,0.5741622877283064,0.4599483889776385,0,B2019-04332
4333,4333,214490.470852018,0.6503796732233056,0.4938923422389827,0,B2019-04333
4334,4334,273861.1003717472,0.6941563158442385,0.3701821254527933,0,B2020-04334
4335,4335,1115209.4117647058,0.3530904682384053,0.1498607871923794,2,B2017-04335
4336,4336,877609.865470852,0.5131019446427815,0.0746995401358567,6,B2019-04336
4337,4337,799391.8215613383,0.5162870722972702,0.0387997591658864,6,B2020-04337
4338,4338,290967.9801071156,0.5778016018822092,0.5923579662431263,0,B2018-04338
4339,4339,819820.4667176743,0.4636146623214742,0.5864097310286374,0,B2018-04339
4340,4340,1125240.3495994173,0.38416717557321,0.1522818253050652,2,B2021-04340
4341,4341,821467.482785004,0.5202996554919866,0.0248655213724489,6,B2018-04341
4342,4342,182296.65071770336,0.6458829240564125,-0.0026585989847223,3,B2022-04342
4343,4343,795218.8710852148,0.5375467544227504,-0.1352583242780822,6,B2021-04343
4344,4344,781008.3758193735,0.3624625313827246,0.147994368389534,2,B2021-04344
4345,4345,183249.8017771702,0.6849304719417535,-0.2896593760397688,4,B2022-04345
4346,4346,796412.3991797676,0.5928418811692125,-0.2404307218382061,5,B2022-04346
4347,4347,773056.4705882353,0.4355431924849504,0.027529047009984,2,B2017-04347
4348,4348,726547.2978878368,0.5193032509690769,0.061452776426249,6,B2021-04348
4349,4349,663993.5874439462,0.4210538299136945,-0.0874245663400431,2,B2019-04349
4350,4350,1210708.6671522213,0.6901811553729134,-0.5159203741621817,5,B2021-04350
4351,4351,260423.78673957623,0.2524890438490674,0.1176759685532255,2,B2022-04351
4352,4352,188375.46468401488,0.6060959294826337,0.1310793606415094,3,B2020-04352
4353,4353,192059.85882352944,0.5256310655148577,0.1271398628132721,3,B2017-04353
4354,4354,274182.5411764706,0.5271096238537554,0.2356371118292235,3,B2017-04354
4355,4355,203797.64705882352,0.5585688691018135,0.5938599211520363,0,B2017-04355
4356,4356,735590.8448652586,0.5684430300847746,0.1143708632777993,6,B2021-04356
4357,4357,1935707.3756694724,0.5451697231144984,0.6319508072845864,0,B2018-04357
4358,4358,167033.66488140784,0.5098668609287312,0.2455367713619832,3,B2018-04358
4359,4359,276476.1325564457,0.5948329375357558,0.5028962572715094,0,B2021-04359
4360,4360,934222.4942616682,0.4940437172747821,0.1793485590588986,6,B2018-04360
4361,4361,776047.4801061008,0.2589789617536151,0.2263480589006336,2,B2023-04361
4362,4362,734134.6548188654,0.627721135404334,-0.2794385835304505,5,B2022-04362
4363,4363,1212625.8823529412,0.3660187529406435,0.1590898434413228,6,B2017-04363
4364,4364,771861.1764705882,0.4822557392047512,0.2296858028620289,6,B2017-04364
4365,4365,180473.68421052632,0.6460072093623385,0.0650925533928533,3,B2022-04365
4366,4366,1146512.565055762,0.5394570960703385,0.5648940749536648,0,B2020-04366
4367,4367,807688.6771300448,0.459122159808879,0.4872104345644401,0,B2019-04367
4368,4368,811456.3494423792,0.530664341594044,-0.1130807382647192,6,B2020-04368
4369,4369,1044421.56133829,0.5334126086221237,0.5829257283137401,0,B2020-04369
4370,4370,300000.0,0.74230669946191,-0.4539370777583753,4,B2024-04370
4371,4371,34980.87222647284,0.2984670191048806,0.1038460993494258,2,B2018-04371
4372,4372,256689.41176470587,0.4509890030288788,0.2587690778819166,3,B2017-04372
4373,4373,303167.559296098,0.5271096238537554,0.2356371118292235,3,B2018-04373
4374,4374,687229.0968681718,0.6116363063484984,0.0054490308719719,6,B2021-04374
4375,4375,156956.46030589947,0.564728366544235,0.0665844084085677,3,B2021-04375
4376,4376,991124.7130833972,0.3148747314102303,0.0527234570740968,2,B2018-04376
4377,4377,798258.7360594795,0.4851100227370096,0.6438464248332099,0,B2020-04377
4378,4378,1124249.4873547505,0.6822816245252293,-0.525662523647413,5,B2022-04378
4379,4379,864606.971975393,0.3641391970483615,-0.0997384349388561,2,B2022-04379
4380,4380,20000.0,0.2265384215395003,0.1688974310247916,2,B2024-04380
4381,4381,82934849.86547084,0.2391842313520943,0.0688549501565529,1,B2019-04381
4382,4382,12409606.677888297,0.1954026851969919,0.1829755205677288,7,B2018-04382
4383,4383,93282325.93726093,0.3035303819673815,-0.0206506537162575,1,B2018-04383
4384,4384,101000000.0,0.2695772968808365,-0.0065100081998311,1,B2024-04384
4385,4385,825000.0,0.6784962581064723,-0.507084840476877,5,B2024-04385
4386,4386,950000.0,0.6905122561317315,-0.4800175553685268,5,B2025-04386
4387,4387,1164222.8116710875,0.3191169532279895,-0.003235300146659,2,B2023-04387
4388,4388,790044.4297082227,0.6699391676879785,-0.4486987147772813,5,B2023-04388
4389,4389,595249.3368700265,0.6703782003651957,-0.4890373043404268,5,B2023-04389
4390,4390,661949.6021220159,0.1580114801348754,0.0756515310861989,2,B2023-04390
4391,4391,252652.5198938992,0.7318453422651962,-0.4261601320951178,4,B2023-04391
4392,4392,607687.4204244032,0.669760874767771,-0.5243867299461147,5,B2023-04392
4393,4393,1200000.0,0.2916210799912266,0.0910937600734825,2,B2024-04393
4394,4394,694289.124668435,0.5323691767730234,-0.0310977929649447,6,B2023-04394
4395,4395,635250.0,0.6742305283015866,-0.4980980164355698,5,B2024-04395
4396,4396,744500.0,0.5530158046246838,-0.0304854945486849,6,B2024-04396
4397,4397,171890.1759755165,0.5109856340989385,0.5998514132329775,0,B2018-04397
4398,4398,688741.4420975965,0.7097378067931611,-0.4906021569119592,5,B2021-04398
4399,4399,1000000.0,0.7266905412966207,-0.5270533636457012,5,B2024-04399
4400,4400,200000.0,0.6963683496595806,-0.2751755077486442,4,B2024-04400
4401,4401,210187.36059479552,0.6531115227747405,0.4892437778334226,0,B2020-04401
4402,4402,219635.29411764705,0.5772323243998531,0.5391012784578282,0,B2017-04402
4403,4403,1133085.501858736,0.433340141908293,0.6080903870866008,0,B2020-04403
4404,4404,243640.20393299343,0.5174272598621908,0.5502610077862833,0,B2021-04404
4405,4405,225006.15174299385,0.6937256027690346,-0.4331501161109857,4,B2022-04405
4406,4406,187392.5130111524,0.6505359590531604,0.0436667553946285,3,B2020-04406
4407,4407,807411.614117647,0.2991617369897392,0.0103953816034289,2,B2017-04407
4408,4408,5951345.29147982,0.4739090086069853,0.5614650451717178,0,B2019-04408
4409,4409,1628894.2305882354,0.1563258543998387,0.128202187031833,2,B2017-04409
4410,4410,1667506.6312997348,0.4080085158299699,0.0478251955642214,2,B2023-04410
4411,4411,3484179.310344828,0.6279005618283704,-0.344628241307976,5,B2023-04411
4412,4412,233907.43677375256,0.6856009586049319,-0.4139135507940096,4,B2022-04412
4413,4413,212800.30604437648,0.6566601515986265,0.4185463956023258,0,B2018-04413
4414,4414,505457.5,0.6953702689090953,-0.5290366587624636,5,B2024-04414
4415,4415,905584.0358744394,0.5418905591108603,0.5145314284046143,0,B2019-04415
4416,4416,34980.87222647284,0.3770200658074251,0.2046161676597205,2,B2018-04416
4417,4417,1007035.2941176472,0.6751804406534971,0.4775811042346718,0,B2017-04417
4418,4418,218628.8475836431,0.582048891790641,0.1720569089019903,3,B2020-04418
4419,4419,192686.3045141546,0.5256310655148577,0.1271398628132721,3,B2018-04419
4420,4420,801580.7174887892,0.4317407987075959,0.6286067830236772,0,B2019-04420
4421,4421,182282.35294117648,0.4509890030288788,0.2587690778819166,3,B2017-04421
4422,4422,1034559.2960979344,0.4198866321884809,-0.0449099390779861,2,B2018-04422
4423,4423,1368841.0344827585,0.6771377018641707,-0.5617505226734932,5,B2023-04423
4424,4424,913548.7987758226,0.5273579011803206,0.3984695096667612,0,B2018-04424
4425,4425,767017.2470588236,0.4656803433762051,0.060745488850102,6,B2017-04425
4426,4426,1131609.865470852,0.5812154656876138,0.5651707666332837,0,B2019-04426
4427,4427,281905.82959641254,0.557713705136023,0.6289407851991806,0,B2019-04427
4428,4428,262356.5416985463,0.5132168195171605,0.0316989593252208,3,B2018-04428
4429,4429,193040.0,0.458486787893799,0.155463056896724,3,B2017-04429
4430,4430,955605.1638747267,0.4360436391368504,0.0978415693827043,2,B2021-04430
4431,4431,1108673.9257101235,0.4360436391368504,0.0978415693827043,2,B2021-04431
4432,4432,218287.2180451128,0.5526389413530829,0.0617718001463743,3,B2022-04432
4433,4433,683752.6233183857,0.468605856010772,0.5712398933240934,0,B2019-04433
4434,4434,933491.6241806264,0.5094046461222747,0.6389185708626227,0,B2021-04434
4435,4435,948764.705882353,0.3483498283585744,0.1307645267923819,2,B2017-04435
4436,4436,832111.9730941703,0.5742256951032982,0.4615519084000026,0,B2019-04436
4437,4437,1515915.1193633953,0.4868852062425833,-0.0154695324914813,2,B2023-04437
4438,4438,956235.2941176472,0.2082543371161624,0.0973258824637586,2,B2017-04438
4439,4439,234232.96650717704,0.6387201845752154,-0.2183027286226825,4,B2022-04439
4440,4440,979453.8619275462,0.567719876205925,-0.4139425685349185,5,B2022-04440
4441,4441,262123.3358837032,0.5271096238537554,0.2356371118292235,3,B2018-04441
4442,4442,835751.3389441471,0.4954571815927746,0.6240287253730114,0,B2018-04442
4443,4443,837064.4705882353,0.3473914011702017,0.1570799225893723,2,B2017-04443
4444,4444,488985.0,0.7156838449638749,-0.3591498239982017,4,B2025-04444
4445,4445,1299539.4032134663,0.435731492699593,0.1608626298246012,2,B2018-04445
4446,4446,254907.4126394052,0.6117219997919078,0.0679992570122377,3,B2020-04446
4447,4447,1159145.5156950671,0.5279347201242389,0.4176536659941206,0,B2019-04447
4448,4448,676004.4843049328,0.5472373983831929,0.0464974233173729,6,B2019-04448
4449,4449,226881.96286472148,0.7170377295229899,-0.4376912357962593,4,B2023-04449
4450,4450,2050000.0,0.3911469110028073,-0.0003117683068877,2,B2025-04450
4451,4451,260819.2862453532,0.6658597588157621,0.5534602802360967,0,B2020-04451
4452,4452,256278.0269058296,0.5262121348333355,0.2517030592493725,3,B2019-04452
4453,4453,257712.77511961723,0.6418618691432897,-0.4906773391639691,4,B2022-04453
4454,4454,268941.17647058825,0.5271096238537554,0.2356371118292235,3,B2017-04454
4455,4455,178548.20198928847,0.5858403625545436,0.4723309580079276,0,B2018-04455
4456,4456,1212732.0954907162,0.6623192125482366,-0.4969870582198521,5,B2023-04456
4457,4457,1283696.5550239235,0.5310930100874379,-0.0522440793374705,2,B2022-04457
4458,4458,223964.4565960356,0.6319524006344233,-0.276595852759408,4,B2022-04458
4459,4459,179294.11764705885,0.458486787893799,0.155463056896724,3,B2017-04459
4460,4460,167759.51798010714,0.5676095838206142,0.6031485870803031,0,B2018-04460
4461,4461,967345.957756737,0.4360866677973599,0.0991277779909654,2,B2021-04461
4462,4462,256278.0269058296,0.5232476072923058,0.6510092598952256,0,B2019-04462
4463,4463,1411229.125560538,0.4401740258349919,0.613085486362481,0,B2019-04463
4464,4464,1414331.7647058824,0.3916749406031717,0.1075896354421408,2,B2017-04464
4465,4465,1007035.2941176472,0.3512839830750794,-0.0544754437649121,2,B2017-04465
4466,4466,191247.05882352943,0.4583533545780328,0.2649289767063383,3,B2017-04466
4467,4467,220101.85873605948,0.642218942176124,0.4919917450042617,0,B2020-04467
4468,4468,1030237.6681614348,0.6092541605515156,-0.0752774382264686,6,B2019-04468
4469,4469,268941.17647058825,0.4351781211509745,0.2533660958930297,3,B2017-04469
4470,4470,227105.8823529412,0.4034604459758998,0.1756362651314993,3,B2017-04470
4471,4471,1152157.3197378004,0.4461036200136419,0.0707401107023897,2,B2021-04471
4472,4472,1208449.8513011152,0.4052446650865326,-0.0060762776541127,2,B2020-04472
4473,4473,960248.263198164,0.6348608882170896,0.4899872648842561,0,B2018-04473
4474,4474,823216.5263963277,0.3283016415357975,-0.0196935007545124,2,B2018-04474
4475,4475,1080194.798206278,0.4802417643085413,0.6454683709595974,0,B2019-04475
4476,4476,836705.8823529412,0.3530904682384053,0.1498607871923794,2,B2017-04476
4477,4477,1166899.090909091,0.648822919176873,-0.4823308095361994,5,B2022-04477
4478,4478,1198504.1216678058,0.6525349412936746,-0.5086486716004881,5,B2022-04478
4479,4479,183381.1659192825,0.6174821447314893,0.0976560507615793,3,B2019-04479
4480,4480,183096.4125560538,0.5623070725747045,0.6238106028609584,0,B2019-04480
4481,4481,621250.0,0.6272161202756844,-0.2808288723778468,5,B2024-04481
4482,4482,9166233.421750665,0.2784904800339798,0.1480128412580953,2,B2023-04482
4483,4483,12385000.0,0.2257595834762202,0.1213179609702683,7,B2024-04483
4484,4484,4781176.470588235,0.2951366939867808,-0.0051414543964609,2,B2017-04484
4485,4485,236703.9020657996,0.4342975844656629,0.1947596761179316,3,B2018-04485
4486,4486,948675.8364312268,0.5611297638579855,0.006795693539209,6,B2020-04486
4487,4487,1579282.3529411764,0.3509387820251037,0.1609470343476835,2,B2017-04487
4488,4488,1000000.0,0.3542849954663167,0.0413363054729753,2,B2024-04488
4489,4489,651439.2572944297,0.2834050681161845,0.162122972825886,2,B2023-04489
4490,4490,317263.9405204461,0.3702353501776282,0.1454301594628725,2,B2020-04490
4491,4491,747836.4312267657,0.5007029933226849,0.0114891892398761,6,B2020-04491
4492,4492,736229.4429708222,0.4189024282705583,0.1203840833035776,2,B2023-04492
4493,4493,1273303.7490436116,0.3758583404434638,0.2989809547855526,2,B2018-04493
4494,4494,775928.2172915074,0.4396818559221796,0.5836101375493689,0,B2018-04494
4495,4495,262356.5416985463,0.5169908685032325,0.1256356164028238,3,B2018-04495
4496,4496,225684.92731446063,0.5858403625545436,0.4723309580079276,0,B2018-04496
4497,4497,157413.9250191278,0.575346256184879,0.0417592091692978,3,B2018-04497
4498,4498,1205155.294117647,0.3974024707026715,-0.0014279921501189,2,B2017-04498
4499,4499,867358.7443946188,0.6532982822839419,-0.1698641528715775,6,B2019-04499
4500,4500,1022574.1176470588,0.306209515425381,0.0195879864684505,2,B2017-04500
4501,4501,828172.1499617447,0.6369933676914792,-0.0044297942881071,6,B2018-04501
4502,4502,800441.7040358745,0.5540803066292608,0.5213665328214743,0,B2019-04502
4503,4503,15664456.23342175,0.1608073499878384,0.0669676746018106,7,B2023-04503
4504,4504,13470694.82884195,0.3227165486359779,0.0769953585508074,2,B2021-04504
4505,4505,373129.30374904367,0.229394595232615,0.1977911599166626,2,B2018-04505
4506,4506,822342.0045906658,0.3890621022455579,0.3035284711880969,2,B2018-04506
4507,4507,210614.00153022195,0.5123819638775972,0.0683065475954081,3,B2018-04507
4508,4508,1119690.4588492352,0.5604167466810408,0.5134547976795418,0,B2021-04508
4509,4509,219260.08968609865,0.6408062333141326,0.0667878935341286,3,B2019-04509
4510,4510,37391821.56133829,0.4041802160963451,0.0714960610292577,7,B2020-04510
4511,4511,6574117.647058824,0.2602337265516989,0.1382161002943874,2,B2017-04511
4512,4512,784446.0596786536,0.2919002657265863,0.0962530801340962,2,B2018-04512
4513,4513,1487842.3529411764,0.5270815728333972,0.0375374719349444,6,B2017-04513
4514,4514,960837.5331564988,0.6830150127578601,-0.5314116928138514,5,B2023-04514
4515,4515,527363.2286995515,0.5306022109325865,0.5903167460675829,0,B2019-04515
4516,4516,219342.4470588236,0.5218329989739544,0.3721078203875172,3,B2017-04516
4517,4517,244210.5411764705,0.4173060472143541,0.2233368687603734,3,B2017-04517
4518,4518,758781.0633648944,0.6040496221074828,-0.1127950847277075,6,B2021-04518
4519,4519,300000.0,0.5750011786495173,0.046557662275457,3,B2024-04519
4520,4520,1673411.7647058824,0.2164228605429567,-0.0044691593181269,2,B2017-04520
4521,4521,10913035.294117646,0.2932171434067911,0.0984267923481614,2,B2017-04521
4522,4522,167341.17647058822,0.5169908685032325,0.1256356164028238,3,B2017-04522
4523,4523,816220.3519510331,0.3530904682384053,0.1498607871923794,2,B2018-04523
4524,4524,268941.17647058825,0.4794512058922445,0.1951231437514919,3,B2017-04524
4525,4525,836705.8823529412,0.2756105296718406,0.0815368424799556,2,B2017-04525
4526,4526,1340933.4353481256,0.3455844074794335,0.0097166488152818,2,B2018-04526
4527,4527,938306.9036226931,0.4171645834737753,0.1243858684886978,2,B2022-04527
4528,4528,33299.3445010925,0.3039351825409393,0.115095394470338,2,B2021-04528
4529,4529,717578.4753363228,0.4895862651712616,0.53309592837947,0,B2019-04529
4530,4530,594394.1704035874,0.4580448332767124,0.59197113006056,0,B2019-04530
4531,4531,786479.8359535201,0.4185409022284493,0.1134670847275905,2,B2022-04531
4532,4532,300000.0,0.5864503663931385,0.0803896360154519,3,B2025-04532
4533,4533,1074278.5145888594,0.419222447625289,0.0865390659729251,2,B2023-04533
4534,4534,216348.23529411765,0.4317187552283734,0.3330344105501468,3,B2017-04534
4535,4535,300000.0,0.6092499477617377,-0.0155257703850706,3,B2024-04535
4536,4536,143435.29411764705,0.4423672915854451,0.1918483838901477,3,B2017-04536
4537,4537,142255.5470543229,0.5109856340989385,0.5998514132329775,0,B2018-04537
4538,4538,1113117.6470588236,0.3151546798186864,0.0218694820087382,2,B2017-04538
4539,4539,734600.8133971292,0.6294470112191354,-0.2409334266075476,5,B2022-04539
4540,4540,300000.0,0.7458578716711106,-0.4763375416785347,4,B2025-04540
4541,4541,271869.64705882355,0.4868667875521668,0.084793782254419,3,B2017-04541
4542,4542,710203.3632286995,0.5257344219550809,-0.1199896247085432,6,B2019-04542
4543,4543,162309.41704035873,0.6085023468336748,0.5182451699786512,0,B2019-04543
4544,4544,836334.353481255,0.5600053777811133,0.2621523374850082,6,B2018-04544
4545,4545,450000.0,0.7244840981246617,-0.4881353507574911,4,B2025-04545
4546,4546,148717.4721189591,0.6605514158627194,0.4888777855014318,0,B2020-04546
4547,4547,1114140.568099053,0.4928065295492643,0.6288044359711489,0,B2021-04547
4548,4548,226501.14766641168,0.607826517910126,0.569561764182391,0,B2018-04548
4549,4549,979836.3764705884,0.37731021438609,0.1026612274849645,2,B2017-04549
4550,4550,175666.4,0.50773166637598,0.1836107314096993,3,B2017-04550
4551,4551,1223682.3529411764,0.4005832396349058,0.1132975921345613,2,B2017-04551
4552,4552,628116.9031830239,0.6429319841440763,-0.012531469367775,6,B2023-04552
4553,4553,168573.99103139012,0.6843192584734573,0.0039318145927812,3,B2019-04553
4554,4554,899458.8235294118,0.4223449758661271,0.0920713392875532,2,B2017-04554
4555,4555,153296.4705882353,0.5161384298745456,0.2548182770147549,3,B2017-04555
4556,4556,250696.2509563887,0.5271096238537554,0.2356371118292235,3,B2018-04556
4557,4557,1121073.99103139,0.5013021358930158,0.4425065426235852,0,B2019-04557
4558,4558,209701.5837796481,0.5044339281695098,0.1411063574689394,3,B2018-04558
4559,4559,183686.8235294117,0.5044339281695098,0.1411063574689394,3,B2017-04559
4560,4560,197876.16,0.458486787893799,0.155463056896724,3,B2017-04560
4561,4561,192219.89288446828,0.6456381647746262,0.5445229129091385,0,B2018-04561
4562,4562,246032.13465952568,0.455308752412025,0.3578603565800191,3,B2018-04562
4563,4563,225040.69625095645,0.6245622725216374,0.1586404161424279,3,B2018-04563
4564,4564,1359702.6022304832,0.373155216202859,-0.02306885609352,2,B2020-04564
4565,4565,1000000.0,0.2405495698505927,0.0940785519646726,2,B2024-04565
4566,4566,179294.11764705885,0.4399239898387317,0.1492769580133087,3,B2017-04566
4567,4567,254377.69516728623,0.5702663615322806,0.5929938666841831,0,B2020-04567
4568,4568,823025.6896551724,0.7618187668117565,-0.2237184417203669,5,B2023-04568
4569,4569,1060002.3623529412,0.6480045860718924,0.464626058638261,0,B2017-04569
4570,4570,675000.0,0.2908732219573361,0.0193918827833162,2,B2024-04570
4571,4571,1483208.9219330854,0.4429074734938973,-0.0284970326921276,2,B2020-04571
4572,4572,249888.77582249432,0.5013820038583644,0.6024579968155604,0,B2018-04572
4573,4573,800016.7516387472,0.6310996003465077,-0.0416812673143676,6,B2021-04573
4574,4574,645008.9219330854,0.5013191269416959,0.5888790438321932,0,B2020-04574
4575,4575,1420806.426931905,0.3677562212668281,0.1847017231356918,2,B2018-04575
4576,4576,1628043.8018936634,0.491360575632337,0.5693149191475796,0,B2021-04576
4577,4577,1319007.0588235294,0.4567785195364539,0.0711714883866142,6,B2017-04577
4578,4578,256278.0269058296,0.6159305976411844,0.0678379231270531,3,B2019-04578
4579,4579,180818.3856502242,0.5380375807349401,0.1083364191638091,3,B2019-04579
4580,4580,869076.5799256505,0.5750402808874399,-0.0536466423633011,6,B2020-04580
4581,4581,798074.2898761835,0.5105097275416104,-0.1100015789114293,6,B2021-04581
4582,4582,1080545.8823529412,0.3542703540357029,0.1290193465647197,6,B2017-04582
4583,4583,783356.5022421525,0.5673740415582529,-0.0337343385116591,6,B2019-04583
4584,4584,1109700.6554989074,0.6811141305363062,-0.4656888243246322,5,B2021-04584
4585,4585,228600.0,0.6489206933080979,0.0498832861742433,3,B2020-04585
4586,4586,821175.97551645,0.5048796386292953,0.0192615343971719,6,B2018-04586
4587,4587,1455868.2352941176,0.4629746948956833,0.0538359913118027,6,B2017-04587
4588,4588,1219957.9188982404,0.4478639277339762,0.090000998043127,2,B2018-04588
4589,4589,899591.4307574601,0.6166501741713702,0.5263300435379208,0,B2018-04589
4590,4590,1500096.4039785771,0.3839498417660584,0.0779497346341519,2,B2018-04590
4591,4591,284739.3393899204,0.6593716666429259,-0.2688377949989764,4,B2023-04591
4592,4592,254944.2379182156,0.5380932955830031,0.6265906795610805,0,B2020-04592
4593,4593,813572.3866171003,0.5598087868777633,-0.0367279764355057,6,B2020-04593
4594,4594,4307748.878923766,0.4526464357900518,0.1746755423453708,2,B2019-04594
4595,4595,928042.5401683246,0.5792859065711206,0.1355183411172136,6,B2018-04595
4596,4596,201689.219330855,0.5775978019289035,0.0792325705344852,3,B2020-04596
4597,4597,1086739.0971690898,0.5365402206811207,0.0987810851149955,6,B2018-04597
4598,4598,268941.17647058825,0.5271096238537554,0.2356371118292235,3,B2017-04598
4599,4599,22839767.06350421,0.3602411907946538,0.0278710143408239,7,B2018-04599
4600,4600,69327058.8235294,0.3676399313890114,-0.1607017242350256,1,B2017-04600
4601,4601,96816143.49775784,0.3029133619791461,0.0552575859349165,1,B2019-04601
4602,4602,268941.17647058825,0.5563189942228778,0.5895009634258856,0,B2017-04602
4603,4603,2871694.117647059,0.2849131127163928,0.162365382250982,2,B2017-04603
4604,4604,818950.6726457399,0.3993882865485967,0.1190172637556718,2,B2019-04604
4605,4605,220331125.80872232,0.3132272292149758,0.0128124728471521,1,B2018-04605
4606,4606,19201591.51193634,0.2669314712020396,0.1382724085438907,7,B2023-04606
4607,4607,63200000.0,0.313144986845464,0.0533515130052282,7,B2025-04607
4608,4608,172921.39439507862,0.6911691099690804,-0.441077837935555,4,B2022-04608
4609,4609,1125509.5638867638,0.350023868362758,-0.0548172666949068,2,B2018-04609
4610,4610,204055.08798775828,0.4806997064299471,0.6108436306189318,0,B2018-04610
4611,4611,350000.0,0.6479563455495279,-0.2722381841511275,4,B2024-04611
4612,4612,90646840.14869888,0.3646839969739946,0.0296194805644367,1,B2020-04612
4613,4613,36673955.15695068,0.2151958335266976,0.0505496953960536,7,B2019-04613
4614,4614,250115.29411764705,0.4509890030288788,0.2587690778819166,3,B2017-04614
4615,4615,500057.5,0.6801143326531855,-0.5499807548830413,4,B2025-04615
4616,4616,41977046.67176741,0.338581461884523,0.0333280877816999,7,B2018-04616
4617,4617,1063811.7647058824,0.3542703540357029,0.1290193465647197,2,B2017-04617
4618,4618,978868.188235294,0.3283016415357975,-0.0196935007545124,2,B2017-04618
4619,4619,250883.9522546419,0.5973355604443269,0.0223221377772699,3,B2023-04619
4620,4620,691500.0,0.6793112506304927,-0.4947519363572841,5,B2024-04620
4621,4621,769214.8579752366,0.6048983852290509,-0.3281337906964028,5,B2021-04621
4622,4622,388500.0,0.6925200068051918,-0.5043247804960999,4,B2024-04622
4623,4623,1792941.1764705882,0.3530904682384053,0.1498607871923794,2,B2017-04623
4624,4624,993833.3986228004,0.394896864315412,0.1463630546969588,6,B2018-04624
4625,4625,197223.5294117647,0.4173060472143541,0.2233368687603734,3,B2017-04625
4626,4626,691710.6336489439,0.5417060257595557,0.0519967569643939,6,B2021-04626
4627,4627,200809.41176470587,0.458486787893799,0.155463056896724,3,B2017-04627
4628,4628,836135.5381165919,0.5653422201053763,0.0200855575524606,6,B2019-04628
4629,4629,268941.17647058825,0.458486787893799,0.155463056896724,3,B2017-04629
4630,4630,172421.17647058822,0.4868667875521668,0.084793782254419,3,B2017-04630
4631,4631,756621.1764705882,0.4210134425146116,0.0067299713513046,2,B2017-04631
4632,4632,233381.17647058825,0.5169908685032325,0.1256356164028238,3,B2017-04632
4633,4633,221129.41176470587,0.4630255877375246,0.2549851847582368,3,B2017-04633
4634,4634,193338.8235294117,0.4744895749744774,0.1739010833536125,3,B2017-04634
4635,4635,747937.115516063,0.6359542547955047,-0.3873098138927859,5,B2022-04635
4636,4636,672153.7935748462,0.6086748670771407,-0.3211131609617065,5,B2022-04636
4637,4637,883617.9084073821,0.6412770036173734,0.0801434756802484,6,B2022-04637
4638,4638,733027.8537252222,0.649536913303442,-0.522143333787432,5,B2022-04638
4639,4639,300097.69516728626,0.6328344910046827,0.000731932973449,3,B2020-04639
4640,4640,231689.9403183024,0.7286839191205384,-0.4232460486232967,4,B2023-04640
4641,4641,700000.0,0.2461442404923305,-0.1488136959771184,2,B2024-04641
4642,4642,1118313.0,0.6201227730997281,-0.1131345920033469,6,B2024-04642
4643,4643,650138.0968169761,0.7376643884256125,-0.1399635116330994,5,B2023-04643
4644,4644,1115713.5278514589,0.6495593608694908,0.0895811807626283,5,B2023-04644
4645,4645,800000.0,0.6558631352500692,-0.4859076919082191,5,B2024-04645
4646,4646,381184.9416445624,0.247846247489203,0.0567809896762935,2,B2023-04646
4647,4647,838503.1830238727,0.2118676470903916,0.1335464831148157,2,B2023-04647
4648,4648,735436.7737525633,0.7152335320477086,-0.1077490687301096,5,B2022-04648
4649,4649,809448.1432360742,0.317261064542374,0.1763839113666637,2,B2023-04649
4650,4650,282722.91764705884,0.4583533545780328,0.2649289767063383,3,B2017-04650
4651,4651,267668.16143497755,0.5935652954942676,0.5909365736641421,0,B2019-04651
4652,4652,850000.0,0.7023695977946269,-0.489377996927125,5,B2024-04652
4653,4653,758462.8647214854,0.7084117336636562,-0.4570219070265366,5,B2023-04653
4654,4654,239845.0,0.69695613468994,-0.5004562125803941,4,B2024-04654
4655,4655,608125.0,0.6751539948165711,-0.4870890098641708,5,B2024-04655
4656,4656,818843.9173680185,0.7168361424978028,0.4679708260701847,0,B2018-04656
4657,4657,167452.49487354752,0.6489279224456597,-0.3153442763585536,4,B2022-04657
4658,4658,1687068.0,0.3542703540357029,0.1290193465647197,2,B2017-04658
4659,4659,1563580.7174887892,0.472286922193373,0.6414048936367213,0,B2019-04659
4660,4660,228301.17647058825,0.458486787893799,0.155463056896724,3,B2017-04660
4661,4661,956235.2941176472,0.4351912398083419,0.6319221501386536,0,B2017-04661
4662,4662,880934.9655700078,0.4886680630619723,0.6054683450983244,0,B2018-04662
4663,4663,714785.8823529412,0.3289024652031897,-0.0925236604346944,2,B2017-04663
4664,4664,1161793.7219730942,0.4100787927100348,0.1221407954328107,2,B2019-04664
4665,4665,984435.0,0.7099930912876107,-0.5023517711142539,5,B2024-04665
4666,4666,235348.39326702376,0.5623208922104953,0.6217059684963399,0,B2018-04666
4667,4667,218047.4368783474,0.6649277549234267,0.5325847430879532,0,B2018-04667
4668,4668,858818.8235294118,0.4636856326385313,0.08195662188347,6,B2017-04668
4669,4669,992094.1176470588,0.3542703540357029,0.1290193465647197,6,B2017-04669
4670,4670,692329.7628156084,0.5633651153571217,0.3868896426039198,0,B2018-04670
4671,4671,700000.0,0.3653158149959293,0.0930569541699973,2,B2025-04671
4672,4672,910000.0,0.2637566871522013,0.0211514336030062,2,B2024-04672
4673,4673,900000.0,0.4847441135352379,-0.0272630750891953,3,B2024-04673
4674,4674,956289.5944912016,0.5527834356221126,0.0541977978971935,6,B2018-04674
4675,4675,860611.7647058824,0.3483498283585744,0.1307645267923819,6,B2017-04675
4676,4676,733353.3834586466,0.570764539310431,-0.4266402989806809,5,B2022-04676
4677,4677,702623.3766233766,0.5944533976230391,-0.3113764876048164,5,B2022-04677
4678,4678,956201.7937219732,0.4610649358426793,0.6182970948132138,0,B2019-04678
4679,4679,850000.0,0.5448383038440481,-0.0769136445461141,6,B2024-04679
4680,4680,1000000.0,0.6839437901126878,-0.5066998668118579,5,B2024-04680
4681,4681,757957.5596816976,0.2754897211666675,0.0245220592196209,2,B2023-04681
4682,4682,1400000.0,0.3150232663450525,0.1175086690561618,2,B2024-04682
4683,4683,349808722.2647284,0.2582204958470615,0.0120070237527636,1,B2018-04683
4684,4684,33992565.05576208,0.1658708571307014,0.1429441695480483,7,B2020-04684
4685,4685,256135.65022421523,0.5667635760372457,0.6299120499594844,0,B2019-04685
4686,4686,800000.0,0.545163097724848,-0.0475227943439632,6,B2024-04686
4687,4687,950000.0,0.7304855815363184,-0.4690352521849038,5,B2024-04687
4688,4688,647500.0,0.7248751488780598,-0.5143241652906537,5,B2024-04688
4689,4689,144700.0,0.7347461316022166,-0.4392961259721009,4,B2024-04689
4690,4690,1022370.9176470588,0.2851629761337367,-0.024470333072511,2,B2017-04690
4691,4691,265235.76470588235,0.5389757451116924,0.6571423819604646,0,B2017-04691
4692,4692,152595.3178400547,0.7148272557173588,-0.4422980174727892,4,B2022-04692
4693,4693,29969410.050983246,0.257995034688974,0.0679908778329058,7,B2021-04693
4694,4694,28891831.57894737,0.2399352383348172,0.0417086363467553,7,B2022-04694
4695,4695,478851.38,0.7379113086860382,-0.4279750730683099,4,B2024-04695
4696,4696,173915.29411764705,0.5180272730667485,0.0980236155974394,3,B2017-04696
4697,4697,198188.34080717489,0.5418536695815767,0.0117198957121406,3,B2019-04697
4698,4698,900000.0,0.6812205775985786,-0.5044774015692272,5,B2025-04698
4699,4699,72763925.72944297,0.2012579176159858,0.0498774969240575,1,B2023-04699
4700,4700,30209159.26179084,0.3004877365746103,0.0786566646486831,7,B2022-04700
4701,4701,104942616.67941852,0.2911479937400714,-0.0177466563097365,1,B2018-04701
4702,4702,40811017.59755165,0.2413155763105803,-0.0174825265207114,7,B2018-04702
4703,4703,187886.00145666423,0.68917216356053,-0.4334219240199376,4,B2021-04703
4704,4704,267839.11529411766,0.4427572231980741,0.1168002197521546,3,B2017-04704
4705,4705,215629.0037174721,0.6174821447314893,0.0976560507615793,3,B2020-04705
4706,4706,200000.0,0.3131306683130904,0.0406106182084587,2,B2024-04706
4707,4707,230633.9097744361,0.6546629053724045,-0.2697167271146332,4,B2022-04707
4708,4708,13597026.022304831,0.2840221069694921,0.030031940938763,2,B2020-04708
4709,4709,800000.0,0.7001148340334198,-0.4931445150413143,5,B2025-04709
4710,4710,710559.9469496021,0.5922769932405153,-0.3344208907873668,5,B2023-04710
4711,4711,852448.5501858735,0.437707575379982,0.1179091728242453,2,B2020-04711
4712,4712,121572.60089686098,0.5729222919934324,0.07913251115087,3,B2019-04712
4713,4713,339582.5,0.3326675903487758,-0.0161203254270257,2,B2024-04713
4714,4714,223500.0,0.6365329551363716,0.0195221952785554,3,B2024-04714
4715,4715,1200000.0,0.3999016876729032,0.013352048725881,2,B2024-04715
4716,4716,72763925.72944297,0.3553713501423104,0.2361684336877924,1,B2023-04716
4717,4717,81252221.46274778,0.2151445096724253,0.102583511260282,1,B2022-04717
4718,4718,125968191.632287,0.2763218254515143,-0.0120755479365834,1,B2019-04718
4719,4719,31866223.316473003,0.2463470014972111,0.2736600683683216,7,B2022-04719
4720,4720,18200000.0,0.1826727873284007,0.0662572844731431,7,B2024-04720
4721,4721,128822.42152466367,0.5788640242738913,0.5813476851477697,0,B2019-04721
4722,4722,879185.9219586842,0.365284989066412,0.0747222292680428,2,B2018-04722
4723,4723,171225.88235294115,0.5937421554142702,0.45930695302098,0,B2017-04723
4724,4724,1792941.1764705882,0.1608073499878384,0.0669676746018106,2,B2017-04724
4725,4725,24711990.313901342,0.2898700385463587,0.1506022353462245,7,B2019-04725
4726,4726,10052336.64881408,0.1632792957585851,0.1595432275323157,7,B2018-04726
4727,4727,20156801.0936432,0.0,0.0,7,B2022-04727
4728,4728,5729323.308270677,0.2206456751767201,0.1084161135016839,2,B2022-04728
4729,4729,5356233.421750663,0.2238656156588188,0.0779355857794861,2,B2023-04729
4730,4730,2266171.003717472,0.3085279033909153,0.0926739419879871,2,B2020-04730
4731,4731,19201591.51193634,0.1954026851969919,0.1829755205677288,7,B2023-04731
4732,4732,14777760.278879017,0.3106814857897492,0.0317155001788949,2,B2022-04732
4733,4733,26563226.247436773,0.2105060909209124,0.1915032329031227,7,B2022-04733
4734,4734,3773925.710123816,0.2849389432787616,0.0649179417208155,2,B2021-04734
4735,4735,120400000.0,0.2151445096724253,0.102583511260282,1,B2025-04735
4736,4736,11390134.52914798,0.1641965471228894,-0.0643940919042256,7,B2019-04736
4737,4737,32132182.750663128,0.2403763396508847,0.1331579812104489,7,B2023-04737
4738,4738,6335058.823529412,0.2151445096724253,0.102583511260282,2,B2017-04738
4739,4739,9876266.2586075,0.2139835586223236,0.2303992747933954,2,B2018-04739
4740,4740,14652405.809979497,0.1857852142555691,-0.0358312130845354,7,B2022-04740
4741,4741,17226806.344238892,0.3482574331732552,0.0913669803789393,7,B2021-04741
4742,4742,7748143.896470589,0.2234482558799206,0.0059793368035419,2,B2017-04742
4743,4743,10002356.801093644,0.3929028316242775,0.0682780391997642,2,B2022-04743
4744,4744,22078728.63978128,0.2680368995380489,0.1007550499442069,7,B2022-04744
4745,4745,190350.58823529413,0.5520380954145413,0.0761705971001325,3,B2017-04745
4746,4746,268737.97647058824,0.6588757799873792,0.5322944995681921,0,B2017-04746
4747,4747,1038914.4146901304,0.4677929284620771,0.5264239290973921,0,B2018-04747
4748,4748,195309.86993114004,0.5647277136338702,0.1829771635424747,3,B2018-04748
4749,4749,785182.7294117648,0.3779192026248264,0.1391879768784889,6,B2017-04749
4750,4750,839694.1176470588,0.5259435411195014,0.0681331572682916,6,B2017-04750
4751,4751,537882.3529411765,0.3620267725525483,0.1372147792258225,2,B2017-04751
4752,4752,291507.2685539404,0.382975138958199,0.1370175565640607,2,B2018-04752
4753,4753,878801.132364193,0.4460820477489614,-0.0246630056979887,2,B2018-04753
4754,4754,188258.8235294117,0.5429028845286329,0.1665938536342529,3,B2017-04754
4755,4755,813243.7918215613,0.4692977620611421,0.6499942248286906,0,B2020-04755
4756,4756,949582.0122417752,0.4598430749776721,0.5978357912179706,0,B2018-04756
4757,4757,742496.6021872865,0.653084013358566,0.1484976511011044,5,B2022-04757
4758,4758,273861.1003717472,0.5456031981094454,0.0268881689585226,3,B2020-04758
4759,4759,733613.8072453862,0.6048983852290509,-0.3281337906964028,5,B2022-04759
4760,4760,641543.5816814764,0.6301129761332526,-0.2561284874717828,5,B2022-04760
4761,4761,861508.2352941177,0.4379859854981782,0.041400570907523,6,B2017-04761
4762,4762,1075764.705882353,0.384833740005372,0.1626106477319147,2,B2017-04762
4763,4763,203130.55365686945,0.717976349264965,-0.4000994005168705,4,B2022-04763
4764,4764,795600.8968609865,0.524424971722603,0.566717270328107,0,B2019-04764
4765,4765,257156.05202754404,0.6087913690675923,0.1018508441572105,3,B2018-04765
4766,4766,775409.3343534814,0.3011506025802845,0.0680988093713758,2,B2018-04766
4767,4767,182426.7657992565,0.6728817246341765,0.4761903599234479,0,B2020-04767
4768,4768,790298.7892376682,0.4759635644183835,-0.077945552000499,2,B2019-04768
4769,4769,883304.932735426,0.5970336849246457,-0.0573217564584792,6,B2019-04769
4770,4770,249971.85882352944,0.4399239898387317,0.1492769580133087,3,B2017-04770
4771,4771,1156447.0588235294,0.4210134425146116,0.0067299713513046,2,B2017-04771
4772,4772,894951.3452914798,0.5815047994024335,0.0358121431265482,6,B2019-04772
4773,4773,1223002.187286398,0.6702268088961845,-0.2755475193878182,5,B2022-04773
4774,4774,856046.0966542751,0.5766709222497385,0.1114477483750378,6,B2020-04774
4775,4775,950000.0,0.5553600217081227,-0.0738837132093171,6,B2024-04775
4776,4776,427300.89686098654,0.334519732468809,0.61835923390118,0,B2019-04776
4777,4777,1080061.7882352942,0.4582025409402609,0.0054646426031734,6,B2017-04777
4778,4778,1487593.6572302987,0.6028890451809704,0.3583909712779879,0,B2018-04778
4779,4779,2436338.385650224,0.3336802236841576,0.2437222492250398,2,B2019-04779
4780,4780,1122885.9984697783,0.4625673438177553,-0.0815468821724153,6,B2018-04780
4781,4781,249745.0837581937,0.6923029488373236,-0.4750775092576576,4,B2021-04781
4782,4782,2036434.5411764707,0.2980184416719813,0.1481913493118725,2,B2017-04782
4783,4783,261773.52716143843,0.5263440877256574,0.2534900608491482,3,B2018-04783
4784,4784,831651.1289147851,0.588659481432422,-0.3457469441031175,5,B2021-04784
4785,4785,1142088.152949745,0.5755012147382537,-0.0949764379259836,6,B2021-04785
4786,4786,875079.0240349598,0.5655312695351807,0.4322393791253918,0,B2021-04786
4787,4787,275972.8462127009,0.6326611458793437,0.5379132951793494,0,B2018-04787
4788,4788,154376.6165413534,0.7175501362489852,-0.4968845797545161,4,B2022-04788
4789,4789,895205.9880636605,0.712006093591537,-0.4943814019562013,5,B2023-04789
4790,4790,1414854.1114058355,0.6431852008803182,-0.0619809692238008,6,B2023-04790
4791,4791,900000.0,0.6806947806464391,-0.5037558352752501,5,B2024-04791
4792,4792,262356.5416985463,0.5161384298745456,0.2548182770147549,3,B2018-04792
4793,4793,1350933.023872679,0.6268565790560816,-0.5115540323606478,5,B2023-04793
4794,4794,239058.8235294117,0.503737652151579,0.1474481085488102,3,B2017-04794
4795,4795,169779.96684350132,0.7326662687556669,-0.4390429762718744,4,B2023-04795
4796,4796,902745.8823529412,0.3151546798186864,0.0218694820087382,2,B2017-04796
4797,4797,1357973.6470588236,0.3763296456534487,0.1594923169559254,2,B2017-04797
4798,4798,732340.3349282297,0.5538883035449308,-0.406757824245089,5,B2022-04798
4799,4799,3416756.694720736,0.4083870393048534,0.1612242241458396,2,B2018-04799
4800,4800,749955.0,0.7606572198782172,-0.1868305807032758,5,B2024-04800
4801,4801,178309.70852017935,0.5066128402451099,0.1041132250905927,3,B2019-04801
4802,4802,184520.1793721973,0.6373476771322036,0.0343657090458889,3,B2019-04802
4803,4803,814908.5692425403,0.4912165723106574,-0.0495766624732704,6,B2018-04803
4804,4804,763858.6823529411,0.5091949561150022,0.6104632626809123,0,B2017-04804
4805,4805,256145.0,0.7193338046273251,-0.4038445370683913,4,B2024-04805
4806,4806,202609.2119357307,0.4744895749744774,0.1739010833536125,3,B2018-04806
4807,4807,560650.0994644224,0.3495883078302734,0.6051814630220557,0,B2018-04807
4808,4808,784312.5,0.7149097804733954,-0.5464249016150655,5,B2024-04808
4809,4809,316110.4820198929,0.5287059694636055,0.2597602642243168,3,B2018-04809
4810,4810,200000.0,0.7485816199653356,-0.3964115955205439,4,B2024-04810
4811,4811,524930.0,0.6656957133439292,-0.4843654373003912,5,B2024-04811
4812,4812,210895.8485069192,0.6323657308685523,0.0782492641594373,3,B2021-04812
4813,4813,642119.5539033457,0.3756716411314273,0.0567777385729632,2,B2020-04813
4814,4814,642366.5053050398,0.4455034794483075,0.1159749589427342,2,B2023-04814
4815,4815,205255.9192825112,0.5214142474474492,0.6220963955443599,0,B2019-04815
4816,4816,229654.2494117647,0.4987306096499991,0.1334502332255547,3,B2017-04816
4817,4817,191844.7058823529,0.4583533545780328,0.2649289767063383,3,B2017-04817
4818,4818,12550588.23529412,0.3284685433031133,-0.010524451841972,2,B2017-04818
4819,4819,790044.4297082227,0.6414378879487512,-0.521505027720715,5,B2023-04819
4820,4820,839395.2941176471,0.3021948305309563,-0.0338080784158724,2,B2017-04820
4821,4821,698858.8104089219,0.5654349755951714,0.0022704072415137,3,B2020-04821
4822,4822,252961.3382899628,0.6524774280909149,0.4770363372879199,0,B2020-04822
4823,4823,113552.9411764706,0.4427572231980741,0.1168002197521546,3,B2017-04823
4824,4824,888805.6618209642,0.6614532570352444,0.3674513402819207,0,B2018-04824
4825,4825,203180.56618209643,0.6048715140973143,0.106548578367306,3,B2018-04825
4826,4826,418352.9411764706,0.3561572170573065,-0.0869464009581905,2,B2017-04826
4827,4827,226986.35294117648,0.4427572231980741,0.1168002197521546,3,B2017-04827
4828,4828,172720.0,0.4868667875521668,0.084793782254419,3,B2017-04828
4829,4829,756322.3529411765,0.2600303222345091,-0.0058145216337218,2,B2017-04829
4830,4830,1203332.4705882354,0.4968987472334735,0.0906062626917034,6,B2017-04830
4831,4831,827635.7829570284,0.5742690575166358,-0.0164473435912406,6,B2021-04831
4832,4832,923384.3236074272,0.7230575580327963,-0.4879066008854128,5,B2023-04832
4833,4833,198717.64705882352,0.5212834654046222,0.2242144681685323,3,B2017-04833
4834,4834,869277.6470588235,0.4044186530940183,-0.0666900947161512,2,B2017-04834
4835,4835,1000000.0,0.6893871842912932,-0.5402108954712357,5,B2024-04835
4836,4836,1287587.6052027547,0.4388456437708347,0.614515047923991,0,B2018-04836
4837,4837,1189459.6035543403,0.6720041240729432,-0.551286359701382,5,B2022-04837
4838,4838,1500000.0,0.6631385930729037,-0.5551769456513789,5,B2024-04838
4839,4839,821175.97551645,0.4000485230060624,0.1541421192422517,2,B2018-04839
4840,4840,197350.42081101763,0.4753058752110527,0.2650873883334125,3,B2018-04840
4841,4841,209669.59641255604,0.6323657308685523,0.0782492641594373,3,B2019-04841
4842,4842,232287.6008202324,0.6706970382220807,-0.4469380747706701,4,B2022-04842
4843,4843,1500000.0,0.4145351386619729,-0.0289010378697069,6,B2024-04843
4844,4844,1250034.176349966,0.2525723125205197,0.1359599996061413,2,B2022-04844
4845,4845,826545.8823529412,0.3148996305663337,-0.0066623913647313,2,B2017-04845
4846,4846,972432.7354260088,0.4971328226354612,-0.0539265315307253,6,B2019-04846
4847,4847,202386.0669144981,0.6473523605252459,0.0213873760048196,3,B2020-04847
4848,4848,829832.9411764706,0.4120662718362038,-0.0613891702819063,2,B2017-04848
4849,4849,986476.2352941176,0.5113267286466814,0.5384347175688353,0,B2017-04849
4850,4850,188557.64705882352,0.4427572231980741,0.1168002197521546,3,B2017-04850
4851,4851,821446.9377990431,0.6938171252675466,-0.4448184667969481,5,B2022-04851
4852,4852,776941.1764705882,0.4032390158300495,-0.0396598940385665,2,B2017-04852
4853,4853,1092653.1966335122,0.6051115568523691,0.5078063450140782,0,B2018-04853
4854,4854,1553882.3529411764,0.241652286993828,0.1612256971632178,2,B2017-04854
4855,4855,902447.0588235294,0.3634161103068588,0.1332932929118142,2,B2017-04855
4856,4856,213091.8133129304,0.6398518151270381,0.57566939176492,0,B2018-04856
4857,4857,717176.4705882353,0.3763296456534487,0.1594923169559254,2,B2017-04857
4858,4858,267447.0588235294,0.4755611783268965,0.1602697018533855,3,B2017-04858
4859,4859,1175852.8691660294,0.6730828476413081,0.415438955012355,0,B2018-04859
4860,4860,1167503.5294117648,0.4210134425146116,0.0067299713513046,2,B2017-04860
4861,4861,251978.88293802607,0.6968102787368522,0.5195463136330458,0,B2018-04861
4862,4862,178402.44835501153,0.6360038798728782,0.5803760119291917,0,B2018-04862
4863,4863,757218.8235294118,0.3662355048541328,-0.0659875538980124,2,B2017-04863
4864,4864,195375.13328776488,0.7098642387392299,-0.4881502448541511,4,B2022-04864
4865,4865,59764.705882352944,0.2176905525878746,0.0365523208890691,2,B2017-04865
4866,4866,756621.1764705882,0.5756050071774529,0.4994205473618951,0,B2017-04866
4867,4867,244138.8235294117,0.5169908685032325,0.1256356164028238,3,B2017-04867
4868,4868,5879118.592195869,0.1485048233274851,0.1715476143788964,2,B2018-04868
4869,4869,245334.11764705885,0.4509890030288788,0.2587690778819166,3,B2017-04869
4870,4870,230724.03764705884,0.518761579800562,0.0666766204143582,3,B2017-04870
4871,4871,478117.6470588236,0.306209515425381,0.0195879864684505,2,B2017-04871
4872,4872,819718.4391736804,0.464114881600817,0.5608605031066948,0,B2018-04872
4873,4873,733874.2310321258,0.6793857362323804,-0.5103104040097453,5,B2022-04873
4874,4874,679851.3011152416,0.5973304656613923,0.0090702195359229,6,B2020-04874
4875,4875,716388.2228696285,0.5586071018554862,-0.1373651739502522,6,B2021-04875
4876,4876,204749.0582959641,0.5627260529180387,0.6209976625863092,0,B2019-04876
4877,4877,797519.3008011653,0.6436809719448118,-0.5174413043545494,5,B2021-04877
4878,4878,286291.1143481428,0.6414826333687749,0.0237675030051787,3,B2021-04878
4879,4879,1263471.3035294118,0.3763296456534487,0.1594923169559254,2,B2017-04879
4880,4880,189190.134529148,0.5957567005994258,0.0659683453633209,3,B2019-04880
4881,4881,179344.9176470588,0.4310786001319091,0.1334066530157198,3,B2017-04881
4882,4882,1244656.9506726456,0.4486307537420705,0.5710950357102146,0,B2019-04882
4883,4883,1223689.211935731,0.5639936875421643,0.3493044708576988,0,B2018-04883
4884,4884,1170294.3627093954,0.6296602111522289,-0.5210501402877855,5,B2021-04884
4885,4885,300000.0,0.6105269819027676,-0.3724357052708323,4,B2025-04885
4886,4886,1313780.0,0.6849937935255193,-0.4978980472417899,5,B2024-04886
4887,4887,800000.0,0.6689371323579578,-0.5313925583869492,5,B2025-04887
4888,4888,500000.0,0.7534435452165478,-0.478851705169023,4,B2025-04888
4889,4889,831732.0954907162,0.5267921147221354,-0.112209223560792,6,B2023-04889
4890,4890,225526.999316473,0.761876634389549,0.069713076150934,4,B2022-04890
4891,4891,233613.15789473685,0.7233936890907638,-0.4706209418947675,4,B2022-04891
4892,4892,263960.6726457399,0.578183801290687,0.0379288159082383,3,B2019-04892
4893,4893,263957.8251121076,0.5320848836230742,0.0398182243295325,3,B2019-04893
4894,4894,854635.2941176471,0.384833740005372,0.1626106477319147,2,B2017-04894
4895,4895,900000.0,0.6764561945987909,-0.5058733052347555,5,B2024-04895
4896,4896,693000.0,0.6122663688526567,-0.3418523301117594,5,B2025-04896
4897,4897,224965.0,0.7281173160992068,-0.3740557703621613,4,B2024-04897
4898,4898,716522.5464190982,0.6356219741883649,-0.2850391182419371,5,B2023-04898
4899,4899,628740.9549071618,0.6642692564863028,-0.5554092171328154,5,B2023-04899
4900,4900,250000.0,0.5548195091795706,0.0251708420585982,3,B2024-04900
4901,4901,186863.6995515695,0.6012639092509373,0.0529130830104775,3,B2019-04901
4902,4902,832488.9063568012,0.6558910052045271,-0.5090040551839228,5,B2022-04902
4903,4903,1389323.6419280798,0.3997196318068713,0.1446142515770598,2,B2018-04903
4904,4904,1233244.705882353,0.4647533233939606,0.5943237034644498,0,B2017-04904
4905,4905,958383.5464684014,0.5281149238318562,0.5773287611360555,0,B2020-04905
4906,4906,824735.1524663677,0.4404293227603819,0.5744218506978497,0,B2019-04906
4907,4907,820592.9609793421,0.3690142610253719,0.1453114722864298,2,B2018-04907
4908,4908,192811.06962509567,0.4326877896764911,0.2010640880019024,3,B2018-04908
4909,4909,215059.9775784753,0.6316524875171636,0.0487985324034915,3,B2019-04909
4910,4910,270227.2379495027,0.494528217390398,0.2301634026052093,3,B2018-04910
4911,4911,1169929.4414690132,0.4574837162172118,0.0300970700041097,6,B2018-04911
4912,4912,229511.21076233184,0.5450944267008012,0.6302404172551563,0,B2019-04912
4913,4913,1173613.1375464683,0.4286500073898969,0.040676087875675,2,B2020-04913
4914,4914,165483.86744355425,0.6458829240564125,-0.0026585989847223,3,B2021-04914
4915,4915,1273986.5470852018,0.4178516235900972,0.6023207550438883,0,B2019-04915
4916,4916,489955.74887892377,0.5249351757575565,0.4745790980452404,0,B2019-04916
4917,4917,786503.5294117647,0.3148996305663337,-0.0066623913647313,2,B2017-04917
4918,4918,158228.28434723173,0.7098653234579356,-0.4042531590732089,4,B2022-04918
4919,4919,1106903.5105608157,0.6669748658392671,-0.5308573033810323,5,B2021-04919
4920,4920,1654886.7635807197,0.6292485054581369,0.4810394726091572,0,B2018-04920
4921,4921,262356.5416985463,0.6038489905047902,0.591082213052402,0,B2018-04921
4922,4922,177501.02785145887,0.7058698038163862,-0.4458724771873748,4,B2023-04922
4923,4923,714680.0,0.6825327647240387,-0.5286540093814054,5,B2024-04923
4924,4924,243541.17647058825,0.4889300029377758,0.1212876788258703,3,B2017-04924
4925,4925,900000.0,0.6932399260984929,-0.4901231040098743,5,B2025-04925
4926,4926,1134175.0,0.6363530337780697,-0.2897037420198118,5,B2024-04926
4927,4927,365210.0,0.6880987603488815,-0.2293347335269137,4,B2024-04927
4928,4928,650000.0,0.7055353809166293,-0.5236646098346697,5,B2024-04928
4929,4929,743172.5,0.6933038672819308,-0.5462811183611795,5,B2024-04929
4930,4930,1043606.49867374,0.5799923815721546,-0.0190614083777039,2,B2023-04930
4931,4931,1434470.08,0.3309106509034829,0.1527686144777552,2,B2017-04931
4932,4932,709092.3034859877,0.6637971036541395,-0.514381941287839,5,B2022-04932
4933,4933,975279.2686261107,0.5264794729515851,0.0319934281456929,2,B2022-04933
4934,4934,140745.13925729442,0.7305981748944705,-0.4784188639617198,4,B2023-04934
4935,4935,250000.0,0.7501933278660482,-0.3863119560453569,4,B2024-04935
4936,4936,200000.0,0.6976273046719075,-0.2653173473877561,4,B2024-04936
4937,4937,238645.30225782955,0.6638743817225052,-0.0017345469574285,3,B2021-04937
4938,4938,7955030.556053812,0.2401604553517425,0.0289453844223227,2,B2019-04938
4939,4939,1703859.9846977815,0.6604196671437214,0.4509703592067703,0,B2018-04939
4940,4940,256147.0403587444,0.630152056733612,0.5316679245508222,0,B2019-04940
4941,4941,1246080.7174887892,0.6515364943183027,0.4031051324182623,0,B2019-04941
4942,4942,919655.172413793,0.6425055494409292,-0.078615479649314,6,B2023-04942
4943,4943,1225000.0,0.4263031119144178,-0.0071509614230869,2,B2024-04943
4944,4944,400000.0,0.6100331603487185,0.0445512685996447,3,B2024-04944
4945,4945,786029.3442379182,0.4759982481381627,0.6409039583227969,0,B2020-04945
4946,4946,981796.4804896712,0.5184550642816388,0.0544910528473601,6,B2018-04946
4947,4947,184551.30111524163,0.6048715140973143,0.106548578367306,3,B2020-04947
4948,4948,762298.8235294118,0.3624300999226956,0.1533168865268611,2,B2017-04948
4949,4949,189304.7058823529,0.5169908685032325,0.1256356164028238,3,B2017-04949
4950,4950,268941.17647058825,0.5169908685032325,0.1256356164028238,3,B2017-04950
4951,4951,187967.3848508034,0.4803513575973013,0.2727813518671467,3,B2018-04951
4952,4952,234704.9647058824,0.4399239898387317,0.1492769580133087,3,B2017-04952
4953,4953,268343.5294117647,0.5169908685032325,0.1256356164028238,3,B2017-04953
4954,4954,233811.0799726589,0.617388281090751,0.13892565690214,3,B2022-04954
4955,4955,1484072.8996282527,0.5009800184526174,0.6192858463707475,0,B2020-04955
4956,4956,184520.1793721973,0.5013820038583644,0.6024579968155604,0,B2019-04956
4957,4957,188069.531598513,0.6323657308685523,0.0782492641594373,3,B2020-04957
4958,4958,234277.64705882352,0.5077566047541481,0.1263887868304671,3,B2017-04958
4959,4959,245457.399103139,0.5366501502168891,0.0950186269771903,3,B2019-04959
4960,4960,174223.5133287765,0.6804438780972852,-0.3052579271219904,4,B2022-04960
4961,4961,226209.64039785773,0.5119558664985591,0.6038213833736831,0,B2018-04961
4962,4962,192773.87267904507,0.7056432430885519,-0.4062595522219543,4,B2023-04962
4963,4963,275252.8232593727,0.5387702407076591,0.5832956854078023,0,B2018-04963
4964,4964,189501.0196649672,0.5727218179279613,0.5826113444126879,0,B2021-04964
4965,4965,189454.11764705885,0.4399239898387317,0.1492769580133087,3,B2017-04965
4966,4966,167341.17647058822,0.4367519327065188,0.1913758949695626,3,B2017-04966
4967,4967,2032000.0,0.0,0.0,2,B2017-04967
4968,4968,656474.3687834737,0.540333121350467,0.0849647638050003,6,B2018-04968
4969,4969,216702.6022304833,0.5782360678520867,0.4970525162707923,0,B2020-04969
4970,4970,803573.9910313901,0.5153061453094562,-0.1123807042459959,6,B2019-04970
4971,4971,1022423.7867395764,0.5538883035449308,-0.406757824245089,5,B2022-04971
4972,4972,228582.5095638868,0.6117504233583578,0.5006513756532062,0,B2018-04972
4973,4973,234381.4080656186,0.5695348233820465,0.5896784270501348,0,B2022-04973
4974,4974,1642727.204374573,0.4784928254090229,0.07801892204225,6,B2022-04974
4975,4975,1192572.4907063197,0.4142218201180992,0.1606788551008379,2,B2020-04975
4976,4976,1518723.520179372,0.5170270110802196,0.6298714670098647,0,B2019-04976
4977,4977,657411.7647058824,0.2967971000129539,0.015659246094959,2,B2017-04977
4978,4978,836705.8823529412,0.1242423495949364,0.0318745281360339,2,B2017-04978
4979,4979,906468.4014869888,0.6022318146206468,-0.0062093691087752,6,B2020-04979
4980,4980,307044.6059678654,0.5159926455140537,0.3018564181044322,3,B2018-04980
4981,4981,791414.420975965,0.537793658713558,0.60278726539142,0,B2021-04981
4982,4982,190170.5967865341,0.5044339281695098,0.1411063574689394,3,B2018-04982
4983,4983,947569.411764706,0.3151546798186864,0.0218694820087382,2,B2017-04983
4984,4984,292249.4117647059,0.4509890030288788,0.2587690778819166,3,B2017-04984
4985,4985,1397194.3381790365,0.5308827973291862,0.5949805532246772,0,B2018-04985
4986,4986,212224.08178438665,0.5734033401165145,0.0461419670108723,3,B2020-04986
4987,4987,185398.62280030607,0.5911147006672071,0.0452831561436699,3,B2018-04987
4988,4988,6932705.882352942,0.2164054803667627,0.1870601503716165,2,B2017-04988
4989,4989,129644.16951469584,0.6753013626341223,-0.470699985519757,4,B2022-04989
4990,4990,1116436.7737525632,0.409518963120618,0.1789809155870082,2,B2022-04990
4991,4991,184976.20817843865,0.6693062417073524,0.4653975596268299,0,B2020-04991
4992,4992,1088808.091769847,0.5313103600446603,0.5300159304922063,0,B2021-04992
4993,4993,256266.63677130043,0.6812788732610574,0.1267196633736474,3,B2019-04993
4994,4994,1938578.2023529413,0.3818682127228489,0.1559916390552182,2,B2017-04994
4995,4995,1368791.0588235294,0.4501261987415248,0.0178162507857325,2,B2017-04995
4996,4996,866707.7647058824,0.4588304417723681,0.5103512933842927,0,B2017-04996
4997,4997,202122.0159151193,0.5343434763646415,0.1903265823554431,3,B2023-04997
4998,4998,262356.5416985463,0.5915039858183873,0.4687337584429972,0,B2018-04998
4999,4999,916179.7085201794,0.5321330495049114,0.5861843866996358,0,B2019-04999
5000,5000,944775.0573833208,0.4444117070606694,0.0386487470138175,6,B2018-05000
5001,5001,610155.8355437666,0.6042027013778988,-0.5570467243266614,5,B2023-05001
5002,5002,685837.8978779841,0.7054837696749281,-0.5269037867498314,5,B2023-05002
5003,5003,158344.91379310345,0.7080681536349488,-0.5174146175425169,4,B2023-05003
5004,5004,268941.17647058825,0.6675697189598442,0.1034556192165574,3,B2017-05004
5005,5005,174449.843866171,0.6174821447314893,0.0976560507615793,3,B2020-05005
5006,5006,172965.50185873607,0.6775424393894914,0.5505834934364202,0,B2020-05006
5007,5007,268941.17647058825,0.4336690566217611,0.2028194533163025,3,B2017-05007
5008,5008,813567.6358071922,0.4014354536655218,-0.015522413247864,6,B2018-05008
5009,5009,478117.6470588236,0.5020152872592055,0.0517031231444673,6,B2017-05009
5010,5010,815170.0371747211,0.5758807267104298,0.1133795602471273,6,B2020-05010
5011,5011,173808.2938026014,0.5914626882351222,0.043405680024951,3,B2018-05011
5012,5012,1120789.2376681613,0.4585460482715513,0.6335370821805687,0,B2019-05012
5013,5013,1011485.987696514,0.5853572976760135,-0.0867362612078438,6,B2022-05013
5014,5014,1075377.4572490703,0.4388237436835239,0.0046134289470113,6,B2020-05014
5015,5015,704750.0,0.667561036198502,-0.5072739301938641,5,B2024-05015
5016,5016,161100.0,0.7303780098768321,-0.4389450619774593,4,B2024-05016
5017,5017,800000.0,0.7308393344675534,-0.4941700263066624,5,B2024-05017
5018,5018,185981.637337414,0.6048715140973143,0.106548578367306,3,B2018-05018
5019,5019,1147482.3529411764,0.3749233466020735,-0.0553004749637525,2,B2017-05019
5020,5020,643542.6008968609,0.6597599443771067,0.4426480437242369,0,B2019-05020
5021,5021,669974.305882353,0.4377782987316959,0.0907500390422442,2,B2017-05021
5022,5022,540870.5882352941,0.4310006657197527,0.0203382317353247,6,B2017-05022
5023,5023,163234.865470852,0.6048912193908398,0.0857420461135265,3,B2019-05023
5024,5024,1379004.2846212704,0.4024762184457421,0.1582728275467171,2,B2018-05024
5025,5025,746817.2932330827,0.7211177962406472,-0.1566858037244413,5,B2022-05025
5026,5026,227105.8823529412,0.5180272730667485,0.0980236155974394,3,B2017-05026
5027,5027,828637.6470588235,0.3561572170573065,-0.0869464009581905,2,B2017-05027
5028,5028,800000.0,0.697265211730884,-0.4968057878145477,5,B2024-05028
5029,5029,850000.0,0.6546282619478241,-0.0816107934733336,6,B2024-05029
5030,5030,230000.0,0.6989279802644122,-0.4809616541853391,4,B2025-05030
5031,5031,760975.0,0.7108121681223034,-0.484429740412526,5,B2025-05031
5032,5032,749210.5878332194,0.713057776662943,-0.1706873497919945,5,B2022-05032
5033,5033,254377.69516728623,0.5490972373537477,0.6242756963582974,0,B2020-05033
5034,5034,282995.2563121653,0.5535344821741532,0.3221232335148387,3,B2018-05034
5035,5035,172660.97060833903,0.7152366135284594,-0.375378257096642,4,B2022-05035
5036,5036,879190.7040328094,0.5508681510140115,0.0002477091417304,6,B2022-05036
5037,5037,172660.97060833903,0.7152366135284594,-0.375378257096642,4,B2022-05037
5038,5038,195838.6876281613,0.5909331803866905,0.5917715728780062,0,B2022-05038
5039,5039,210422.4196855776,0.5912806547514614,0.6001134213383037,0,B2022-05039
5040,5040,300000.0,0.6532004112307479,-0.2563486460344302,4,B2024-05040
5041,5041,160328.9977046672,0.4654323165341921,0.0577390574186869,3,B2018-05041
5042,5042,1014445.2945677123,0.417098572388562,-0.0587543540055491,2,B2018-05042
5043,5043,238292.61667941857,0.6809643405735275,0.5453086778114348,0,B2018-05043
5044,5044,250000.0,0.7160289940148592,-0.4218818105703982,4,B2024-05044
5045,5045,565676.3594164456,0.6460073897520421,-0.578957010593723,5,B2023-05045
5046,5046,1146206.5799540936,0.5962723547066685,0.3806895966367427,0,B2018-05046
5047,5047,1354704.517647059,0.3839498417660584,0.0779497346341519,2,B2017-05047
5048,5048,194726.85539403217,0.6565333512382008,0.5428783337029996,0,B2018-05048
5049,5049,179294.11764705885,0.5075686746492434,0.0952562675376384,3,B2017-05049
5050,5050,806017.5975516451,0.418531768328123,0.0190527294747055,2,B2018-05050
5051,5051,216006.88599846984,0.5146151724250291,0.5948379583894905,0,B2018-05051
5052,5052,1272390.5882352942,0.5565343429929163,0.067005735643859,6,B2017-05052
5053,5053,1231931.4493809177,0.604426803311268,-0.0096858650977705,2,B2021-05053
5054,5054,167452.49487354752,0.4391072109135892,0.1325021128718952,3,B2022-05054
5055,5055,300000.0,0.6932948996904753,-0.4583401167449551,4,B2024-05055
5056,5056,300000.0,0.7528902909606295,-0.4305125921150601,4,B2024-05056
5057,5057,11660.290742157616,0.2892742593068252,-0.0363015730611744,2,B2018-05057
5058,5058,232053.2194121668,0.6871649446961559,-0.3659596872376742,4,B2022-05058
5059,5059,241780.99053168244,0.5629808635001008,0.0306716587106872,3,B2021-05059
5060,5060,721952.030075188,0.6495898330818299,-0.4789342845068969,5,B2022-05060
5061,5061,1272987.194960212,0.5594330338290817,0.3637484751795574,0,B2023-05061
5062,5062,1027952.9411764706,0.3987329815370888,0.1347345810261895,2,B2017-05062
5063,5063,1430771.7488789237,0.4298294069834035,0.1208016956039906,2,B2019-05063
5064,5064,288047.0772762051,0.4399239898387317,0.1492769580133087,3,B2018-05064
5065,5065,825715.5207574654,0.649413732634403,-0.5029691388908599,5,B2021-05065
5066,5066,739402.3565416987,0.5859673772839306,0.2691064152736689,0,B2018-05066
5067,5067,750939.067734887,0.604752811204646,-0.0223923374975882,6,B2021-05067
5068,5068,297133.3588370314,0.7093386171300728,0.4988572986319626,0,B2018-05068
5069,5069,1307522.7272727273,0.6395077895281663,-0.2591064870640279,5,B2022-05069
5070,5070,249742.30881281864,0.685309142517321,-0.4342660428618838,4,B2021-05070
5071,5071,711331.9480519481,0.5959188225103451,-0.3189980985551472,5,B2022-05071
5072,5072,175955.33151059467,0.6511694961088592,-0.2189260169260004,4,B2022-05072
5073,5073,748166.2884483937,0.6279041642175456,-0.3008788530131094,5,B2022-05073
5074,5074,560421.2565055762,0.5062375227746199,0.0090159238870056,6,B2020-05074
5075,5075,249464.8142753096,0.6462063677073957,0.0174294665487308,3,B2021-05075
5076,5076,179294.11764705885,0.4731478015826402,0.1643781835611952,3,B2017-05076
5077,5077,1016000.0,0.6678240606001344,0.4595232815688669,0,B2017-05077
5078,5078,704573.0680948739,0.3931629119780412,0.0516451723178274,2,B2018-05078
5079,5079,1037631.782708493,0.5412917213734597,0.5909651742732159,0,B2018-05079
5080,5080,932150.1176470588,0.3530904682384053,0.1498607871923794,2,B2017-05080
5081,5081,757335.883703137,0.5795419984163344,0.0015771789226596,6,B2018-05081
5082,5082,866942.6166794187,0.6329284238930599,-0.0062173985488753,6,B2018-05082
5083,5083,262356.5416985463,0.701172291419619,0.5175126371010493,0,B2018-05083
5084,5084,1242156.197398623,0.3565046022761156,0.0181106595640103,2,B2018-05084
5085,5085,1269805.6618209642,0.3620267725525483,0.1372147792258225,2,B2018-05085
5086,5086,733874.2310321258,0.6793857362323804,-0.5103104040097453,5,B2022-05086
5087,5087,1084239.3411764705,0.5117321780087261,0.0556570018707305,6,B2017-05087
5088,5088,975383.3205814844,0.5970546493073207,0.3530767800072373,0,B2018-05088
5089,5089,1207131.5990818671,0.3229356347966858,0.1100515665328133,2,B2018-05089
5090,5090,1166308.2352941176,0.3428359495378108,0.139069303528638,2,B2017-05090
5091,5091,861508.2352941177,0.3882183402633835,0.1443461953606585,6,B2017-05091
5092,5092,247781.1782708493,0.466561657786485,0.1615278241401939,3,B2018-05092
5093,5093,237869.9311400153,0.5309987360586479,0.637015360661042,0,B2018-05093
5094,5094,176244.4019138756,0.7260405264944604,-0.4547115962689713,4,B2022-05094
5095,5095,1500743.4200743495,0.5394570960703385,0.5648940749536648,0,B2020-05095
5096,5096,249745.0837581937,0.6263014028021803,0.5797296234233791,0,B2021-05096
5097,5097,268883.8023529412,0.458486787893799,0.155463056896724,3,B2017-05097
5098,5098,275164.2050497323,0.5773293852425775,0.0650388055942673,3,B2018-05098
5099,5099,126480.6691449814,0.5554858649017874,0.5329192738347162,0,B2020-05099
5100,5100,254944.2379182156,0.5748741096029844,0.1101310440014372,3,B2020-05100
5101,5101,187214.05204460965,0.6276243666874273,0.4909032365297746,0,B2020-05101
5102,5102,1366816.1434977578,0.4647533233939606,0.5943237034644498,0,B2019-05102
5103,5103,807067.0237184394,0.4038752051756749,0.0658129682960058,2,B2018-05103
5104,5104,990417.7033492824,0.6246902585582266,-0.4743521406998803,5,B2022-05104
5105,5105,2643382.2748806365,0.5053249284302882,-0.0341835258421393,2,B2023-05105
5106,5106,798678.0861244019,0.5061625428236883,0.4960959816779493,0,B2022-05106
5107,5107,255708.5201793722,0.5537619255884495,0.6317333209512204,0,B2019-05107
5108,5108,821525.7842387147,0.3787042214932653,0.0206762316515486,2,B2018-05108
5109,5109,260899.00535577664,0.5243489725998105,0.2050004177798386,3,B2018-05109
5110,5110,252748.46212700848,0.6323657308685523,0.0782492641594373,3,B2018-05110
5111,5111,213909.83529411769,0.5271096238537554,0.2356371118292235,3,B2017-05111
5112,5112,832223.5294117647,0.3403378370497344,0.0772484984569466,2,B2017-05112
5113,5113,1363968.6098654708,0.3395160827948404,0.1697732136264741,2,B2019-05113
5114,5114,249745.0837581937,0.641300724914014,-0.2817488636023049,4,B2021-05114
5115,5115,837880.8564705882,0.4565388603665676,0.0767751646424246,6,B2017-05115
5116,5116,804731.7647058824,0.3749716518086368,-0.0224546079980804,2,B2017-05116
5117,5117,264779.8408488064,0.5982864879113631,0.0514549716372337,3,B2023-05117
5118,5118,191940.32941176472,0.503737652151579,0.1474481085488102,3,B2017-05118
5119,5119,765701.7937219731,0.6302712917791864,0.4065628803515743,0,B2019-05119
5120,5120,198473.0941704036,0.5793287027746379,0.5855887869961456,0,B2019-05120
5121,5121,172208.41411764707,0.4868667875521668,0.084793782254419,3,B2017-05121
5122,5122,310776.4705882353,0.3963912713813902,0.1062757609286124,3,B2017-05122
5123,5123,549835.2941176471,0.4484985484225908,0.2062715896036554,2,B2017-05123
5124,5124,269192.18823529413,0.458486787893799,0.155463056896724,3,B2017-05124
5125,5125,224314.84315225712,0.6323657308685523,0.0782492641594373,3,B2018-05125
5126,5126,2500000.0,0.6408178350755737,-0.4266562448470328,5,B2025-05126
5127,5127,233602.5198938992,0.7177708848613427,-0.4972243356280444,4,B2023-05127
5128,5128,256689.41176470587,0.5180997649691212,0.6185922602228714,0,B2017-05128
5129,5129,232928.25112107623,0.6543471207260423,0.5638092993286888,0,B2019-05129
5130,5130,1016000.0,0.4151347157488532,0.1165925167743541,2,B2017-05130
5131,5131,2000000.0,0.7317054639100259,-0.5284690601637948,5,B2025-05131
5132,5132,894344.2999234891,0.4925326042155924,0.5622119530173915,0,B2018-05132
5133,5133,912709.2578423872,0.4925326042155924,0.5622119530173915,0,B2018-05133
5134,5134,50530503.97877984,0.2271156239005301,-0.0042131357658498,7,B2023-05134
5135,5135,200000.0,0.7446192011407862,-0.5069678788369529,4,B2025-05135
5136,5136,181180.3717472119,0.6638743817225052,-0.0017345469574285,3,B2020-05136
5137,5137,181659.1003717472,0.539699126017459,0.0315693793228246,3,B2020-05137
5138,5138,262541.5762081784,0.6655985251020157,0.4764091968665668,0,B2020-05138
5139,5139,190630.9865470852,0.6374143702112487,0.0842264615787983,3,B2019-05139
5140,5140,204395.29411764705,0.4731478015826402,0.1643781835611952,3,B2017-05140
5141,5141,845662.586074981,0.6523859774936497,0.3349717627768302,0,B2018-05141
5142,5142,231625.3382899628,0.6174821447314893,0.0976560507615793,3,B2020-05142
5143,5143,254882.73542600896,0.6655985251020157,0.4764091968665668,0,B2019-05143
5144,5144,837303.5294117647,0.4295563498563439,0.0287338513683621,6,B2017-05144
5145,5145,342299.17040358746,0.5992861412570721,0.1225911920373367,3,B2019-05145
5146,5146,220484.52914798204,0.5917758520617858,0.5063927325116987,0,B2019-05146
5147,5147,255665.8071748879,0.5944027838244943,0.5596813685950477,0,B2019-05147
5148,5148,256278.0269058296,0.6323657308685523,0.0782492641594373,3,B2019-05148
5149,5149,800000.0,0.6812205775985786,-0.5044774015692272,5,B2025-05149
5150,5150,1465384.6153846153,0.3312980656431254,0.1385331812878183,2,B2023-05150
5151,5151,800000.0,0.5553600217081227,-0.0738837132093171,6,B2024-05151
5152,5152,300000.0,0.7306979285363013,-0.435434356009281,4,B2024-05152
5153,5153,869857.6893649581,0.5987786564212088,0.0188823819332338,6,B2018-05153
5154,5154,198807.9571537873,0.6048715140973143,0.106548578367306,3,B2018-05154
5155,5155,1295400.0,0.3948539583716919,0.202799652236155,2,B2017-05155
5156,5156,932955.1948051949,0.567719876205925,-0.4139425685349185,5,B2022-05156
5157,5157,868189.8541114058,0.5174237242760555,0.4565477657693357,0,B2023-05157
5158,5158,733509.6377306904,0.7084117336636562,-0.4570219070265366,5,B2022-05158
5159,5159,1525075.7647058824,0.5973304656613923,0.0090702195359229,6,B2017-05159
5160,5160,892886.7635807194,0.4925326042155924,0.5622119530173915,0,B2018-05160
5161,5161,313200.0,0.7122606328125471,-0.3924336227487333,4,B2024-05161
5162,5162,229838.3228768172,0.5387702407076591,0.5832956854078023,0,B2018-05162
5163,5163,717450.0,0.6552141614206729,-0.5094983606633963,5,B2024-05163
5164,5164,334516.8609865471,0.548034737058715,0.6110212189588924,0,B2019-05164
5165,5165,182084.00743494424,0.6323657308685523,0.0782492641594373,3,B2020-05165
5166,5166,220578.94736842107,0.7744897591387766,-0.1306429445113938,4,B2022-05166
5167,5167,926054.1176470588,0.409111907970992,0.0140963775610796,2,B2017-05167
5168,5168,1000000.0,0.6812205775985786,-0.5044774015692272,5,B2024-05168
5169,5169,1398494.1176470588,0.4564303717647796,0.015534492792085,6,B2017-05169
5170,5170,826585.099111415,0.5758607631106724,-0.4472975556684944,5,B2022-05170
5171,5171,833356.1175666439,0.3175848900797969,0.1238589372007555,2,B2022-05171
5172,5172,630118.7901572112,0.5364729804517786,0.0307942636414169,6,B2022-05172
5173,5173,734915.9261790841,0.5503959777390549,0.1184930517411671,6,B2022-05173
5174,5174,757667.0588235294,0.3125278793683239,0.0528085730628179,2,B2017-05174
5175,5175,289482.3058823529,0.4101278444021285,0.105122435414211,3,B2017-05175
5176,5176,1364911.9628252788,0.4647533233939606,0.5943237034644498,0,B2020-05176
5177,5177,778563.899204244,0.6786377137167867,-0.4995125495147612,5,B2023-05177
5178,5178,800000.0,0.6499570175339706,-0.5527954241415471,5,B2024-05178
5179,5179,712480.1061007958,0.6752968496696785,-0.4814029865098971,5,B2023-05179
5180,5180,692267.9045092838,0.3990171286566466,-0.0048281061951518,2,B2023-05180
5181,5181,784551.7639257294,0.7273277555772415,-0.1462287989677322,5,B2023-05181
5182,5182,638585.8823529412,0.3565046022761156,0.0181106595640103,2,B2017-05182
5183,5183,554989.0750182082,0.2637009328214671,0.1245261290813677,2,B2021-05183
5184,5184,1045284.705882353,0.4379859854981782,0.041400570907523,6,B2017-05184
5185,5185,750223.6363636364,0.5807362672320028,-0.0394610127504636,2,B2022-05185
5186,5186,758874.9145591251,0.6612990328317541,-0.5316320226047803,5,B2022-05186
5187,5187,258103.4506503444,0.5119919551346261,0.2148688891508966,3,B2018-05187
5188,5188,1176169.4117647058,0.4424884073862259,0.0182164848245087,2,B2017-05188
5189,5189,1318927.5516449888,0.4785415069997352,0.2464382848596615,2,B2018-05189
5190,5190,184256.3729060452,0.7319251807030168,-0.4041261065233621,4,B2021-05190
5191,5191,203179.68,0.466561657786485,0.1615278241401939,3,B2017-05191
5192,5192,128263.19816373376,0.6033701595422377,0.5661711025088644,0,B2018-05192
5193,5193,840539.1905882353,0.3542703540357029,0.1290193465647197,2,B2017-05193
5194,5194,268343.5294117647,0.5271096238537554,0.2356371118292235,3,B2017-05194
5195,5195,850000.0,0.6217000773185865,-0.4955079794473762,5,B2025-05195
5196,5196,256278.0269058296,0.6214216260520271,0.0336594618987895,3,B2019-05196
5197,5197,256278.0269058296,0.656542526577851,0.0688576524863803,3,B2019-05197
5198,5198,183744.07161803712,0.7260405264944604,-0.4547115962689713,4,B2023-05198
5199,5199,271262.0887528692,0.426504829791942,0.1802538577628268,3,B2018-05199
5200,5200,590282.5,0.7101983816062537,-0.5117615616008382,5,B2024-05200
5201,5201,204055.08798775828,0.6855391671639383,0.4945743633798982,0,B2018-05201
5202,5202,856625.6372906044,0.6078503279431337,-0.1599167220974266,6,B2021-05202
5203,5203,1212220.6950672646,0.5169493210795575,0.6064668853009656,0,B2019-05203
5204,5204,248947.20734506508,0.5439713256796135,0.1127682284813882,3,B2018-05204
5205,5205,729009.8823529412,0.3428359495378108,0.139069303528638,2,B2017-05205
5206,5206,166707.67058823528,0.4509890030288788,0.2587690778819166,3,B2017-05206
5207,5207,834912.9411764706,0.4486385598255847,-0.0946058672176972,2,B2017-05207
5208,5208,272559.29609793425,0.6503042778672002,0.5532605049028145,0,B2018-05208
5209,5209,1330046.2400530505,0.4423706864732621,0.0209215106549735,2,B2023-05209
5210,5210,1456128.1784386616,0.4751783149457063,0.5904454312375998,0,B2020-05210
5211,5211,244817.1529411765,0.5452278751078465,0.555138614746383,0,B2017-05211
5212,5212,800000.0,0.699796280213118,-0.4844280190421711,5,B2024-05212
5213,5213,821175.97551645,0.5996110194019529,0.5097269176692436,0,B2018-05213
5214,5214,183665.9192825112,0.5450944267008012,0.6302404172551563,0,B2019-05214
5215,5215,1248875.439938791,0.5642622738764717,0.1619911130370861,6,B2018-05215
5216,5216,756874.4394618834,0.4028757311384764,0.5598546453381665,0,B2019-05216
5217,5217,896582.9820627802,0.4625892808335339,-0.0913177655261099,6,B2019-05217
5218,5218,1268505.8823529412,0.5041910387426997,-0.0362170944081249,6,B2017-05218
5219,5219,833127.7735271616,0.5845482944952448,0.5047593565709529,0,B2018-05219
5220,5220,226606.0902830911,0.5841708557966057,0.5758438484810371,0,B2018-05220
5221,5221,981009.4108645756,0.4113230583302501,0.0750863086112685,2,B2018-05221
5222,5222,1046906.72,0.1251254326733402,0.081223131529911,2,B2017-05222
5223,5223,234381.4080656186,0.6706799095304546,-0.4853033707370423,4,B2022-05223
5224,5224,1319567.3274094327,0.6662821707168373,-0.4902583880983293,5,B2022-05224
5225,5225,192026.21995630005,0.6594704648550449,-0.1121903308581462,3,B2021-05225
5226,5226,216348.23529411765,0.6953130741671677,0.4999552961748852,0,B2017-05226
5227,5227,833593.5906773488,0.6801809768112015,-0.4877487292267135,5,B2021-05227
5228,5228,703990.053557766,0.3466067002802641,0.5925485793275733,0,B2018-05228
5229,5229,326392.06838196283,0.3041396413958704,0.200670448700535,2,B2023-05229
5230,5230,2048435.294117647,0.3140139512278104,0.1564368417176161,2,B2017-05230
5231,5231,216412.55605381168,0.6213111833976228,0.0936712394025837,3,B2019-05231
5232,5232,890846.2127008418,0.3877754291676605,0.3020493731650456,6,B2018-05232
5233,5233,179891.76470588235,0.458486787893799,0.155463056896724,3,B2017-05233
5234,5234,167341.17647058822,0.458486787893799,0.155463056896724,3,B2017-05234
5235,5235,268612.4705882353,0.4347365133028813,0.1516062960222317,3,B2017-05235
5236,5236,213957.64705882352,0.5038329798222004,0.2395060379765904,3,B2017-05236
5237,5237,277806.42693190515,0.5566570030154518,0.4716549684509306,0,B2018-05237
5238,5238,155081.86687069628,0.5109856340989385,0.5998514132329775,0,B2018-05238
5239,5239,190916.2418062637,0.5948329375357558,0.5028962572715094,0,B2021-05239
5240,5240,800723.1970260222,0.4956672085880246,0.6355365496120093,0,B2020-05240
5241,5241,1069619.058295964,0.5381047679988732,-0.0789449743944936,6,B2019-05241
5242,5242,1008026.9058295964,0.266446112572119,0.1061246515171748,2,B2019-05242
5243,5243,1089326.6575529734,0.5544704716332899,-0.0056713032908414,2,B2022-05243
5244,5244,1700000.0,0.4891454339693681,-0.0614781914225587,6,B2024-05244
5245,5245,1735433.75464684,0.4737471750076213,0.5747939330434523,0,B2020-05245
5246,5246,869558.1412639405,0.5908175926029149,0.0063583208599004,6,B2020-05246
5247,5247,185398.62280030607,0.5513557027277676,0.6408494621667999,0,B2018-05247
5248,5248,1008881.1659192824,0.5652403805409663,0.0159119428106617,6,B2019-05248
5249,5249,869857.6893649581,0.3690142610253719,0.1453114722864298,2,B2018-05249
5250,5250,201461.0342316096,0.5767772566639394,0.1701608513138131,3,B2021-05250
5251,5251,821376.6233766234,0.6053595192248321,-0.2709532689707601,5,B2022-05251
5252,5252,747937.115516063,0.6284355192043639,-0.2552569489283773,5,B2022-05252
5253,5253,254094.42379182155,0.6728817246341765,0.4761903599234479,0,B2020-05253
5254,5254,841598.2211764706,0.4036766142710425,0.132530189384659,2,B2017-05254
5255,5255,233680.0,0.5075686746492434,0.0952562675376384,3,B2017-05255
5256,5256,735466.4323607427,0.6087568155710761,-0.0664672883454562,6,B2023-05256
5257,5257,736505.5762081784,0.5481292513295879,0.0578627080233917,6,B2020-05257
5258,5258,687214.8541114058,0.4997055415776549,0.1915861600516332,0,B2023-05258
5259,5259,131576.5140123035,0.7087670551354628,-0.4499132881739918,4,B2022-05259
5260,5260,588500.0,0.688286263733614,-0.5067567703411175,5,B2024-05260
5261,5261,220386.2665782493,0.7395214474112579,-0.415679679955626,4,B2023-05261
5262,5262,718000.5636604774,0.6539062448043887,-0.5555955477240713,5,B2023-05262
5263,5263,1169953.861927546,0.5030524632099068,0.5990324620620828,0,B2022-05263
5264,5264,307831.675592961,0.5098668609287312,0.2455367713619832,3,B2018-05264
5265,5265,1690922.4215246637,0.5980834297242875,0.4727468597990005,0,B2019-05265
5266,5266,249745.0837581937,0.6638743817225052,-0.0017345469574285,3,B2021-05266
5267,5267,192875.78423871467,0.6452553744237818,0.4959887312193959,0,B2018-05267
5268,5268,283271.375464684,0.3415388493982315,0.2241092240421858,2,B2020-05268
5269,5269,6856000.0,0.3284685433031133,-0.010524451841972,2,B2024-05269
5270,5270,6312875.0,0.2260287302035079,0.1549948213606068,2,B2024-05270
5271,5271,3333424.4702665755,0.3223164648156103,0.0679273357523157,2,B2022-05271
5272,5272,15409962.82527881,0.3072554561940147,0.1174371142036803,7,B2020-05272
5273,5273,8824326.292789511,0.3397925160117874,0.0695077950634807,2,B2021-05273
5274,5274,154170.88174982913,0.5456031981094454,0.0268881689585226,3,B2022-05274
5275,5275,85426.00896860987,0.2214365351049807,-0.0166418551625095,2,B2019-05275
5276,5276,694291.3328477786,0.6123809810228209,-0.3360795357511858,5,B2021-05276
5277,5277,185942.58373205745,0.7360735906434729,0.0090124892595516,4,B2022-05277
5278,5278,180393.899204244,0.745646317627833,-0.0001148040100278,4,B2023-05278
5279,5279,1148125.5605381166,0.6264027485629085,0.3969369571860943,0,B2019-05279
5280,5280,640979.8206278026,0.6195530328668352,-0.0329652695155748,6,B2019-05280
5281,5281,201183.5396941005,0.6937256027690346,-0.4331501161109857,4,B2021-05281
5282,5282,1373735.4750512645,0.6841115669457625,-0.5271136457084027,5,B2022-05282
5283,5283,234381.4080656186,0.7554762114351192,-0.1091058257501702,4,B2022-05283
5284,5284,1075764.705882353,0.4791642052505798,0.0492167540099885,6,B2017-05284
5285,5285,184520.1793721973,0.5988582249111908,0.5407669218038234,0,B2019-05285
5286,5286,396449.8852333589,0.42584897954368,0.1806371642152725,3,B2018-05286
5287,5287,256278.0269058296,0.5765364726224406,0.595919570996468,0,B2019-05287
5288,5288,211567.05882352943,0.458486787893799,0.155463056896724,3,B2017-05288
5289,5289,1900000.0,0.595675579479866,-0.0417888022079144,6,B2024-05289
5290,5290,242650.6503443,0.5439713256796135,0.1127682284813882,3,B2018-05290
5291,5291,249816.4705882353,0.5145187624485492,0.2172230973149134,3,B2017-05291
5292,5292,234120.984278879,0.7379840648817387,-0.3925899380926692,4,B2022-05292
5293,5293,228656.95067264573,0.6314731313397989,0.5769489949279979,0,B2019-05293
5294,5294,256278.0269058296,0.5764892329905777,0.5900059519259546,0,B2019-05294
5295,5295,204395.29411764705,0.6323657308685523,0.0782492641594373,3,B2017-05295
5296,5296,230873.7566947208,0.3626017659517496,0.572801054815516,0,B2018-05296
5297,5297,268044.7058823529,0.5169908685032325,0.1256356164028238,3,B2017-05297
5298,5298,437511.9617224881,0.3491711494591339,0.2339005278724359,2,B2022-05298
5299,5299,1020781.1764705882,0.5301923465828783,0.2338059048308935,6,B2017-05299
5300,5300,182426.7657992565,0.5753700832322831,0.0623655126855266,3,B2020-05300
5301,5301,743460.1377199695,0.4274730209410455,0.4178030968766479,0,B2018-05301
5302,5302,3137244.6274777856,0.5351965991598391,0.4937807478382454,0,B2022-05302
5303,5303,182868.9002184996,0.6929562238549947,-0.4947748887188682,4,B2021-05303
5304,5304,872769.0582959641,0.5832302871387754,-0.0473600754024412,6,B2019-05304
5305,5305,249745.0837581937,0.5552689356483955,0.6329747234846165,0,B2021-05305
5306,5306,702338.6744355425,0.5783938576625006,-0.0141331194020185,6,B2021-05306
5307,5307,500000.0,0.2621941762834892,0.1295288510670535,2,B2024-05307
5308,5308,500000.0,0.5808563192702454,0.0069793534297171,3,B2024-05308
5309,5309,2963731.7647058824,0.3464978399513645,0.0369269831850083,2,B2017-05309
5310,5310,1402677.6470588236,0.4431554569539189,0.1399409010176183,2,B2017-05310
5311,5311,300000.0,0.5548195091795706,0.0251708420585982,3,B2025-05311
5312,5312,1048987.012987013,0.7439849788433802,-0.1654234729016602,5,B2022-05312
5313,5313,742469.0130068861,0.6193906878439035,0.4757260675542545,0,B2018-05313
5314,5314,632721.9730941703,0.6523243835153127,0.489614816319383,0,B2019-05314
5315,5315,172560.53811659192,0.6562390803731459,0.4609298829930338,0,B2019-05315
5316,5316,1117662.6457399102,0.5914248480084906,-0.0412933804334848,6,B2019-05316
5317,5317,665181.1764705882,0.357029072563741,0.0511557063759644,2,B2017-05317
5318,5318,1136536.0986547086,0.5982674587791745,0.1265983146824294,6,B2019-05318
5319,5319,526462.1270084163,0.3732272404703309,0.1119877944072836,2,B2018-05319
5320,5320,300000.0,0.5767127130673695,0.0525310137281204,3,B2024-05320
5321,5321,731269.99316473,0.6085085286228127,-0.3199214498167744,5,B2022-05321
5322,5322,797692.1933085502,0.5668859955673965,0.0426989338545282,6,B2020-05322
5323,5323,1115175.377984085,0.6053517652322931,-0.4641694348885118,5,B2023-05323
5324,5324,955575.33632287,0.4472551928752034,0.5113094804619643,0,B2019-05324
5325,5325,155918.32535885167,0.7260405264944604,-0.4547115962689713,4,B2022-05325
5326,5326,192192.75461380725,0.6921026707735006,-0.4197721960125948,4,B2022-05326
5327,5327,706762.0817843865,0.5325428413249238,0.0438934014228986,6,B2020-05327
5328,5328,181900.5355776588,0.5841390754385852,0.5589613739598781,0,B2018-05328
5329,5329,737504.6442234125,0.5637349761941629,-0.0317688873290653,6,B2018-05329
5330,5330,193474.3494423792,0.5971651604844381,-0.0186651532183708,3,B2020-05330
5331,5331,855515.659140568,0.5933235118445581,-0.0143078969409736,6,B2021-05331
5332,5332,894295.2836637048,0.5413302224860812,0.0484445044436327,6,B2022-05332
5333,5333,849814.1263940521,0.3206839843441444,0.0993796054104837,2,B2020-05333
5334,5334,226617.1003717472,0.233788806639431,0.2306138079759475,2,B2020-05334
5335,5335,816459.3879112473,0.4335895066864645,0.2923274317449771,6,B2018-05335
5336,5336,732266.2586074983,0.5268764102664297,0.5801333188524812,0,B2018-05336
5337,5337,167325.1721499618,0.7008185079988009,0.5130782822133889,0,B2018-05337
5338,5338,182192.04284621275,0.5013820038583644,0.6024579968155604,0,B2018-05338
5339,5339,600000.0,0.3447045030970463,0.1898144062922492,2,B2024-05339
5340,5340,721485.7975236707,0.3501052964195152,0.187354264804343,2,B2021-05340
5341,5341,1109978.1500364165,0.6118127431465624,-0.3365573598425924,5,B2021-05341
5342,5342,261688.34080717489,0.563086007016544,0.1273555695793106,3,B2019-05342
5343,5343,1400000.0,0.6200569172832068,-0.4254992178780733,5,B2025-05343
5344,5344,349808.72226472845,0.2945558011213633,0.0813218245085502,2,B2018-05344
5345,5345,1193686.0986547084,0.440458946139191,0.5323390261146724,0,B2019-05345
5346,5346,201890.134529148,0.6172793533413056,0.5764430624856592,0,B2019-05346
5347,5347,189479.72456006124,0.6133010956766959,0.0939629218107193,3,B2018-05347
5348,5348,233497.7578475336,0.6728817246341765,0.4761903599234479,0,B2019-05348
5349,5349,1031376.6816143496,0.4760697397655265,-0.0485844540494083,6,B2019-05349
5350,5350,776984.7050254915,0.5324819632862302,-0.0435647944001544,6,B2021-05350
5351,5351,742636.7713004485,0.5955261766809002,-0.0031174185352794,6,B2019-05351
5352,5352,603677.1300448431,0.5268764102664297,0.5801333188524812,0,B2019-05352
5353,5353,291472.28768171393,0.4342975844656629,0.1947596761179316,3,B2018-05353
5354,5354,234162.65208475737,0.7305937399336685,-0.4264544463169187,4,B2022-05354
5355,5355,254377.69516728623,0.5997061854834649,0.1051150410541373,3,B2020-05355
5356,5356,305767.80413159914,0.5340090660162045,0.1523951722120905,3,B2018-05356
5357,5357,869359.8513011152,0.4877273620360404,0.6400014713863897,0,B2020-05357
5358,5358,1239167.1286472147,0.593476678724033,-0.0018541684405417,6,B2023-05358
5359,5359,249745.0837581937,0.6048715140973143,0.106548578367306,3,B2021-05359
5360,5360,1775965.0400582664,0.4781536960092348,0.1156176085484275,6,B2021-05360
5361,5361,859955.1569506726,0.5413689683137123,0.5562279464773158,0,B2019-05361
5362,5362,1195891.7647058824,0.233342472770439,-0.0025189122103868,2,B2017-05362
5363,5363,260607.4980872227,0.5271096238537554,0.2356371118292235,3,B2018-05363
5364,5364,218690.58295964124,0.6323657308685523,0.0782492641594373,3,B2019-05364
5365,5365,804428.2511210762,0.3985643754035473,0.1448033662091697,2,B2019-05365
5366,5366,838795.134529148,0.5312370905126225,-0.3051213293880596,5,B2019-05366
5367,5367,713022.4215246637,0.5118619335675914,0.5991934038712216,0,B2019-05367
5368,5368,813357.1003717472,0.4768445124629188,-0.0783525951061825,6,B2020-05368
5369,5369,396579.9256505576,0.3188154126015821,0.2460323538710347,2,B2020-05369
5370,5370,889946.2064251539,0.4085530847483702,0.144675835878201,2,B2022-05370
5371,5371,894125.5605381166,0.5686746665840856,0.5072286839087252,0,B2019-05371
5372,5372,856378.6547085202,0.5151559347809146,-0.0131819746302122,6,B2019-05372
5373,5373,450000.0,0.7358768323011959,-0.4873533831889329,4,B2025-05373
5374,5374,1165081.8302387267,0.7587699273719901,-0.1731720538324889,5,B2023-05374
5375,5375,751388.5941644562,0.6413585709962106,-0.0944731401129905,6,B2023-05375
5376,5376,330000.0,0.6008251616114189,0.0292382028844935,3,B2025-05376
5377,5377,310000.0,0.7027254647714131,-0.5019415946760903,4,B2024-05377
5378,5378,700000.0,0.4496236979072455,-0.1011160262900546,3,B2025-05378
5379,5379,600000.0,0.4592216505211147,-0.1091885266790737,3,B2025-05379
5380,5380,266375.0,0.5972871427456407,-0.0178379796117389,3,B2025-05380
5381,5381,639250.0,0.6442949152120352,-0.1087112769016677,6,B2025-05381
5382,5382,350000.0,0.5680203415630439,0.0493821991155302,3,B2025-05382
5383,5383,378300.0,0.7346894054743441,-0.4151840168557231,4,B2025-05383
5384,5384,8084880.636604775,0.3029243627369951,0.0052641442852775,2,B2023-05384
5385,5385,333733.0,0.3658991044528846,0.0950235291749018,2,B2025-05385
5386,5386,908475.0,0.7446779441518093,-0.4424117903004521,5,B2025-05386
5387,5387,3599850.0,0.4926118062406461,-0.0007368633093054,2,B2024-05387
5388,5388,750000.0,0.6980924886436315,-0.4884044429377273,5,B2024-05388
5389,5389,800000.0,0.5416899761372098,-0.0676968796360015,6,B2024-05389
5390,5390,256450.0,0.5821584555865124,0.0003126973702424,3,B2024-05390
5391,5391,750000.0,0.6948393105369587,-0.485920713467254,5,B2024-05391
5392,5392,758000.0,0.6861025675486541,-0.5013985881522787,5,B2024-05392
5393,5393,300000.0,0.7562676270812939,-0.4977334318931236,4,B2024-05393
5394,5394,350000.0,0.6946841594581031,-0.5161030336190727,4,B2025-05394
5395,5395,20209978.22578296,0.2846026527916206,0.0175415309747509,7,B2021-05395
5396,5396,1434352.9411764706,0.3757160679477526,0.1306803746467059,2,B2017-05396
5397,5397,254944.2379182156,0.5782195231011154,0.0418504379394448,3,B2020-05397
5398,5398,183941.0864575364,0.5790395862301647,0.1136936374525228,3,B2018-05398
5399,5399,992866.1710037176,0.5485062299070427,0.5528363314645912,0,B2020-05399
5400,5400,224134.10864575367,0.5287275459396605,0.1539086085662772,3,B2018-05400
5401,5401,953666.029074216,0.501703951783009,-0.0532319860465426,6,B2018-05401
5402,5402,1203939.5944912017,0.5755220849315432,0.5374035665503245,0,B2018-05402
5403,5403,1259019.8928844684,0.5990573709665881,0.1882829408205455,6,B2018-05403
5404,5404,206504.83271375464,0.6323657308685523,0.0782492641594373,3,B2020-05404
5405,5405,1051261.1764705882,0.4478639277339762,0.090000998043127,2,B2017-05405
5406,5406,842335.7176470589,0.4035825618927282,0.0161325426130393,2,B2017-05406
5407,5407,28445254.97757848,0.2300685273258917,0.1660762970522847,7,B2019-05407
5408,5408,40694414.69013008,0.2199973337181066,-0.2238852944967877,7,B2018-05408
5409,5409,1057320.5741626795,0.714531768208129,-0.2758956325796221,5,B2022-05409
5410,5410,350000.0,0.5548195091795706,0.0251708420585982,3,B2024-05410
5411,5411,350000.0,0.7180937806627934,-0.4806934801888504,4,B2025-05411
5412,5412,169317.6127320955,0.7312053692064493,-0.4448428880946902,4,B2023-05412
5413,5413,698196.1722488039,0.6857970491213521,-0.491716773352303,5,B2022-05413
5414,5414,285000.0,0.5044471652322281,0.064191214914812,3,B2025-05414
5415,5415,600000.0,0.671955375336833,-0.4942164395905977,5,B2024-05415
5416,5416,614339.7129186604,0.6314937332611958,-0.2726490061126181,5,B2022-05416
5417,5417,171596.53846153847,0.6106651125490553,0.0229700836087913,3,B2023-05417
5418,5418,149274.91455912509,0.6461794278430275,-0.2409993397283635,4,B2022-05418
5419,5419,800000.0,0.6943841657941016,-0.5350443623047885,5,B2025-05419
5420,5420,1244317.6728624534,0.6174326395284874,0.0462284981716066,6,B2020-05420
5421,5421,597399.083089542,0.3285376064252264,0.2016131022704338,2,B2022-05421
5422,5422,300000.0,0.6312103636228328,0.0395816721154339,3,B2024-05422
5423,5423,534389.6103896104,0.3298278316144173,0.0531058100529326,2,B2022-05423
5424,5424,883357.4846206425,0.6168241956074973,-0.5827583198116314,5,B2022-05424
5425,5425,225707.12864721485,0.6166554734572833,0.0573144589310265,3,B2023-05425
5426,5426,234381.4080656186,0.6487884434812717,-0.2405858770338388,4,B2022-05426
5427,5427,20833.9029391661,0.0,0.0,2,B2022-05427
5428,5428,151183.8209159262,0.7213221440861091,-0.4418006922703986,4,B2022-05428
5429,5429,603922.7614490773,0.7307687391623621,-0.4728008020329736,5,B2022-05429
5430,5430,249553.61252731245,0.5943128556861128,0.0946389215011084,3,B2021-05430
5431,5431,179431.989063568,0.6555545740846617,-0.2980509784383686,4,B2022-05431
5432,5432,340000.0,0.4801623989864638,-0.0212918721895862,3,B2024-05432
5433,5433,677823.7599469495,0.6988887016706166,-0.533872968765327,5,B2023-05433
5434,5434,213500.0,0.6175077580716699,0.0177223700580271,3,B2024-05434
5435,5435,388750.0,0.7084406176334239,-0.5027163634513593,4,B2024-05435
5436,5436,800000.0,0.5359038751937489,-0.0103873378598258,6,B2024-05436
5437,5437,720592.6179084075,0.7877866837589796,-0.1480415482384144,5,B2022-05437
5438,5438,654855.52,0.1242423495949364,0.0318745281360339,2,B2024-05438
5439,5439,166723.3082706767,0.6926022448590927,-0.4653754962550153,4,B2022-05439
5440,5440,727891.9098143235,0.5854596608502052,-0.0192065951548062,2,B2023-05440
5441,5441,148054.37665782493,0.6981383135804625,-0.4612761004678063,4,B2023-05441
5442,5442,732051.2645249488,0.688683087810618,-0.5032480131479293,5,B2022-05442
5443,5443,905187.1813546976,0.5905841228248747,-0.3385049589845038,5,B2021-05443
5444,5444,167192.07108680793,0.7377904238181169,-0.416854049605631,4,B2022-05444
5445,5445,721658.8235294118,0.4621501246485213,0.5926743298877254,0,B2017-05445
5446,5446,173420.6896551724,0.710347650784357,-0.3775014982389326,4,B2023-05446
5447,5447,234381.4080656186,0.6937256027690346,-0.4331501161109857,4,B2022-05447
5448,5448,227387.26790450927,0.6800619615926178,-0.4849309596333147,4,B2023-05448
5449,5449,778169.7612732095,0.6424764659502168,-0.5426330381156598,5,B2023-05449
5450,5450,964088.8585099112,0.7005235556933735,-0.4402840554961277,5,B2022-05450
5451,5451,500000.0,0.724803832164321,-0.4769249822529937,4,B2024-05451
5452,5452,674445.5228981544,0.6048983852290509,-0.3281337906964028,5,B2022-05452
5453,5453,671112.0984278879,0.673230316048422,-0.5499422838878538,5,B2022-05453
5454,5454,152608.33902939167,0.6946825410545984,-0.4424994562447761,4,B2022-05454
5455,5455,623728.0,0.7148448666912667,-0.4491109573028986,4,B2025-05455
5456,5456,200000.0,0.7239654408879131,-0.3723358461726038,4,B2024-05456
5457,5457,654650.0,0.647539003017441,-0.5134136578512889,4,B2024-05457
5458,5458,170030.69036226932,0.6459100661672802,-0.2660949956660137,4,B2022-05458
5459,5459,179163.48143236074,0.6591211061403089,-0.3753616663148571,4,B2023-05459
5460,5460,149042.24801061008,0.7041175419879298,-0.4040877829132321,4,B2023-05460
5461,5461,227387.26790450927,0.7148272557173588,-0.4422980174727892,4,B2023-05461
5462,5462,6250170.881749829,0.1608073499878384,0.0669676746018106,2,B2022-05462
5463,5463,669781.8302387268,0.624718308044055,-0.483916892247809,5,B2023-05463
5464,5464,153107.42705570292,0.720616153812139,-0.4593741902059574,4,B2023-05464
5465,5465,188228.65384615384,0.6606791906506154,-0.2373762498784307,4,B2023-05465
5466,5466,580000.0,0.6715387277881345,-0.2758032388423377,4,B2024-05466
5467,5467,1000000.0,0.6073372631831694,-0.0034084822330139,6,B2024-05467
5468,5468,3200000.0,0.3454844066676266,0.1234186386334358,2,B2024-05468
5469,5469,3000000.0,0.3674267018910149,0.1316623853847304,2,B2025-05469
5470,5470,1178098.4880636605,0.7162741388349076,-0.5091157998206232,5,B2023-05470
5471,5471,171740.0,0.7088629283746891,-0.2988904954210426,4,B2024-05471
5472,5472,863000.0,0.5693971501897072,-0.0455720384169771,6,B2024-05472
5473,5473,462277.0,0.3963739716862221,0.1539131321667402,2,B2024-05473
5474,5474,930000.0,0.6961233399406499,-0.5245432217074263,5,B2024-05474
5475,5475,770105.0928381963,0.6518209033441491,-0.4881543749744468,5,B2023-05475
5476,5476,900000.0,0.6195064394545199,-0.0852953582835485,6,B2024-05476
5477,5477,300000.0,0.7467988790144902,-0.3674196875766417,4,B2024-05477
5478,5478,900000.0,0.6039318326819825,-0.4754325947180957,5,B2024-05478
5479,5479,206060.32125768968,0.732942682674701,0.0054435001453767,4,B2022-05479
5480,5480,677866.7108753315,0.6750753093862,-0.4720294892551095,5,B2023-05480
5481,5481,678119.3633952255,0.6849937935255193,-0.4978980472417899,5,B2023-05481
5482,5482,177296.3793103448,0.675957452090169,-0.2504196450103813,4,B2023-05482
5483,5483,1150000.0,0.7611875507574877,-0.4766083974079196,5,B2024-05483
5484,5484,21222811.671087533,0.2948129102953273,0.0086439866293897,7,B2023-05484
5485,5485,227139.66843501324,0.7148294247794358,-0.4542266137431713,4,B2023-05485
5486,5486,950000.0,0.528814344685971,-0.0254150701293018,6,B2024-05486
5487,5487,711469.4960212201,0.6709880283559909,-0.4616109908709141,5,B2023-05487
5488,5488,700818.0,0.6773439148313662,-0.5187354642394465,5,B2024-05488
5489,5489,826929.1710875331,0.7429643269193787,-0.0594765803663741,5,B2023-05489
5490,5490,700000.0,0.6699171603247869,-0.5256387511504079,5,B2024-05490
5491,5491,968669.7612732096,0.6190685894337564,-0.0662119346652552,6,B2023-05491
5492,5492,280000.0,0.5930598558893184,0.0942628222721742,3,B2024-05492
5493,5493,696555.5023923445,0.6607312264969525,0.1386670601386018,5,B2022-05493
5494,5494,891358.0901856764,0.436717385656385,0.0223744716485484,2,B2023-05494
5495,5495,1500000.0,0.6818386354097754,-0.4540114330073206,5,B2024-05495
5496,5496,543348.1886534519,0.6350779088506363,0.2372706048175275,5,B2022-05496
5497,5497,146538.46153846153,0.5715427729724157,0.5611879057947072,0,B2023-05497
5498,5498,1013049.3080844864,0.5714477203347158,0.0012037585346359,6,B2021-05498
5499,5499,700000.0,0.604597810065924,-0.1094755511614242,6,B2024-05499
5500,5500,250000.0,0.7579919408398825,-0.4279077451159188,4,B2024-05500
5501,5501,260000.0,0.5686215659097669,0.0137686369741221,3,B2024-05501
5502,5502,1210250.0,0.6110327743037828,-0.02458604677724,6,B2024-05502
5503,5503,799651.7647058824,0.3530904682384053,0.1498607871923794,2,B2017-05503
5504,5504,798381.9628647214,0.6655894203998332,-0.5353546291851955,5,B2023-05504
5505,5505,798381.9628647214,0.6655894203998332,-0.5353546291851955,5,B2023-05505
5506,5506,215000.0,0.7300360858417722,-0.4016535487353093,4,B2024-05506
5507,5507,300000.0,0.7069665273074549,-0.4466973892288272,4,B2025-05507
5508,5508,900000.0,0.6955948333156824,-0.5320491346998633,5,B2024-05508
5509,5509,273725.32517215004,0.5516724787437701,0.0638421484389309,3,B2018-05509
5510,5510,1000000.0,0.6881836207373323,-0.5277155976182558,5,B2024-05510
5511,5511,650000.0,0.6893574997721111,-0.5175580639505307,5,B2024-05511
5512,5512,900000.0,0.3915247323325165,-0.033595131252038,2,B2024-05512
5513,5513,1395060.0,0.6560148730133268,-0.5228339515370296,5,B2024-05513
5514,5514,843606.7639257294,0.7105285434278409,-0.4644681795677544,5,B2023-05514
5515,5515,216523.2095490716,0.6050560048955739,0.0278905246787817,3,B2023-05515
5516,5516,530750.0,0.7152468928859805,-0.4043874015315638,4,B2024-05516
5517,5517,601000.0,0.527444370597886,0.0395682148097551,3,B2024-05517
5518,5518,180000.0,0.739572093573579,-0.4248910496711879,4,B2024-05518
5519,5519,3900000.0,0.3490566845651326,0.1262966084525973,2,B2025-05519
5520,5520,320000.0,0.2978801659576613,0.0435801698089461,2,B2024-05520
5521,5521,3543140.620642516,0.2391842313520943,0.0688549501565529,2,B2022-05521
5522,5522,251125.0,0.5548195091795706,0.0251708420585982,3,B2024-05522
5523,5523,1050000.0,0.2924727357339494,0.029609013152512,2,B2025-05523
5524,5524,1050000.0,0.7002627377177326,-0.5169967239431247,5,B2024-05524
5525,5525,720000.0,0.705949001591539,-0.5068550843708969,5,B2024-05525
5526,5526,14284808.921933085,0.2886348962403545,-0.0092221467521431,2,B2020-05526
5527,5527,151045.79630895422,0.5354163530831333,0.5329165264537338,0,B2022-05527
5528,5528,779708.8174982913,0.6945348408227673,-0.4667683662489322,5,B2022-05528
5529,5529,659731.5789473684,0.6136255244564489,-0.2599582539988282,5,B2022-05529
5530,5530,859018.5676392573,0.673657693881201,-0.523161007472693,5,B2023-05530
5531,5531,485505.0,0.5996284069074107,0.0419760704826566,3,B2024-05531
5532,5532,1263055.3656869447,0.4735640555755493,0.589702642596444,0,B2022-05532
5533,5533,167255.96816976127,0.6097582825842108,0.0650489497565035,3,B2023-05533
5534,5534,165234.74801061008,0.6163900183309217,0.0511964119089626,3,B2023-05534
5535,5535,227351.8965517241,0.6653827193907917,-0.2926620625644985,4,B2023-05535
5536,5536,1120340.0,0.6988503436123734,-0.5244171992783302,5,B2024-05536
5537,5537,736229.4429708222,0.6238831596180765,-0.0722928712924939,6,B2023-05537
5538,5538,802491.9282511211,0.5022698391916455,0.6104328340430285,0,B2019-05538
5539,5539,225000.0,0.6749966290417345,-0.5042306855212112,4,B2024-05539
5540,5540,1360961.8823529412,0.3612605935951373,0.1631785098128746,2,B2017-05540
5541,5541,270000.0,0.538513402329941,0.0374544021827876,3,B2025-05541
5542,5542,268941.17647058825,0.4472339018727222,0.0877120940083035,3,B2017-05542
5543,5543,266275.09293680295,0.5598267371039322,0.0876786391224269,3,B2020-05543
5544,5544,1066193.633952255,0.7274203052081905,-0.4788515308958543,5,B2023-05544
5545,5545,300000.0,0.6988508100269014,-0.407554702399106,4,B2025-05545
5546,5546,193413.6926438456,0.7180648379069897,-0.4797539072634888,4,B2021-05546
5547,5547,250000.0,0.6643077070292355,-0.5508723512910445,4,B2025-05547
5548,5548,353713.5278514589,0.7227696889367634,-0.4448996791631173,4,B2023-05548
5549,5549,1452740.470852018,0.3509387820251037,0.1609470343476835,2,B2019-05549
5550,5550,825917.0,0.565721917326523,0.0302185389136759,3,B2025-05550
5551,5551,590000.0,0.6143377032040365,0.0185078014527076,3,B2025-05551
5552,5552,2413000.0,0.3370896973615734,0.1398364052893018,2,B2017-05552
5553,5553,1635846.8079289133,0.4058059591088699,0.1805383449673579,2,B2022-05553
5554,5554,300000.0,0.7627801551336649,-0.4818302370560903,4,B2024-05554
5555,5555,1250034.176349966,0.2360304955707466,0.0326387108426618,2,B2022-05555
5556,5556,312508.54408749146,0.2818936245849303,0.0888314622951089,2,B2022-05556
5557,5557,708589.2572944297,0.7273277555772415,-0.1462287989677322,5,B2023-05557
5558,5558,708589.2572944297,0.7273277555772415,-0.1462287989677322,5,B2023-05558
5559,5559,800000.0,0.6032320056401882,-0.5485962532846584,5,B2024-05559
5560,5560,603767.0,0.5672534991564699,0.018203525661363,3,B2024-05560
5561,5561,1025112.1076233184,0.3032612189067197,0.1459986073242512,2,B2019-05561
5562,5562,1470181.6143497757,0.3705183147334098,0.0698777408486526,2,B2019-05562
5563,5563,208912.63940520445,0.7008923018021814,0.3604189539519125,0,B2020-05563
5564,5564,18215965.44,0.2627238910466747,0.0053873330660331,7,B2025-05564
5565,5565,41000000.0,0.2919779170328825,0.0781695358437621,7,B2025-05565
5566,5566,222172.5198938992,0.492231950001905,0.0696225501373166,3,B2023-05566
5567,5567,752904.5092838196,0.5180454292789223,0.4038506162363477,0,B2023-05567
5568,5568,752904.5092838196,0.5180454292789223,0.4038506162363477,0,B2023-05568
5569,5569,857000.0,0.6899737137346335,-0.4919255997877348,5,B2024-05569
5570,5570,729186.6028708135,0.2259114214068596,0.0582059853075214,2,B2022-05570
5571,5571,1200000.0,0.6877245448261786,-0.5232959786881282,5,B2024-05571
5572,5572,703675.0,0.533673064073951,-0.0280986124521245,6,B2024-05572
5573,5573,848912.4668435013,0.6472090690079442,-0.5623861630536667,5,B2023-05573
5574,5574,774632.6259946949,0.4934670912671269,0.4493915124976939,0,B2023-05574
5575,5575,705000.0,0.5311082042143728,-0.0708863853345629,6,B2024-05575
5576,5576,1143500.0,0.7227968793754679,-0.4512926990039794,5,B2024-05576
5577,5577,350000.0,0.7145521361134295,-0.4733504316942272,4,B2024-05577
5578,5578,1500000.0,0.4211464199553892,-0.0512216230110775,2,B2024-05578
5579,5579,8287002.652519894,0.3352623692341504,0.045196685517804,2,B2023-05579
5580,5580,601897.5,0.7041846875037239,-0.5220755841077837,5,B2024-05580
5581,5581,20180010.061517432,0.3359616339846842,0.1402051831583189,7,B2022-05581
5582,5582,40658400.0,0.3481254233887644,0.0313864250817898,7,B2025-05582
5583,5583,400000.0,0.6801143326531855,-0.5499807548830413,4,B2024-05583
5584,5584,197500.0,0.5511165055381211,0.0296501098537369,3,B2024-05584
5585,5585,234143.8329708223,0.7358380379433083,-0.0325953260267014,4,B2023-05585
5586,5586,1629928.251121076,0.384833740005372,0.1626106477319147,2,B2019-05586
5587,5587,500000.0,0.7456750699294239,-0.3967147855699545,4,B2025-05587
5588,5588,10106100.795755967,0.2938496794215008,0.0169910963961519,2,B2023-05588
5589,5589,31400000.0,0.3156149072808613,0.007673018729843,7,B2024-05589
5590,5590,714602.8708133971,0.4838531713225186,0.4411530851365829,0,B2022-05590
5591,5591,177702.83091048207,0.6895477701755804,0.4596194587485221,0,B2018-05591
5592,5592,202122.0159151193,0.634185938478761,0.4348570113958429,0,B2023-05592
5593,5593,600807.6923076923,0.5425982186510393,-0.0170319872906806,6,B2023-05593
5594,5594,900000.0,0.3035979471244893,0.1493235010913447,2,B2025-05594
5595,5595,262356.5416985463,0.4469148441449759,0.2022099859130052,3,B2018-05595
5596,5596,250000.0,0.6974702910470792,-0.494093720348106,4,B2024-05596
5597,5597,251750.0,0.5973772085402927,0.0649659004284466,3,B2025-05597
5598,5598,1313677.5057383324,0.3632295833366664,0.1182754805958647,2,B2018-05598
5599,5599,831625.8823529412,0.4402685705536905,-0.01250641292206,6,B2017-05599
5600,5600,189427.22352941177,0.4352470667451406,0.3226933135241884,3,B2017-05600
5601,5601,270973.17647058825,0.4753058752110527,0.2650873883334125,3,B2017-05601
5602,5602,956235.2941176472,0.4379859854981782,0.041400570907523,6,B2017-05602
5603,5603,190972.24177505745,0.5814480137266747,0.0686365130801383,3,B2018-05603
5604,5604,12311529.411764706,0.1954026851969919,0.1829755205677288,7,B2017-05604
5605,5605,210176.740627391,0.4233063457228748,0.1758517795465068,3,B2018-05605
5606,5606,500000.0,0.721997588402149,-0.4851017930511688,4,B2024-05606
5607,5607,283528.9237668161,0.5861498349433094,0.5818141199195194,0,B2019-05607
5608,5608,800000.0,0.7017731747515515,-0.531757383787441,5,B2025-05608
5609,5609,626578.24933687,0.7189608077650551,-0.0121724480861199,5,B2023-05609
5610,5610,230000.0,0.737262851376284,-0.4040620042415376,4,B2025-05610
5611,5611,750000.0,0.3129028879333841,0.0657757427358818,2,B2025-05611
5612,5612,930826.907063197,0.5182514065941288,0.6036716267334914,0,B2020-05612
5613,5613,493721.0560815732,0.5865907083261144,-0.0568759301382427,6,B2021-05613
5614,5614,168432.89977046676,0.4939222111293969,0.0455484691299839,3,B2018-05614
5615,5615,1229957.6470588236,0.3083795660790291,0.0629138165409336,2,B2017-05615
5616,5616,266550.5882352941,0.4205060086717022,0.1878409673266916,3,B2017-05616
5617,5617,690956.3909774437,0.5902573700059032,-0.3198514500161767,5,B2022-05617
5618,5618,870644.7589900538,0.5982674587791745,0.1265983146824294,6,B2018-05618
5619,5619,1192480.5194805197,0.6740654928684601,-0.4694790911524032,5,B2022-05619
5620,5620,267447.0588235294,0.5858403625545436,0.4723309580079276,0,B2017-05620
5621,5621,1312297.8729411764,0.4048830386253164,0.0479435550666559,2,B2017-05621
5622,5622,179294.11764705885,0.317735923719453,0.0893304508707418,2,B2017-05622
5623,5623,626578.24933687,0.6672511270755521,0.2170613029499523,5,B2023-05623
5624,5624,790000.0,0.6985672163700359,-0.4872624646543205,5,B2025-05624
5625,5625,182384.52914798204,0.6190161563489377,0.0926537976652884,3,B2019-05625
5626,5626,263710.0896860986,0.6675342075015789,0.5522165716733058,0,B2019-05626
5627,5627,256278.0269058296,0.5795004061313545,0.5712190269341473,0,B2019-05627
5628,5628,1101767.7130044843,0.6169932233321197,0.4047152835418518,0,B2019-05628
5629,5629,194912.1631463948,0.5753700832322831,0.0623655126855266,3,B2021-05629
5630,5630,256278.0269058296,0.6493019619833494,0.0438411371080323,3,B2019-05630
5631,5631,153454.47924253458,0.626952817845579,0.5685697983913275,0,B2021-05631
5632,5632,790000.0,0.7583561722073693,-0.4742754846339493,5,B2024-05632
5633,5633,790026.9482884195,0.4718943455611658,0.6515675374658161,0,B2021-05633
5634,5634,676271.093643199,0.6354929963598671,-0.4629547060694164,5,B2022-05634
5635,5635,964425.562356542,0.6412656798306982,0.4700993434089231,0,B2018-05635
5636,5636,885440.8749145592,0.6724109898636917,-0.5443980804006684,5,B2022-05636
5637,5637,790000.0,0.7491804977688633,-0.4181303289418937,4,B2025-05637
5638,5638,990000.0,0.7151914455876808,-0.5269964906244925,5,B2024-05638
5639,5639,163038.11764705885,0.4582328078981113,0.1536638264887862,3,B2017-05639
5640,5640,723063.2941176471,0.5503807911421479,0.2230653921470843,6,B2017-05640
5641,5641,254514.9961744453,0.527709065301337,0.1996938254488501,3,B2018-05641
5642,5642,125289.88380041013,0.7168161832992749,-0.4621384205779695,4,B2022-05642
5643,5643,844176.4705882353,0.4260867796297259,0.0221895547206389,2,B2017-05643
5644,5644,190649.41176470587,0.5256310655148577,0.1271398628132721,3,B2017-05644
5645,5645,839395.2941176471,0.3565046022761156,0.0181106595640103,2,B2017-05645
5646,5646,979278.2228696283,0.5247244121041763,0.5698609942331824,0,B2021-05646
5647,5647,1263262.599469496,0.7021708802436375,-0.1368394802486475,5,B2023-05647
5648,5648,274016.83244070393,0.5429028845286329,0.1665938536342529,3,B2018-05648
5649,5649,183608.96860986543,0.6496579323103475,0.0520858622970848,3,B2019-05649
5650,5650,177327.8810408922,0.6505659075133042,0.0675675705702523,3,B2020-05650
5651,5651,187071.5695067265,0.6452814100082599,0.0274475346903306,3,B2019-05651
5652,5652,183911.2781954888,0.6753244664218189,-0.3056021756226286,4,B2022-05652
5653,5653,268941.17647058825,0.5487380605664675,0.2136365870240432,3,B2017-05653
5654,5654,1079647.9970866714,0.6515777915918064,0.0611631895109644,6,B2021-05654
5655,5655,167712.91866028708,0.59946307512585,0.1034900723905852,3,B2022-05655
5656,5656,791109.176984705,0.5539003735789646,-0.1447892583899583,6,B2021-05656
5657,5657,277009.4117647059,0.5309857181137817,0.6626312936760612,0,B2017-05657
5658,5658,1200520.1793721972,0.5994226257121623,0.0345802778856921,6,B2019-05658
5659,5659,1166029.0742157616,0.3276367860270636,0.1431702784370931,2,B2018-05659
5660,5660,984349.66367713,0.5686963557635643,0.5463956449333076,0,B2019-05660
5661,5661,175379.59641255604,0.6274408132355432,-0.002742802024431,3,B2019-05661
5662,5662,821578.0772032046,0.5416611769902797,0.3984342644208707,0,B2021-05662
5663,5663,218515.53903345723,0.552797327068126,0.009243411150673,3,B2020-05663
5664,5664,928219.2279679532,0.6248285677327331,-0.0554477847440201,6,B2021-05664
5665,5665,1163756.5914056809,0.5902851906866696,-0.0029821170508713,6,B2021-05665
5666,5666,133066.13807245388,0.4970155480717002,-0.0266335535728626,3,B2022-05666
5667,5667,184524.10099464425,0.5429028845286329,0.1665938536342529,3,B2018-05667
5668,5668,273356.8773234201,0.6055613658718122,0.04585366768751,3,B2020-05668
5669,5669,234381.4080656186,0.5805679725501263,0.5843044125802149,0,B2022-05669
5670,5670,421589.6514012304,0.6577686359145788,-0.4637116008999246,5,B2022-05670
5671,5671,937335.5228981546,0.5262549884427751,0.408449175194969,0,B2022-05671
5672,5672,191247.05882352943,0.4583533545780328,0.2649289767063383,3,B2017-05672
5673,5673,234381.4080656186,0.6855321582714057,-0.2928932163761523,4,B2022-05673
5674,5674,224297.35271614388,0.5042831455374236,0.2350610969763154,3,B2018-05674
5675,5675,1034638.3831026948,0.6807202947785537,-0.5133974335350407,5,B2021-05675
5676,5676,252911.7061973987,0.5013820038583644,0.6024579968155604,0,B2018-05676
5677,5677,750067.7348871084,0.6113922899206761,-0.3184135737270869,5,B2021-05677
5678,5678,450000.0,0.696509836822821,-0.4624468307021018,4,B2025-05678
5679,5679,510000.0,0.5805797916419972,0.0677250030100458,3,B2025-05679
5680,5680,250000.0,0.7148448666912667,-0.4491109573028986,4,B2024-05680
5681,5681,235000.0,0.6748063746606103,-0.5231653207925875,4,B2024-05681
5682,5682,260000.0,0.5548195091795706,0.0251708420585982,3,B2024-05682
5683,5683,297500.0,0.5548195091795706,0.0251708420585982,3,B2024-05683
5684,5684,241750.0,0.7078728123963277,-0.4853897505002034,4,B2024-05684
5685,5685,212228.11671087533,0.458863560196625,-0.0502717437315988,3,B2023-05685
5686,5686,250000.0,0.7535053557782276,-0.4836233823487504,4,B2025-05686
5687,5687,13874726.875455206,0.313144986845464,0.0533515130052282,2,B2021-05687
5688,5688,45847201.60538116,0.257995034688974,0.0679908778329058,7,B2019-05688
5689,5689,36961381.948235296,0.3048358180576129,0.029557801453195,7,B2017-05689
5690,5690,20785256.48355012,0.2297293550130633,0.1166457925306143,7,B2018-05690
5691,5691,181983.5294117647,0.5075686746492434,0.0952562675376384,3,B2017-05691
5692,5692,197223.5294117647,0.5169908685032325,0.1256356164028238,3,B2017-05692
5693,5693,236589.8017771702,0.719636628021615,-0.4477924409891886,4,B2022-05693
5694,5694,219020.8885651857,0.6753244664218189,-0.3056021756226286,4,B2021-05694
5695,5695,686254.211764706,0.5068637653729279,0.4453209669053748,0,B2017-05695
5696,5696,803858.7443946188,0.6119046878296026,0.3355674322400145,0,B2019-05696
5697,5697,256390.58823529413,0.6043276401519105,0.1318506412553038,3,B2017-05697
5698,5698,247165.9192825112,0.6026753141198737,0.5264564352820272,0,B2019-05698
5699,5699,195320.08011653312,0.7105486676651304,-0.4772879881028026,4,B2021-05699
5700,5700,979278.2228696283,0.613856412087864,-0.5542807158547431,5,B2021-05700
5701,5701,205221.117061974,0.4819639712048476,0.251838041114804,3,B2018-05701
5702,5702,184815.6082631982,0.450401009383084,0.1599148631794548,3,B2018-05702
5703,5703,204168.1614349776,0.638386184951847,0.5001630430561299,0,B2019-05703
5704,5704,209347.8251121076,0.6048715140973143,0.106548578367306,3,B2019-05704
5705,5705,1263165.919282511,0.5907508373575692,-0.102824686653193,6,B2019-05705
5706,5706,175004.78468899522,0.563431095750991,0.5767944229040398,0,B2022-05706
5707,5707,270800.44843049324,0.5605075560633371,0.0115425067831604,3,B2019-05707
5708,5708,189488.72118959107,0.631516248657911,0.0771765320267288,3,B2020-05708
5709,5709,310000.0,0.741387395318904,-0.4442025147160623,4,B2024-05709
5710,5710,336500.0,0.7265982986062001,-0.4129864452008152,4,B2024-05710
5711,5711,250000.0,0.7361673487599776,-0.4099526145611508,4,B2025-05711
5712,5712,2600000.0,0.2666441819495657,0.0935765588706006,2,B2025-05712
5713,5713,260000.0,0.7191409223666884,-0.4091672602055758,4,B2024-05713
5714,5714,202122.0159151193,0.7305232055918247,-0.3942789253069086,4,B2023-05714
5715,5715,218314.5159151193,0.7259698267160625,-0.4331913634858014,4,B2023-05715
5716,5716,804188.6534518114,0.4133571677482683,0.5683847987540743,0,B2022-05716
5717,5717,1139013.4529147982,0.2297293550130633,0.1166457925306143,2,B2019-05717
5718,5718,843627.4795539033,0.539399336402074,-0.0369020728078639,6,B2020-05718
5719,5719,978193.2959641255,0.469765064374379,0.6084285690143405,0,B2019-05719
5720,5720,196410.7294117647,0.4853635893026578,0.2638106365117482,3,B2017-05720
5721,5721,473060.93085501855,0.6623354124838418,-0.0153883343578905,6,B2020-05721
5722,5722,237578.42387146145,0.6323657308685523,0.0782492641594373,3,B2018-05722
5723,5723,192442.35294117648,0.4406744731394615,0.2597727739194547,3,B2017-05723
5724,5724,227387.26790450927,0.6560201292259042,-0.2435123494473569,4,B2023-05724
5725,5725,853402.1040550881,0.5783510919838343,-0.0202081645944704,6,B2018-05725
5726,5726,765914.5882352941,0.4562971232684061,0.0714530125334236,6,B2017-05726
5727,5727,15376681.614349777,0.2217522277326596,0.0346749896480593,7,B2019-05727
5728,5728,206153.94032134663,0.4326877896764911,0.2010640880019024,3,B2018-05728
5729,5729,227105.8823529412,0.4242479992215348,0.1198081623756967,3,B2017-05729
5730,5730,176262.331838565,0.5870784481392965,0.0615091159335675,3,B2019-05730
5731,5731,1201868.0371352786,0.4860703333389358,0.4886270683030357,0,B2023-05731
5732,5732,254944.2379182156,0.5743600428640423,0.6205672398019767,0,B2020-05732
5733,5733,1566134.1176470588,0.4348517453381849,0.1212662236008344,2,B2017-05733
5734,5734,951962.1176470588,0.4588264963175227,0.0717434671809688,6,B2017-05734
5735,5735,778435.2941176471,0.3823794898352044,0.1077019556176711,6,B2017-05735
5736,5736,705628.9962825278,0.6289001521991241,-0.02246660236052,6,B2020-05736
5737,5737,744314.3236074271,0.7149853043338087,-0.5067386924603404,5,B2023-05737
5738,5738,628011.599081867,0.560002617881189,0.1245504787417709,6,B2018-05738
5739,5739,1135981.2329411765,0.3940336585215072,-0.0563807094729681,2,B2017-05739
5740,5740,1229397.7695167286,0.5350684206325275,0.583530975188285,0,B2020-05740
5741,5741,234381.4080656186,0.663951603340126,-0.4745254453338007,4,B2022-05741
5742,5742,267668.16143497755,0.6207966801470676,0.5037423834299318,0,B2019-05742
5743,5743,1124685.360524399,0.4928065295492643,0.6288044359711489,0,B2021-05743
5744,5744,198318.2249426167,0.6048715140973143,0.106548578367306,3,B2018-05744
5745,5745,254777.35271614388,0.5440241221305845,0.2271058408198339,3,B2018-05745
5746,5746,174904.36113236425,0.5598531872641896,0.183794029167477,3,B2018-05746
5747,5747,151488.78923766816,0.6655985251020157,0.4764091968665668,0,B2019-05747
5748,5748,1010000.0,0.269082076873266,0.0649469477830296,2,B2024-05748
5749,5749,816220.3519510331,0.5269998665079789,0.5990766647394692,0,B2018-05749
5750,5750,252652.5198938992,0.7448985214097754,-0.4033955767120608,4,B2023-05750
5751,5751,252652.5198938992,0.5851393507402479,0.4321967412208374,0,B2023-05751
5752,5752,223850.13262599468,0.4926120579276248,0.056329545037072,3,B2023-05752
5753,5753,188266.1689730517,0.7005903476294348,-0.4979311611352883,4,B2021-05753
5754,5754,735939.033457249,0.5942968048631879,-0.0442689936215004,6,B2020-05754
5755,5755,305791.12471308344,0.5697131872538461,0.6200074811273916,0,B2018-05755
5756,5756,957805.702917772,0.7065379735004814,-0.4647772361183894,5,B2023-05756
5757,5757,5104306.220095694,0.4366254049417758,0.5472402224552448,0,B2022-05757
5758,5758,981336.4705882352,0.4588264963175227,0.0717434671809688,6,B2017-05758
5759,5759,1196190.5882352942,0.3327600045258756,0.1310958246941142,2,B2017-05759
5760,5760,1202167.0588235294,0.3327600045258756,0.1310958246941142,2,B2017-05760
5761,5761,1207545.8823529412,0.3327600045258756,0.1310958246941142,2,B2017-05761
5762,5762,717176.4705882353,0.344237031616975,0.212823891196544,2,B2017-05762
5763,5763,245178.57826384145,0.7290034795013275,-0.3146355653348819,4,B2022-05763
5764,5764,234381.4080656186,0.6546629053724045,-0.2697167271146332,4,B2022-05764
5765,5765,183276.57992565056,0.6055613658718122,0.04585366768751,3,B2020-05765
5766,5766,427739.77695167286,0.4021855377083643,0.5840405580418093,0,B2020-05766
5767,5767,27474160.63129973,0.2680368995380489,0.1007550499442069,7,B2023-05767
5768,5768,11659688.912941176,0.3462628161582214,-0.0395477200400062,7,B2017-05768
5769,5769,12550588.23529412,0.2444458522648056,-0.0207877426677102,7,B2017-05769
5770,5770,699847.4801061008,0.5889865942560061,0.3633487357901455,0,B2023-05770
5771,5771,262356.5416985463,0.4991749341861882,0.2464801573676575,3,B2018-05771
5772,5772,1092365.1569506726,0.5251632998191575,0.5835118663814457,0,B2019-05772
5773,5773,390000.0,0.2942063192570848,0.1483872272649746,2,B2024-05773
5774,5774,433247.5,0.605701242396482,0.0611185698867978,3,B2025-05774
5775,5775,330000.0,0.6040716792771409,0.0310655119482908,3,B2024-05775
5776,5776,938262.331838565,0.6217997804804014,-0.0309485772033212,6,B2019-05776
5777,5777,35141647.05882353,0.2607743304442116,-0.0373465165280496,7,B2017-05777
5778,5778,36448430.49327354,0.2765216347993487,-0.0332779469121812,7,B2019-05778
5779,5779,35521804.5112782,0.2924126257166393,0.0108750622649366,7,B2022-05779
5780,5780,655502.2421524663,0.5451198766607773,0.5352735910244685,0,B2019-05780
5781,5781,701967.108680793,0.6278114104872001,-0.2784575827942175,5,B2022-05781
5782,5782,18656465.187452182,0.2297293550130633,0.1166457925306143,7,B2018-05782
5783,5783,710004.7058823529,0.4410650784858218,0.0369105273883806,6,B2017-05783
5784,5784,385000.0,0.4338488171920566,-0.0073104560457198,3,B2024-05784
5785,5785,198849.1866028708,0.7288723173359711,-0.4579759857055596,4,B2022-05785
5786,5786,1018847.5336322868,0.5325727587945962,0.5721805549548666,0,B2019-05786
5787,5787,314465.0,0.7399280646936267,-0.4071326451981406,4,B2024-05787
5788,5788,1730331.6705882354,0.4024762184457421,0.1582728275467171,2,B2017-05788
5789,5789,897827.3542600897,0.5437496833376823,0.1851766349013819,6,B2019-05789
5790,5790,34980.87222647284,0.377785065429702,0.0301027620451475,2,B2018-05790
5791,5791,1000000.0,0.2980947020224565,0.198107841604811,2,B2024-05791
5792,5792,2021220.1591511937,0.2626316563422489,-0.000972053251262,2,B2023-05792
5793,5793,60000000.0,0.3846165974388587,-0.0601111295287085,7,B2024-05793
5794,5794,28194914.0,0.3492852352385042,-0.0345729253269811,7,B2024-05794
5795,5795,850000.0,0.6311595301616506,-0.5659327466600796,5,B2024-05795
5796,5796,677101.8455228981,0.7034164426627596,-0.5128134300647381,5,B2022-05796
5797,5797,755425.8823529412,0.4889856766757173,0.0260039721230971,6,B2017-05797
5798,5798,220968.60986547085,0.1365288924932653,0.0105606818577155,2,B2019-05798
5799,5799,209885.23335883708,0.2762380355741531,0.1263183634501047,2,B2018-05799
5800,5800,520847.57347915246,0.3414116822957602,0.1306476985877322,2,B2022-05800
5801,5801,1600000.0,0.4005174049362561,-0.001461663144184,2,B2024-05801
5802,5802,1380265.8823529412,0.3864515684594327,0.3666002677176763,2,B2017-05802
5803,5803,184640.70390206584,0.6086269826840113,0.0970657797546008,3,B2018-05803
5804,5804,806550.6557620817,0.4997651804178475,0.5996882381940627,0,B2020-05804
5805,5805,265864.9159851301,0.5013820038583644,0.6024579968155604,0,B2020-05805
5806,5806,299694.10050983244,0.3181886454978164,0.1523868748295935,2,B2021-05806
5807,5807,273906.4237918216,0.5866174068153361,0.0866656866156031,3,B2020-05807
5808,5808,169280.66985645934,0.5871095533146736,0.0445376348717169,3,B2022-05808
5809,5809,800524.907063197,0.4972223944758994,-0.1131788575155722,6,B2020-05809
5810,5810,1974261.3176470587,0.5258029304803366,0.593519464241911,0,B2017-05810
5811,5811,937710.4014869888,0.5766154493170428,0.5593756972450401,0,B2020-05811
5812,5812,805623.7918215613,0.4692977620611421,0.6499942248286906,0,B2020-05812
5813,5813,168692.92425401686,0.4813046875662506,0.6267828074218363,0,B2018-05813
5814,5814,1196419.730941704,0.4338310274701201,0.1193344517778532,2,B2019-05814
5815,5815,2139692.501912778,0.3453578097389913,0.1624492840879061,2,B2018-05815
5816,5816,177828.47533632285,0.6026064671330542,0.495268136338601,0,B2019-05816
5817,5817,548033.6648814079,0.3314755795395318,0.0239817327915391,2,B2018-05817
5818,5818,802662.7802690583,0.4633348810113992,0.602239900689351,0,B2019-05818
5819,5819,1173685.3459577567,0.6264632530080123,0.0219855591477436,6,B2021-05819
5820,5820,804157.4025974027,0.5934021519274739,-0.0543505645573423,2,B2022-05820
5821,5821,1041695.1469583048,0.205561240967956,0.0260331779701152,2,B2022-05821
5822,5822,796586.9191551347,0.5951669269718557,-0.3298783608088414,5,B2021-05822
5823,5823,811855.7620817843,0.4773138013562515,0.6381735054140697,0,B2020-05823
5824,5824,1037066.2586074984,0.4676972049405671,0.0428681723245836,6,B2018-05824
5825,5825,955269.3190512626,0.480696341960721,0.069461887764243,6,B2018-05825
5826,5826,1353468.247895945,0.3620267725525483,0.1372147792258225,2,B2018-05826
5827,5827,1250034.176349966,0.584328063132509,-0.5273759635873961,5,B2022-05827
5828,5828,748804.3267259058,0.5739408441552645,-0.3441948680669848,5,B2022-05828
5829,5829,951188.2172915074,0.621766884196471,0.3325727391962218,0,B2018-05829
5830,5830,634630.0072833211,0.5988360117986334,-0.0400493892364131,6,B2021-05830
5831,5831,905998.7286397814,0.6584515600427517,0.1515229177942806,5,B2022-05831
5832,5832,843280.0,0.3624300999226956,0.1533168865268611,2,B2017-05832
5833,5833,256817.90359602147,0.5717276867992974,0.5956259979180624,0,B2018-05833
5834,5834,312508.54408749146,0.675915456885664,-0.4774966103852586,4,B2022-05834
5835,5835,798207.4872541878,0.5386626227504729,0.0717635234245977,6,B2021-05835
5836,5836,254944.2379182156,0.6655985251020157,0.4764091968665668,0,B2020-05836
5837,5837,694846.3219227968,0.4952955731371967,0.0436611300563078,2,B2021-05837
5838,5838,656926.0089686099,0.5522981649022071,-0.0755387526332301,6,B2019-05838
5839,5839,1090117.66641163,0.5718423542863611,0.5553336826315053,0,B2018-05839
5840,5840,893795.2466367712,0.4685725800581726,0.5881305584407122,0,B2019-05840
5841,5841,778950.984278879,0.5875134904138034,-0.3468683701425653,5,B2022-05841
5842,5842,665986.8900218499,0.613627420859413,0.4654865861841652,0,B2021-05842
5843,5843,1219666.4116296866,0.4085530847483702,0.144675835878201,2,B2018-05843
5844,5844,354067.2413793103,0.2623156150045366,0.1859903035884497,2,B2023-05844
5845,5845,339925.6505576208,0.421117325794913,0.1986423424515748,2,B2020-05845
5846,5846,165249.41176470587,0.5429028845286329,0.1665938536342529,3,B2017-05846
5847,5847,608125.0,0.6686363758160198,-0.4891026187091112,5,B2024-05847
5848,5848,636302.8448275862,0.6695096406464391,-0.5177388195948776,5,B2023-05848
5849,5849,758528.1484315228,0.5973304656613923,0.0090702195359229,6,B2018-05849
5850,5850,180416.3909774436,0.7628519460104971,-0.0979038697277357,4,B2022-05850
5851,5851,687588.5905673275,0.6781643739100244,-0.429558554340875,5,B2022-05851
5852,5852,862404.705882353,0.384279838133402,-0.0728442390405188,2,B2017-05852
5853,5853,578641.9280795717,0.3837340808064481,-0.0407654849556415,2,B2018-05853
5854,5854,239280.7647487254,0.5773293852425775,0.0650388055942673,3,B2021-05854
5855,5855,854346.468401487,0.4297324482648925,4.877912699590911e-05,6,B2020-05855
5856,5856,660588.847583643,0.515841777234066,0.6431270991967447,0,B2020-05856
5857,5857,691238.8929351784,0.5420703239387986,-0.4003855998552779,5,B2021-05857
5858,5858,827516.4603058994,0.6130583462742082,-0.0078594862439364,6,B2021-05858
5859,5859,450000.0,0.3187643775113751,0.0280253318271206,2,B2024-05859
5860,5860,780000.0,0.3454844066676266,0.1234186386334358,2,B2025-05860
5861,5861,900000.0,0.6428164175432409,-0.5418972214191444,5,B2025-05861
5862,5862,850000.0,0.6839437901126878,-0.5066998668118579,5,B2024-05862
5863,5863,820000.0,0.6542101458614517,-0.5470641359410194,5,B2025-05863
5864,5864,700000.0,0.2556675513721832,0.1961845385594074,2,B2024-05864
5865,5865,830000.0,0.5311082042143728,-0.0708863853345629,6,B2024-05865
5866,5866,300000.0,0.2896590560951674,0.0097648142615339,2,B2024-05866
5867,5867,491156.49867374,0.351918647178819,0.1751078665618416,2,B2023-05867
5868,5868,915650.03417635,0.7090902151729835,-0.4712064085797033,5,B2022-05868
5869,5869,678151.6728624535,0.4213004379088669,0.0612056914064577,6,B2020-05869
5870,5870,852658.7605202756,0.384279838133402,-0.0728442390405188,2,B2018-05870
5871,5871,1105102.122015915,0.6913771376444736,-0.5177651185674291,5,B2023-05871
5872,5872,614205.8148431524,0.4581596206744657,0.0542832910535845,6,B2018-05872
5873,5873,829803.0588235294,0.4806226555266797,0.6079492707485963,0,B2017-05873
5874,5874,268941.17647058825,0.6033701595422377,0.5661711025088644,0,B2017-05874
5875,5875,300000.0,0.734220504767003,-0.4585895308588862,4,B2024-05875
5876,5876,1122302.9839326704,0.2058023344116482,0.0438816716526795,2,B2018-05876
5877,5877,1068294.1176470588,0.2955788129065607,-0.0733644957967678,2,B2017-05877
5878,5878,1583764.705882353,0.3327440659197548,0.0971543026069027,2,B2017-05878
5879,5879,174093.3014354067,0.7036099327139117,-0.420107051234845,4,B2022-05879
5880,5880,1229721.1209842789,0.779537527963361,-0.1513647264918256,5,B2022-05880
5881,5881,188925.86074980875,0.5109856340989385,0.5998514132329775,0,B2018-05881
5882,5882,261459.4795539033,0.6728817246341765,0.4761903599234479,0,B2020-05882
5883,5883,781661.995898838,0.7451201707782363,-0.1670712308710626,5,B2022-05883
5884,5884,2462654.6419098144,0.4633984737182002,0.1141722816791387,2,B2023-05884
5885,5885,636943.3817903597,0.4381778673066154,0.0166140601618248,2,B2018-05885
5886,5886,195789.17647058825,0.5256310655148577,0.1271398628132721,3,B2017-05886
5887,5887,224826.07428987607,0.6023647872205349,-0.0139091421947584,3,B2021-05887
5888,5888,745751.9730941703,0.4076059512313937,0.4947081846554141,0,B2019-05888
5889,5889,233458.5079575597,0.6105174254631948,0.0235219433338264,3,B2023-05889
5890,5890,240000.0,0.7239176470788847,-0.4438457485362332,4,B2024-05890
5891,5891,624842.3905882353,0.4943840796043246,0.0472385933535106,6,B2017-05891
5892,5892,1256591.821561338,0.5892440690682802,0.4793687072630866,0,B2020-05892
5893,5893,2001000.0,0.3124750293822918,0.11411345692028,2,B2025-05893
5894,5894,751555.7843866171,0.5485062299070427,0.5528363314645912,0,B2020-05894
5895,5895,913554.2825112108,0.5418905591108603,0.5145314284046143,0,B2019-05895
5896,5896,209825.3912466844,0.7289699420544963,-0.445099376681775,4,B2023-05896
5897,5897,1354161.923076923,0.6905172814189978,-0.4426588138073601,5,B2023-05897
5898,5898,854148.1784386617,0.419585511547549,0.0018531673820553,2,B2020-05898
5899,5899,58139105.88235294,0.3729517501064868,-0.0368613439253953,7,B2017-05899
5900,5900,815562.3342175066,0.5692787075354488,0.373963491057181,0,B2023-05900
5901,5901,821467.482785004,0.483925508702362,0.0883624980433684,6,B2018-05901
5902,5902,615663.351185922,0.4338938498267445,0.1806939049105874,2,B2018-05902
5903,5903,184057.3647058824,0.514540406131695,0.5409524052765327,0,B2017-05903
5904,5904,330000.0,0.7622656463958132,-0.4676593932740116,4,B2024-05904
5905,5905,171823.5294117647,0.5241987048736201,0.6547602973140126,0,B2017-05905
5906,5906,173168.23529411765,0.517911900548874,0.1219106984234022,3,B2017-05906
5907,5907,1245260.9665427508,0.487337890247669,0.6341344740360668,0,B2020-05907
5908,5908,205474.36773752564,0.6972678638488894,-0.4228408906296382,4,B2022-05908
5909,5909,936852.0830298616,0.6160980047264244,-0.3340644101451684,5,B2021-05909
5910,5910,226435.54260742897,0.6175637696020884,-0.2629651705020251,4,B2021-05910
5911,5911,220300.3647214854,0.6412673653124159,-0.3124101093902611,4,B2023-05911
5912,5912,1543239.4797245604,0.3620267725525483,0.1372147792258225,2,B2018-05912
5913,5913,1667421.576128539,0.2193210666728653,0.1166575741525569,2,B2018-05913
5914,5914,1355505.8099794942,0.521152467790723,0.5104345232484595,0,B2022-05914
5915,5915,1455270.5882352942,0.3530904682384053,0.1498607871923794,2,B2017-05915
5916,5916,255976.1883408072,0.5583092458809621,0.647158780057329,0,B2019-05916
5917,5917,1292916.9506726456,0.2108262173979252,0.0692843181196137,2,B2019-05917
5918,5918,1694100.269058296,0.474169354854741,0.5559449885195904,0,B2019-05918
5919,5919,1190174.0713765477,0.6918265400198284,-0.4934289577553946,5,B2021-05919
5920,5920,186933.6133828996,0.5966806816896861,0.0386624792314089,3,B2020-05920
5921,5921,847162.7063197026,0.5377044966536716,0.5612310283405463,0,B2020-05921
5922,5922,791488.5501858735,0.531926848040519,-0.0239556704767447,2,B2020-05922
5923,5923,1295428.4753363228,0.3993632603441809,0.1332054654698203,2,B2019-05923
5924,5924,1287519.3903345724,0.5533756996017852,0.0691691179312241,2,B2020-05924
5925,5925,1976120.0,0.4286459657105694,0.0933533117008937,2,B2017-05925
5926,5926,176547.08520179373,0.6133010956766959,0.0939629218107193,3,B2019-05926
5927,5927,920892.3766816144,0.6360529707659656,0.4730703795133602,0,B2019-05927
5928,5928,840515.2847058823,0.4210134425146116,0.0067299713513046,2,B2017-05928
5929,5929,191844.7058823529,0.4399239898387317,0.1492769580133087,3,B2017-05929
5930,5930,1500000.0,0.6806715319962612,-0.5015519418077459,5,B2024-05930
5931,5931,1192519.8938992042,0.5483568886140305,0.0002291225118656,2,B2023-05931
5932,5932,252652.5198938992,0.4593106945478669,0.0177057596082301,3,B2023-05932
5933,5933,1287630.5882352942,0.4815730974270323,0.5712376154917204,0,B2017-05933
5934,5934,1215398.3248361251,0.6157515141840579,-0.0392455938807186,6,B2021-05934
5935,5935,1562542.720437457,0.4563760583249773,0.6170157816665433,0,B2022-05935
5936,5936,1394908.2352941176,0.3509387820251037,0.1609470343476835,2,B2017-05936
5937,5937,3500000.0,0.7154726207784363,-0.4310362859763532,5,B2025-05937
5938,5938,1305215.7552941176,0.4085530847483702,0.144675835878201,2,B2017-05938
5939,5939,1196136.0446096654,0.4985622507609724,0.6090284098387707,0,B2020-05939
5940,5940,188623.3882352941,0.0,0.0,2,B2017-05940
5941,5941,597982.0627802691,0.3141416943499393,0.0341726766772408,2,B2019-05941
5942,5942,3540892.19330855,0.4749021418264193,0.597819508277616,0,B2020-05942
5943,5943,268941.17647058825,0.5271096238537554,0.2356371118292235,3,B2017-05943
5944,5944,272559.29609793425,0.6173465847128918,0.1040743623306747,3,B2018-05944
5945,5945,1023973.0941704036,0.5579039703566092,-0.0353736252695464,6,B2019-05945
5946,5946,167616.6794185157,0.5990941984558992,0.5793110408027514,0,B2018-05946
5947,5947,262356.5416985463,0.6323657308685523,0.0782492641594373,3,B2018-05947
5948,5948,188896.71002295337,0.1882483598565559,0.1188428794220315,2,B2018-05948
5949,5949,762505.3050397878,0.6712840638959842,-0.4870122507635477,5,B2023-05949
5950,5950,812800.0,0.3808132351334617,-0.0498322359487063,2,B2017-05950
5951,5951,268941.17647058825,0.5271096238537554,0.2356371118292235,3,B2017-05951
5952,5952,1223084.705882353,0.3565046022761156,0.0181106595640103,2,B2017-05952
5953,5953,779204.6613255644,0.2189319293976374,0.1165428912669225,2,B2021-05953
5954,5954,178706.48215586305,0.6094585786382944,0.0840168145356102,3,B2021-05954
5955,5955,830355.2294246176,0.5929761602207718,-0.0251190299353603,6,B2021-05955
5956,5956,191163.2119446468,0.5091992500755033,0.0349388298772731,3,B2021-05956
5957,5957,242546.41909814323,0.7104577657145121,-0.4766735295490827,4,B2023-05957
5958,5958,1045988.0520446096,0.4932940551516775,0.4827932413716481,0,B2020-05958
5959,5959,605598.5287691187,0.7131964422484719,-0.1361794766074657,5,B2021-05959
5960,5960,210277.0191277736,0.4842030197924193,0.167314925010375,3,B2018-05960
5961,5961,252678.0669144981,0.5895727445096499,0.1026204219734669,3,B2020-05961
5962,5962,1886962.855061908,0.3097827159044221,0.0940129886082244,2,B2021-05962
5963,5963,700000.0,0.6499570175339706,-0.5527954241415471,5,B2024-05963
5964,5964,794357.3068094875,0.4912165723106574,-0.0495766624732704,6,B2018-05964
5965,5965,800100.0,0.4226569214975652,0.0150617940006904,2,B2019-05965
5966,5966,226501.14766641168,0.6483060559870999,0.5769030797867414,0,B2018-05966
5967,5967,2266171.003717472,0.3133097307678326,0.1365390441951207,2,B2020-05967
5968,5968,453234.2007434944,0.253491697301254,0.0079016684970215,2,B2020-05968
5969,5969,1095487.0588235294,0.45401506553125,0.0121377171783706,6,B2017-05969
5970,5970,909786.9955156952,0.5606516693774962,0.0076738435095852,6,B2019-05970
5971,5971,15891524.163568772,0.2336409522940523,0.1046213541717389,7,B2020-05971
5972,5972,10416951.46958305,0.2070139437444185,0.0716472328043968,2,B2022-05972
5973,5973,693448.3271375465,0.4944829337106042,0.6095555709868014,0,B2020-05973
5974,5974,260454.58823529413,0.4731478015826402,0.1643781835611952,3,B2017-05974
5975,5975,234331.0328997705,0.6607257695709003,0.5142486539682801,0,B2018-05975
5976,5976,174512.9411764706,0.5626792887796679,0.3639378560209824,3,B2017-05976
5977,5977,780695.9107806691,0.4689450434137527,0.6368982484222796,0,B2020-05977
5978,5978,309242.1524663677,0.5528806657282237,0.6074984020277069,0,B2019-05978
5979,5979,954851.1435294118,0.2955788129065607,-0.0733644957967678,2,B2017-05979
5980,5980,1160929.4117647058,0.3148996305663337,-0.0066623913647313,2,B2017-05980
5981,5981,2144835.7647058824,0.3542703540357029,0.1290193465647197,2,B2017-05981
5982,5982,801668.9910313901,0.2686619577197738,0.1095569067050504,2,B2019-05982
5983,5983,255139.0134529148,0.5416369532431703,0.6498956847736305,0,B2019-05983
5984,5984,569770.7860560493,0.7019319703038378,-0.5518865251102703,5,B2022-05984
5985,5985,578859.5762132604,0.7019319703038378,-0.5518865251102703,5,B2022-05985
5986,5986,749692.3718386877,0.619921953431865,-0.0478631940512489,6,B2022-05986
5987,5987,488034.17634996586,0.4050761455798579,0.1008889513190615,2,B2022-05987
5988,5988,3031830.2387267905,0.4565042738376973,0.0133393053853472,6,B2023-05988
5989,5989,1436741.0101435406,0.5274776191176899,0.022401886902626,2,B2022-05989
5990,5990,947981.637337414,0.6688016461270307,0.4014665935434691,0,B2018-05990
5991,5991,750000.0,0.6967563033641351,-0.5426660180330158,5,B2025-05991
5992,5992,1138044.3764345832,0.3141416943499393,0.0341726766772408,2,B2018-05992
5993,5993,186167.05882352943,0.4868667875521668,0.084793782254419,3,B2017-05993
5994,5994,655140.7058823529,0.5369059921706171,0.1302730358047373,6,B2017-05994
5995,5995,202306.0443764346,0.6159117584411791,0.0320636527492142,3,B2018-05995
5996,5996,1393668.385650224,0.5063936424311264,0.0123138540111259,2,B2019-05996
5997,5997,257109.41086457545,0.5044339281695098,0.1411063574689394,3,B2018-05997
5998,5998,268941.17647058825,0.518761579800562,0.0666766204143582,3,B2017-05998
5999,5999,866598.1432360742,0.7116506712344288,-0.5033115795096098,5,B2023-05999
6000,6000,842485.1294117647,0.3666534596274151,0.1508113798041896,2,B2017-06000
6001,6001,911222.8298017771,0.5880842799972522,-0.3348069582658792,5,B2022-06001
6002,6002,801725.9417040359,0.4085530847483702,0.144675835878201,2,B2019-06002
6003,6003,1245029.4650224214,0.4271815028297275,0.5706443242942669,0,B2019-06003
6004,6004,693656.9856459331,0.6620541251962432,-0.5456264193767036,5,B2022-06004
6005,6005,227387.26790450927,0.6166554734572833,0.0573144589310265,3,B2023-06005
6006,6006,960079.575596817,0.6614136543149011,-0.540872304149954,5,B2023-06006
6007,6007,808488.0636604774,0.6685087272202691,-0.4882615298419354,5,B2023-06007
6008,6008,1183519.510328998,0.4331513355927548,0.0589588536004893,2,B2018-06008
6009,6009,588261.6679418517,0.4679901126878232,0.0781118615565985,6,B2018-06009
6010,6010,854635.2941176471,0.6146966873445552,0.5131610631956032,0,B2017-06010
6011,6011,191510.6100795756,0.6668134029905827,-0.3326503871954577,4,B2023-06011
6012,6012,837783.3219412167,0.4263031119144178,-0.0071509614230869,2,B2022-06012
6013,6013,560335.2716143843,0.469765064374379,0.6084285690143405,0,B2018-06013
6014,6014,1770881.7498291184,0.2297293550130633,0.1166457925306143,2,B2022-06014
6015,6015,1749043.6113236423,0.2998285102469971,-0.010545357401978,2,B2018-06015
6016,6016,960735.080336649,0.480696341960721,0.069461887764243,6,B2018-06016
6017,6017,1570513.159851301,0.4838589769720123,0.5915719742633971,0,B2020-06017
6018,6018,1093544.5324933687,0.4869351959328334,0.0669336529261105,2,B2023-06018
6019,6019,1071614.6447058823,0.3825889049951584,0.1293396863586662,2,B2017-06019
6020,6020,786320.4565960356,0.4653919682409216,0.6353680025579022,0,B2022-06020
6021,6021,641037.5530503979,0.5581980173352621,-0.0110954911874433,6,B2023-06021
6022,6022,219796.48048967103,0.5431975857894802,0.0745161284721298,3,B2018-06022
6023,6023,206446.1883408072,0.5579828665914278,0.014583259328853,3,B2019-06023
6024,6024,180818.3856502242,0.6698029656163266,-0.0144631735606061,3,B2019-06024
6025,6025,1238264.1635687733,0.4888907034810473,0.6313421058509678,0,B2020-06025
6026,6026,1057775.5294117648,0.4379859854981782,0.041400570907523,6,B2017-06026
6027,6027,2332058.1484315232,0.3149548698676853,0.1562585271784188,2,B2018-06027
6028,6028,1792941.1764705882,0.2602512120315918,0.0584464044350214,2,B2017-06028
6029,6029,1465384.6153846153,0.3169943213835045,0.0508845064454307,2,B2023-06029
6030,6030,268373.25172149966,0.6425654648342899,0.0630431516333552,3,B2018-06030
6031,6031,203200.0,0.4399239898387317,0.1492769580133087,3,B2017-06031
6032,6032,204849.5058823529,0.4399239898387317,0.1492769580133087,3,B2017-06032
6033,6033,220542.9111405836,0.6849150481512161,-0.4980149735226356,4,B2023-06033
6034,6034,192089.7411764706,0.5169908685032325,0.1256356164028238,3,B2017-06034
6035,6035,845248.3612527312,0.6590947346748537,-0.5067310499629507,5,B2021-06035
6036,6036,675341.1764705882,0.4770440447176078,0.0555103323686053,6,B2017-06036
6037,6037,204395.29411764705,0.5442883839559429,0.5722312239893325,0,B2017-06037
6038,6038,697621.2672978878,0.5823999018310664,-0.3602147857209694,5,B2021-06038
6039,6039,181381.49442379185,0.5605075560633371,0.0115425067831604,3,B2020-06039
6040,6040,254944.2379182156,0.5670995639059417,0.0894908228152529,3,B2020-06040
6041,6041,250000.0,0.6932948996904753,-0.4583401167449551,4,B2024-06041
6042,6042,213383.32058148435,0.4704810461655772,0.1799377527744363,3,B2018-06042
6043,6043,1127588.196286472,0.6680612608271128,-0.5048509279571785,5,B2023-06043
6044,6044,35858.82352941176,0.3213199526030189,0.0869597470352705,2,B2017-06044
6045,6045,688489.4117647059,0.4963490455136987,0.0093880652093887,6,B2017-06045
6046,6046,504526.00896860985,0.6302712917791864,0.4065628803515743,0,B2019-06046
6047,6047,654124.7058823529,0.4694339678469109,0.5427571584631241,0,B2017-06047
6048,6048,188931.69089517984,0.5013820038583644,0.6024579968155604,0,B2018-06048
6049,6049,965284.2175066312,0.6932605331159656,-0.4955855709570241,5,B2023-06049
6050,6050,796131.8281136197,0.7166212408750601,-0.450099758619493,5,B2021-06050
6051,6051,842084.705882353,0.3542703540357029,0.1290193465647197,2,B2017-06051
6052,6052,125820.9549071618,0.694101532729511,-0.4424744301639209,4,B2023-06052
6053,6053,726987.4137931034,0.7055343782110874,-0.4765758741214912,5,B2023-06053
6054,6054,1589778.0269058296,0.4085530847483702,0.144675835878201,2,B2019-06054
6055,6055,903944.7623529412,0.2723913773106798,0.1482922542707242,2,B2017-06055
6056,6056,842532.9411764706,0.3467800625443005,0.1879785224179269,2,B2017-06056
6057,6057,483324.2705570292,0.6537235720620203,-0.5522846712400067,5,B2023-06057
6058,6058,1007449.120122418,0.4095741827382314,-0.0505347870293527,2,B2018-06058
6059,6059,22317829.596412554,0.2351608924373623,0.0340978800733021,7,B2019-06059
6060,6060,36485372.52221463,0.3224139130049445,0.1360934048026424,7,B2022-06060
6061,6061,126045112.7819549,0.2984387807536924,-0.1678053002967756,1,B2022-06061
6062,6062,275071.74887892377,0.6174821447314893,0.0976560507615793,3,B2019-06062
6063,6063,993165.2639632748,0.3630314562597383,0.0240333161677026,2,B2018-06063
6064,6064,1064817.1003717473,0.6056166159180267,0.0165880723509712,6,B2020-06064
6065,6065,270227.2379495027,0.645394044467987,0.5582585014690559,0,B2018-06065
6066,6066,95179182.15613385,0.2682843036100263,0.0050506573552538,1,B2020-06066
6067,6067,735939.033457249,0.5245000402119994,0.0846463236772523,2,B2020-06067
6068,6068,734598.3167559297,0.3486810398518968,0.1554154984746436,2,B2018-06068
6069,6069,718543.7665782493,0.652124634365182,-0.3707685577703297,5,B2023-06069
6070,6070,1600000.0,0.6066532651867776,-0.0911337966866093,6,B2024-06070
6071,6071,474734.0848806366,0.6980121763648107,-0.5112780133196607,5,B2023-06071
6072,6072,17786737.400530502,0.2297293550130633,0.1166457925306143,7,B2023-06072
6073,6073,116602.90742157616,0.06215195241824,0.1397426421491165,2,B2018-06073
6074,6074,70463329.48806366,0.323101842623601,0.0056997241818632,1,B2023-06074
6075,6075,25000683.52699932,0.3024170181603645,0.0855804114724141,7,B2022-06075
6076,6076,30354708.52017937,0.389688163819462,0.1338531836486717,7,B2019-06076
6077,6077,50444087.49145591,0.4144622088979207,-0.1222290454610852,7,B2022-06077
6078,6078,1167234.5882352942,0.4478639277339762,0.090000998043127,2,B2017-06078
6079,6079,273871.07880642696,0.5588106328322963,0.2114887869785481,3,B2018-06079
6080,6080,685625.0956388678,0.5115032342949881,-0.0125017055167984,6,B2018-06080
6081,6081,254907.4126394052,0.6675342075015789,0.5522165716733058,0,B2020-06081
6082,6082,234347.55297334245,0.6846612109180529,-0.3885377096595402,4,B2022-06082
6083,6083,256175.51569506727,0.6747203812724769,0.5516612762446896,0,B2019-06083
6084,6084,192681.41176470587,0.4583533545780328,0.2649289767063383,3,B2017-06084
6085,6085,191844.7058823529,0.6211391006865904,0.577225692549518,0,B2017-06085
6086,6086,1190553.811659193,0.5973304656613923,0.0090702195359229,6,B2019-06086
6087,6087,5278188.340807174,0.3567048568230297,-0.0163609806006749,2,B2019-06087
6088,6088,213808.23529411765,0.4161100921667085,0.1747791116643267,3,B2017-06088
6089,6089,249167.8951201748,0.7133147314815055,-0.4905248975279856,4,B2021-06089
6090,6090,819768.5647058823,0.3695612447565193,-0.030422465349648,2,B2017-06090
6091,6091,262356.5416985463,0.5814480137266747,0.0686365130801383,3,B2018-06091
6092,6092,226617.1003717472,0.6330826332302677,0.1090528971829114,3,B2020-06092
6093,6093,1012782.8912466844,0.6317750471248295,-0.0759164193294319,6,B2023-06093
6094,6094,151591.51193633952,0.7440607189144993,-0.4163692663459722,4,B2023-06094
6095,6095,1928009.411764706,0.3697276648193979,0.0528290644786434,2,B2017-06095
6096,6096,1165196.611764706,0.3512839830750794,-0.0544754437649121,2,B2017-06096
6097,6097,2433618.823529412,0.3727296241163824,0.0804683450372118,2,B2017-06097
6098,6098,758440.4141176471,0.377584195949854,0.1806289508104417,6,B2017-06098
6099,6099,597006.8859984699,0.6019706047816836,0.4867890570740105,0,B2018-06099
6100,6100,192561.8823529412,0.4769752957975676,0.1835464826446527,3,B2017-06100
6101,6101,821467.482785004,0.331378381291237,0.0333841697957766,2,B2018-06101
6102,6102,1940858.823529412,0.3689604494597747,0.1702880735653845,2,B2017-06102
6103,6103,179294.11764705885,0.5180272730667485,0.0980236155974394,3,B2017-06103
6104,6104,148377.19969395566,0.5902430222977414,0.0845768423698102,3,B2018-06104
6105,6105,670560.0,0.5253923228356788,0.0769004110296185,6,B2017-06105
6106,6106,300804.07865986886,0.6035831617080488,-0.0159801043600861,3,B2021-06106
6107,6107,834287.3270211216,0.7139951042494318,-0.4426700854993724,5,B2021-06107
6108,6108,839694.1176470588,0.1819941110683143,-0.0345434752013276,2,B2017-06108
6109,6109,724395.5623565419,0.3458679293402574,0.0425104146447563,2,B2018-06109
6110,6110,227526.4798206278,0.539699126017459,0.0315693793228246,3,B2019-06110
6111,6111,919778.8235294118,0.4005970605102611,1.9934919500055187e-05,2,B2017-06111
6112,6112,210228.32941176472,0.4731478015826402,0.1643781835611952,3,B2017-06112
6113,6113,711216.8435013263,0.700800868219668,-0.4713332868573394,5,B2023-06113
6114,6114,231462.55305039787,0.7278877931091317,-0.4502721340191431,4,B2023-06114
6115,6115,167218.1134654819,0.6671426374729726,-0.3011892748478872,4,B2022-06115
6116,6116,233213.00448430493,0.6974760496686181,0.4913035681729681,0,B2019-06116
6117,6117,1300000.0,0.6531617368244892,-0.1068525778031541,6,B2024-06117
6118,6118,237564.7058823529,0.5552874524138669,0.2041495810421211,3,B2017-06118
6119,6119,1744968.6098654708,0.384833740005372,0.1626106477319147,2,B2019-06119
6120,6120,750345.8823529412,0.3232970853423281,-0.1054402341053733,2,B2017-06120
6121,6121,256278.0269058296,0.5662738620756217,0.5399356676993428,0,B2019-06121
6122,6122,237153.9910313901,0.6286268603798186,0.5553091731922253,0,B2019-06122
6123,6123,819013.3183856502,0.6551769391723443,0.3414981766374524,0,B2019-06123
6124,6124,262356.5416985463,0.5013820038583644,0.6024579968155604,0,B2018-06124
6125,6125,203386.95332823263,0.5982543043467012,0.0851808487655036,3,B2018-06125
6126,6126,775208.0,0.4343697594992451,0.0367452142015354,6,B2017-06126
6127,6127,190449.2,0.5704829088105222,0.6159963424511916,0,B2017-06127
6128,6128,23905.88235294118,0.3230826898045487,0.0847554518361601,2,B2017-06128
6129,6129,760804.705882353,0.359558913377341,-0.0719476856870121,2,B2017-06129
6130,6130,233680.0,0.5429028845286329,0.1665938536342529,3,B2017-06130
6131,6131,34500000.0,0.3481254233887644,0.0313864250817898,7,B2024-06131
6132,6132,246406.89411764705,0.4731478015826402,0.1643781835611952,3,B2017-06132
6133,6133,773660.2907421577,0.5328760960247726,0.6075709581515591,0,B2018-06133
6134,6134,221032.7239621267,0.7052617404221376,-0.4868544248820712,4,B2021-06134
6135,6135,1309068.188235294,0.2332056774503544,0.004644704941747,2,B2017-06135
6136,6136,800000.0,0.6123833471383158,-0.5210519296996192,5,B2024-06136
6137,6137,1290917.6470588236,0.3416825813610624,0.0116145705986047,2,B2017-06137
6138,6138,673381.7903596023,0.59206090936373,0.4931365886338411,0,B2018-06138
6139,6139,233709.8823529412,0.4427572231980741,0.1168002197521546,3,B2017-06139
6140,6140,1054716.3362952836,0.6921790702663352,-0.4923753739029116,5,B2022-06140
6141,6141,179122.7239621267,0.5853563861805136,0.0340387649662479,3,B2021-06141
6142,6142,265355.29411764705,0.5860561246696628,0.3172117968023714,3,B2017-06142
6143,6143,162337.77170198224,0.6986943970015485,-0.3749335666013766,4,B2022-06143
6144,6144,11458646.616541354,0.326034817701782,-0.117747095232803,7,B2022-06144
6145,6145,203549.02588235296,0.458486787893799,0.155463056896724,3,B2017-06145
6146,6146,232484.7058823529,0.5168517845339379,0.236333697480171,3,B2017-06146
6147,6147,41610495.0,0.2666927859375129,-0.0017035971064956,7,B2024-06147
6148,6148,45834586.466165416,0.3433190536542089,0.2353799805076059,7,B2022-06148
6149,6149,941891.7647058824,0.4295563498563439,0.0287338513683621,6,B2017-06149
6150,6150,913265.4537107884,0.6369933676914792,-0.0044297942881071,6,B2018-06150
6151,6151,875026.1132364195,0.384279838133402,-0.0728442390405188,2,B2018-06151
6152,6152,22661710.03717472,0.2552207488055766,0.0290227896107606,7,B2020-06152
6153,6153,11116235.294117646,0.164423147982527,0.0992729709806024,2,B2017-06153
6154,6154,31250854.40874915,0.2013000825350129,0.1010342428720882,7,B2022-06154
6155,6155,910459.5775673706,0.5183374483105784,-0.1731575268455483,6,B2021-06155
6156,6156,172194.8120300752,0.7168144718632142,-0.3247574356014457,4,B2022-06156
6157,6157,711552.8713527852,0.5601079538806232,0.3893841076793274,0,B2023-06157
6158,6158,153915.8377964805,0.6109925298657986,0.5494712891478863,0,B2018-06158
6159,6159,640759.8513011152,0.3610809907868988,0.0522086263984153,2,B2020-06159
6160,6160,236425.3459577567,0.6323218181996852,-0.2525521154916034,4,B2021-06160
6161,6161,758189.445010925,0.6921790702663352,-0.4923753739029116,5,B2021-06161
6162,6162,1100865.8823529412,0.3289024652031897,-0.0925236604346944,2,B2017-06162
6163,6163,1335442.3529411764,0.4829369178150091,0.0321575401676626,6,B2017-06163
6164,6164,841931.2930374906,0.4945414414275196,0.0584073106550952,6,B2018-06164
6165,6165,188114.51811346548,0.7036099327139117,-0.420107051234845,4,B2022-06165
6166,6166,1113228.1784386616,0.4969320831202693,-0.139021204785176,6,B2020-06166
6167,6167,136555.06190823016,0.6038241453543857,0.0632295030918565,3,B2021-06167
6168,6168,700149.3506493507,0.6822018121656661,-0.5035159951130971,5,B2022-06168
6169,6169,247472.40349599416,0.517735045493277,0.08030282178251,3,B2021-06169
6170,6170,758614.4907723855,0.6735806976635026,-0.4365280379992597,5,B2022-06170
6171,6171,165707.65550239236,0.6903604331730046,-0.4354859336560409,4,B2022-06171
6172,6172,165952.28116710874,0.7148272557173588,-0.4422980174727892,4,B2023-06172
6173,6173,250000.0,0.731213561701953,-0.4831061045981688,4,B2025-06173
6174,6174,800000.0,0.6542101458614517,-0.5470641359410194,5,B2024-06174
6175,6175,900000.0,0.5524161784399425,0.023388601485243,6,B2025-06175
6176,6176,230000.0,0.6109934998684086,0.0183179494156728,3,B2024-06176
6177,6177,59764705.88235294,0.2337743027246156,0.0686108874710345,7,B2017-06177
6178,6178,10234951.701982228,0.2721673558291032,0.0548577830225168,2,B2022-06178
6179,6179,25521531.10047847,0.2413318581111175,-0.0758683213663433,7,B2022-06179
6180,6180,16996282.52788104,0.2297293550130633,0.1166457925306143,7,B2020-06180
6181,6181,14328165.263963278,0.2650525611273599,-0.025407669823336,2,B2018-06181
6182,6182,25003161.438408576,0.2969051903425585,-0.0455780307903517,7,B2018-06182
6183,6183,53378849.23525127,0.2790203230587029,-0.0354172473644922,7,B2021-06183
6184,6184,239832.95067264573,0.6735964342345799,0.4783487579160905,0,B2019-06184
6185,6185,1163573.4791524266,0.701065294880614,-0.4736504136291645,5,B2022-06185
6186,6186,783029.2207792208,0.6284355192043639,-0.2552569489283773,5,B2022-06186
6187,6187,833356.1175666439,0.5213314770340385,0.4585265022772465,0,B2022-06187
6188,6188,821467.482785004,0.3415548949470053,-0.03274244637242,2,B2018-06188
6189,6189,823987.9529411765,0.4686246105281446,0.0228007751250065,6,B2017-06189
6190,6190,691710.6336489439,0.6314352775584843,-0.5208353242566943,5,B2021-06190
6191,6191,836048.4705882353,0.5435491705224879,0.2193357024640537,6,B2017-06191
6192,6192,170209.88235294115,0.5253578031483866,0.2447429900703605,3,B2017-06192
6193,6193,212164.7058823529,0.4406705191579457,0.1240664826499477,3,B2017-06193
6194,6194,873982.2282980178,0.5536185431846475,0.0342819281749747,6,B2022-06194
6195,6195,873447.8386876282,0.6243876808701042,-0.2968762200678522,5,B2022-06195
6196,6196,661541.5242652085,0.5536185431846475,0.0342819281749747,6,B2022-06196
6197,6197,1138864.2379182156,0.5796304020653658,-0.0440287693755551,2,B2020-06197
6198,6198,712328.5145888594,0.6451511012532981,-0.0520844359013818,6,B2023-06198
6199,6199,172207.9575596817,0.606820159328367,0.0653602570827866,3,B2023-06199
6200,6200,786740.2597402597,0.6176873503590279,-0.2606828032348433,5,B2022-06200
6201,6201,610408.4880636605,0.5652818605040135,0.0398113793329468,6,B2023-06201
6202,6202,871914.798206278,0.5384511408187687,0.4950306692169239,0,B2019-06202
6203,6203,205804.1315990819,0.5513557027277676,0.6408494621667999,0,B2018-06203
6204,6204,1135913.458301454,0.437935546161097,0.2948697047854186,2,B2018-06204
6205,6205,745072.4538619276,0.636004375135325,-0.2177208573778077,5,B2022-06205
6206,6206,814168.9730517116,0.4718943455611658,0.6515675374658161,0,B2021-06206
6207,6207,757282.5928623452,0.6295025351247325,-0.2512975842128601,5,B2021-06207
6208,6208,268941.17647058825,0.4592661476516351,0.2555332224697434,3,B2017-06208
6209,6209,1344705.8823529412,0.0,0.0,2,B2017-06209
6210,6210,845670.5882352941,0.5027556924032089,0.5005711568234348,0,B2017-06210
6211,6211,284753.36322869954,0.4059139212884506,0.1726904638645407,2,B2019-06211
6212,6212,1389596.4125560538,0.2659417807993894,0.2374553593650727,2,B2019-06212
6213,6213,205068.463219228,0.757824817705,-0.1497990693953879,4,B2021-06213
6214,6214,26042.37867395762,0.2614065000247832,0.0827500275662897,2,B2022-06214
6215,6215,225910.58823529413,0.4731478015826402,0.1643781835611952,3,B2017-06215
6216,6216,220379.49502677887,0.4161100921667085,0.1747791116643267,3,B2018-06216
6217,6217,834876.8171384853,0.3257075533089053,0.062431770230692,2,B2018-06217
6218,6218,243408.56924254025,0.5161384298745456,0.2548182770147549,3,B2018-06218
6219,6219,707333.5761107064,0.574553645101229,0.1169690013336022,6,B2021-06219
6220,6220,902745.8823529412,0.4441654902289927,0.1064030925708948,6,B2017-06220
6221,6221,956235.2941176472,0.4249454436148987,0.1164870178765218,2,B2017-06221
6222,6222,645458.8235294118,0.3196225203112174,0.155330552858069,6,B2017-06222
6223,6223,1008999.938791125,0.5777007131109483,0.4341223282495388,0,B2018-06223
6224,6224,243541.17647058825,0.5858403625545436,0.4723309580079276,0,B2017-06224
6225,6225,16732172.486525854,0.0676745384504878,0.1410383571138736,7,B2021-06225
6226,6226,10000000.0,0.3185238416718677,0.0850780059931896,2,B2025-06226
6227,6227,14947035.195103291,0.1954026851969919,0.1829755205677288,7,B2018-06227
6228,6228,3731293.037490437,0.2803629837466556,0.0929070165940028,2,B2018-06228
6229,6229,8162203.519510331,0.2646312810608472,0.1239014870733284,2,B2018-06229
6230,6230,15863197.026022304,0.2330814617953192,0.0103572223830162,7,B2020-06230
6231,6231,82263660.47745357,0.3109718677687185,-0.0010858989315681,1,B2023-06231
6232,6232,24419519.300801165,0.0,0.0,7,B2021-06232
6233,6233,11208559.359067734,0.2297293550130633,0.1166457925306143,2,B2021-06233
6234,6234,7291866.028708134,0.2329617534865256,0.1622988412001171,2,B2022-06234
6235,6235,11000000.0,0.2348289817481982,0.1094876811496529,2,B2024-06235
6236,6236,24180000.0,0.313144986845464,0.0533515130052282,7,B2024-06236
6237,6237,20604579.898033503,0.3293675812040023,0.0081522015899396,7,B2021-06237
6238,6238,35858823.52941176,0.2809658040600683,0.0432806161643569,7,B2017-06238
6239,6239,16990356.445623342,0.3645717829506758,0.0356357394027067,2,B2023-06239
6240,6240,713817.694117647,0.4672128432873004,-0.0699059905429245,6,B2017-06240
6241,6241,13021189.336978812,0.1715374971989814,-0.1331242063576925,7,B2022-06241
6242,6242,12000000.0,0.2414022881639849,0.0794276253687523,2,B2024-06242
6243,6243,1166029.0742157616,0.3620108795995239,0.231111176576303,2,B2018-06243
6244,6244,20738352.94117647,0.2679625563591469,0.2404898623099667,7,B2017-06244
6245,6245,51385000.0,0.1929434699306619,0.1803785772298799,7,B2025-06245
6246,6246,19242054.4395756,0.1466764287072115,0.0442074627990493,7,B2023-06246
6247,6247,28125768.96787424,0.1608073499878384,0.0669676746018106,7,B2022-06247
6248,6248,20825279.2654935,0.320016023196325,0.1125543036870729,7,B2018-06248
6249,6249,20901819.74598317,0.1818631043177731,0.2264206790717962,7,B2018-06249
6250,6250,2448661.055853099,0.2985291282580563,0.1256353997990798,2,B2018-06250
6251,6251,30000000.0,0.3161152187265667,0.0583133324744684,7,B2024-06251
6252,6252,225534.0705882353,0.4731478015826402,0.1643781835611952,3,B2017-06252
6253,6253,1081890.5882352942,0.3542703540357029,0.1290193465647197,2,B2017-06253
6254,6254,2287055.256312166,0.3639271882331392,0.1001399343320851,2,B2018-06254
6255,6255,825776.2107623318,0.5127334631401687,0.5926354866398869,0,B2019-06255
6256,6256,181293.6802973977,0.6628373879911976,0.5788400377447137,0,B2020-06256
6257,6257,1083419.14785142,0.6706440565941911,0.261659436654251,5,B2021-06257
6258,6258,768821.1747211895,0.5716369697373164,0.5330636473015951,0,B2020-06258
6259,6259,989375.6694720736,0.3451096730737728,-0.0838261872850641,2,B2018-06259
6260,6260,762000.0,0.570917659736261,0.0228526571603987,6,B2019-06260
6261,6261,915533.0855018588,0.5104628599578441,-0.1033588912046053,6,B2020-06261
6262,6262,1353895.848506919,0.691753315605896,-0.4522871465794514,5,B2021-06262
6263,6263,233781.03345724905,0.5869248977777494,-0.0136474577480914,3,B2020-06263
6264,6264,1027739.7100371746,0.6623300826144326,-0.0710365489397047,6,B2020-06264
6265,6265,944313.9111434814,0.5677070692345905,0.0750330710434212,6,B2021-06265
6266,6266,767665.4275092937,0.5142001054325496,-0.1466099011641503,6,B2020-06266
6267,6267,1187225.8823529412,0.3428359495378108,0.139069303528638,2,B2017-06267
6268,6268,1568584.4705882354,0.4478639277339762,0.090000998043127,2,B2017-06268
6269,6269,837972.6127320954,0.6824237341412318,-0.5436815711940362,5,B2023-06269
6270,6270,1291458.6206896552,0.6402703897739179,-0.5365041565573758,5,B2023-06270
6271,6271,226932.49336870023,0.701375348653106,-0.4619541362852852,4,B2023-06271
6272,6272,229733.0855018588,0.5753700832322831,0.0623655126855266,3,B2020-06272
6273,6273,210992.96097934205,0.5513557027277676,0.6408494621667999,0,B2018-06273
6274,6274,892986.5470852017,0.4148374288604509,0.5043284263370108,0,B2019-06274
6275,6275,190916.2418062637,0.6174821447314893,0.0976560507615793,3,B2021-06275
6276,6276,230094.11764705885,0.4399239898387317,0.1492769580133087,3,B2017-06276
6277,6277,878991.0780669145,0.5348048919853051,0.5051840137339869,0,B2020-06277
6278,6278,159281.86453022578,0.6671426374729726,-0.3011892748478872,4,B2021-06278
6279,6279,1624561.3382899628,0.4751981410261252,0.6390018310984669,0,B2020-06279
6280,6280,170000.0,0.5466288060426346,0.02890708097023,3,B2024-06280
6281,6281,404244.0318302387,0.3622349982365136,0.1357445908724951,2,B2023-06281
6282,6282,978730.7294117648,0.4500552133883488,0.5520370178609837,0,B2017-06282
6283,6283,252652.5198938992,0.7152034923255343,-0.3841025003268105,4,B2023-06283
6284,6284,400000.0,0.7245042526761236,-0.4088152374157955,4,B2024-06284
6285,6285,818096.4125560538,0.6195693801350478,0.4938127511990005,0,B2019-06285
6286,6286,690697.3221117064,0.5745539273748581,0.4116875969908341,0,B2018-06286
6287,6287,638417.0403587443,0.50101215118232,0.4789382027252758,0,B2019-06287
6288,6288,221822.86995515693,0.5647427651987106,0.607641551043493,0,B2019-06288
6289,6289,150000.0,0.655807677239436,-0.5476932019170514,4,B2024-06289
6290,6290,541681.4764183186,0.3440541601955512,0.2160061675290757,2,B2022-06290
6291,6291,1032136.4705882352,0.4478639277339762,0.090000998043127,2,B2017-06291
6292,6292,1356957.6470588236,0.3062831258687536,0.1696716567742906,2,B2017-06292
6293,6293,1012013.4529147982,0.6082405004173833,-0.2806109729335233,6,B2019-06293
6294,6294,312943.9461883408,0.6953166506647424,0.5105751199390887,0,B2019-06294
6295,6295,722461.9955156951,0.5737634285346233,-0.0410932984667462,6,B2019-06295
6296,6296,170083.18385650223,0.6961392893577284,0.4304613332439826,0,B2019-06296
6297,6297,723843.0493273542,0.5513055805937342,-0.0482076858373632,6,B2019-06297
6298,6298,926554.2607428988,0.5977371504549827,-0.5711170032658804,5,B2021-06298
6299,6299,1123852.8769118718,0.477395424761078,0.5781827898311219,0,B2021-06299
6300,6300,500000.0,0.6366450550275743,-0.5726767748866406,5,B2024-06300
6301,6301,1248484.705882353,0.3763296456534487,0.1594923169559254,2,B2017-06301
6302,6302,717406.8302387268,0.5995010358976361,-0.0390932809135086,6,B2023-06302
6303,6303,188313.6954858455,0.7095444369341357,0.5100784646060417,0,B2018-06303
6304,6304,781822.4942616681,0.3509068834075238,0.0545701328704537,2,B2018-06304
6305,6305,178693.95562356545,0.4517236909732471,0.1922988328086138,3,B2018-06305
6306,6306,982968.6098654708,0.3664087556492816,-0.0645355582296079,2,B2019-06306
6307,6307,193040.0,0.4071594807579869,0.1795213129665573,3,B2017-06307
6308,6308,1158889.2376681613,0.5448918610949398,-0.2775138734578744,6,B2019-06308
6309,6309,174321.34659525636,0.7088467326884961,0.5100772098296054,0,B2018-06309
6310,6310,170249.90053050398,0.6345266446330763,-0.2778153155916276,4,B2023-06310
6311,6311,842731.3738892686,0.7178760905877114,-0.44640351706435,5,B2022-06311
6312,6312,253800.22035195108,0.6921069818666983,0.462361317760175,0,B2018-06312
6313,6313,824382.5554705434,0.5639936875421643,0.3493044708576988,0,B2018-06313
6314,6314,175744.09411764707,0.5816438407792383,0.6135300136779837,0,B2017-06314
6315,6315,174512.9411764706,0.5169908685032325,0.1256356164028238,3,B2017-06315
6316,6316,630534.9473684211,0.5838494022381562,0.496936997532716,0,B2022-06316
6317,6317,919996.9395562358,0.6544977966331461,0.3589003013624793,0,B2018-06317
6318,6318,91121.07623318383,0.306455874780601,0.0373913894258534,2,B2019-06318
6319,6319,185254.93368700263,0.611827975594313,0.0524795729873862,3,B2023-06319
6320,6320,728359.3169761273,0.775844567273402,-0.1696739960449339,5,B2023-06320
6321,6321,231715.20557029176,0.7515290378755565,-0.4880358864727818,4,B2023-06321
6322,6322,300000.0,0.7401193604295287,-0.4825963867626626,4,B2024-06322
6323,6323,732832.5358851675,0.6086748670771407,-0.3211131609617065,5,B2022-06323
6324,6324,811847.742922724,0.6059446920101385,0.4792284582236791,0,B2018-06324
6325,6325,835241.4125560538,0.5974413939417961,0.527497440948643,0,B2019-06325
6326,6326,1182657.9925650556,0.4633829668682497,0.5776319917551104,0,B2020-06326
6327,6327,246991.19357306816,0.5387702407076591,0.5832956854078023,0,B2018-06327
6328,6328,976476.4728385616,0.5092470296149367,0.5528945915567202,0,B2018-06328
6329,6329,188506.72645739908,0.6728817246341765,0.4761903599234479,0,B2019-06329
6330,6330,188506.72645739908,0.6728817246341765,0.4761903599234479,0,B2019-06330
6331,6331,1189130.0448430493,0.6458426017308607,0.4196987347102902,0,B2019-06331
6332,6332,943684.705882353,0.5413222883514989,0.1126164387381746,6,B2017-06332
6333,6333,266729.15072685544,0.5264296798836003,0.5224994013350256,0,B2018-06333
6334,6334,188557.64705882352,0.5234899246569064,0.0808092102266878,3,B2017-06334
6335,6335,268941.17647058825,0.4746938435039372,0.6885537682263786,0,B2017-06335
6336,6336,3556616.0,0.5585804854247499,-0.0281208920552327,2,B2024-06336
6337,6337,879770.6408921933,0.532598276540531,-0.1336070668111869,6,B2020-06337
6338,6338,236345.29147982065,0.5748741096029844,0.1101310440014372,3,B2019-06338
6339,6339,1060136.7713004483,0.5455317376143413,-0.009749943645646,6,B2019-06339
6340,6340,813696.4705882353,0.4949607118856817,0.0484044789156818,6,B2017-06340
6341,6341,820132.3794950269,0.5928832377585387,0.0073921479446873,6,B2018-06341
6342,6342,847463.5294117647,0.2955788129065607,-0.0733644957967678,2,B2017-06342
6343,6343,173255.4917647059,0.5113914891695343,0.1582939750892864,3,B2017-06343
6344,6344,415686.817188638,0.3520872862317297,-0.1187587714589778,2,B2021-06344
6345,6345,222509.6654275093,0.5447266178854758,0.6342353184750129,0,B2020-06345
6346,6346,191844.7058823529,0.4430885491858244,0.2594694947926116,3,B2017-06346
6347,6347,239058.8235294117,0.5169908685032325,0.1256356164028238,3,B2017-06347
6348,6348,1092498.8235294118,0.550202034219907,0.5910419175552543,0,B2017-06348
6349,6349,827522.0101966496,0.5302244834626658,0.0913036367214122,6,B2021-06349
6350,6350,928742.157612854,0.6059446920101385,0.4792284582236791,0,B2018-06350
6351,6351,358588.23529411765,0.3235344410245112,-0.0942620916450991,2,B2017-06351
6352,6352,6646365.723029841,0.3001791162934055,-0.0374527108210235,2,B2018-06352
6353,6353,6762968.630451417,0.2666927859375129,-0.0017035971064956,2,B2018-06353
6354,6354,209885.23335883708,0.6082065136297077,0.081682307189968,3,B2018-06354
6355,6355,666974.1176470588,0.5640995784041246,0.4620520855869681,0,B2017-06355
6356,6356,241449.41176470587,0.4744895749744774,0.1739010833536125,3,B2017-06356
6357,6357,253402.35294117648,0.4549091172701806,0.1469480624244511,3,B2017-06357
6358,6358,261365.4169854629,0.608658073718697,0.4597233765841818,0,B2018-06358
6359,6359,172720.0,0.5180272730667485,0.0980236155974394,3,B2017-06359
6360,6360,262356.5416985463,0.4298254079332647,0.2488430351436884,3,B2018-06360
6361,6361,239058.8235294117,0.4427572231980741,0.1168002197521546,3,B2017-06361
6362,6362,214555.29411764705,0.5453141698571684,0.1718479648188793,3,B2017-06362
6363,6363,1203063.5294117648,0.3724062112401689,0.1497877862529339,6,B2017-06363
6364,6364,229410.1561338289,0.6655985251020157,0.4764091968665668,0,B2020-06364
6365,6365,736505.5762081784,0.5481292513295879,0.0578627080233917,6,B2020-06365
6366,6366,216348.23529411765,0.4427572231980741,0.1168002197521546,3,B2017-06366
6367,6367,1454048.4,0.384833740005372,0.1626106477319147,2,B2017-06367
6368,6368,143567.26790450927,0.5775541384417239,0.1038316238295196,3,B2023-06368
6369,6369,1139184.169854629,0.4323113302181799,0.62397963466601,0,B2018-06369
6370,6370,928569.2342007436,0.5412163210769922,-0.0957412236827847,6,B2020-06370
6371,6371,1212732.0954907162,0.6857647284218616,-0.5359151074231846,5,B2023-06371
6372,6372,695625.0,0.6499570175339706,-0.5527954241415471,5,B2024-06372
6373,6373,752671.7674062741,0.4391254388818342,0.0193021609410042,6,B2018-06373
6374,6374,195311.05882352943,0.510237681688319,0.6203737847024471,0,B2017-06374
6375,6375,1000760.0,0.4284242671942776,0.094193606927036,2,B2017-06375
6376,6376,802309.6860986546,0.6881577045604628,0.4294609300255722,0,B2019-06376
6377,6377,1219591.4588235295,0.3530904682384053,0.1498607871923794,2,B2017-06377
6378,6378,269935.7306809488,0.671062641003667,0.5128274704197477,0,B2018-06378
6379,6379,942151.4919663352,0.5730519547372359,0.5791822902778079,0,B2018-06379
6380,6380,1103419.2825112108,0.5199923440935683,-0.0916874907069632,6,B2019-06380
6381,6381,216298.39326702376,0.5429028845286329,0.1665938536342529,3,B2018-06381
6382,6382,1065441.726457399,0.6101116227577305,-0.0013114084219136,6,B2019-06382
6383,6383,179294.11764705885,0.518761579800562,0.0666766204143582,3,B2017-06383
6384,6384,748812.1394395079,0.7025991546173135,-0.4930976357303661,5,B2022-06384
6385,6385,761422.1263940521,0.5893467011078786,0.0186698033982539,6,B2020-06385
6386,6386,653228.2352941177,0.435769075248317,0.1447337773184513,2,B2017-06386
6387,6387,252520.0291332848,0.6092672113762675,0.5840871959464665,0,B2021-06387
6388,6388,1441859.388235294,0.3530904682384053,0.1498607871923794,2,B2017-06388
6389,6389,4482352.94117647,0.2642180204219283,0.0051316283068189,2,B2017-06389
6390,6390,738692.5,0.6655894203998332,-0.5353546291851955,5,B2024-06390
6391,6391,1470178.43866171,0.6027096098803985,0.037386321358189,6,B2020-06391
6392,6392,248227.873605948,0.5459287434087443,0.0848669674081218,3,B2020-06392
6393,6393,363819.6286472149,0.7080681536349488,-0.5174146175425169,4,B2023-06393
6394,6394,174467.10022953333,0.4583533545780328,0.2649289767063383,3,B2018-06394
6395,6395,541681.4764183186,0.4309897682826876,0.55054277280456,0,B2022-06395
6396,6396,514905.83554376656,0.6750329493778483,-0.494142476759939,5,B2023-06396
6397,6397,27730.82352941177,0.2821775632855392,-0.0433278985896673,2,B2017-06397
6398,6398,177819.43381790363,0.6174821447314893,0.0976560507615793,3,B2018-06398
6399,6399,760576.2331838565,0.494628365865528,-0.0596209049612023,6,B2019-06399
6400,6400,1170110.175975517,0.5633456004506585,0.2407137441755975,6,B2018-06400
6401,6401,528502.6778882939,0.4985742395052421,-0.0836732974905483,6,B2018-06401
6402,6402,380000.0,0.6221866309692502,0.0153491539919644,3,B2025-06402
6403,6403,1535654.1176470588,0.2748759891217268,0.0734307659201115,2,B2017-06403
6404,6404,579371.0117647059,0.176877343133002,0.1341129998296155,2,B2017-06404
6405,6405,693858.5201793722,0.4986641713522416,0.5089945585684222,0,B2019-06405
6406,6406,830000.0,0.6907131957431835,-0.4986359135636808,5,B2025-06406
6407,6407,808477.5600873998,0.5658049017623215,-0.0314383635095487,6,B2021-06407
6408,6408,1278259.3726090286,0.5172988069285601,0.0185758500270477,2,B2018-06408
6409,6409,1274469.7781178274,0.4294801217525483,0.5798713034972015,0,B2018-06409
6410,6410,233205.8148431523,0.5573910853802652,0.3649342604418414,3,B2018-06410
6411,6411,781427.6144907724,0.6924119210365243,-0.4876026947030744,5,B2022-06411
6412,6412,177348.5987696514,0.7098653234579356,-0.4042531590732089,4,B2022-06412
6413,6413,185806.7329762816,0.4669297402275946,0.053603524932807,3,B2018-06413
6414,6414,863000.0,0.5311082042143728,-0.0708863853345629,6,B2024-06414
6415,6415,282150.0,0.3700124958531033,0.1295532573486442,2,B2024-06415
6416,6416,184246.850132626,0.6166697745632159,0.0500723929328013,3,B2023-06416
6417,6417,704195.067264574,0.5576676707625005,0.5608743449651523,0,B2019-06417
6418,6418,300000.0,0.7662118414066001,-0.4147843785916849,4,B2024-06418
6419,6419,300000.0,0.7139439468088323,-0.4316901286900791,4,B2025-06419
6420,6420,187774.92936802973,0.6334503631788396,0.4895552357976949,0,B2020-06420
6421,6421,690650.604515659,0.6086748670771407,-0.3211131609617065,5,B2021-06421
6422,6422,1015160.5673274096,0.609380831301197,-0.5804160235334526,5,B2022-06422
6423,6423,734176.3226247437,0.5961370044932094,-0.0590544222246107,6,B2022-06423
6424,6424,606787.4231032126,0.7048157266242157,-0.4999282819058948,5,B2022-06424
6425,6425,749361.6336295283,0.6737275462891725,-0.4731134823163221,5,B2022-06425
6426,6426,639653.0172413792,0.7074453273155011,-0.5163724446124118,5,B2023-06426
6427,6427,695362.3529411765,0.3542703540357029,0.1290193465647197,6,B2017-06427
6428,6428,729186.6028708135,0.5207579508131843,0.5004579811740205,0,B2022-06428
6429,6429,157041.22679045092,0.650196343173136,-0.2305675222588364,4,B2023-06429
6430,6430,797975.4646840148,0.4911197549022995,0.6147426046570627,0,B2020-06430
6431,6431,181860.2230483272,0.6728817246341765,0.4761903599234479,0,B2020-06431
6432,6432,795176.7434944238,0.528355719039341,0.5731854920442581,0,B2020-06432
6433,6433,300000.0,0.7192218847245051,-0.3594062610570946,4,B2024-06433
6434,6434,171546.19739862284,0.4499367712356608,0.1404321687621775,3,B2018-06434
6435,6435,190213.53383458647,0.7104577657145121,-0.4766735295490827,4,B2022-06435
6436,6436,167856.15174299385,0.5526389413530829,0.0617718001463743,3,B2022-06436
6437,6437,1535952.9411764706,0.3763296456534487,0.1594923169559254,2,B2017-06437
6438,6438,1013590.9865470852,0.6296344903484065,0.0377605478925632,6,B2019-06438
6439,6439,868398.7423103213,0.689246232373997,-0.3209914381000945,5,B2022-06439
6440,6440,1372521.162968631,0.37697196077535,0.163740639082689,2,B2018-06440
6441,6441,1045882.3529411764,0.384833740005372,0.1626106477319147,2,B2017-06441
6442,6442,841487.0588235294,0.4379859854981782,0.041400570907523,6,B2017-06442
6443,6443,669364.7058823529,0.2792887093861554,0.0574128401396625,2,B2017-06443
6444,6444,179294.11764705885,0.4913731014537295,0.2705470911863608,3,B2017-06444
6445,6445,981021.6131237184,0.5635559590842437,0.4174795017694095,0,B2022-06445
6446,6446,814209.7472118959,0.4743725810197656,0.5592578317990702,0,B2020-06446
6447,6447,1701873.9985433356,0.6779866950752196,-0.4677204645132058,5,B2021-06447
6448,6448,172114.08065618592,0.696504296737551,-0.440126356129584,4,B2022-06448
6449,6449,859398.4962406015,0.5395109855127284,0.4508433270812604,0,B2022-06449
6450,6450,736632.1189336979,0.7417779764398962,-0.1406532316093855,5,B2022-06450
6451,6451,717176.4705882353,0.4005832396349058,0.1132975921345613,2,B2017-06451
6452,6452,1032168.936495792,0.3418730345554998,0.0922932354869467,2,B2018-06452
6453,6453,920974.1176470588,0.3763296456534487,0.1594923169559254,2,B2017-06453
6454,6454,636834.7764705883,0.3780004656515636,0.2208538800830958,2,B2017-06454
6455,6455,193529.3435348126,0.5256310655148577,0.1271398628132721,3,B2018-06455
6456,6456,173155.3175210406,0.6048715140973143,0.106548578367306,3,B2018-06456
6457,6457,566542.750929368,0.6310909561586517,-0.0159151726634925,6,B2020-06457
6458,6458,187218.6602870813,0.7045985599134079,-0.4291815740997851,4,B2022-06458
6459,6459,852769.5332823261,0.3470562995479701,0.0621207482379652,2,B2018-06459
6460,6460,208675.8922068463,0.5456031981094454,0.0268881689585226,3,B2021-06460
6461,6461,887427.530954115,0.5946996727879325,-0.0741092733855288,6,B2021-06461
6462,6462,268913.68470588233,0.5343009024006452,0.1663518332087633,3,B2017-06462
6463,6463,1282550.5882352942,0.4487106779430005,0.6413022922779387,0,B2017-06463
6464,6464,236934.1928079572,0.4490723772115528,0.1989256642505001,3,B2018-06464
6465,6465,1103923.4506503446,0.6503020029544263,0.4915583932417459,0,B2018-06465
6466,6466,854037.6470588235,0.6167122572005587,-0.0162371271989315,6,B2017-06466
6467,6467,175487.3756694721,0.5905725174394417,0.4695560514380041,0,B2018-06467
6468,6468,248020.1793721973,0.6493019619833494,0.0438411371080323,3,B2019-06468
6469,6469,158379.8206278027,0.6159305976411844,0.0678379231270531,3,B2019-06469
6470,6470,1325092.9303749043,0.5704684392914516,0.6168265663196123,0,B2018-06470
6471,6471,250000.0,0.6834792356698137,-0.5192982576785222,4,B2025-06471
6472,6472,1438168.773234201,0.4526630021245455,0.6185503828872678,0,B2020-06472
6473,6473,197347.0622009569,0.6840269607933375,-0.3734243832247476,4,B2022-06473
6474,6474,1140000.0,0.649188778803866,-0.0902225615829212,6,B2025-06474
6475,6475,471000.0,0.5861437589163981,0.0506801666525066,3,B2025-06475
6476,6476,304250.0,0.7151570177674531,-0.4981980468797568,4,B2024-06476
6477,6477,826966.4798206277,0.34694839197373,-0.0012746820659789,2,B2019-06477
6478,6478,183198.9237668161,0.5109856340989385,0.5998514132329775,0,B2019-06478
6479,6479,670683.799734748,0.6566152952940024,-0.5516589821772546,5,B2023-06479
6480,6480,162314.49814126393,0.6605514158627194,0.4888777855014318,0,B2020-06480
6481,6481,1475591.928251121,0.5730154502844036,-0.0728182863875812,6,B2019-06481
6482,6482,39865.470852017934,0.4757073236261012,0.0937110282973236,3,B2019-06482
6483,6483,985152.8116710876,0.6182105816127237,0.0238085517298028,6,B2023-06483
6484,6484,3753175.0,0.5732507840469045,-0.0356479263662376,6,B2025-06484
6485,6485,865398.6602870814,0.5802690543939634,-0.5353831039567754,5,B2022-06485
6486,6486,709432.4942616681,0.4404206766982962,-0.0100824454031597,6,B2018-06486
6487,6487,2988235.294117647,0.3242197620388565,0.238562011737285,2,B2017-06487
6488,6488,1733885.2333588374,0.567048907699534,0.2737136208265847,6,B2018-06488
6489,6489,187063.5294117647,0.4712106251007824,0.0528322359302528,3,B2017-06489
6490,6490,59764.705882352944,0.3331677145189235,0.1150386673562048,2,B2017-06490
6491,6491,206785.8823529412,0.4509890030288788,0.2587690778819166,3,B2017-06491
6492,6492,262356.5416985463,0.472419983210514,0.191433672722781,3,B2018-06492
6493,6493,187652.466367713,0.6085023468336748,0.5182451699786512,0,B2019-06493
6494,6494,1114082.478959449,0.5053953089847306,0.0299788768980926,6,B2018-06494
6495,6495,837602.3529411765,0.4754169343691413,0.1486548359106609,6,B2017-06495
6496,6496,891720.7345065037,0.6031360022711029,0.3632124844616042,0,B2018-06496
6497,6497,1228523.294117647,0.3603481407361851,0.0184407820126953,6,B2017-06497
6498,6498,300000.0,0.7700338934885984,-0.4084942662818598,4,B2024-06498
6499,6499,281887.5286916603,0.611415191803825,0.5707609826161284,0,B2018-06499
6500,6500,187147.66641162973,0.6093573546932595,0.5300110557337966,0,B2018-06500
6501,6501,198516.4498852334,0.4233063457228748,0.1758517795465068,3,B2018-06501
6502,6502,681317.6470588235,0.4029614001723477,0.1328318863895674,6,B2017-06502
6503,6503,332993.44501092494,0.3436823668554736,0.1042177837988737,2,B2021-06503
6504,6504,1159927.166788055,0.4501805094699182,0.5439244868739582,0,B2021-06504
6505,6505,855057.399103139,0.4757464544852008,0.6446980673929928,0,B2019-06505
6506,6506,490967.0588235294,0.3263092344570057,0.1405956787681729,2,B2017-06506
6507,6507,294713.8485080337,0.4991749341861882,0.2464801573676575,3,B2018-06507
6508,6508,693768.967874231,0.6360004783690825,-0.3024887491834968,5,B2022-06508
6509,6509,693025.8620689654,0.7009228046884385,-0.5108596783869479,5,B2023-06509
6510,6510,950000.0,0.3703789640641434,0.0875342757198353,2,B2024-06510
6511,6511,646654.1176470588,0.37731021438609,0.1026612274849645,2,B2017-06511
6512,6512,646654.1176470588,0.37731021438609,0.1026612274849645,2,B2017-06512
6513,6513,151827.06766917295,0.6963256381634675,-0.4197670813509636,4,B2022-06513
6514,6514,680226.930963773,0.6938623880154093,-0.5360274114944623,5,B2022-06514
6515,6515,217543.5294117647,0.5905255395016109,0.0996449372370247,3,B2017-06515
6516,6516,1139013.4529147982,0.3586537706453072,0.1544260508283523,2,B2019-06516
6517,6517,1002331.8385650225,0.3072667104010116,0.0927228605367503,2,B2019-06517
6518,6518,268941.17647058825,0.5168517845339379,0.236333697480171,3,B2017-06518
6519,6519,339925.6505576208,0.3582404039815737,0.1476412432439358,2,B2020-06519
6520,6520,244736.4705882353,0.5750601936796398,0.635724810854345,0,B2017-06520
6521,6521,1600000.0,0.2666927859375129,-0.0017035971064956,2,B2025-06521
6522,6522,1146002.5248661058,0.6298468098412676,0.510787180992782,0,B2018-06522
6523,6523,938604.705882353,0.5352655659244849,0.2767555428635054,6,B2017-06523
6524,6524,1327533.867443554,0.6278283430250966,0.0205147371153487,6,B2021-06524
6525,6525,743174.1176470588,0.4155985450617634,-0.0535597402934225,2,B2017-06525
6526,6526,178995.29411764705,0.5256310655148577,0.1271398628132721,3,B2017-06526
6527,6527,891563.4381408066,0.6687547556039614,-0.4993779490683879,5,B2022-06527
6528,6528,939236.4192807958,0.6392401882621077,0.5050983172454069,0,B2018-06528
6529,6529,839992.9411764706,0.306209515425381,0.0195879864684505,2,B2017-06529
6530,6530,751214.2310635044,0.4609349828147727,0.0718906909255635,6,B2018-06530
6531,6531,935467.0588235294,0.3931073841050191,0.0812365171703702,6,B2017-06531
6532,6532,820009.9464422343,0.5699615350379024,0.4475822550146347,0,B2018-06532
6533,6533,230000.0,0.3203657394294995,0.1533142404267719,2,B2025-06533
6534,6534,1084990.053557766,0.5314715552237284,0.5857674000338621,0,B2018-06534
6535,6535,2130200.743494424,0.3367028640797158,-0.0839611858682397,2,B2020-06535
6536,6536,193347.533632287,0.6564062321510881,-0.0227676233968567,3,B2019-06536
6537,6537,280001.399103139,0.6089487889822549,0.0920415175010618,3,B2019-06537
6538,6538,274293.7643458302,0.5088841389617651,0.6094333226953125,0,B2018-06538
6539,6539,332600.08039785776,0.5650816631371803,0.1017730674080886,3,B2018-06539
6540,6540,1488436.1132364196,0.4823940986742379,0.6102969162044104,0,B2018-06540
6541,6541,1231380.6691449813,0.6501847540211008,0.4059908374352404,0,B2020-06541
6542,6542,270020.26778882946,0.5450944267008012,0.6302404172551563,0,B2018-06542
6543,6543,204992.9411764706,0.4731478015826402,0.1643781835611952,3,B2017-06543
6544,6544,262065.0344299924,0.455967327205922,0.049088275269754,3,B2018-06544
6545,6545,937525.6322624744,0.4908154844392855,0.0549107757597343,6,B2022-06545
6546,6546,1840343.772760379,0.6125381571194123,-0.0317343465407816,6,B2021-06546
6547,6547,980685.501858736,0.5916542732653008,-0.0563484745575524,6,B2020-06547
6548,6548,184374.11764705885,0.4583533545780328,0.2649289767063383,3,B2017-06548
6549,6549,339925.6505576208,0.1788115953320794,0.1004142726191687,2,B2020-06549
6550,6550,262356.5416985463,0.64417341406093,0.5730862823176383,0,B2018-06550
6551,6551,249745.0837581937,0.6118284826272574,0.080332478916298,3,B2021-06551
6552,6552,202122.0159151193,0.3596382167100581,0.0708149053986871,2,B2023-06552
6553,6553,937525.6322624744,0.3811350872332358,0.0684312214690835,2,B2022-06553
6554,6554,855501.7844136925,0.5789237741358412,0.0218689845285152,2,B2021-06554
6555,6555,185757.6183539694,0.6935357221771071,-0.5148609019274949,4,B2021-06555
6556,6556,251829.8017771702,0.6800334268395605,-0.4450890722321721,4,B2022-06556
6557,6557,779237.9606700655,0.5566040421417238,0.464749488388973,0,B2021-06557
6558,6558,187730.6809487376,0.4265948932784562,0.110022163386477,3,B2018-06558
6559,6559,900000.0,0.625333838689413,-0.0386869005314105,6,B2024-06559
6560,6560,1000000.0,0.3111994862271522,0.042418577260432,2,B2024-06560
6561,6561,800803.1442241969,0.6278114104872001,-0.2784575827942175,5,B2022-06561
6562,6562,992166.4456233422,0.7329707757816788,-0.467798155175143,5,B2023-06562
6563,6563,768914.0,0.3836942203588391,0.0848598055732567,2,B2024-06563
6564,6564,938916.287732342,0.490602882247057,0.6236409021966217,0,B2020-06564
6565,6565,748402.9739776951,0.5991263370681553,-0.0012849518917302,6,B2020-06565
6566,6566,199303.51951032903,0.5483110274924454,0.6388232592986719,0,B2018-06566
6567,6567,674601.7771701983,0.6302757257174756,-0.2668001635991763,5,B2022-06567
6568,6568,775098.6547085202,0.607093784861718,-0.053696239924774,6,B2019-06568
6569,6569,250128.624535316,0.6363592256532334,0.0126862913408635,3,B2020-06569
6570,6570,300000.0,0.5950328566460824,0.02586383127608,3,B2024-06570
6571,6571,263966.36771300447,0.5880492437470757,0.5639106803380424,0,B2019-06571
6572,6572,157175.13262599468,0.6963256381634675,-0.4197670813509636,4,B2023-06572
6573,6573,174330.23872679044,0.6833952453393172,-0.2766087002952049,4,B2023-06573
6574,6574,769220.8090185677,0.6679809572578653,-0.4907430238529198,5,B2023-06574
6575,6575,211326.0902255639,0.6323218181996852,-0.2525521154916034,4,B2022-06575
6576,6576,175684.45623342175,0.7213221440861091,-0.4418006922703986,4,B2023-06576
6577,6577,2953274.0520446096,0.2346077088637468,0.0957246609803434,2,B2020-06577
6578,6578,849854.1176470588,0.4737986671851343,0.6211597505911367,0,B2017-06578
6579,6579,248589.6860986547,0.5662738620756217,0.5399356676993428,0,B2019-06579
6580,6580,641315.9908186689,0.4515028127493617,0.1210068671024884,6,B2018-06580
6581,6581,227532.2624743677,0.7260405264944604,-0.4547115962689713,4,B2022-06581
6582,6582,441216.3146394756,0.6771849351363838,-0.5175343152258048,5,B2021-06582
6583,6583,726842.7887901573,0.6333110580302832,-0.5517811004323456,5,B2022-06583
6584,6584,795230.7174887892,0.6189891898623647,0.5400377689813093,0,B2019-06584
6585,6585,1037267.942583732,0.5665671439987698,-0.4358547403572215,5,B2022-06585
6586,6586,254051.2556053812,0.6493019619833494,0.0438411371080323,3,B2019-06586
6587,6587,656071.7488789237,0.5998736088986987,-0.1078347805025009,6,B2019-06587
6588,6588,804207.4349442379,0.518125669921487,-0.042981218253755,2,B2020-06588
6589,6589,1019417.0403587444,0.6419334110556723,-0.1990609294932564,6,B2019-06589
6590,6590,260549.32735426008,0.6493019619833494,0.0438411371080323,3,B2019-06590
6591,6591,162354.97757847534,0.6176003849405794,0.4595629402964021,0,B2019-06591
6592,6592,2050224.215246637,0.2830115243576548,0.1083903540494768,2,B2019-06592
6593,6593,721373.8892686261,0.6800746351059659,-0.5184484275174482,5,B2022-06593
6594,6594,150065.02242152466,0.563481034859284,0.0613728711033604,3,B2019-06594
6595,6595,828463.6572302986,0.4987071197942834,-0.0551244203427194,6,B2018-06595
6596,6596,207869.95515695063,0.6084899194493868,0.5258902105800367,0,B2019-06596
6597,6597,262065.0344299924,0.5943128556861128,0.0946389215011084,3,B2018-06597
6598,6598,204694.11764705885,0.458486787893799,0.155463056896724,3,B2017-06598
6599,6599,1707146.3947560086,0.5929242818027461,-0.0454083969616037,6,B2021-06599
6600,6600,241412.8503075872,0.6300529116398043,-0.2495418672312751,4,B2022-06600
6601,6601,177894.42379182155,0.6556351585974038,0.4674022402829608,0,B2020-06601
6602,6602,255660.1121076233,0.6655985251020157,0.4764091968665668,0,B2019-06602
6603,6603,774244.394618834,0.5884674381224039,0.5618435809838894,0,B2019-06603
6604,6604,795855.4376657825,0.6712900647172533,-0.530970878851182,5,B2023-06604
6605,6605,779562.8252788103,0.5925496086358263,0.4215764467039089,0,B2020-06605
6606,6606,1331.9737800437,0.3414150672545166,0.0702051577884664,2,B2021-06606
6607,6607,217070.8550185873,0.5461622789572256,0.0233085990542984,3,B2020-06607
6608,6608,201431.5225707728,0.5661275231582168,0.1224800386927653,3,B2018-06608
6609,6609,759959.4491201226,0.6366846906223109,0.0058885857309856,6,B2018-06609
6610,6610,173645.3531598513,0.548034737058715,0.6110212189588924,0,B2020-06610
6611,6611,732780.4511278196,0.4287280988460951,0.1153179223425295,2,B2022-06611
6612,6612,192907.8066914498,0.5533300575293886,0.6532343877947648,0,B2020-06612
6613,6613,203200.0,0.5212834654046222,0.2242144681685323,3,B2017-06613
6614,6614,560888.5941644562,0.6808131081979933,-0.5100574374527391,5,B2023-06614
6615,6615,870000.0,0.7057543813942582,-0.5184788646596858,5,B2024-06615
6616,6616,23088131.23718387,0.2469469651924259,0.1341796916566945,7,B2022-06616
6617,6617,500000.0,0.5765829988114061,0.0289910493984427,3,B2024-06617
6618,6618,1469611.8959107806,0.6214732401007886,-0.0130327839877825,6,B2020-06618
6619,6619,100000000.0,0.2710616385327518,-0.017741788425493,1,B2024-06619
6620,6620,500000.0,0.7231294746752366,-0.4114073139074222,4,B2024-06620
6621,6621,399229.6650717704,0.4330774993995809,0.0987924610073297,2,B2022-06621
6622,6622,1367499.5515695068,0.5781002067158406,-0.0204011876279541,6,B2019-06622
6623,6623,339925.6505576208,0.3916279823274718,-0.0023596149570388,2,B2020-06623
6624,6624,55000000.0,0.3081747638159207,0.1437698088300175,7,B2025-06624
6625,6625,55583554.37665782,0.3727319237488613,0.033603080353954,7,B2023-06625
6626,6626,71720000.0,0.2669314712020396,0.1382724085438907,1,B2024-06626
6627,6627,416678.05878332193,0.2083568245885328,0.1217068697814965,2,B2022-06627
6628,6628,793607.6233183856,0.4906239524078108,-0.0905912074585669,6,B2019-06628
6629,6629,40529108.45092838,0.2271618947313982,0.0817153925180496,7,B2023-06629
6630,6630,177970.8520179372,0.5214349630118809,0.6012435343099758,0,B2019-06630
6631,6631,187525.6505576208,0.6728817246341765,0.4761903599234479,0,B2020-06631
6632,6632,722413.5874439462,0.551629713025641,-0.0487228748057591,6,B2019-06632
6633,6633,282973.9405204461,0.6619211365129611,0.530618976474623,0,B2020-06633
6634,6634,149284.01486988846,0.5966013629319074,0.0012017051603525,3,B2020-06634
6635,6635,243640.20393299343,0.6833626250304107,0.4212842667933645,0,B2021-06635
6636,6636,227183.64312267656,0.6739543171701111,0.5353305904312363,0,B2020-06636
6637,6637,143493.5064935065,0.7260405264944604,-0.4547115962689713,4,B2022-06637
6638,6638,157686.6028708134,0.668343996551322,-0.2898656259975185,4,B2022-06638
6639,6639,13000000.0,0.2666927859375129,-0.0017035971064956,2,B2025-06639
6640,6640,213919.9111414901,0.720616153812139,-0.4593741902059574,4,B2022-06640
6641,6641,833214.4237918216,0.5554583355766446,0.5426639830773622,0,B2020-06641
6642,6642,1091730.7137546467,0.5426147918073306,-0.1112497772480706,6,B2020-06642
6643,6643,898863.8565022422,0.5521949773944478,-0.1019711836354651,6,B2019-06643
6644,6644,171272.9118250171,0.7213221440861091,-0.4418006922703986,4,B2022-06644
6645,6645,972939.5888594164,0.7084780264621371,-0.4835087554986125,5,B2023-06645
6646,6646,300000.0,0.7485816199653356,-0.3964115955205439,4,B2024-06646
6647,6647,277822.5,0.6708164506863521,-0.5548601769322838,4,B2024-06647
6648,6648,800000.0,0.6890193471014221,-0.535638100173947,5,B2024-06648
6649,6649,731530.4169514696,0.5857213000444226,-0.3466845908087345,5,B2022-06649
6650,6650,656200.2323991798,0.5991180008667487,-0.4991962530989279,5,B2022-06650
6651,6651,699993.096377307,0.5268815097887005,0.0430197457418819,2,B2022-06651
6652,6652,754820.1161995899,0.7078589861825373,-0.542810143421647,5,B2022-06652
6653,6653,816688.9952153111,0.505101547466006,0.5816024496449176,0,B2022-06653
6654,6654,1181542.720437457,0.6874644732210086,-0.4295120686295143,5,B2022-06654
6655,6655,614198.275862069,0.6615360871347145,-0.3475529866830563,5,B2023-06655
6656,6656,800000.0,0.6740370870070322,-0.5548585136227685,5,B2024-06656
6657,6657,1300000.0,0.6702490081727073,-0.3638134515919882,5,B2024-06657
6658,6658,167530.62200956937,0.7273006132301896,-0.421787177951189,4,B2022-06658
6659,6659,454774.5358090185,0.2871775274079856,0.001391051796826,2,B2023-06659
6660,6660,222334.2175066313,0.7669764036466828,-0.1346937287148656,4,B2023-06660
6661,6661,729186.6028708135,0.5211208384870731,0.5241719303648602,0,B2022-06661
6662,6662,1000000.0,0.687606660677908,-0.5362364567456198,5,B2024-06662
6663,6663,300000.0,0.6204322967788785,-0.3756071656983668,4,B2024-06663
6664,6664,1000000.0,0.6840054252760922,-0.5420252327155473,5,B2024-06664
6665,6665,641737.400530504,0.5611899378926012,0.0562621706232871,6,B2023-06665
6666,6666,816262.1816976127,0.5645442149116552,0.3368068358876175,0,B2023-06666
6667,6667,865142.8647214854,0.5858226806399008,-0.0346899711024833,6,B2023-06667
6668,6668,182327.9015721121,0.6933104789670514,-0.4447208340018537,4,B2022-06668
6669,6669,598550.2187286398,0.7051883805017755,-0.4639608318671323,5,B2022-06669
6670,6670,400000.0,0.7182844217829404,-0.4542178702305731,4,B2025-06670
6671,6671,550000.0,0.694142303743017,-0.4520240479495315,4,B2025-06671
6672,6672,300000.0,0.6575863228344763,-0.2499915189395615,4,B2025-06672
6673,6673,1061747.7785372522,0.6912380428509354,-0.4473068018463344,5,B2022-06673
6674,6674,842981.1764705882,0.4263218507746397,0.1452453564951243,2,B2017-06674
6675,6675,2222159.908186688,0.4085530847483702,0.144675835878201,2,B2018-06675
6676,6676,1288884.758364312,0.6067394508131302,0.5813827245923062,0,B2020-06676
6677,6677,249745.0837581937,0.6148743268671569,0.5642105141865688,0,B2021-06677
6678,6678,1241788.055353241,0.3997476591526499,0.5735060309836735,0,B2021-06678
6679,6679,1202637.047163363,0.4738399158940927,-0.0095981172360768,6,B2022-06679
6680,6680,940693.9556235656,0.2910221572958779,-0.0184456423836411,2,B2018-06680
6681,6681,1218602.3529411764,0.5763727750686797,-0.0102400847693304,6,B2017-06681
6682,6682,300000.0,0.5861677752596818,0.0002406969243499,3,B2024-06682
6683,6683,1800000.0,0.4880016240108186,-0.1293735340255703,6,B2024-06683
6684,6684,995924.8878923766,0.4284104212101868,0.250062105538969,2,B2019-06684
6685,6685,182143.49442379185,0.5456031981094454,0.0268881689585226,3,B2020-06685
6686,6686,1346472.0734506506,0.4024058417099606,-0.0738019471472628,2,B2018-06686
6687,6687,711319.5294117647,0.4185981995323179,-0.0027299281082553,2,B2017-06687
6688,6688,937525.6322624744,0.3985930070615989,0.1218325665145013,2,B2022-06688
6689,6689,193849.4185156848,0.6048715140973143,0.106548578367306,3,B2018-06689
6690,6690,203313.90134529147,0.5665836250243061,0.6229046322545242,0,B2019-06690
6691,6691,728649.8673740053,0.6932605331159656,-0.4955855709570241,5,B2023-06691
6692,6692,654622.6790450928,0.6274478056351345,-0.5878138289335961,5,B2023-06692
6693,6693,146791.11405835542,0.7097562479315862,-0.513029382072225,4,B2023-06693
6694,6694,137503759.39849624,0.3587437702881304,-0.1809014611064562,1,B2022-06694
6695,6695,605700.0,0.5824471534334905,-0.3990251717906452,5,B2025-06695
6696,6696,700000.0,0.6933497969417702,-0.5335660837762873,5,B2024-06696
6697,6697,920413.1299734748,0.6929585490859236,-0.4781214904842006,5,B2023-06697
6698,6698,300000.0,0.6892404093805127,-0.4943050988807534,4,B2025-06698
6699,6699,1318250.0,0.7141193685175148,-0.4608302598546742,5,B2024-06699
6700,6700,176604.70588235295,0.4868667875521668,0.084793782254419,3,B2017-06700
6701,6701,667272.9411764706,0.3610600363508499,-0.112964402655401,2,B2017-06701
6702,6702,193338.8235294117,0.5161384298745456,0.2548182770147549,3,B2017-06702
6703,6703,16734117.647058824,0.3028757960279588,0.0972296798921147,7,B2017-06703
6704,6704,972130.7063197026,0.4832645977182997,-0.1121543072010175,6,B2020-06704
6705,6705,820374.4394618834,0.5686963557635643,0.5463956449333076,0,B2019-06705
6706,6706,797692.1933085502,0.6104359458621474,-0.0709655402008759,6,B2020-06706
6707,6707,969958.0148698884,0.6164995878170216,-0.0482782748770432,6,B2020-06707
6708,6708,945381.1659192824,0.5990323769999458,-0.0281576693724683,6,B2019-06708
6709,6709,753546.2892119358,0.452214105462566,0.1114686679451737,2,B2018-06709
6710,6710,2103662.2035195106,0.5409210202375436,0.363564821590333,0,B2018-06710
6711,6711,1046480.0,0.306209515425381,0.0195879864684505,2,B2017-06711
6712,6712,268941.17647058825,0.5180272730667485,0.0980236155974394,3,B2017-06712
6713,6713,500000.0,0.6813635439649749,-0.4891418681781926,4,B2024-06713
6714,6714,1119679.418515685,0.4913474483768839,0.5574056449116077,0,B2018-06714
6715,6715,720075.8364312267,0.4129105014078875,0.1419409970750758,2,B2020-06715
6716,6716,188850.06885998475,0.681761006807147,0.5310491929882069,0,B2018-06716
6717,6717,1010610.0795755968,0.6052875451764144,0.30322165008275,0,B2023-06717
6718,6718,726810.5411764706,0.4079908223492215,-0.0668560415490023,2,B2017-06718
6719,6719,200751.1210762332,0.5912166651346429,0.5771115532953272,0,B2019-06719
6720,6720,720141.2556053811,0.5705557140540404,0.5142752800882133,0,B2019-06720
6721,6721,262356.5416985463,0.6133010956766959,0.0939629218107193,3,B2018-06721
6722,6722,248072.6855394033,0.6319193816065678,0.5626120720977569,0,B2018-06722
6723,6723,190645.753634277,0.5263440877256574,0.2534900608491482,3,B2018-06723
6724,6724,777538.8235294118,0.4111176128879501,0.101509601693176,6,B2017-06724
6725,6725,803835.2941176471,0.3865004834153919,0.0124767153264366,2,B2017-06725
6726,6726,180489.41176470587,0.4567657441656582,0.2232520150528319,3,B2017-06726
6727,6727,733197.6127320954,0.6193746880724588,-0.5037716960457196,5,B2023-06727
6728,6728,262356.5416985463,0.4540483853810655,0.1544487515812329,3,B2018-06728
6729,6729,189546.84894053315,0.6996043073157245,-0.4480871356240318,4,B2022-06729
6730,6730,300000.0,0.7034940504215523,-0.5046045462280841,4,B2024-06730
6731,6731,188022.18821729155,0.5623208922104953,0.6217059684963399,0,B2018-06731
6732,6732,173414.798206278,0.6061095248409578,0.5241947146938858,0,B2019-06732
6733,6733,823506.7264573991,0.5540770678811259,0.4558884809795447,0,B2019-06733
6734,6734,247165.9192825112,0.5891045465521021,0.09677204837091,3,B2019-06734
6735,6735,670337.6657824933,0.6077653883774988,-0.4615070738003691,5,B2023-06735
6736,6736,826426.3529411765,0.3763296456534487,0.1594923169559254,2,B2017-06736
6737,6737,1232348.2352941176,0.2802801696997052,-0.0139256692871703,2,B2017-06737
6738,6738,172720.0,0.4977620474540313,0.2400396410119121,3,B2017-06738
6739,6739,1162500.0,0.3844939651242368,-0.0053783960124581,2,B2024-06739
6740,6740,1159074.32735426,0.5270220203086137,0.5257357464200315,0,B2019-06740
6741,6741,2083390.2939166096,0.6829011767944007,-0.479382022201339,5,B2022-06741
6742,6742,400000.0,0.3725182422254541,-0.0580599791425252,2,B2024-06742
6743,6743,1200000.0,0.6872221796829767,-0.3089725896764875,5,B2025-06743
6744,6744,1028801.0610079576,0.6168241956074973,-0.5827583198116314,5,B2023-06744
6745,6745,227134.6153846153,0.6849150481512161,-0.4980149735226356,4,B2023-06745
6746,6746,400000.0,0.6174643887329447,-0.4657895697742963,5,B2025-06746
6747,6747,897123.43,0.3555706840443603,0.1063075038785003,2,B2024-06747
6748,6748,180000.0,0.7096982877093859,-0.402453976026966,4,B2024-06748
6749,6749,200000.0,0.6595018815573052,-0.2227121398329626,4,B2024-06749
6750,6750,1096072.5,0.7033535190541117,-0.5240098873202554,5,B2024-06750
6751,6751,823709.4684350132,0.7273277555772415,-0.1462287989677322,5,B2023-06751
6752,6752,251047.5,0.6801143326531855,-0.5499807548830413,4,B2024-06752
6753,6753,430000.0,0.5963703513833265,0.0642980420165441,3,B2024-06753
6754,6754,800000.0,0.639529364573711,-0.542385422060752,5,B2024-06754
6755,6755,500000.0,0.5929012462413721,0.0761569179477361,3,B2024-06755
6756,6756,980000.0,0.6664291291388947,-0.5126922782009176,5,B2024-06756
6757,6757,400000.0,0.7300360858417722,-0.4016535487353093,4,B2025-06757
6758,6758,202174.88789237663,0.6323657308685523,0.0782492641594373,3,B2019-06758
6759,6759,227134.6153846153,0.6031496279607856,0.0753765071808365,3,B2023-06759
6760,6760,227134.6153846153,0.5868036850613675,0.0480372506889222,3,B2023-06760
6761,6761,622760.6697612732,0.6176816373351723,-0.120621403046547,6,B2023-06761
6762,6762,227182.6193633952,0.5663470964302404,0.0356995314674275,3,B2023-06762
6763,6763,280000.0,0.7129060506686768,-0.4397651083301227,4,B2025-06763
6764,6764,760749.3700265252,0.6627681048139347,-0.5259960273692491,5,B2023-06764
6765,6765,818968.0901856764,0.5157984198410287,0.3900904333816158,0,B2023-06765
6766,6766,964747.5,0.6835834986004609,-0.5024384054815336,5,B2024-06766
6767,6767,1400617.5,0.69830199373832,-0.4939466834985936,5,B2024-06767
6768,6768,1404853.0823529412,0.498419483088716,0.0306728174551893,6,B2017-06768
6769,6769,253163.29411764705,0.4583533545780328,0.2649289767063383,3,B2017-06769
6770,6770,1014611.0731373888,0.4007261872805764,0.1409446851372637,2,B2022-06770
6771,6771,233772.016404648,0.6234252772335659,0.2058114116791922,3,B2022-06771
6772,6772,1135828.2352941176,0.3837278299303121,-0.0789746848719005,2,B2017-06772
6773,6773,160724.90053050398,0.7415812924098679,-0.4090547766553173,4,B2023-06773
6774,6774,818852.6625860751,0.437935546161097,0.2948697047854186,2,B2018-06774
6775,6775,179019.46949602122,0.5099424428199806,0.4785280502832551,0,B2023-06775
6776,6776,982399.1031390134,0.4170645546930145,0.3257815575273116,2,B2019-06776
6777,6777,1008588.8594164456,0.5514421794017463,0.4144787106374611,0,B2023-06777
6778,6778,456632.5,0.7005465011950612,-0.4994876334982203,4,B2024-06778
6779,6779,262356.5416985463,0.450401009383084,0.1599148631794548,3,B2018-06779
6780,6780,980000.0,0.3530171189843499,-0.0660708769806183,2,B2024-06780
6781,6781,153819.9071618037,0.6440429869986786,-0.5121670027986941,4,B2023-06781
6782,6782,280000.0,0.6069168256352215,0.047986587528108,3,B2025-06782
6783,6783,990000.0,0.6870487517315195,-0.4917756229010033,5,B2025-06783
6784,6784,502600.0,0.3458353070031366,0.104747906192723,2,B2024-06784
6785,6785,502600.0,0.3458353070031366,0.104747906192723,2,B2024-06785
6786,6786,1090307.5,0.6943841657941016,-0.5350443623047885,5,B2024-06786
6787,6787,200000.0,0.6142787360871771,-0.0487577599390203,3,B2024-06787
6788,6788,800000.0,0.66704764476618,-0.5049939138201275,5,B2024-06788
6789,6789,782846.3594164456,0.4981588405850186,0.3622523524469994,0,B2023-06789
6790,6790,2997586.0,0.3298419676631871,0.1201236905216684,2,B2024-06790
6791,6791,256278.0269058296,0.5613070038799461,0.6281046774528646,0,B2019-06791
6792,6792,800000.0,0.5311082042143728,-0.0708863853345629,6,B2024-06792
6793,6793,800000.0,0.6598060826078898,-0.5174247331522587,5,B2024-06793
6794,6794,722734.5882352941,0.3542703540357029,0.1290193465647197,6,B2017-06794
6795,6795,1068440.6698564594,0.5921758687474847,0.3946801844105891,0,B2022-06795
6796,6796,898608.4682478962,0.6225621744446289,0.5247127510031451,0,B2018-06796
6797,6797,825370.7651109413,0.5192083286708192,-0.0049440225945577,6,B2018-06797
6798,6798,841700.0,0.3349538822854619,0.1900142233550961,2,B2025-06798
6799,6799,817657.5,0.488852852563082,-0.0287141755322653,3,B2025-06799
6800,6800,200000.0,0.6926312130753839,-0.5212318645706809,4,B2024-06800
6801,6801,413315.0,0.7169668421861476,-0.4089034947323439,4,B2024-06801
6802,6802,717280.5039787798,0.6519408926350915,-0.0867336677413602,6,B2023-06802
6803,6803,162960.87533156498,0.6399771618909611,0.0372383923485924,3,B2023-06803
6804,6804,234381.4080656186,0.6972678638488894,-0.4228408906296382,4,B2022-06804
6805,6805,242534.0474368784,0.426504829791942,0.1802538577628268,3,B2018-06805
6806,6806,980612.7477785372,0.4987936026361883,0.0403794731422677,6,B2022-06806
6807,6807,524162.60089686094,0.4971341312549217,0.628706276491167,0,B2019-06807
6808,6808,227223.04376657825,0.542480353707524,0.4935597387756586,0,B2023-06808
6809,6809,188471.200265252,0.5745455133817653,0.4653703819612087,0,B2023-06809
6810,6810,336000.0,0.5990299092427025,0.0672338268122113,3,B2025-06810
6811,6811,250000.0,0.70802960830617,-0.396592061550705,4,B2024-06811
6812,6812,150816.62337662338,0.7745059797964728,-0.0938288015529825,4,B2022-06812
6813,6813,152056.24060150376,0.7052601575058673,-0.4594618231803781,4,B2022-06813
6814,6814,994988.140806562,0.6107615145470457,-0.235175358127167,5,B2022-06814
6815,6815,1382589.8838004102,0.7081059428519262,-0.5073653038024647,5,B2022-06815
6816,6816,1130239.2344497608,0.4810007515416372,0.5470697061563738,0,B2022-06816
6817,6817,200000.0,0.7203204500411332,-0.473135085055838,4,B2025-06817
6818,6818,974873.0075187972,0.401678568462897,0.2307686531316343,2,B2022-06818
6819,6819,143136.4705882353,0.5555985359487955,0.6303297286144599,0,B2017-06819
6820,6820,628824.4839371155,0.6822018121656661,-0.5035159951130971,5,B2022-06820
6821,6821,854598.5799256505,0.5636860306322511,0.5834598711390894,0,B2020-06821
6822,6822,121282.15246636773,0.1363828092927757,0.0612410452015023,2,B2019-06822
6823,6823,1308984.238714614,0.474145758890347,0.0467440602411604,2,B2018-06823
6824,6824,1219666.4116296866,0.3950067085258291,-0.1155601323519751,2,B2018-06824
6825,6825,825546.2490895848,0.6204066491696862,-0.0770616161860137,6,B2021-06825
6826,6826,11660290.742157616,0.2786850917271522,-0.0413751312565528,7,B2018-06826
6827,6827,771375.2563226247,0.4743032234254394,0.0948372093170404,2,B2022-06827
6828,6828,1500000.0,0.3861475003500203,0.0508990096239378,2,B2024-06828
6829,6829,250000.0,0.6978690334973683,-0.5135608557417881,4,B2024-06829
6830,6830,816220.3519510331,0.6339667219694319,0.4418730125588972,0,B2018-06830
6831,6831,240032.77494537507,0.5866174068153361,0.0866656866156031,3,B2021-06831
6832,6832,312360.23529411765,0.4583533545780328,0.2649289767063383,3,B2017-06832
6833,6833,927284.6212700844,0.5942874781857598,0.5019784493815383,0,B2018-06833
6834,6834,1120332.3947972455,0.4085831736582331,0.5981742220844359,0,B2018-06834
6835,6835,8062312.702917771,0.1906974369397878,0.0509380961737436,2,B2023-06835
6836,6836,1227537.1078806429,0.420475379300376,0.3463098327492853,2,B2018-06836
6837,6837,953208.1784386616,0.5511715515325285,0.5139018998037345,0,B2020-06837
6838,6838,742875.2941176471,0.440517038987668,-0.0364528623244399,2,B2017-06838
6839,6839,388492.35251274577,0.2279349183936029,0.2173752183133721,2,B2021-06839
6840,6840,239058.8235294117,0.4596056450427902,0.2618442527903213,3,B2017-06840
6841,6841,802434.9775784753,0.583244117959287,-0.0869031118287884,6,B2019-06841
6842,6842,190948.23529411765,0.5169908685032325,0.1256356164028238,3,B2017-06842
6843,6843,719650.9293680297,0.5357102394288807,0.592389108791516,0,B2020-06843
6844,6844,855830.5882352941,0.4675527263985006,0.02653519604633,6,B2017-06844
6845,6845,296354.3114919664,0.6323657308685523,0.0782492641594373,3,B2018-06845
6846,6846,184524.10099464425,0.6033701595422377,0.5661711025088644,0,B2018-06846
6847,6847,1229240.4705882354,0.5923357716368669,0.4913690634040487,0,B2017-06847
6848,6848,259907.8806426933,0.6769904918515446,0.5266687387342065,0,B2018-06848
6849,6849,271660.4705882353,0.5466747850641649,0.0982901091002701,3,B2017-06849
6850,6850,1292770.3529411764,0.4880855113770017,-0.0532031259554038,6,B2017-06850
6851,6851,187730.6809487376,0.4485203380872872,0.2525384694192604,3,B2018-06851
6852,6852,158376.4705882353,0.5412138782125544,0.6411457121202029,0,B2017-06852
6853,6853,954394.7972456008,0.6167503556029617,0.5733737990916242,0,B2018-06853
6854,6854,839305.6470588235,0.4880736986387307,0.0631684034739662,6,B2017-06854
6855,6855,253603.7977695167,0.6728817246341765,0.4761903599234479,0,B2020-06855
6856,6856,178696.4705882353,0.7093386171300728,0.4988572986319626,0,B2017-06856
6857,6857,811005.9479553903,0.528355719039341,0.5731854920442581,0,B2020-06857
6858,6858,274917.64705882355,0.4932009123414553,0.1490281316434118,3,B2017-06858
6859,6859,191438.30588235296,0.5256310655148577,0.1271398628132721,3,B2017-06859
6860,6860,1997960.6700655497,0.4980335560033747,0.1563222168752478,6,B2021-06860
6861,6861,962210.0896860986,0.442772481272478,0.6504779511918268,0,B2019-06861
6862,6862,856156.8477429228,0.5816144296184148,0.1761351085492513,0,B2018-06862
6863,6863,747617.6235294117,0.476202241668516,-0.0100966157299918,6,B2017-06863
6864,6864,52471.30833970927,0.2489658934472859,0.0388451550130953,2,B2018-06864
6865,6865,1210653.1682447195,0.681881202613911,-0.4750009493774026,5,B2021-06865
6866,6866,462106.3841421736,0.2783823202974725,0.2831316443877018,2,B2022-06866
6867,6867,220866.312165264,0.5905255395016109,0.0996449372370247,3,B2018-06867
6868,6868,224169.0895179801,0.637967398126665,0.0769961559115283,3,B2018-06868
6869,6869,177006.12853863815,0.6323657308685523,0.0782492641594373,3,B2018-06869
6870,6870,187730.6809487376,0.4977620474540313,0.2400396410119121,3,B2018-06870
6871,6871,918830.91048202,0.6366846906223109,0.0058885857309856,6,B2018-06871
6872,6872,674256.312165264,0.4944984846196908,0.6347935487575388,0,B2018-06872
6873,6873,152149.30374904364,0.6389990028594874,0.580084381391426,0,B2018-06873
6874,6874,213943.014537108,0.5679668660539494,0.6199364198828279,0,B2018-06874
6875,6875,192732.9456771232,0.607240998713052,0.1451064609492512,3,B2018-06875
6876,6876,169045.06503443004,0.680824866575785,0.4781274894083829,0,B2018-06876
6877,6877,197576.1107064821,0.7005903476294348,-0.4979311611352883,4,B2021-06877
6878,6878,178011.82861514922,0.6323657308685523,0.0782492641594373,3,B2018-06878
6879,6879,639795.2466367712,0.5613903717039715,0.5107478863152755,0,B2019-06879
6880,6880,900000.0,0.6349706049180688,-0.3188595749885895,5,B2024-06880
6881,6881,955040.0,0.3864515684594327,0.3666002677176763,2,B2017-06881
6882,6882,192914.2024763292,0.6671426374729726,-0.3011892748478872,4,B2021-06882
6883,6883,865650.2242152466,0.4321440702398332,0.1004045026362541,6,B2019-06883
6884,6884,736775.7465404224,0.5611412333171726,0.5724640411866968,0,B2021-06884
6885,6885,751527.5530503979,0.6655894203998332,-0.5353546291851955,5,B2023-06885
6886,6886,146000.0,0.5940128879420177,0.0291547884618346,3,B2024-06886
6887,6887,178750.8812818645,0.5579095419619391,0.0792913720550302,3,B2021-06887
6888,6888,791414.420975965,0.6357278834900039,-0.2979712218504937,5,B2021-06888
6889,6889,818902.2188217293,0.5321224531744485,0.596893380224946,0,B2018-06889
6890,6890,826656.2272396212,0.5307074933930974,0.5104696140241156,0,B2021-06890
6891,6891,986370.7583643122,0.3903127172868817,-0.0249624009053774,2,B2020-06891
6892,6892,2283084.927314461,0.6014250305484511,0.0038715871766528,6,B2018-06892
6893,6893,1447233.4572490703,0.5670079254565851,0.566528809240917,0,B2020-06893
6894,6894,256793.44501092497,0.6637608258378948,-0.328127450395237,4,B2021-06894
6895,6895,254944.2379182156,0.5214349630118809,0.6012435343099758,0,B2020-06895
6896,6896,814773.4572490706,0.5096501450453066,0.589465767884027,0,B2020-06896
6897,6897,285042.57294429705,0.5980396358690725,0.0659143107744707,3,B2023-06897
6898,6898,1110967.874231032,0.6969084130444517,-0.5147913669670399,5,B2022-06898
6899,6899,945000.0,0.4851161258776868,-0.0755462928767708,6,B2024-06899
6900,6900,1000000.0,0.6948393105369587,-0.485920713467254,5,B2024-06900
6901,6901,773719.070403281,0.7781066621507663,-0.1531887940318871,5,B2022-06901
6902,6902,737259.7402597403,0.7154906412549835,-0.4559649764376554,5,B2022-06902
6903,6903,204055.08798775828,0.4565786120868492,0.2505388682145314,3,B2018-06903
6904,6904,1134926.862611073,0.4515461379582506,0.0607959032295796,2,B2022-06904
6905,6905,817969.3955623567,0.4085530847483702,0.144675835878201,2,B2018-06905
6906,6906,641944.6343130554,0.450678751594062,0.0767705476747574,2,B2022-06906
6907,6907,1191885.768936496,0.5081757392444611,-0.0497727512023632,6,B2018-06907
6908,6908,300000.0,0.5714386069195846,0.0189343967737125,3,B2024-06908
6909,6909,206504.83271375464,0.6386314285529915,0.1089323518015051,3,B2020-06909
6910,6910,892107.7238550923,0.6893328732468423,-0.5255844501319268,5,B2022-06910
6911,6911,1124715.9865470852,0.4912369294403004,0.6355593019505826,0,B2019-06911
6912,6912,256278.0269058296,0.5836543731080469,0.0506394459211893,3,B2019-06912
6913,6913,154491.76470588235,0.5180272730667485,0.0980236155974394,3,B2017-06913
6914,6914,181421.15241635687,0.6929325923001435,0.4266851622877903,0,B2020-06914
6915,6915,187505.12645249488,0.6342847012384503,-0.2487137964316905,4,B2022-06915
6916,6916,217583.94032134663,0.6270575090835265,0.0936140960933308,3,B2018-06916
6917,6917,755957.7882352942,0.4006112101201444,0.0050825410820532,2,B2017-06917
6918,6918,820592.9609793421,0.5716149716502661,0.5005990681100789,0,B2018-06918
6919,6919,176658.49411764706,0.5007812978429689,0.1191279030958329,3,B2017-06919
6920,6920,262356.5416985463,0.5671824269460646,0.0949931469974193,3,B2018-06920
6921,6921,850000.0,0.6691686808061983,-0.4283209102502934,5,B2025-06921
6922,6922,850000.0,0.6724617463634228,-0.4958922651243879,5,B2025-06922
6923,6923,144019.66496722505,0.6283831683400481,0.017867692475184,3,B2021-06923
6924,6924,800590.0594795538,0.5856568840435101,0.4347652737464126,0,B2020-06924
6925,6925,920038.1165919282,0.6414101635443834,0.4673534286908179,0,B2019-06925
6926,6926,725244.7058823529,0.4257885444511904,0.0357266312478154,6,B2017-06926
6927,6927,179679.37219730942,0.6294308823234399,0.4814901672716671,0,B2019-06927
6928,6928,836705.8823529412,0.4928785469965941,-0.003104834884032,6,B2017-06928
6929,6929,191247.05882352943,0.2859489397106406,0.0919897029182158,2,B2017-06929
6930,6930,883512.5,0.7028587879651828,-0.5122906033695619,5,B2024-06930
6931,6931,222828.156082632,0.6046943492306542,0.0982817127369931,3,B2018-06931
6932,6932,641315.9908186689,0.601136316562256,0.5069554077210311,0,B2018-06932
6933,6933,746493.7249070632,0.3902425858296421,0.0225700405906466,2,B2020-06933
6934,6934,869682.7806691449,0.6151822910190378,-0.0815101185399519,6,B2020-06934
6935,6935,823199.5898838005,0.5283906053190642,0.5766186959080373,0,B2022-06935
6936,6936,500315.0,0.6057366723340017,0.0658371232436149,3,B2025-06936
6937,6937,757957.5596816976,0.5296849513409733,0.0091760702485103,2,B2023-06937
6938,6938,734134.6548188654,0.6776192475552818,-0.474121062112405,5,B2022-06938
6939,6939,1025783.2535885168,0.785190122303936,-0.1516626954489772,5,B2022-06939
6940,6940,194607.4349442379,0.539699126017459,0.0315693793228246,3,B2020-06940
6941,6941,200000.0,0.698250577559072,-0.389026113727237,4,B2024-06941
6942,6942,340000.0,0.6009465856038777,0.0157120052860862,3,B2025-06942
6943,6943,136432.36074270555,0.5914777993059889,-0.092242621135185,3,B2023-06943
6944,6944,141621.84350132625,0.7031137526392796,-0.3981136555016415,4,B2023-06944
6945,6945,187510.08968609865,0.5870784481392965,0.0615091159335675,3,B2019-06945
6946,6946,181178.9584850692,0.5743439652562957,0.5153462524293292,0,B2021-06946
6947,6947,182007.58031442243,0.7260405264944604,-0.4547115962689713,4,B2022-06947
6948,6948,280000.0,0.5369385271684741,0.0660800719005832,3,B2025-06948
6949,6949,184811.36198106327,0.5687824944647827,0.5430446288472127,0,B2021-06949
6950,6950,160014.30493273542,0.5461014250714955,0.6370574819573808,0,B2019-06950
6951,6951,764509.8775822496,0.6443018222734823,0.4602824438529535,0,B2018-06951
6952,6952,237199.5515695068,0.6314731313397989,0.5769489949279979,0,B2019-06952
6953,6953,260163.36295283664,0.1826727873284007,0.0662572844731431,2,B2022-06953
6954,6954,238090.3131828113,0.6321872523040345,0.0535676578606157,3,B2021-06954
6955,6955,1027000.0,0.7179586208170844,-0.5390464470389875,5,B2024-06955
6956,6956,300000.0,0.7005241222169932,-0.3854287725567835,4,B2024-06956
6957,6957,900000.0,0.6813481338009265,-0.4768375479458154,5,B2025-06957
6958,6958,400000.0,0.5666172048066305,-0.4029343933110615,5,B2025-06958
6959,6959,131809.90531682447,0.6581604238210247,-0.0268230062315424,3,B2021-06959
6960,6960,300000.0,0.6953932961801015,-0.2437946446989456,4,B2024-06960
6961,6961,179310.78066914497,0.6323657308685523,0.0782492641594373,3,B2020-06961
6962,6962,155232.71375464683,0.5629808635001008,0.0306716587106872,3,B2020-06962
6963,6963,188225.3308550185,0.5556443565370356,0.0386342412183281,3,B2020-06963
6964,6964,175332.14857975236,0.6323657308685523,0.0782492641594373,3,B2021-06964
6965,6965,196873.6059479554,0.5988609753954007,0.5747519397997717,0,B2020-06965
6966,6966,225670.2323991797,0.7084783293498589,-0.4258497593584524,4,B2022-06966
6967,6967,168994.1733430444,0.6937256027690346,-0.4331501161109857,4,B2021-06967
6968,6968,734009.6514012304,0.7135988165157405,-0.5393282969698124,5,B2022-06968
6969,6969,1151324.836125273,0.5085241143190434,0.6134839669272996,0,B2021-06969
6970,6970,300000.0,0.7156303365224959,-0.4188688171386354,4,B2024-06970
6971,6971,159292.36074270555,0.4709423538350386,0.0009422086699105,3,B2023-06971
6972,6972,162640.00663129974,0.7026525848013933,-0.4365303002140864,4,B2023-06972
6973,6973,1963325.0,0.6353691328787091,-0.0256630341028075,6,B2024-06973
6974,6974,98961.03896103895,0.3588780807801463,-0.0021101371247151,2,B2022-06974
6975,6975,1200000.0,0.2980184416719813,0.1481913493118725,2,B2025-06975
6976,6976,1818421.70429716,0.4070394449762209,-0.021646234151207,2,B2021-06976
6977,6977,967655.0185873604,0.5375130208838559,0.5912345461251033,0,B2020-06977
6978,6978,132854.2750929368,0.6174821447314893,0.0976560507615793,3,B2020-06978
6979,6979,892510.0,0.6384943180523296,-0.5478472379771666,5,B2024-06979
6980,6980,165913.39029391663,0.7015219837379912,-0.4535150638495324,4,B2022-06980
6981,6981,665986.8900218499,0.5814685798627225,-0.0533234157633521,6,B2021-06981
6982,6982,781702.1121631464,0.5918372642868222,-0.0698501909145282,6,B2021-06982
6983,6983,1263262.599469496,0.3074907965467366,-0.0581755704437034,2,B2023-06983
6984,6984,873982.2282980178,0.6612536221983158,-0.4808532843592938,5,B2022-06984
6985,6985,210396.3583394028,0.6305201570109663,0.0172493729277841,3,B2021-06985
6986,6986,200906.0451565914,0.6323657308685523,0.0782492641594373,3,B2021-06986
6987,6987,756901.1152416357,0.5203257900582462,0.5365912931544145,0,B2020-06987
6988,6988,706905.1262433054,0.5820659773667519,0.4644382997402533,0,B2018-06988
6989,6989,274016.83244070393,0.5013820038583644,0.6024579968155604,0,B2018-06989
6990,6990,273543.83643122675,0.6338939075781551,0.0620741250574669,3,B2020-06990
6991,6991,1135351.6728624534,0.5680322094758475,0.5685952353579453,0,B2020-06991
6992,6992,1192220.09569378,0.683423291996341,-0.5379754702284505,5,B2022-06992
6993,6993,199913.10780669143,0.5351062316346823,0.0493689950280938,3,B2020-06993
6994,6994,173292.56372906044,0.547451602519973,0.0337435160925462,3,B2021-06994
6995,6995,647235.1193633953,0.65364758460303,-0.5455603132908058,5,B2023-06995
6996,6996,203724.3198906357,0.7148272557173588,-0.4422980174727892,4,B2022-06996
6997,6997,877160.2330662782,0.6146891928486836,0.4547642777762002,0,B2021-06997
6998,6998,807862.8385615916,0.5685321574582888,0.6180183386119819,0,B2018-06998
6999,6999,194202.14231063507,0.5263440877256574,0.2534900608491482,3,B2018-06999
7000,7000,22661.71003717472,0.3461545361043241,0.237986863759336,2,B2020-07000
7001,7001,182426.7657992565,0.6323657308685523,0.0782492641594373,3,B2020-07001
7002,7002,901880.0,0.6598304057031893,-0.5548096513000609,5,B2024-07002
7003,7003,178428.98761835397,0.6527161935018783,-0.0172407398000639,3,B2021-07003
7004,7004,100786.01602330664,0.6458829240564125,-0.0026585989847223,3,B2021-07004
7005,7005,167943.10037174722,0.5753700832322831,0.0623655126855266,3,B2020-07005
7006,7006,732832.5358851675,0.4537738986685866,0.0756890095510419,2,B2022-07006
7007,7007,539665.7824933687,0.6416590889195033,-0.5416196434307516,5,B2023-07007
7008,7008,783805.2836637048,0.4528341188661987,0.6041839325331789,0,B2022-07008
7009,7009,235037.8732702112,0.6087698938758735,0.5218448893838273,0,B2021-07009
7010,7010,632308.9542036911,0.6356219741883649,-0.2850391182419371,5,B2022-07010
7011,7011,1027007.2833211944,0.4735486603865062,0.4892157226375492,0,B2021-07011
7012,7012,1418182.86151492,0.384833740005372,0.1626106477319147,2,B2018-07012
7013,7013,700000.0,0.66747770018621,-0.5312060733961379,5,B2024-07013
7014,7014,179692.4128503076,0.5587449369823638,0.070180280968449,3,B2022-07014
7015,7015,249745.0837581937,0.6051840978048402,0.5949592841477164,0,B2021-07015
7016,7016,1075568.8273852875,0.4649779044056668,0.533706589925944,0,B2021-07016
7017,7017,164673.77306903622,0.5526946077369866,-0.0480396100331841,3,B2022-07017
7018,7018,777042.9310344828,0.6880387025788193,0.1137187335518254,5,B2023-07018
7019,7019,850000.0,0.6894810232259856,-0.5088492491313921,5,B2024-07019
7020,7020,254343.70260223048,0.5948329375357558,0.5028962572715094,0,B2020-07020
7021,7021,726321.9412166781,0.7055888398160768,-0.4605347475491076,5,B2022-07021
7022,7022,677101.8455228981,0.5536185431846475,0.0342819281749747,2,B2022-07022
7023,7023,253211.95868400924,0.5185164023079817,0.2046244412824678,3,B2018-07023
7024,7024,221783.6241806264,0.5725944357323357,0.092186367575312,3,B2021-07024
7025,7025,1139093.6431989064,0.6152657910911221,-0.023245530496667,6,B2022-07025
7026,7026,943481.427530954,0.4809740026100507,0.5847957213888161,0,B2021-07026
7027,7027,1184624.1806263656,0.562062196875138,-0.062413591810093,6,B2021-07027
7028,7028,887982.5200291332,0.3473968724015116,0.0787590389074436,2,B2021-07028
7029,7029,1033882.4333561176,0.6924264106222715,-0.4408823906409284,5,B2022-07029
7030,7030,711545.2917771883,0.5991514789677838,-0.5461047492711255,5,B2023-07030
7031,7031,161647.08222811672,0.6781261751441204,-0.4952516795086846,4,B2023-07031
7032,7032,1154293.5676392573,0.655172499734425,-0.4948453213030872,5,B2023-07032
7033,7033,1118750.0,0.4305215775644092,0.118627482027043,2,B2024-07033
7034,7034,2600000.0,0.7013004050735041,-0.4926504242652916,5,B2024-07034
7035,7035,169796.3089542037,0.749606956987333,-0.0926824706010548,4,B2022-07035
7036,7036,300000.0,0.6075558276608226,-0.0004038735613685,3,B2024-07036
7037,7037,2000000.0,0.6170878031233373,-0.3485428845894334,5,B2025-07037
7038,7038,906517.2413793104,0.6898472293602214,-0.5167135698056412,5,B2023-07038
7039,7039,636475.7347915242,0.7451201707782363,-0.1670712308710626,5,B2022-07039
7040,7040,2872659.1511936337,0.326604203370695,0.0420719338019022,2,B2023-07040
7041,7041,1158579.9256505575,0.5924800914164262,0.0237061714926766,6,B2020-07041
7042,7042,254944.2379182156,0.5674031680464879,0.1204624553548511,3,B2020-07042
7043,7043,144274.77785372522,0.7080681536349488,-0.5174146175425169,4,B2022-07043
7044,7044,633090.2255639099,0.6375944900220812,-0.5201268025961892,5,B2022-07044
7045,7045,617621.7175066313,0.5773447751039934,0.3633577526016558,0,B2023-07045
7046,7046,50481000.0,0.313144986845464,0.0533515130052282,7,B2024-07046
7047,7047,70742.70557029177,0.3582297624638426,-0.0547766912941208,2,B2023-07047
7048,7048,723956.9506726457,0.5973304656613923,0.0090702195359229,6,B2019-07048
7049,7049,696737.7990430623,0.6649165138344472,-0.4928134744524248,5,B2022-07049
7050,7050,721530.1435406699,0.5252432083096998,0.6167575302438324,0,B2022-07050
7051,7051,186513.4529147982,0.6460072093623385,0.0650925533928533,3,B2019-07051
7052,7052,189159.0665646519,0.5504800142250752,0.2169283175894104,3,B2018-07052
7053,7053,182466.42379182155,0.6048715140973143,0.106548578367306,3,B2020-07053
7054,7054,249190.0946831755,0.6260770255476972,0.0304946315914833,3,B2021-07054
7055,7055,660938.9920424403,0.6091137435055306,-0.3494531831743578,5,B2023-07055
7056,7056,254904.57992565056,0.5160133983878927,0.0302111954369654,3,B2020-07056
7057,7057,750000.0,0.6125930435056034,-0.3455478337755335,5,B2025-07057
7058,7058,627970.1383831026,0.6760090476150572,-0.4417433989775149,5,B2021-07058
7059,7059,183808.2959641256,0.6276243666874273,0.4909032365297746,0,B2019-07059
7060,7060,225413.76356877325,0.6306949131509682,0.0643129471234211,3,B2020-07060
7061,7061,221904.0568099053,0.6994077455509473,-0.4609022840274473,4,B2021-07061
7062,7062,700000.0,0.6906185344240289,-0.5384001861035099,5,B2025-07062
7063,7063,160331.59851301115,0.6048715140973143,0.106548578367306,3,B2020-07063
7064,7064,875023.9234449761,0.6733936452341446,-0.5509617560272152,5,B2022-07064
7065,7065,1106174.721189591,0.5331399937894598,-0.1175788422367105,6,B2020-07065
7066,7066,380000.0,0.5770165068479071,0.0657800059035879,3,B2024-07066
7067,7067,882414.1909814323,0.775844567273402,-0.1696739960449339,5,B2023-07067
7068,7068,166947.27272727274,0.6972678638488894,-0.4228408906296382,4,B2022-07068
7069,7069,801681.7188638018,0.449185981252547,0.0963506486233033,6,B2021-07069
7070,7070,507886.2816131237,0.7416686658750599,-0.0796161976778418,5,B2022-07070
7071,7071,800000.0,0.6542101458614517,-0.5470641359410194,5,B2025-07071
7072,7072,929003.3156498672,0.7253120553452679,-0.4685800568721627,5,B2023-07072
7073,7073,202122.0159151193,0.6128708324168987,0.0030185068325982,3,B2023-07073
7074,7074,200000.0,0.6179559808385732,0.050003521831519,3,B2024-07074
7075,7075,650000.0,0.6725908020011896,-0.5227187779022063,5,B2024-07075
7076,7076,300000.0,0.712607223351699,-0.4602554778231428,4,B2025-07076
7077,7077,832314.4224196856,0.4117013125312146,0.0843818789541556,2,B2022-07077
7078,7078,1048778.2750929368,0.5472034791171592,-0.0914881258171814,6,B2020-07078
7079,7079,184126.3940520446,0.7190050915310146,-0.3565435984169404,4,B2020-07079
7080,7080,1143471.7407137654,0.5538883035449308,-0.406757824245089,5,B2021-07080
7081,7081,1351339.029391661,0.666529141241925,-0.4919692803876079,5,B2022-07081
7082,7082,641012.3816460306,0.5354736340690034,0.5657494579955598,0,B2021-07082
7083,7083,740546.2884483937,0.5919276583790954,-0.3202796047230675,5,B2022-07083
7084,7084,16996.28252788104,0.1856934362684338,0.0534012515674279,2,B2020-07084
7085,7085,779759.6504005826,0.5183374483105784,-0.1731575268455483,6,B2021-07085
7086,7086,1093977.0557620816,0.4645188931887159,0.5427534297221795,0,B2020-07086
7087,7087,254944.2379182156,0.5380932955830031,0.6265906795610805,0,B2020-07087
7088,7088,213208.416220352,0.6460516516316651,0.5409518522458545,0,B2018-07088
7089,7089,211478.58703568825,0.5894809344953454,0.5893251347215009,0,B2021-07089
7090,7090,1330752.130044843,0.266446112572119,0.1061246515171748,2,B2019-07090
7091,7091,1644575.294117647,0.3968263596572937,0.1777980679422838,2,B2017-07091
7092,7092,50000.0,0.2353294199657853,0.0102687249917149,2,B2025-07092
7093,7093,283192.0594795539,0.5603278011918935,0.5753182057301833,0,B2020-07093
7094,7094,2762502.652519894,0.4552793652281404,0.2224087244929442,2,B2023-07094
7095,7095,947026.0639405204,0.4338310274701201,0.1193344517778532,2,B2020-07095
7096,7096,833777.4117647059,0.4347966621970729,0.050277296285867,6,B2017-07096
7097,7097,1393172.0705882353,0.4724993313117784,0.6074123290090411,0,B2017-07097
7098,7098,289512.18823529413,0.5581244378543608,0.2309325133955547,3,B2017-07098
7099,7099,891928.4705882353,0.4416284201785353,0.5554148578020534,0,B2017-07099
7100,7100,262356.5416985463,0.4374658556150296,0.2572818822183393,3,B2018-07100
7101,7101,250765.201793722,0.5788490903620015,0.5259170356264944,0,B2019-07101
7102,7102,1524699.6174445297,0.4578387248397518,0.2443115384342483,2,B2018-07102
7103,7103,289858.82352941175,0.584957314606153,0.4652331287994812,0,B2017-07103
7104,7104,1511143.385650224,0.4956672085880246,0.6355365496120093,0,B2019-07104
7105,7105,1338729.4117647058,0.3991913862473755,0.4169485029237278,2,B2017-07105
7106,7106,1706483.550114767,0.4320996943926817,0.5894583685520179,0,B2018-07106
7107,7107,1064409.4117647058,0.3811296019417352,0.1485143657551561,2,B2017-07107
7108,7108,2000000.0,0.5251107663187415,0.0740739357496956,6,B2024-07108
7109,7109,217043.67374005303,0.7308070895585185,-0.4536302798041779,4,B2023-07109
7110,7110,2100000.0,0.3891704371646801,0.0416111844677426,2,B2024-07110
7111,7111,195633.6489439184,0.3602850468868597,0.1202755501122705,2,B2021-07111
7112,7112,1250662.330662782,0.5782274877506527,-0.1273152129817704,6,B2021-07112
7113,7113,955205.0,0.6836742248010648,-0.5012881526504085,5,B2024-07113
7114,7114,802365.6869446343,0.653084013358566,0.1484976511011044,5,B2022-07114
7115,7115,166671.2235133288,0.7107636646360995,-0.3888536688168305,4,B2022-07115
7116,7116,690120.3580901857,0.6472614016850495,-0.51009370751362,5,B2023-07116
7117,7117,1035526.365622724,0.5759170266076908,0.3282665836168921,0,B2021-07117
7118,7118,176027.5,0.7263969639243858,-0.3935077401585162,4,B2024-07118
7119,7119,300000.0,0.6784455358729313,-0.336677500102437,4,B2024-07119
7120,7120,711495.994173343,0.5817468475612316,-0.0756107758388323,6,B2021-07120
7121,7121,902219.3308550186,0.4838409092109696,0.6298632445620923,0,B2020-07121
7122,7122,710694.7207345066,0.480696341960721,0.069461887764243,2,B2018-07122
7123,7123,162528.33421750664,0.748452196377607,-0.4447063051013556,4,B2023-07123
7124,7124,199875.2563226248,0.6901829933493976,-0.4429931805478561,4,B2022-07124
7125,7125,1365000.0,0.6244468286640886,-0.0525811759481854,6,B2024-07125
7126,7126,1144109.9781500364,0.5434062213836988,0.4733367759814682,0,B2021-07126
7127,7127,710847.9708222812,0.7166985410832717,-0.5473816148484053,5,B2023-07127
7128,7128,729670.991114149,0.7393848514681538,-0.1692881881470843,5,B2022-07128
7129,7129,1132661.1756664389,0.6782690258617079,-0.501086854267006,5,B2022-07129
7130,7130,200317.97676008203,0.7089295549652165,-0.3914447897459924,4,B2022-07130
7131,7131,167452.49487354752,0.7529034520549045,0.0181513117221786,4,B2022-07131
7132,7132,712050.9832483612,0.6376845223859922,-0.1050432951027633,6,B2021-07132
7133,7133,1174634.3772760378,0.6811031411103016,-0.5036934467019746,5,B2021-07133
7134,7134,249190.0946831755,0.6923029488373236,-0.4750775092576576,4,B2021-07134
7135,7135,762113.9013452914,0.5479609542607257,-0.058614789926663,6,B2019-07135
7136,7136,167452.49487354752,0.6972678638488894,-0.4228408906296382,4,B2022-07136
7137,7137,733353.3834586466,0.7608920454744478,-0.1388087958419602,5,B2022-07137
7138,7138,689246.1803713528,0.6607312264969525,0.1386670601386018,5,B2023-07138
7139,7139,185955.0,0.7080681536349488,-0.5174146175425169,4,B2024-07139
7140,7140,803596.4311726147,0.5423527558525207,0.5736879156990635,0,B2021-07140
7141,7141,92976127.3209549,0.2872242481909452,0.1338563123037866,1,B2023-07141
7142,7142,800000.0,0.6542101458614517,-0.5470641359410194,5,B2024-07142
7143,7143,232402.18728639785,0.6860507202450603,-0.4568568775935686,4,B2022-07143
7144,7144,500000.0,0.6057366723340017,0.0658371232436149,3,B2024-07144
7145,7145,177873.99854333574,0.7142727675090217,-0.434000492812535,4,B2021-07145
7146,7146,786740.2597402597,0.6145083857446383,-0.2612179070627266,5,B2022-07146
7147,7147,680800.0,0.6284819150101559,-0.5303749751062211,5,B2024-07147
7148,7148,3000000.0,0.6333891540948069,-0.0361870274831703,6,B2024-07148
7149,7149,1470121.7843866171,0.5619324729065334,0.4670011473207828,0,B2020-07149
7150,7150,237493.36870026524,0.2699015154299385,0.0650388306822605,2,B2023-07150
7151,7151,188445.2563226248,0.7260405264944604,-0.4547115962689713,4,B2022-07151
7152,7152,183693.54111405835,0.7416123409025316,0.0042259061992816,4,B2023-07152
7153,7153,770000.0,0.7197875098760913,-0.5021896948609161,5,B2024-07153
7154,7154,863566.3129973474,0.6770309755868664,-0.5605829350744331,5,B2023-07154
7155,7155,843028.4049526583,0.5944533976230391,-0.3113764876048164,5,B2021-07155
7156,7156,1223991.7976760082,0.3494662608227903,0.1412141175939489,2,B2022-07156
7157,7157,780314.6394756008,0.6010628969023546,-0.3365468051692485,5,B2021-07157
7158,7158,734668.5235816815,0.5503596897987941,-0.2907738168134392,5,B2022-07158
7159,7159,232792.8229665072,0.7036099327139117,-0.420107051234845,4,B2022-07159
7160,7160,176710.22546419097,0.7474665647411032,-0.3759957789792589,4,B2023-07160
7161,7161,1103333.5543766578,0.7582838478791837,-0.0789738202716991,5,B2023-07161
7162,7162,1046971.003717472,0.5460133117136942,0.1195329962544524,6,B2020-07162
7163,7163,1240445.3531598512,0.5381861973580817,0.6481954332256683,0,B2020-07163
7164,7164,1400000.0,0.4227795546798252,0.0298404368866259,2,B2024-07164
7165,7165,253046.31970260225,0.6747203812724769,0.5516612762446896,0,B2020-07165
7166,7166,909549.0716180372,0.6970410752157244,-0.5353642956815848,5,B2023-07166
7167,7167,172140.1230348599,0.6933903582571121,-0.4515143509887817,4,B2022-07167
7168,7168,157311.65331391114,0.7005903476294348,-0.4979311611352883,4,B2021-07168
7169,7169,200353.4482758621,0.6312310557737831,0.0123329912154578,3,B2023-07169
7170,7170,249745.0837581937,0.5805439158916027,0.0486945078525422,3,B2021-07170
7171,7171,820089.6860986546,0.52207289849172,0.5779910814418959,0,B2019-07171
7172,7172,160114.3481427531,0.5563126352347887,0.0377479429213261,3,B2021-07172
7173,7173,2500000.0,0.3401145436045138,0.0470080533338256,2,B2025-07173
7174,7174,1021000.0,0.6513270043057627,-0.5713124986598089,5,B2024-07174
7175,7175,250000.0,0.7637282409005852,-0.4751792733133628,4,B2024-07175
7176,7176,221828.9124668435,0.7516681330527258,-0.4222092327230004,4,B2023-07176
7177,7177,731009.5693779904,0.670727472383062,-0.5029191528091349,5,B2022-07177
7178,7178,733092.9596719071,0.7567721754972111,-0.1180635252298587,5,B2022-07178
7179,7179,123200.0,0.3262724550126593,0.1555118928341479,2,B2024-07179
7180,7180,917012.4270557028,0.687606660677908,-0.5362364567456198,5,B2023-07180
7181,7181,1067709.549071618,0.6845951306795858,-0.4593504705204204,5,B2023-07181
7182,7182,785177.7170198223,0.5980222365009195,-0.3066866916282037,5,B2022-07182
7183,7183,234381.4080656186,0.6970417128872511,-0.5189528350539268,4,B2022-07183
7184,7184,249964.3044428259,0.7276996758616121,-0.0246903800762769,4,B2021-07184
7185,7185,651580.3144224198,0.5961370044932094,-0.0590544222246107,6,B2022-07185
7186,7186,234381.4080656186,0.6920851367336436,-0.3700546416536692,4,B2022-07186
7187,7187,250750.0,0.723829171562258,-0.4193564671836117,4,B2024-07187
7188,7188,476250.0,0.7224426797554877,-0.4127687155459039,5,B2023-07188
7189,7189,160264.7983595352,0.7213221440861091,-0.4418006922703986,4,B2022-07189
7190,7190,701701.4764183186,0.6324937743280908,-0.4600277446490834,5,B2022-07190
7191,7191,892584.2993848257,0.5061030653375707,0.441642668713679,0,B2022-07191
7192,7192,520000.0,0.6896705966302531,-0.486954001547671,5,B2025-07192
7193,7193,1092773.488710852,0.5364514957682747,0.5898101562435969,0,B2021-07193
7194,7194,987266.5755297334,0.5999280555479132,-0.0707113416187518,6,B2022-07194
7195,7195,188141.2964311726,0.65016608044112,-0.0369067236247722,3,B2021-07195
7196,7196,520847.57347915246,0.5103558755325565,0.5990656192511015,0,B2022-07196
7197,7197,1357589.2002734109,0.646536735244007,-0.2770222659407296,5,B2022-07197
7198,7198,1205886.2453531595,0.5514543767182025,-0.0587642312547534,6,B2020-07198
7199,7199,217263.75256322627,0.7744897591387766,-0.1306429445113938,4,B2022-07199
7200,7200,192974.025974026,0.7070503504024772,-0.4827356264857156,4,B2022-07200
7201,7201,926327.4094326728,0.7170602282822361,-0.5472299409671966,5,B2022-07201
7202,7202,225000.0,0.7084057467772001,-0.4604795594468121,4,B2024-07202
7203,7203,300000.0,0.7104309522816963,-0.4955551420485815,4,B2024-07203
7204,7204,328300.0,0.5864730416998445,0.0684797359341998,3,B2025-07204
7205,7205,300000.0,0.485375977811956,-0.0233893207418758,3,B2024-07205
7206,7206,400000.0,0.5968252353094492,0.059784536802006,3,B2024-07206
7207,7207,227387.26790450927,0.7275368499464567,-0.4653050767569108,4,B2023-07207
7208,7208,900000.0,0.6672716299593442,-0.5079521604032081,5,B2024-07208
7209,7209,1000000.0,0.6655153246767225,-0.4701434223448756,5,B2024-07209
7210,7210,350000.0,0.7514218369891984,-0.4509189894423571,4,B2025-07210
7211,7211,871809.4394618834,0.4024058417099606,-0.0738019471472628,2,B2019-07211
7212,7212,206737.42310321247,0.6852733843718799,0.382834835573762,0,B2022-07212
7213,7213,1157941.1764705882,0.5992777687352547,0.5429411507397869,0,B2017-07213
7214,7214,769937.7170198223,0.6157758568215459,-0.0466469426669608,6,B2022-07214
7215,7215,173963.0895420369,0.6097800868960879,0.0169781835502411,3,B2022-07215
7216,7216,184684.89411764705,0.5554174223001388,0.5411547086556889,0,B2017-07216
7217,7217,11469393.580901856,0.2911328127076038,-0.0482314727358649,2,B2023-07217
7218,7218,1171907.040328093,0.6965712337933405,-0.4500455885720335,5,B2022-07218
7219,7219,899764.1831852358,0.5783069520738106,-0.0822514654158724,6,B2022-07219
7220,7220,911032.9496103897,0.5417521768073643,0.0583000799701972,2,B2022-07220
7221,7221,227387.26790450927,0.7135707471980879,-0.4260982794076604,4,B2023-07221
7222,7222,768195.0397877984,0.6122330440014818,-0.2588034093623048,5,B2023-07222
7223,7223,1174980.6502242151,0.4209594157290443,0.4956474037413601,0,B2019-07223
7224,7224,59764.705882352944,0.1631190910419877,0.0846599165983947,2,B2017-07224
7225,7225,731590.7427055703,0.7522487497904458,-0.1654344944633428,5,B2023-07225
7226,7226,874820.3991260014,0.5908250038805083,-0.0164458031684237,6,B2021-07226
7227,7227,249725.65914056808,0.5642852595383222,0.1147932975562005,3,B2021-07227
7228,7228,13812877.648667123,0.2201184277764505,0.121446579683494,2,B2022-07228
7229,7229,3163437.727603787,0.2967480030396366,0.0132518160956864,2,B2021-07229
7230,7230,908423.5294117648,0.5782744038725447,0.5600609828070644,0,B2017-07230
7231,7231,5300000.0,0.3488532976084685,0.0334295402163955,2,B2025-07231
7232,7232,245334.11764705885,0.5013690168271892,0.6114835498645456,0,B2017-07232
7233,7233,735957.6213260425,0.6114189321618526,-0.2777790618953423,5,B2022-07233
7234,7234,210424.10779315367,0.5629808635001008,0.0306716587106872,3,B2021-07234
7235,7235,180393.899204244,0.7072592353478684,-0.5326029837267803,4,B2023-07235
7236,7236,165214.53580901856,0.7175584323383816,-0.3905786475591277,4,B2023-07236
7237,7237,652101.1619958988,0.6829947884989238,-0.546026418461668,5,B2022-07237
7238,7238,880287.0881749829,0.7836805398536982,-0.1510564783360478,5,B2022-07238
7239,7239,1500000.0,0.6319958407699537,-0.5346384788429054,5,B2025-07239
7240,7240,170464.89439184268,0.6027465360732249,-0.0008840958222345,3,B2021-07240
7241,7241,747043.0444282593,0.602294389188531,-0.0808542440389283,6,B2021-07241
7242,7242,799739.2571012381,0.6548940492863493,-0.5390321166514591,5,B2021-07242
7243,7243,1500000.0,0.6319958407699537,-0.5346384788429054,5,B2025-07243
7244,7244,208339.02939166097,0.3599304498991976,-0.0840619463772106,2,B2022-07244
7245,7245,329430.0,0.7289902626290538,-0.4030259921680234,4,B2024-07245
7246,7246,1019819.5488721804,0.6658873176495519,-0.4574204628513388,5,B2022-07246
7247,7247,1010610.0795755968,0.7171814859571721,-0.5118509530298595,5,B2023-07247
7248,7248,350000.0,0.6100415485000685,0.0641409085195527,3,B2024-07248
7249,7249,300000.0,0.6210216550865081,0.0602843514730049,3,B2024-07249
7250,7250,1295273.673740053,0.6827605334502496,-0.5540459553273117,5,B2023-07250
7251,7251,202542.58823529413,0.2018845432670847,0.0819724621467735,3,B2017-07251
7252,7252,831793.5748462065,0.6969084130444517,-0.5147913669670399,5,B2022-07252
7253,7253,1300000.0,0.678692452862983,-0.5538459473968338,5,B2024-07253
7254,7254,950000.0,0.6972360472986204,-0.5375577835073624,5,B2025-07254
7255,7255,894034.8598769652,0.6038937482985347,-0.0813972184198921,6,B2022-07255
7256,7256,195109.5010252905,0.6913868884266872,-0.4139073201570432,4,B2022-07256
7257,7257,1070758.4415584416,0.7825232839215917,-0.1494602815094761,5,B2022-07257
7258,7258,1725000.0,0.678248849775812,-0.5076195422137801,5,B2024-07258
7259,7259,268941.17647058825,0.4509890030288788,0.2587690778819166,3,B2017-07259
7260,7260,234120.984278879,0.641300724914014,-0.2817488636023049,4,B2022-07260
7261,7261,1087529.7334244703,0.6892540517538055,-0.5265424993206196,5,B2022-07261
7262,7262,755359.1934381408,0.584328063132509,-0.5273759635873961,5,B2022-07262
7263,7263,50530503.97877984,0.2567834829751281,0.100642082350498,7,B2023-07263
7264,7264,943481.427530954,0.5628626316835276,0.0301866832132158,6,B2021-07264
7265,7265,659653.4518113466,0.6412616463781895,0.3114676465667104,5,B2022-07265
7266,7266,990002.3529411764,0.3453217145804378,0.0200986023183127,2,B2017-07266
7267,7267,650832.8912466844,0.6724106374993264,-0.5448445418693595,5,B2023-07267
7268,7268,164037.30644562334,0.7587796606298167,-0.1318974096784149,4,B2023-07268
7269,7269,167962.92549555708,0.5936636304669696,0.100129595421355,3,B2022-07269
7270,7270,734501.8523581682,0.6658552247976798,-0.5039914787622737,5,B2022-07270
7271,7271,772871.8834080717,0.578885646379097,-0.0528997372322257,6,B2019-07271
7272,7272,300000.0,0.7208712056662133,-0.3905256860482466,4,B2025-07272
7273,7273,213210.0,0.7291030943844945,-0.4345672588335861,4,B2024-07273
7274,7274,850000.0,0.6711477722458166,-0.479041053964468,5,B2025-07274
7275,7275,699302.1043766577,0.7358946801783586,-0.1644693926185046,5,B2023-07275
7276,7276,2000000.0,0.5923953759594178,-0.0742311036529375,6,B2024-07276
7277,7277,1019884.705882353,0.2955788129065607,-0.0733644957967678,2,B2017-07277
7278,7278,302872.86397812713,0.7186621926821672,-0.4021542685996527,4,B2022-07278
7279,7279,827741.1764705882,0.3750429851090087,0.0478606890894453,2,B2017-07279
7280,7280,1196957.141872864,0.6135045148716127,-0.0470819197210799,6,B2022-07280
7281,7281,687414.6274777855,0.669347149069038,0.126924270454387,5,B2022-07281
7282,7282,866065.3451811346,0.6806657163442674,-0.5309873004186584,5,B2022-07282
7283,7283,157488.42175066314,0.6913868884266872,-0.4139073201570432,4,B2023-07283
7284,7284,241412.8503075872,0.7285093804030831,-0.4639953526116592,4,B2022-07284
7285,7285,1634419.6855775805,0.5213600851868618,0.0767668172442072,2,B2022-07285
7286,7286,670715.0,0.7135637431384182,-0.5546198005834507,5,B2024-07286
7287,7287,709700.9283819628,0.6469881506651282,-0.4272811287044167,5,B2023-07287
7288,7288,323195.067264574,0.5677118708078133,0.639724682455735,0,B2019-07288
7289,7289,172140.1230348599,0.7155424462988895,-0.4215782501877341,4,B2022-07289
7290,7290,650000.0,0.7385468988492355,-0.5055070854708186,5,B2025-07290
7291,7291,250000.0,0.746297908515045,-0.4460092366393066,4,B2025-07291
7292,7292,1010610.0795755968,0.6121985727182744,-0.0997241418543884,6,B2023-07292
7293,7293,786740.2597402597,0.6176873503590279,-0.2606828032348433,5,B2022-07293
7294,7294,808488.0636604774,0.6921142051968073,-0.4851258986502504,5,B2023-07294
7295,7295,400000.0,0.6962867587555371,-0.4912804357262034,4,B2025-07295
7296,7296,879672.9111405836,0.7065135139289721,-0.5013039485584976,5,B2023-07296
7297,7297,1406288.4483937116,0.5183198180076857,0.5985957247668021,0,B2022-07297
7298,7298,1302118.9336978812,0.2683019496759435,0.1130122412846028,2,B2022-07298
7299,7299,781271.3602187287,0.5858436159521246,0.3918226781872826,0,B2022-07299
7300,7300,235398.5130111524,0.5778016018822092,0.5923579662431263,0,B2020-07300
7301,7301,838800.5049732213,0.5331002934288441,0.4257110156294266,0,B2018-07301
7302,7302,774109.2119357309,0.4750361003414511,0.5474546217774653,0,B2018-07302
7303,7303,841463.1529411764,0.4324404080475919,0.2894488103912793,2,B2017-07303
7304,7304,174904.36113236425,0.5169908685032325,0.1256356164028238,3,B2018-07304
7305,7305,181046.1883408072,0.5793287027746379,0.5855887869961456,0,B2019-07305
7306,7306,185868.23529411765,0.4731478015826402,0.1643781835611952,3,B2017-07306
7307,7307,206215.53811659192,0.546358118059388,0.1178983460584342,3,B2019-07307
7308,7308,707427.0557029177,0.6312624206180599,-0.095624147229504,6,B2023-07308
7309,7309,1433755.294117647,0.4379859854981782,0.041400570907523,6,B2017-07309
7310,7310,869875.0,0.6590801654749863,-0.484983329025165,5,B2024-07310
7311,7311,1000000.0,0.6331922268361461,-0.5678699245436646,5,B2025-07311
7312,7312,232407.65618591936,0.569360645183494,0.0660440182572094,3,B2022-07312
7313,7313,1148695.067264574,0.4833581188589032,0.5750276357506412,0,B2019-07313
7314,7314,256278.0269058296,0.5461014250714955,0.6370574819573808,0,B2019-07314
7315,7315,173374.53178400546,0.6880951420760879,-0.2326062040251446,4,B2022-07315
7316,7316,594238.7267904509,0.6646969191411759,-0.4863368798872218,5,B2023-07316
7317,7317,1018557.9294117648,0.565887060109285,0.2253731616509925,6,B2017-07317
7318,7318,268941.17647058825,0.5124028809017862,0.396627808605481,3,B2017-07318
7319,7319,1162363.5688273853,0.4849418327421677,0.6352576308723884,0,B2021-07319
7320,7320,4183529.411764706,0.3381721941724356,0.1649330455325422,2,B2017-07320
7321,7321,2629647.0588235296,0.3639271882331392,0.1001399343320851,2,B2017-07321
7322,7322,185939.95294117648,0.5104215770752849,0.582568408234364,0,B2017-07322
7323,7323,196225.20275439945,0.5387702407076591,0.5832956854078023,0,B2018-07323
7324,7324,463715.2416356877,0.5986425205834218,-0.0709830293208348,6,B2020-07324
7325,7325,657654.5092838196,0.754278436330949,-0.1777956507355496,5,B2023-07325
7326,7326,852196.949602122,0.6824046044629938,0.0328531068227402,5,B2023-07326
7327,7327,15064000.0,0.3101173421152505,0.0119301717098448,7,B2024-07327
7328,7328,192143.5294117647,0.4427572231980741,0.1168002197521546,3,B2017-07328
7329,7329,756322.3529411765,0.4005970605102611,1.9934919500055187e-05,2,B2017-07329
7330,7330,800000.0,0.6163703509186302,-0.3251023574575361,5,B2024-07330
7331,7331,1130000.0,0.5231604670172801,-0.1748737333335377,6,B2025-07331
7332,7332,779620.9031318281,0.5842895633361259,-0.0388289417547918,6,B2021-07332
7333,7333,678644.8806366047,0.7459559784936743,-0.4737173901666909,5,B2023-07333
7334,7334,149193.83952254642,0.7170991287082493,-0.3982293566844666,4,B2023-07334
7335,7335,1214840.0,0.7004988873641811,-0.4834313050757298,5,B2024-07335
7336,7336,241673.2740943268,0.5044793801721414,0.0335744619990964,3,B2022-07336
7337,7337,252207.05882352943,0.4583533545780328,0.2649289767063383,3,B2017-07337
7338,7338,237443.0,0.568027083562214,0.0316850692382766,3,B2025-07338
7339,7339,244805.13262599468,0.7173168772002505,-0.3494891887074713,4,B2023-07339
7340,7340,268941.17647058825,0.4535457509970224,0.2106470121339783,3,B2017-07340
7341,7341,245571.3004484305,0.6323657308685523,0.0782492641594373,3,B2019-07341
7342,7342,364593.3014354067,0.2397682599678857,0.1655234958036963,2,B2022-07342
7343,7343,816511.8592195871,0.6414511247931918,0.4633957191116699,0,B2018-07343
7344,7344,837751.7647058824,0.5706635669017266,0.5634157613286596,0,B2017-07344
7345,7345,1002785.0038255549,0.4298294069834035,0.1208016956039906,2,B2018-07345
7346,7346,622115.0036416606,0.583635617259689,0.4745810526283292,0,B2021-07346
7347,7347,956692.8229665072,0.554073860800222,0.0163344060848815,6,B2022-07347
7348,7348,840769.8823529412,0.3488431552573902,0.0157624178959993,2,B2017-07348
7349,7349,229795.29411764705,0.5028993084389282,0.1155099071426204,3,B2017-07349
7350,7350,350000.0,0.7369088623565098,-0.4122829741982913,4,B2025-07350
7351,7351,800000.0,0.6817215768807604,-0.4902939434445035,5,B2025-07351
7352,7352,800000.0,0.7184797777072225,-0.5093081915201195,5,B2024-07352
7353,7353,800000.0,0.6725326861449736,-0.5214107606154315,5,B2025-07353
7354,7354,884283.8196286472,0.5553600217081227,-0.0738837132093171,6,B2023-07354
7355,7355,800000.0,0.6819473853451107,-0.5204982212188434,5,B2024-07355
7356,7356,800000.0,0.6819473853451107,-0.5204982212188434,5,B2024-07356
7357,7357,886266.0504973223,0.3831192115982191,0.1363501124064078,6,B2018-07357
7358,7358,931881.1764705882,0.393510880530562,0.1431287795005628,6,B2017-07358
7359,7359,615865.7824933687,0.7055888398160768,-0.4605347475491076,5,B2023-07359
7360,7360,1436922.8235294118,0.3610254164858527,0.1843989803123753,2,B2017-07360
7361,7361,241150.58823529413,0.6066098188786746,0.5882961387471163,0,B2017-07361
7362,7362,1124206.2780269058,0.5861267183895607,-0.0490004080607634,6,B2019-07362
7363,7363,111890.8726457399,0.6503796732233056,0.4938923422389827,0,B2019-07363
7364,7364,148781.3542600897,0.5760187523546608,0.1212726391222789,3,B2019-07364
7365,7365,721658.8235294118,0.1242423495949364,0.0318745281360339,2,B2017-07365
7366,7366,350000.0,0.5808563192702454,0.0069793534297171,3,B2024-07366
7367,7367,1804937.5,0.6628806823904418,-0.5699375352372545,5,B2024-07367
7368,7368,2000000.0,0.5985257826642341,-0.0561509162629418,6,B2025-07368
7369,7369,1329391.5,0.4952778159413675,0.4723589894540002,0,B2024-07369
7370,7370,821391.69089518,0.480696341960721,0.069461887764243,6,B2018-07370
7371,7371,187264.2693190513,0.5220916885625864,0.1084264234590476,3,B2018-07371
7372,7372,767080.0,0.4477720884823403,0.0997117090495329,2,B2017-07372
7373,7373,646429.0750182082,0.5182301202596961,0.5224190109059169,0,B2021-07373
7374,7374,891598.301453711,0.2030416353897958,0.0730642053962935,2,B2018-07374
7375,7375,1056538.9441469016,0.5053953089847306,0.0299788768980926,6,B2018-07375
7376,7376,286870.5882352941,0.458486787893799,0.155463056896724,3,B2017-07376
7377,7377,250000.0,0.7243323800262063,-0.3890514151568305,4,B2024-07377
7378,7378,407405.0,0.6722623390282867,-0.5048319566310957,4,B2024-07378
7379,7379,806883.2941176471,0.3565046022761156,0.0181106595640103,2,B2017-07379
7380,7380,982077.5,0.7074357738308905,-0.5113437779099131,5,B2024-07380
7381,7381,257173.61252731245,0.5748415351709789,0.1096566305963349,3,B2021-07381
7382,7382,682214.1176470588,0.1251254326733402,0.081223131529911,2,B2017-07382
7383,7383,1536972.0734506506,0.3407468599599724,0.1574042336043301,2,B2018-07383
7384,7384,189081.92825112108,0.6295186833843591,0.4789728785673369,0,B2019-07384
7385,7385,827442.3529411765,0.4381019865454595,0.0555295927434344,6,B2017-07385
7386,7386,823079.596412556,0.4079908223492215,-0.0668560415490023,2,B2019-07386
7387,7387,209069.01300688603,0.5569107854104616,0.210121274090089,3,B2018-07387
7388,7388,732254.5983167561,0.4812264100310126,-0.0222997921983108,6,B2018-07388
7389,7389,7340153.022188218,0.4178540622865771,0.1007990335554486,2,B2018-07389
7390,7390,8518249.817916969,0.4965639868148462,0.603868702008362,0,B2021-07390
7391,7391,1205297.4353481256,0.480696341960721,0.069461887764243,2,B2018-07391
7392,7392,195193.26702371848,0.5372281384350103,0.1517885429089356,3,B2018-07392
7393,7393,258141.3465952564,0.5581115270735608,0.2350139459845411,3,B2018-07393
7394,7394,843154.7085201794,0.3290505822197908,0.1503610720352377,2,B2019-07394
7395,7395,818148.9411764706,0.2332056774503544,0.004644704941747,2,B2017-07395
7396,7396,211342.7697016068,0.503737652151579,0.1474481085488102,3,B2018-07396
7397,7397,1231077.6376470588,0.3412367015209332,-0.0950347297321443,2,B2017-07397
7398,7398,8428699.551569507,0.2406237995279173,0.1177245255857157,2,B2019-07398
7399,7399,10027850.03825555,0.3171799766620768,0.1083046781716202,2,B2018-07399
7400,7400,11959641.25560538,0.2297293550130633,0.1166457925306143,2,B2019-07400
7401,7401,19520000.0,0.3605967905227228,-0.0583243697103518,7,B2024-07401
7402,7402,10106100.795755967,0.3455603382362007,0.1413305381198015,2,B2023-07402
7403,7403,17522700.0,0.2838899352738285,-0.0454239441431912,7,B2024-07403
7404,7404,1350000.0,0.6550215468582135,-0.5538521744320394,5,B2025-07404
7405,7405,1612428.381962865,0.3625416104199959,0.2795393764309054,2,B2023-07405
7406,7406,26528514.588859417,0.2849389432787616,0.0649179417208155,7,B2023-07406
7407,7407,843517.5,0.6946943893669798,-0.5002375883797212,5,B2024-07407
7408,7408,250000.0,0.7440759829499493,-0.4057440102382485,4,B2024-07408
7409,7409,700000.0,0.7170469601164033,-0.5071987310186831,5,B2024-07409
7410,7410,250000.0,0.6875413543997576,-0.5395993413646646,4,B2024-07410
7411,7411,1006425.0,0.6988111549108098,-0.2480920646068963,4,B2025-07411
7412,7412,662391.7440318302,0.665555340834366,-0.5228618711760331,5,B2023-07412
7413,7413,263769.23076923075,0.601190473426053,0.0373896628729798,3,B2023-07413
7414,7414,249745.0837581937,0.7293475199194487,-0.444290727374985,4,B2021-07414
7415,7415,477689.5851301115,0.4746237399144982,0.1336189219347576,2,B2020-07415
7416,7416,858107.6235294117,0.2664045171708921,-0.1836185260043533,2,B2017-07416
7417,7417,211173.34304442824,0.7394006753707973,-0.3985596883610385,4,B2021-07417
7418,7418,179109.865470852,0.5555985359487955,0.6303297286144599,0,B2019-07418
7419,7419,746332.9049897471,0.7015196305504184,-0.4441387244159379,5,B2022-07419
7420,7420,840590.5882352941,0.3477606659495551,-0.0274804796497179,2,B2017-07420
7421,7421,183715.2585579024,0.6350598492242897,0.1088553569413886,3,B2021-07421
7422,7422,685234.8803827751,0.7520389389127987,-0.1348364745492754,5,B2022-07422
7423,7423,256278.0269058296,0.5719073492257668,0.1077330571892767,3,B2019-07423
7424,7424,1079802.9596719071,0.7552439839258425,-0.1409156344193499,5,B2022-07424
7425,7425,260899.00535577664,0.6493019619833494,0.0438411371080323,3,B2018-07425
7426,7426,703729.4117647059,0.3943537003500292,0.6169825434669497,0,B2017-07426
7427,7427,217942.494261668,0.6323657308685523,0.0782492641594373,3,B2018-07427
7428,7428,1201659.192825112,0.5532219831999071,0.5098370914528346,0,B2019-07428
7429,7429,807748.3271375465,0.511291666902871,-0.1184410615522283,6,B2020-07429
7430,7430,213634.719592134,0.5337994521388424,0.0520581049782322,3,B2021-07430
7431,7431,160874.63529411764,0.5497960599131897,0.6344779386385266,0,B2017-07431
7432,7432,262211.6705882353,0.4453856081780506,0.6619807400635724,0,B2017-07432
7433,7433,192179.3882352941,0.5997913180734853,0.4926435328367377,0,B2017-07433
7434,7434,566952.2546419099,0.5671505135258451,0.5041405058651732,0,B2023-07434
7435,7435,731790.8407382092,0.6033021737486332,-0.3221531935334497,5,B2022-07435
7436,7436,158038.11659192824,0.6232023902902121,0.5268342816868922,0,B2019-07436
7437,7437,224752.10405508804,0.5256310655148577,0.1271398628132721,3,B2018-07437
7438,7438,179294.11764705885,0.4357237167943946,0.1606649297905299,3,B2017-07438
7439,7439,900000.0,0.6718332893851421,-0.5234039281928048,5,B2024-07439
7440,7440,811459.1821561338,0.5400434173349278,0.3775037884728843,0,B2020-07440
7441,7441,249745.0837581937,0.6113023762472175,0.0146879877887504,3,B2021-07441
7442,7442,743314.3840856926,0.5316366705845825,0.6314802560479503,0,B2018-07442
7443,7443,262054.3494423792,0.5679695697961996,0.0707142445161395,3,B2020-07443
7444,7444,232167.8058783322,0.7034156667053749,-0.4144261174548689,4,B2022-07444
7445,7445,1368611.7647058824,0.4626609498539498,0.5686072208335821,0,B2017-07445
7446,7446,1322394.6188340806,0.4762500926015485,0.5852710815924537,0,B2019-07446
7447,7447,1205537.7882352942,0.4782601552811102,0.6036179488405505,0,B2017-07447
7448,7448,966608.9517980109,0.5142853214420816,0.5724981506115617,0,B2018-07448
7449,7449,268552.7058823529,0.4755611783268965,0.1602697018533855,3,B2017-07449
7450,7450,1225431.970260223,0.5434743347000753,0.5532454239888138,0,B2020-07450
7451,7451,254944.2379182156,0.6605514158627194,0.4888777855014318,0,B2020-07451
7452,7452,1404482.019892885,0.5240915376135442,-0.0418824123726791,6,B2018-07452
7453,7453,855282.3259372611,0.4008791555470116,0.2781528879723354,2,B2018-07453
7454,7454,848105.4169854631,0.6369933676914792,-0.0044297942881071,6,B2018-07454
7455,7455,704250.0,0.6507709762783958,-0.5391441123005454,5,B2024-07455
7456,7456,684305.8823529412,0.5844437839313468,0.4521450990512669,0,B2017-07456
7457,7457,209885.23335883708,0.5098668609287312,0.2455367713619832,3,B2018-07457
7458,7458,35858823.52941176,0.2318231787745339,0.086591131143139,7,B2017-07458
7459,7459,16240000.0,0.2297293550130633,0.1166457925306143,7,B2025-07459
7460,7460,1399234.8890589138,0.3233824988552365,0.1385025059101625,2,B2018-07460
7461,7461,194726.85539403217,0.6232751339861682,0.5554853797664556,0,B2018-07461
7462,7462,278785.8913542464,0.5513557027277676,0.6408494621667999,0,B2018-07462
7463,7463,1119990.5882352942,0.5540765997298828,0.5817689560798962,0,B2017-07463
7464,7464,742970.9176470588,0.480696341960721,0.069461887764243,6,B2017-07464
7465,7465,828504.4682478961,0.5561530781041846,0.219116029000274,6,B2018-07465
7466,7466,818469.4394618834,0.628557654606397,0.5151772687332902,0,B2019-07466
7467,7467,688274.025974026,0.6057779609993107,0.3431563741589136,0,B2022-07467
7468,7468,192741.17647058825,0.4700032603430888,0.1240059551584288,3,B2017-07468
7469,7469,816220.3519510331,0.4146003025605615,-0.0583978139563659,2,B2018-07469
7470,7470,813792.094117647,0.5229115822822024,0.0590023494184809,6,B2017-07470
7471,7471,215152.9411764706,0.4305689709926692,0.1144806552553977,3,B2017-07471
7472,7472,733707.5598086125,0.4528341188661987,0.6041839325331789,0,B2022-07472
7473,7473,1647115.294117647,0.5978716645155666,0.5591455693733469,0,B2017-07473
7474,7474,239058.8235294117,0.4509890030288788,0.2587690778819166,3,B2017-07474
7475,7475,253790.8235294117,0.5271096238537554,0.2356371118292235,3,B2017-07475
7476,7476,1105647.0588235294,0.3141416943499393,0.0341726766772408,2,B2017-07476
7477,7477,1730785.8823529412,0.1251254326733402,0.081223131529911,2,B2017-07477
7478,7478,284486.7374005305,0.6967494311217916,-0.5082952547925511,4,B2023-07478
7479,7479,804682.4942616681,0.4512173015571747,-0.0910930332300527,2,B2018-07479
7480,7480,670792.4403183024,0.6811596445297025,-0.4926603618378189,5,B2023-07480
7481,7481,239058.8235294117,0.4399239898387317,0.1492769580133087,3,B2017-07481
7482,7482,869359.8513011152,0.4673421739658264,0.6260796763465186,0,B2020-07482
7483,7483,33992.56505576208,0.40498973883196,0.1541181282562976,2,B2020-07483
7484,7484,571937.260902831,0.2042507150736904,0.1306133963267404,2,B2018-07484
7485,7485,983070.9549071618,0.5960182880718462,-0.5177477431541775,5,B2023-07485
7486,7486,118856.0538116592,0.6101264624292774,0.0835461754106047,3,B2019-07486
7487,7487,268791.76470588235,0.4716413631230919,0.2524394042241943,3,B2017-07487
7488,7488,1238315.105946685,0.1727488529204506,0.1127826248036301,2,B2022-07488
7489,7489,910515.2941176472,0.4661586334569888,0.0202051621265267,6,B2017-07489
7490,7490,709705.8823529412,0.3512839830750794,-0.0544754437649121,2,B2017-07490
7491,7491,1134334.1176470588,0.5424621994107084,0.0711397505423429,6,B2017-07491
7492,7492,597151.7429938483,0.6104359458621474,-0.0709655402008759,6,B2022-07492
7493,7493,740484.705882353,0.4686246105281446,0.0228007751250065,6,B2017-07493
7494,7494,953489.6103896104,0.6946865644431099,-0.4017070825562047,5,B2022-07494
7495,7495,208952.41009946447,0.5169908685032325,0.1256356164028238,3,B2018-07495
7496,7496,182483.55011476667,0.5513557027277676,0.6408494621667999,0,B2018-07496
7497,7497,267745.8823529412,0.4427572231980741,0.1168002197521546,3,B2017-07497
7498,7498,307831.675592961,0.5487380605664675,0.2136365870240432,3,B2018-07498
7499,7499,141166.4798206278,0.5662738620756217,0.5399356676993428,0,B2019-07499
7500,7500,167712.91866028708,0.6319524006344233,-0.276595852759408,4,B2022-07500
7501,7501,883399.1524265208,0.683423291996341,-0.5379754702284505,5,B2022-07501
7502,7502,639343.4944237918,0.5377044966536716,0.5612310283405463,0,B2020-07502
7503,7503,205804.1315990819,0.4276667952667748,0.1811228176184564,3,B2018-07503
7504,7504,268941.17647058825,0.5905255395016109,0.0996449372370247,3,B2017-07504
7505,7505,196625.8823529412,0.5410275380712813,0.6330008229822173,0,B2017-07505
7506,7506,1397896.4705882354,0.5621739529771653,-0.0799162129842829,6,B2017-07506
7507,7507,58301.45371078808,0.3514872583954247,0.0709137349643941,2,B2018-07507
7508,7508,1219245.3234200743,0.5380050240682842,0.602392977452405,0,B2020-07508
7509,7509,208877.64705882352,0.553868582509142,0.1385948245268325,3,B2017-07509
7510,7510,1233196.894117647,0.2851629761337367,-0.024470333072511,2,B2017-07510
7511,7511,211634.27697016072,0.4862450613822622,0.1650604348159657,3,B2018-07511
7512,7512,273363.22869955155,0.5972796461693745,0.0610098902374414,3,B2019-07512
7513,7513,194246.17625637288,0.5742707038821326,0.1053500279217304,3,B2021-07513
7514,7514,1466185.9193438145,0.6590633304249799,-0.5053677372754894,5,B2022-07514
7515,7515,896470.5882352941,0.4904756978905762,-0.0324068362303808,6,B2017-07515
7516,7516,778973.1764705882,0.3787074214306613,0.1617268446201425,2,B2017-07516
7517,7517,714451.8834080717,0.5957975436441505,0.4600990787389794,0,B2019-07517
7518,7518,757957.5596816976,0.5096024749046422,0.5712240367463315,0,B2023-07518
7519,7519,707896.8609865471,0.5856424189800428,-0.0496869925196454,6,B2019-07519
7520,7520,919572.5353159852,0.6125381571194123,-0.0317343465407816,6,B2020-07520
7521,7521,315154.8329411765,0.4731478015826402,0.1643781835611952,3,B2017-07521
7522,7522,927751.0328997708,0.4168121917665194,0.4765488639416188,0,B2018-07522
7523,7523,212508.7987758225,0.5513557027277676,0.6408494621667999,0,B2018-07523
7524,7524,218943.1900946832,0.6003183004283043,-0.0174503121713154,3,B2021-07524
7525,7525,720164.7058823529,0.3542703540357029,0.1290193465647197,6,B2017-07525
7526,7526,760505.8823529412,0.3327271004475049,-0.0535915516723627,2,B2017-07526
7527,7527,173891.38823529411,0.4755611783268965,0.1602697018533855,3,B2017-07527
7528,7528,221020.8110175976,0.5649418878811457,0.6036035074491835,0,B2018-07528
7529,7529,986385.6502242152,0.5915865595834446,-0.0550806871966801,6,B2019-07529
7530,7530,853241.7750573835,0.5443011791514396,0.2133249091924926,6,B2018-07530
7531,7531,1069190.5882352942,0.3488431552573902,0.0157624178959993,2,B2017-07531
7532,7532,257884.7058823529,0.458486787893799,0.155463056896724,3,B2017-07532
7533,7533,725112.7320954907,0.6802862591526022,-0.4828826775699828,5,B2023-07533
7534,7534,172839.58885941643,0.7100203599811247,-0.3806751025664293,4,B2023-07534
7535,7535,696221.9730941703,0.61036145450108,-0.0379461142665371,6,B2019-07535
7536,7536,205221.117061974,0.555666910963398,0.6546812932154706,0,B2018-07536
7537,7537,983718.135469774,0.6834596699127066,-0.465432948538195,5,B2021-07537
7538,7538,1313104.151493081,0.4854221253409947,0.4151956631445427,0,B2021-07538
7539,7539,931795.5829596412,0.5765525160035659,-0.0748908163019318,6,B2019-07539
7540,7540,263681.6143497758,0.5856749555770041,0.0361665579455597,3,B2019-07540
7541,7541,1182207.7276205053,0.384833740005372,0.1626106477319147,2,B2018-07541
7542,7542,290049.73221117066,0.5417898582689139,0.2955208783556338,3,B2018-07542
7543,7543,817193.7443946188,0.491379652678225,-0.0589828324497097,6,B2019-07543
7544,7544,1006104.8206278026,0.6280332124627501,-0.0455266485712232,6,B2019-07544
7545,7545,712202.1883289125,0.7489679011285285,-0.1391278815227418,5,B2023-07545
7546,7546,849554.4771018456,0.6825916395836434,-0.513338716066151,5,B2022-07546
7547,7547,732330.1561338289,0.5943570270279223,-0.1471021124420342,6,B2020-07547
7548,7548,1097230.5194805197,0.6740654928684601,-0.4694790911524032,5,B2022-07548
7549,7549,1158356.2201591511,0.5026873366762425,0.5219610950935805,0,B2023-07549
7550,7550,270227.2379495027,0.5922410836661174,0.5928848181612243,0,B2018-07550
7551,7551,747155.8441558442,0.3419528481838523,-0.0032844414538289,2,B2022-07551
7552,7552,262272.468401487,0.5661275231582168,0.1224800386927653,3,B2020-07552
7553,7553,257162.51274581207,0.7139433245441826,-0.3731901677250566,4,B2021-07553
7554,7554,800000.0,0.732182082915653,-0.5050604789713486,5,B2025-07554
7555,7555,509980.0,0.660710351029526,-0.5613723072624232,4,B2024-07555
7556,7556,596542.9177718833,0.619884845613184,-0.2465037814858613,5,B2023-07556
7557,7557,187471.8289962825,0.5109856340989385,0.5998514132329775,0,B2020-07557
7558,7558,817350.3587443946,0.6200245423380737,-0.0676049551396576,6,B2019-07558
7559,7559,801132.2796795338,0.6068385336169274,-0.0373657201904929,6,B2021-07559
7560,7560,885701.2987012988,0.6867655538632098,-0.216291866596262,5,B2022-07560
7561,7561,261651.0941086458,0.5271096238537554,0.2356371118292235,3,B2018-07561
7562,7562,1240558.6617100372,0.5572727860474509,0.0787962046260295,2,B2020-07562
7563,7563,707427.0557029177,0.729855186148875,-0.1784285752351285,5,B2023-07563
7564,7564,713263.3289124668,0.7517982222204272,-0.4902548988446321,5,B2023-07564
7565,7565,170884.05835543765,0.6541225696272944,0.0322158820632498,3,B2023-07565
7566,7566,202122.0159151193,0.7223305801217557,-0.3958872561561402,4,B2023-07566
7567,7567,800000.0,0.7108121681223034,-0.484429740412526,5,B2025-07567
7568,7568,1056961.7713004483,0.5127334631401687,0.5926354866398869,0,B2019-07568
7569,7569,292247.6970160674,0.6174821447314893,0.0976560507615793,3,B2018-07569
7570,7570,179784.19280795718,0.5688036368938953,0.6053032633095762,0,B2018-07570
7571,7571,261651.0941086458,0.6048715140973143,0.106548578367306,3,B2018-07571
7572,7572,216767.75464684013,0.6648349139040317,0.4594405593136466,0,B2020-07572
7573,7573,274016.83244070393,0.5875229526057252,0.6301284896580551,0,B2018-07573
7574,7574,1016854.260089686,0.4877232655616353,-0.0445004274197126,6,B2019-07574
7575,7575,900000.0,0.6565137925237785,-0.4856351984578595,5,B2025-07575
7576,7576,159004.36999271667,0.6638743817225052,-0.0017345469574285,3,B2021-07576
7577,7577,1774000.0,0.3519017529521464,0.1659404918121668,2,B2024-07577
7578,7578,1271064.9732211174,0.4455481664940316,0.6006759201064741,0,B2018-07578
7579,7579,35000000.0,0.3308224316502794,0.002424552747237,7,B2024-07579
7580,7580,700000.0,0.6840054252760922,-0.5420252327155473,5,B2024-07580
7581,7581,700000.0,0.6702248534476212,-0.5148137461739851,5,B2024-07581
7582,7582,170000.0,0.7080681536349488,-0.5174146175425169,4,B2024-07582
7583,7583,1096328.2081784387,0.5226508540799439,0.6284681482277216,0,B2020-07583
7584,7584,2390588.2352941176,0.5132405741826176,0.5524551047043457,0,B2017-07584
7585,7585,177874.0282527881,0.6728817246341765,0.4761903599234479,0,B2020-07585
7586,7586,1161825.8823529412,0.4244100532506246,0.6270149309035774,0,B2017-07586
7587,7587,286835.0,0.658615117062699,-0.5594653520613606,4,B2024-07587
7588,7588,700000.0,0.6442337277599425,-0.093179337926918,6,B2024-07588
7589,7589,1021474.1379310344,0.6359046854777206,-0.4766893819173801,5,B2023-07589
7590,7590,308706.19739862287,0.6365410170646113,0.5549632478531318,0,B2018-07590
7591,7591,763749.0436113238,0.4478639277339762,0.090000998043127,2,B2018-07591
7592,7592,83567347.4801061,0.1954026851969919,0.1829755205677288,1,B2023-07592
7593,7593,500500.0,0.7351413925709104,-0.3921011206533459,4,B2024-07593
7594,7594,2000000.0,0.7444441236727135,-0.4717957099923853,5,B2024-07594
7595,7595,574531.8302387268,0.605665723584078,-0.0831714619466394,6,B2023-07595
7596,7596,166922.42152466366,0.6052986967621959,0.5817189606654639,0,B2019-07596
7597,7597,176944.9120122418,0.6048715140973143,0.106548578367306,3,B2018-07597
7598,7598,308983.5294117647,0.4963387494421114,0.1861204283014087,3,B2017-07598
7599,7599,168782.70849273147,0.6063474353148681,0.5518484502849572,0,B2018-07599
7600,7600,169432.9411764706,0.4842030197924193,0.167314925010375,3,B2017-07600
7601,7601,243809.68169761272,0.6110274509263374,0.0609593593721841,3,B2023-07601
7602,7602,2045463.139013453,0.5001078362534479,0.5731466492607061,0,B2019-07602
7603,7603,750000.0,0.7073116618197941,-0.546075717215472,5,B2024-07603
7604,7604,130986.5470852018,0.6323657308685523,0.0782492641594373,3,B2019-07604
7605,7605,159198.51301115242,0.5620977337382072,0.0086242294158111,3,B2020-07605
7606,7606,233600.13670539987,0.6487884434812717,-0.2405858770338388,4,B2022-07606
7607,7607,3870744.713754648,0.3239275019511575,0.2121814253613801,2,B2020-07607
7608,7608,286466.16541353386,0.7381775963417522,0.0328680384505261,4,B2022-07608
7609,7609,326779.6480489672,0.6120887387155781,0.4714367499386681,0,B2018-07609
7610,7610,991887.5,0.657646802770246,-0.5382539293536539,5,B2024-07610
7611,7611,183665.9192825112,0.6410079784064804,0.48295567798729,0,B2019-07611
7612,7612,692235.4260089686,0.637296130597566,0.369785497636325,0,B2019-07612
7613,7613,196023.7918215613,0.6323657308685523,0.0782492641594373,3,B2020-07613
7614,7614,154099.6282527881,0.6323657308685523,0.0782492641594373,3,B2020-07614
7615,7615,250113.23641928085,0.5422838600988306,0.1688988761847455,3,B2018-07615
7616,7616,999265.8823529412,0.5816233762604429,0.1949929728951012,6,B2017-07616
7617,7617,236668.23529411765,0.5271096238537554,0.2356371118292235,3,B2017-07617
7618,7618,757918.898240245,0.6096141733950242,0.4844360274240405,0,B2018-07618
7619,7619,954948.8789237668,0.542963818762929,0.5219546872448456,0,B2019-07619
7620,7620,1104229.533282326,0.3553950498781523,0.1464957024433432,2,B2018-07620
7621,7621,1323530.4514154554,0.3530904682384053,0.1498607871923794,2,B2018-07621
7622,7622,80848806.36604774,0.3641589097037266,0.0796086218048345,1,B2023-07622
7623,7623,50800000.0,0.2555000302902883,0.0431902046421915,7,B2017-07623
7624,7624,28112679.026657555,0.313144986845464,0.0533515130052282,7,B2022-07624
7625,7625,263231.06350420817,0.7008185079988009,0.5130782822133889,0,B2018-07625
7626,7626,268941.17647058825,0.6003963351202498,0.470735506343326,0,B2017-07626
7627,7627,672332.364192808,0.4316911935071816,0.0841126085182377,6,B2018-07627
7628,7628,238355.65022421523,0.6422411453653875,0.4906181969483932,0,B2019-07628
7629,7629,836334.353481255,0.5282801364504338,0.0513136642797915,6,B2018-07629
7630,7630,850000.0,0.674526626424028,-0.50439719409983,5,B2024-07630
7631,7631,129905.98661710037,0.6728817246341765,0.4761903599234479,0,B2020-07631
7632,7632,244866.1055853099,0.5044339281695098,0.1411063574689394,3,B2018-07632
7633,7633,287525.0117647059,0.4847160805973607,0.5745718927031912,0,B2017-07633
7634,7634,182115.16728624536,0.5831283676647557,0.0171977716115953,3,B2020-07634
7635,7635,1320877.7352716147,0.639517497252593,0.5249304644052405,0,B2018-07635
7636,7636,1161490.08885851,0.7007002242842431,-0.4720815622794868,5,B2022-07636
7637,7637,227089.54203691045,0.7397456831056763,0.0247618213244206,4,B2022-07637
7638,7638,250196.67676392573,0.5661342789440028,0.0148322310393455,3,B2023-07638
7639,7639,259732.97628156087,0.5154770297992863,0.6242702170096123,0,B2018-07639
7640,7640,769526.2474367737,0.6925947030221686,-0.5098841678455237,5,B2022-07640
7641,7641,203501.2241775058,0.5437926057774269,0.6106466665023876,0,B2018-07641
7642,7642,239058.8235294117,0.4583533545780328,0.2649289767063383,3,B2017-07642
7643,7643,234381.4080656186,0.5649036204475423,0.1261217867594554,3,B2022-07643
7644,7644,813305.2792654936,0.3809590635608496,0.4921829816725744,0,B2018-07644
7645,7645,222623.5294117647,0.4427572231980741,0.1168002197521546,3,B2017-07645
7646,7646,816803.3664881409,0.5239419933506413,0.4444472353646361,0,B2018-07646
7647,7647,16538674.435542606,0.1069468811505619,0.1508821107041392,7,B2021-07647
7648,7648,254007.77352716148,0.6307235948107297,0.1554602227720253,3,B2018-07648
7649,7649,1692724.407039021,0.4407243473210795,0.2587588450167218,2,B2018-07649
7650,7650,255776.86098654708,0.6791297220764428,0.5114619549574939,0,B2019-07650
7651,7651,1358017.264573991,0.489476315984619,0.6449193953733973,0,B2019-07651
7652,7652,254867.75464684013,0.6668913061808301,0.557472527810797,0,B2020-07652
7653,7653,919181.1764705882,0.5652202430823652,0.0331342680356342,6,B2017-07653
7654,7654,256278.0269058296,0.6655985251020157,0.4764091968665668,0,B2019-07654
7655,7655,1112246.6367713003,0.5311891426364722,0.591511485009462,0,B2019-07655
7656,7656,216489.28,0.4351781211509745,0.2533660958930297,3,B2017-07656
7657,7657,221449.7505882353,0.5169908685032325,0.1256356164028238,3,B2017-07657
7658,7658,180732.8029739777,0.5620977337382072,0.0086242294158111,3,B2020-07658
7659,7659,194871.533632287,0.6396754563647289,0.0286089815687101,3,B2019-07659
7660,7660,292556.6947207345,0.5287059694636055,0.2597602642243168,3,B2018-07660
7661,7661,637091.7647058824,0.4032339506948752,0.1237251157636281,6,B2017-07661
7662,7662,194703.7472118959,0.5109856340989385,0.5998514132329775,0,B2020-07662
7663,7663,234027.2317156528,0.6546629053724045,-0.2697167271146332,4,B2022-07663
7664,7664,282645.4475899006,0.4339323457869416,0.1736079831958014,3,B2018-07664
7665,7665,896082.6923076923,0.5640773769351197,0.3126056321877966,0,B2023-07665
7666,7666,600000.0,0.2978801659576613,0.0435801698089461,2,B2025-07666
7667,7667,205512.624330528,0.4345500717690811,0.1828085698648928,3,B2018-07667
7668,7668,753752.4705882353,0.3327271004475049,-0.0535915516723627,2,B2017-07668
7669,7669,242345.8823529412,0.458486787893799,0.155463056896724,3,B2017-07669
7670,7670,262356.5416985463,0.4530143128611676,0.2042279044301408,3,B2018-07670
7671,7671,805434.5830145372,0.5806906355096437,-0.0609217149045663,6,B2018-07671
7672,7672,184971.76470588235,0.4734547814832318,0.1676427046981855,3,B2017-07672
7673,7673,663887.9425837321,0.5858917865014449,-0.6010734952971543,5,B2022-07673
7674,7674,206406.68489405327,0.7059137306520453,-0.3890205973932487,4,B2022-07674
7675,7675,660714.493809177,0.4883830408351255,0.5828606083426436,0,B2021-07675
7676,7676,858197.3986228005,0.5481292513295879,0.0578627080233917,6,B2018-07676
7677,7677,1116472.8385615917,0.3666016151170276,-0.0849108328301676,2,B2018-07677
7678,7678,625017.0881749829,0.2942911541009247,0.1530697967959546,2,B2022-07678
7679,7679,642972.2007434944,0.5634548004444985,-0.087945682463962,6,B2020-07679
7680,7680,147040.50557620818,0.5679527059134041,0.0034803022589143,3,B2020-07680
7681,7681,1218500.3825554708,0.5891111449172491,0.0063538917640773,6,B2018-07681
7682,7682,262356.5416985463,0.4191785374667831,0.1646758547801833,2,B2018-07682
7683,7683,260024.4835501148,0.6394743381879344,0.5455666147621616,0,B2018-07683
7684,7684,802386.5695067265,0.5767321798403819,0.0147255538357837,6,B2019-07684
7685,7685,1267872.5418790968,0.6228469754548999,-0.1112125875944002,6,B2021-07685
7686,7686,1228190.823015295,0.6483894617965876,-0.0370404201698728,6,B2021-07686
7687,7687,908078.4753363228,0.609711572793753,-0.0331023527173482,6,B2019-07687
7688,7688,1017382.9552941176,0.3763854135353748,-0.017099762736105,2,B2017-07688
7689,7689,230841.17647058825,0.5387702407076591,0.5832956854078023,0,B2017-07689
7690,7690,259952.47583643123,0.5734033401165145,0.0461419670108723,3,B2020-07690
7691,7691,800000.0,0.6692635711119423,-0.5238749105507395,5,B2024-07691
7692,7692,2285708.4927314464,0.6209352747293,0.5062860348824119,0,B2018-07692
7693,7693,223759.05882352943,0.4731478015826402,0.1643781835611952,3,B2017-07693
7694,7694,208429.41176470587,0.4583533545780328,0.2649289767063383,3,B2017-07694
7695,7695,948465.8823529412,0.3512839830750794,-0.0544754437649121,2,B2017-07695
7696,7696,738587.1764705882,0.3542703540357029,0.1290193465647197,6,B2017-07696
7697,7697,1095270.939548434,0.5980757396791272,-0.1250004336617851,6,B2021-07697
7698,7698,1356792.8251121077,0.4332528668039695,0.598888947786169,0,B2019-07698
7699,7699,1104178.6261107314,0.6840537452004329,-0.490445675989468,5,B2022-07699
7700,7700,236303.3753315649,0.564728366544235,0.0665844084085677,3,B2023-07700
7701,7701,291113.73374139256,0.6179142628506381,0.5201633527988186,0,B2018-07701
7702,7702,842981.1764705882,0.3662355048541328,-0.0659875538980124,2,B2017-07702
7703,7703,1093050.9832483612,0.5842911237655476,0.5759163750030274,0,B2021-07703
7704,7704,800000.0,0.6709918075029614,-0.5291349397748704,5,B2024-07704
7705,7705,1082338.8235294118,0.4470760285760429,0.0759379577381358,6,B2017-07705
7706,7706,178233.37413925023,0.6343968514955618,0.4786906266223655,0,B2018-07706
7707,7707,226559.44912012247,0.5283399049679225,0.0677557178952641,3,B2018-07707
7708,7708,150613.74668435013,0.703514107943295,-0.4172983748053309,4,B2023-07708
7709,7709,218141.17647058825,0.4427572231980741,0.1168002197521546,3,B2017-07709
7710,7710,1075167.0588235294,0.670686848527165,0.4752245354946537,0,B2017-07710
7711,7711,185398.62280030607,0.5914626882351222,0.043405680024951,3,B2018-07711
7712,7712,1187823.5294117648,0.4478639277339762,0.090000998043127,2,B2017-07712
7713,7713,744509.5638867638,0.2692186667556516,0.1556592086996481,2,B2018-07713
7714,7714,300000.0,0.7254935686420578,-0.4073294912086116,4,B2024-07714
7715,7715,400000.0,0.653316777423745,-0.208720922903034,4,B2024-07715
7716,7716,1141177.033492823,0.4537738986685866,0.0756890095510419,2,B2022-07716
7717,7717,710436.090225564,0.6400652465199768,-0.002405286896185,6,B2022-07717
7718,7718,1088315.294117647,0.4636146623214742,0.5864097310286374,0,B2017-07718
7719,7719,1049600.8968609865,0.4880855113770017,-0.0532031259554038,6,B2019-07719
7720,7720,796842.3791821561,0.5294113234869064,-0.1178410238141306,2,B2020-07720
7721,7721,1160032.9411764706,0.3530904682384053,0.1498607871923794,2,B2017-07721
7722,7722,1339028.2352941176,0.3594779083796849,0.1466208446678339,2,B2017-07722
7723,7723,256278.0269058296,0.5658117875632649,0.6390482067085199,0,B2019-07723
7724,7724,801681.7188638018,0.5940717541271009,-0.1083358227467764,6,B2021-07724
7725,7725,626840.05468216,0.6770421508917435,-0.5320027093299232,5,B2022-07725
7726,7726,1225205.0497322115,0.3931073841050191,0.0812365171703702,2,B2018-07726
7727,7727,187314.40856924257,0.5429028845286329,0.1665938536342529,3,B2018-07727
7728,7728,816957.399103139,0.5730154502844036,-0.0728182863875812,6,B2019-07728
7729,7729,201035.87443946188,0.5833854135261977,0.6067473333136768,0,B2019-07729
7730,7730,923028.6151491968,0.3677562212668281,0.1847017231356918,2,B2018-07730
7731,7731,279305.5762081784,0.6339152969488255,0.4951499142595605,0,B2020-07731
7732,7732,821812.750929368,0.5394570960703385,0.5648940749536648,0,B2020-07732
7733,7733,192669.85873605948,0.6728817246341765,0.4761903599234479,0,B2020-07733
7734,7734,256278.0269058296,0.5953473912028245,0.1554569226684113,3,B2019-07734
7735,7735,973571.7488789236,0.4848602043945049,0.5660490948555497,0,B2019-07735
7736,7736,154000.0,0.7303780098768321,-0.4389450619774593,4,B2024-07736
7737,7737,193505.43993879115,0.6048715140973143,0.106548578367306,3,B2018-07737
7738,7738,663937.1152416357,0.4812854981530551,0.0033183973128389,6,B2020-07738
7739,7739,1230743.6878347362,0.6385108677387561,0.4668531744340808,0,B2018-07739
7740,7740,883357.4846206425,0.7014257524129984,-0.5194229778689679,5,B2022-07740
7741,7741,500000.0,0.5850393469587567,0.0628204031952399,3,B2024-07741
7742,7742,1139130.5130111524,0.5976180374302268,-0.0042839539100806,6,B2020-07742
7743,7743,237475.0,0.5821584555865124,0.0003126973702424,3,B2024-07743
7744,7744,152332.5,0.7433558695504235,-0.4244103487280958,4,B2024-07744
7745,7745,664861.9275461381,0.6924119210365243,-0.4876026947030744,5,B2022-07745
7746,7746,162309.41704035873,0.5651715038428063,-0.0049647360321002,3,B2019-07746
7747,7747,56654.2750929368,0.303305222226521,-0.0461536410201324,2,B2020-07747
7748,7748,155473.000683527,0.6956267120974676,-0.4572897495529445,4,B2022-07748
7749,7749,1166698.5645933014,0.7096511232836887,-0.2827968569139985,5,B2022-07749
7750,7750,210664.61176470589,0.466561657786485,0.1615278241401939,3,B2017-07750
7751,7751,182526.9058295964,0.6313938266863097,0.0840528952820874,3,B2019-07751
7752,7752,672737.7937219731,0.5025010346791623,0.6311710603955447,0,B2019-07752
7753,7753,803858.7443946188,0.6146503413238222,-0.020720876200832,6,B2019-07753
7754,7754,1078675.3246753246,0.6286939615975341,-0.0623665832779751,6,B2022-07754
7755,7755,268343.5294117647,0.5032947568011519,0.1257132724780425,3,B2017-07755
7756,7756,623465.4117647059,0.5627372718716813,0.44855408849565,0,B2017-07756
7757,7757,777538.8235294118,0.5491364646259855,0.511589747579414,0,B2017-07757
7758,7758,147867.65799256504,0.6448490486427494,0.0625488563291687,3,B2020-07758
7759,7759,811868.5433357611,0.6085669208570706,-0.0244910831361844,6,B2021-07759
7760,7760,732051.2645249488,0.5637885698927559,0.0429776161204916,6,B2022-07760
7761,7761,7500000.0,0.5664296753599236,-0.0077037252702062,2,B2025-07761
7762,7762,800968.4977578475,0.4406873753189518,0.5852682296932439,0,B2019-07762
7763,7763,771375.2563226247,0.6691124645271757,-0.555566314690029,5,B2022-07763
7764,7764,1477682.3529411764,0.2461823991517379,0.159275870273414,2,B2017-07764
7765,7765,546664.2388929351,0.570764539310431,-0.4266402989806809,5,B2021-07765
7766,7766,9411041.704035874,0.2555000302902883,0.0431902046421915,2,B2019-07766
7767,7767,149411.76470588235,0.0,0.0,2,B2017-07767
7768,7768,192266.04111405835,0.5662130921775645,0.0112429514959929,3,B2023-07768
7769,7769,1072379.4491201227,0.4766615970352032,-0.0398319780016798,6,B2018-07769
7770,7770,840250.2242152466,0.4588326943103277,0.5583341599536209,0,B2019-07770
7771,7771,1886962.855061908,0.2765460626128729,-0.0341002000090699,2,B2021-07771
7772,7772,1250034.176349966,0.2489562385712856,0.1330970432573583,2,B2022-07772
7773,7773,852075.7459831678,0.4147060795253677,0.1222296629036702,6,B2018-07773
7774,7774,1500000.0,0.5489495296562084,-0.0541843232104996,6,B2024-07774
7775,7775,256278.0269058296,0.4927711962749352,0.5949295805898869,0,B2019-07775
7776,7776,170329.41176470587,0.4868667875521668,0.084793782254419,3,B2017-07776
7777,7777,631013.4529147982,0.5588098856338439,0.0249996067739559,6,B2019-07777
7778,7778,840291.7647058824,0.4049613338099914,0.0827915090055259,2,B2017-07778
7779,7779,1300000.0,0.247846247489203,0.0567809896762935,2,B2025-07779
7780,7780,1700000.0,0.4310664365472885,-0.0212734320996733,2,B2024-07780
7781,7781,955102.6457399104,0.545071025433514,-0.1617903073718334,6,B2019-07781
7782,7782,1258049.2352512744,0.5715155171350901,-0.0300224335867491,6,B2021-07782
7783,7783,907962.1267297888,0.4829914822982301,0.6309550882530248,0,B2021-07783
7784,7784,256091.76470588235,0.5075686746492434,0.0952562675376384,3,B2017-07784
7785,7785,199682.4789594492,0.5168517845339379,0.236333697480171,3,B2018-07785
7786,7786,743693.3435348127,0.6351141091347088,0.5050822596513428,0,B2018-07786
7787,7787,1139013.4529147982,0.2880028095844777,0.1889754429829487,2,B2019-07787
7788,7788,992661.8823529412,0.2851629761337367,-0.024470333072511,2,B2017-07788
7789,7789,1514904.5092838197,0.419222447625289,0.0865390659729251,2,B2023-07789
7790,7790,192709.6250956389,0.5916149569780175,0.5917860449470426,0,B2018-07790
7791,7791,1093395.294117647,0.3642454688841159,0.0214973546275948,2,B2017-07791
7792,7792,956534.1176470588,0.4134302215142963,0.5698134705256639,0,B2017-07792
7793,7793,286870.5882352941,0.4504137558628684,0.2457505156891714,3,B2017-07793
7794,7794,779398.9075018208,0.6764441432511861,-0.5387114759324293,5,B2021-07794
7795,7795,556708.2352941177,0.5265629812867197,-0.0103028375237796,6,B2017-07795
7796,7796,597647.0588235294,0.5059557708916224,0.0109198233748257,6,B2017-07796
7797,7797,192741.17647058825,0.5256310655148577,0.1271398628132721,3,B2017-07797
7798,7798,241186.0986547085,0.6190161563489377,0.0926537976652884,3,B2019-07798
7799,7799,2225506.190823016,0.3864625466557159,0.1297560768068835,2,B2021-07799
7800,7800,839992.9411764706,0.2955788129065607,-0.0733644957967678,2,B2017-07800
7801,7801,254377.69516728623,0.680164353856861,0.3833096260239262,0,B2020-07801
7802,7802,773375.3110047848,0.6041587822406062,-0.2671189080839221,5,B2022-07802
7803,7803,171662.4535315985,0.6551275250561516,0.01099872551097,3,B2020-07803
7804,7804,653507.063197026,0.6388424287657192,-0.017123912283827,2,B2020-07804
7805,7805,694013.8383102694,0.5881218812835004,0.5266658850197009,0,B2021-07805
7806,7806,161638.8920320466,0.5863213050953093,0.598418666055923,0,B2021-07806
7807,7807,204282.06278026904,0.619974100673914,0.5066399447084401,0,B2019-07807
7808,7808,133197.37800437,0.2792975999579319,0.1667904146313092,2,B2021-07808
7809,7809,868497.7578475336,0.4906239524078108,-0.0905912074585669,6,B2019-07809
7810,7810,856036.4251537937,0.699574914885813,-0.5101216024750245,5,B2022-07810
7811,7811,262309.2936802974,0.6202834319170687,0.1077169471159989,3,B2020-07811
7812,7812,205307.1748878924,0.649559557714883,0.0575873434383565,3,B2019-07812
7813,7813,27750000.0,0.2965260037187529,0.1189844389637735,7,B2024-07813
7814,7814,9453383.458646618,0.1199158502514366,-0.0689125964257184,7,B2022-07814
7815,7815,798258.7360594795,0.5485062299070427,0.5528363314645912,0,B2020-07815
7816,7816,237812.81864530224,0.7508635627299902,-0.4064173617490666,4,B2021-07816
7817,7817,831469.0971690897,0.5953457816235536,-0.0054522520797996,6,B2018-07817
7818,7818,8084880.636604775,0.1608073499878384,0.0669676746018106,2,B2023-07818
7819,7819,1799641.255605381,0.3196761519056977,0.1107067036228029,2,B2019-07819
7820,7820,401479.0968681719,0.2780982354763024,-0.0228548671437951,2,B2021-07820
7821,7821,9091323.0,0.2582277996456539,0.0929350675566813,2,B2025-07821
7822,7822,790582.0817843865,0.5109656373721151,0.5949936797083296,0,B2020-07822
7823,7823,741686.9446343131,0.5063900482444067,-0.0807190725123541,6,B2022-07823
7824,7824,1498470.5025491624,0.3999092774885484,0.5567186678422992,0,B2021-07824
7825,7825,47925737.0,0.2929508377727765,0.110864824423861,7,B2024-07825
7826,7826,45262568.85,0.3089216610647065,0.1126229388409899,7,B2025-07826
7827,7827,37000000.0,0.2005390184508703,0.1076828615429398,7,B2024-07827
7828,7828,798542.0074349442,0.5377467209103403,0.5460832779782405,0,B2020-07828
7829,7829,1000000.0,0.5475119122499955,-0.0493060343588308,6,B2024-07829
7830,7830,300000.0,0.7223305801217557,-0.3958872561561402,4,B2024-07830
7831,7831,855793.1536780772,0.5518984952109954,0.034085799787633,6,B2021-07831
7832,7832,52308370.0,0.3474303242066282,0.0273652356169694,7,B2024-07832
7833,7833,12100000.0,0.2942791927043993,0.1215100844432356,2,B2025-07833
7834,7834,15714986.73740053,0.1954026851969919,0.1829755205677288,7,B2023-07834
7835,7835,443991.2600145666,0.2546646368051999,0.0941666338964998,2,B2021-07835
7836,7836,900000.0,0.5559075152522349,-0.084868645381722,6,B2025-07836
7837,7837,178151.49308084484,0.6623573951813381,-0.0252746813334244,3,B2021-07837
7838,7838,321338.6744355426,0.6623573951813381,-0.0252746813334244,3,B2021-07838
7839,7839,249745.0837581937,0.6181103107240743,-0.0434032865545265,3,B2021-07839
7840,7840,173129.79925650556,0.5556443565370356,0.0386342412183281,3,B2020-07840
7841,7841,1002925.1375464684,0.5168000717641597,0.6360523573313587,0,B2020-07841
7842,7842,11150000.0,0.2297293550130633,0.1166457925306143,2,B2024-07842
7843,7843,18850000.0,0.2922802532243186,0.0924128996142238,7,B2024-07843
7844,7844,190741.4202476329,0.5247403903739153,0.0292156072041212,3,B2021-07844
7845,7845,219797.6760082024,0.7744897591387766,-0.1306429445113938,4,B2022-07845
7846,7846,980064.3899204244,0.7320074790667466,-0.4861235635731007,5,B2023-07846
7847,7847,250358.0743494424,0.5163370952798947,0.0058506909590665,3,B2020-07847
7848,7848,300000.0,0.6956400225725009,-0.4115417336342469,4,B2024-07848
7849,7849,162892.65915119363,0.7215635044426909,-0.410967054401826,4,B2023-07849
7850,7850,232917.8263841422,0.7260405264944604,-0.4547115962689713,4,B2022-07850
7851,7851,226125.0159151193,0.7156881534470034,-0.3812423905336606,4,B2023-07851
7852,7852,770498.1412639405,0.4662744188576713,0.5899954526758846,0,B2020-07852
7853,7853,1094303.75331565,0.6846098265279582,-0.4989038586956832,5,B2023-07853
7854,7854,155374.03964456596,0.7218108333913116,0.1264822196113018,4,B2022-07854
7855,7855,674000.1982228298,0.7279095559452118,-0.1577852604322815,5,B2022-07855
7856,7856,250000.0,0.7329196832407217,-0.4124152197414027,4,B2024-07856
7857,7857,184900.8885850991,0.5948329375357558,0.5028962572715094,0,B2022-07857
7858,7858,793294.394618834,0.481305758523103,0.624455221597597,0,B2019-07858
7859,7859,764774.945375091,0.3423656817864736,0.1597277446392054,2,B2021-07859
7860,7860,2291000.0,0.6094147037200923,0.0539292995033478,2,B2024-07860
7861,7861,668911.5174299385,0.6795208525945973,-0.5276961219585052,5,B2022-07861
7862,7862,185515.2257077277,0.6133010956766959,0.0939629218107193,3,B2018-07862
7863,7863,1137461.361897475,0.2978234976149523,0.0315976195958635,2,B2018-07863
7864,7864,177435.43529411766,0.4399239898387317,0.1492769580133087,3,B2017-07864
7865,7865,787058.2959641255,0.494628365865528,-0.0596209049612023,6,B2019-07865
7866,7866,1256104.8201989292,0.5599477758823025,0.0004886024585301,6,B2018-07866
7867,7867,807542.1805661822,0.6358977149818348,0.4700932041248989,0,B2018-07867
7868,7868,270285.53940321354,0.5440241221305845,0.2271058408198339,3,B2018-07868
7869,7869,220951.6728624536,0.2688361442179041,0.1146121487959168,2,B2020-07869
7870,7870,558041.5149308085,0.4080189281758342,0.072148048039252,2,B2021-07870
7871,7871,972717.4887892376,0.5439308507540157,-0.1283266963682878,6,B2019-07871
7872,7872,1134837.79648049,0.6366596690801679,0.3736198958069909,0,B2018-07872
7873,7873,1509871.671087533,0.7754021395229204,-0.1648470942696802,5,B2023-07873
7874,7874,558116.5919282511,0.466676962474772,0.1274809913788012,6,B2019-07874
7875,7875,801044.2421524663,0.5730154502844036,-0.0728182863875812,6,B2019-07875
7876,7876,219213.4659525632,0.5305206113342394,0.2211776261156126,3,B2018-07876
7877,7877,180393.899204244,0.71259414975445,-0.3984240733381381,4,B2023-07877
7878,7878,748862.0689655172,0.7457592112474624,-0.4553670648223467,5,B2023-07878
7879,7879,1034537.4439461884,0.586437138832061,0.0187437851061255,6,B2019-07879
7880,7880,1926245.3531598512,0.2659711143368934,-0.1267624139340126,2,B2020-07880
7881,7881,193269.3190512625,0.5805331217189499,0.1088339301894547,3,B2018-07881
7882,7882,823799.5409334355,0.3881162644666031,-0.0809862850842553,2,B2018-07882
7883,7883,509888.4758364312,0.3456804905217691,0.0394547779065462,2,B2020-07883
7884,7884,509888.4758364312,0.3116483379649823,0.1837910427874743,2,B2020-07884
7885,7885,320949.5026778884,0.6174458977527966,0.1088027096063513,3,B2018-07885
7886,7886,779654.7085201794,0.454511063521446,0.0913453219756614,6,B2019-07886
7887,7887,182426.7657992565,0.539699126017459,0.0315693793228246,3,B2020-07887
7888,7888,754785.1420247633,0.5903986277973119,0.4807426754537418,0,B2021-07888
7889,7889,200906.0451565914,0.612673282086183,0.5254633250358933,0,B2021-07889
7890,7890,193917.0403587444,0.6728817246341765,0.4761903599234479,0,B2019-07890
7891,7891,254944.2379182156,0.6524774280909149,0.4770363372879199,0,B2020-07891
7892,7892,1473313.9013452914,0.5602291767177556,0.0335339770003854,6,B2019-07892
7893,7893,488390.3860160233,0.6455782658339806,-0.3244588151622715,4,B2021-07893
7894,7894,174687.06766917295,0.6937256027690346,-0.4331501161109857,4,B2022-07894
7895,7895,199614.11764705885,0.458486787893799,0.155463056896724,3,B2017-07895
7896,7896,624408.5692425403,0.4507077607457778,-0.0871394501476857,2,B2018-07896
7897,7897,254094.42379182155,0.5706101732721232,0.5606243892686085,0,B2020-07897
7898,7898,217814.23106350424,0.5013820038583644,0.6024579968155604,0,B2018-07898
7899,7899,291448.9671002296,0.6056920599569209,0.2132507776605832,3,B2018-07899
7900,7900,1029603.6725325176,0.5127181326887046,0.1355093020128098,6,B2018-07900
7901,7901,192442.35294117648,0.5704829088105222,0.6159963424511916,0,B2017-07901
7902,7902,842007.0117647059,0.4899285144884005,0.649716676881329,0,B2017-07902
7903,7903,688740.4235294118,0.5059557708916224,0.0109198233748257,6,B2017-07903
7904,7904,973470.1591511936,0.6765474674753785,-0.5394179203313416,5,B2023-07904
7905,7905,217665.470852018,0.5450944267008012,0.6302404172551563,0,B2019-07905
7906,7906,203672.1189591078,0.6841102119872824,0.4378182675704323,0,B2020-07906
7907,7907,928159.143075746,0.4545541592265403,-0.0862503836839652,2,B2018-07907
7908,7908,193560.8263198164,0.6101264624292774,0.0835461754106047,3,B2018-07908
7909,7909,815345.8301453713,0.5695956016661218,-0.0310927500254981,6,B2018-07909
7910,7910,253244.6096654275,0.6111925950877084,0.0791572263350222,3,B2020-07910
7911,7911,230691.76470588235,0.4669759744655042,0.114656687705729,3,B2017-07911
7912,7912,293752.4163568773,0.6638743817225052,-0.0017345469574285,3,B2020-07912
7913,7913,396449.8852333589,0.4669297402275946,0.053603524932807,3,B2018-07913
7914,7914,796275.8364312267,0.6151822910190378,-0.0815101185399519,6,B2020-07914
7915,7915,587730.9417040359,0.6059129125641627,0.0409338938772875,6,B2019-07915
7916,7916,249745.0837581937,0.539699126017459,0.0315693793228246,3,B2021-07916
7917,7917,1329000.0,0.5785751055028289,0.3708600179695489,0,B2024-07917
7918,7918,600000.0,0.6961484477621801,-0.4152495595656567,4,B2024-07918
7919,7919,268941.17647058825,0.4223994345392144,0.2462889172686066,3,B2017-07919
7920,7920,2367288.6807928914,0.5179694312514092,-0.0027496501903761,2,B2022-07920
7921,7921,1500000.0,0.5974529069283455,-0.0132700838764349,6,B2025-07921
7922,7922,1627564.0148698883,0.4884253223932164,0.5778956415680151,0,B2020-07922
7923,7923,146591.03139013454,0.5679705561024262,0.5513619488863422,0,B2019-07923
7924,7924,850000.0,0.6754712519749743,-0.5290950523631375,5,B2025-07924
7925,7925,169657.2302983933,0.6796592604980053,0.4261454421311354,0,B2018-07925
7926,7926,176262.331838565,0.5595509981123546,0.1230180734830388,3,B2019-07926
7927,7927,571158.2959641255,0.3556260603091888,-0.0898041638782808,2,B2019-07927
7928,7928,749239.2344497608,0.4550491185450068,0.1439359053310576,2,B2022-07928
7929,7929,187367.7130044843,0.5481115727528273,0.6354208159109548,0,B2019-07929
7930,7930,187652.466367713,0.5481115727528273,0.6354208159109548,0,B2019-07930
7931,7931,169841.14349775785,0.6375108722463776,0.0430676814267005,3,B2019-07931
7932,7932,692804.932735426,0.5528323392522836,-0.012322797439171,6,B2019-07932
7933,7933,1196386.8762816133,0.3810748189792435,0.1653450702029663,2,B2022-07933
7934,7934,1130144.5294567714,0.2294185249417694,0.0886800413088163,2,B2018-07934
7935,7935,773959.6412556054,0.5972737683683936,0.438340403504359,0,B2019-07935
7936,7936,218975.33632287,0.5013820038583644,0.6024579968155604,0,B2019-07936
7937,7937,1155251.7647058824,0.3251766752109853,0.1137958962099454,2,B2017-07937
7938,7938,10000000.0,0.619250984665519,0.0570407452956166,6,B2024-07938
7939,7939,1857315.338674436,0.344237031616975,0.212823891196544,2,B2021-07939
7940,7940,134093.34353481256,0.6186670623413415,0.1023094803644991,3,B2018-07940
7941,7941,4664116.296863047,0.2221769601851207,0.0835634238908624,2,B2018-07941
7942,7942,151817.29411764705,0.4445778264384845,0.1865737775768862,3,B2017-07942
7943,7943,742900.443764346,0.5601757579240865,0.0143274801337842,6,B2018-07943
7944,7944,1900000.0,0.6836125711952832,0.0009815507023111,6,B2024-07944
7945,7945,659604.5156591405,0.3352936137086319,0.1109685379149337,2,B2021-07945
7946,7946,1650000.0,0.3086360377489081,0.0541995866353889,2,B2025-07946
7947,7947,227073.97877984084,0.6989452401811782,-0.4134681327834258,4,B2023-07947
7948,7948,610283.4080717489,0.4906680677630914,0.6275445326506617,0,B2019-07948
7949,7949,46641.16296863046,0.2984670191048806,0.1038460993494258,2,B2018-07949
7950,7950,168644.53022578295,0.5773293852425775,0.0650388055942673,3,B2021-07950
7951,7951,254944.2379182156,0.5981566050272755,0.0549163846399338,3,B2020-07951
7952,7952,892469.7129186604,0.6861635664249485,-0.5293438652211699,5,B2022-07952
7953,7953,247110.7115531753,0.5645604486958288,0.6443308447387059,0,B2018-07953
7954,7954,185089.6860986547,0.5625438439027307,0.5600526309035475,0,B2019-07954
7955,7955,650000.0,0.5962757307672494,-0.3940539607027505,5,B2024-07955
7956,7956,183381.1659192825,0.5221304964861998,0.6298569212815118,0,B2019-07956
7957,7957,600000.0,0.2698630377719308,0.0640117184206787,2,B2024-07957
7958,7958,1093328.4777858702,0.6199964569194412,-0.0342131744172805,6,B2021-07958
7959,7959,677101.8455228981,0.3232314926868072,0.1477431239778565,2,B2022-07959
7960,7960,242325.1121076233,0.6452814100082599,0.0274475346903306,3,B2019-07960
7961,7961,746338.5650224215,0.5127334631401687,0.5926354866398869,0,B2019-07961
7962,7962,691950.6726457399,0.4059055042785002,-0.0828919746178475,2,B2019-07962
7963,7963,254893.24907063195,0.5932198036096091,0.0050600046709389,3,B2020-07963
7964,7964,1450704.4843049326,0.5127334631401687,0.5926354866398869,0,B2019-07964
7965,7965,247735.4260089686,0.680824866575785,0.4781274894083829,0,B2019-07965
7966,7966,800000.0,0.3668341386644629,0.1881441263510388,2,B2024-07966
7967,7967,153915.8377964805,0.6620129656812607,0.5452230533588568,0,B2018-07967
7968,7968,1022959.3721973094,0.4031206182756423,0.1321847758431103,6,B2019-07968
7969,7969,687411.7040358745,0.4085530847483702,0.144675835878201,2,B2019-07969
7970,7970,1700000.0,0.6273057611267384,-0.3043579971258385,5,B2024-07970
7971,7971,256278.0269058296,0.6503796732233056,0.4938923422389827,0,B2019-07971
7972,7972,193691.18718135467,0.551323328757565,0.0784510397399621,3,B2021-07972
7973,7973,119596.4125560538,0.6625253077642602,0.0404334868481347,3,B2019-07973
7974,7974,228087.4439461884,0.5015196478805398,0.5567035262284049,0,B2019-07974
7975,7975,184811.36198106327,0.5773293852425775,0.0650388055942673,3,B2021-07975
7976,7976,774156.5823650034,0.6694359399308426,-0.5256524747643999,5,B2022-07976
7977,7977,187837.55605381168,0.6329387720527918,0.5378203452647119,0,B2019-07977
7978,7978,183290.0448430493,0.6728817246341765,0.4761903599234479,0,B2019-07978
7979,7979,1167773.542600897,0.4956613135545545,0.5424841477108144,0,B2019-07979
7980,7980,669364.7058823529,0.3936494266463797,-0.0299042182837485,2,B2017-07980
7981,7981,266813.90134529147,0.5982588904179105,0.0616488424333759,3,B2019-07981
7982,7982,275543.73234200745,0.5412568743798277,0.6389268570851128,0,B2020-07982
7983,7983,822050.4973221119,0.3231060754811379,0.0094973796060317,2,B2018-07983
7984,7984,829629.6863045143,0.4130871320871139,0.4911225769017284,0,B2018-07984
7985,7985,1289628.1560826325,0.5783164417090688,0.5189354347429347,0,B2018-07985
7986,7986,1130326.43866171,0.5680322094758475,0.5685952353579453,0,B2020-07986
7987,7987,715869.9551569506,0.6294671568455213,-0.0602205173979928,6,B2019-07987
7988,7988,872872.4163568773,0.5201664190859536,0.6212541232164721,0,B2020-07988
7989,7989,857320.8178438662,0.4648640806063917,0.6606224347885999,0,B2020-07989
7990,7990,219829.59641255604,0.5523404523803692,0.6362092141178306,0,B2019-07990
7991,7991,814679.3721973094,0.6353310529971324,0.4154106976456808,0,B2019-07991
7992,7992,250264.03587443943,0.5618948976564434,0.0595225234794864,3,B2019-07992
7993,7993,1441851.3011152416,0.6493329228800149,-0.0125678952988821,2,B2020-07993
7994,7994,300000.0,0.7370309455368396,-0.4305959849496824,4,B2024-07994
7995,7995,335348.34080717486,0.6682999568887285,0.5518025512216289,0,B2019-07995
7996,7996,1368513.273542601,0.3800230699994115,-0.0424670547822118,2,B2019-07996
7997,7997,188022.18821729155,0.5480714443676975,0.1958742009472615,3,B2018-07997
7998,7998,1115450.1121076234,0.484103363835357,0.0712682110812988,6,B2019-07998
7999,7999,706416.4456233422,0.5414726049564845,0.2619467416137244,0,B2023-07999
8000,8000,200000.0,0.6981065815378632,-0.5237829114239974,4,B2024-08000
8001,8001,713743.3687002652,0.6197412964464472,-0.0357200805098269,6,B2023-08001
8002,8002,1386761.6777188329,0.7143597878028302,-0.5204444236350979,5,B2023-08002
8003,8003,822050.4973221119,0.5937951180826848,0.5043384208111574,0,B2018-08003
8004,8004,133218.82172915075,0.4222420792386852,0.1019617097111479,3,B2018-08004
8005,8005,780869.628550619,0.7031099236295401,-0.489038762097044,5,B2021-08005
8006,8006,620589.8838004102,0.6857970491213521,-0.491716773352303,5,B2022-08006
8007,8007,142972.65892002734,0.7084783293498589,-0.4258497593584524,4,B2022-08007
8008,8008,819426.9319051264,0.5669919480496886,0.219849118287975,6,B2018-08008
8009,8009,156539.403213466,0.4363644132963155,0.1485560801102449,3,B2018-08009
8010,8010,807560.5381165919,0.5600484818851876,0.4821412627069308,0,B2019-08010
8011,8011,178706.48215586305,0.5838045526350775,0.0471926974091653,3,B2021-08011
8012,8012,907250.0,0.7156652907423986,-0.5191171851135531,5,B2024-08012
8013,8013,260000.0,0.7068796992875166,-0.4269792034553717,4,B2025-08013
8014,8014,300000.0,0.6551011916725642,-0.2194928962730723,4,B2024-08014
8015,8015,226797.5,0.7235362944004908,-0.4129588476081708,4,B2024-08015
8016,8016,300000.0,0.6937905919466599,-0.5442305250160007,4,B2024-08016
8017,8017,839782.8844682481,0.6043059581102352,0.4576015158057901,0,B2018-08017
8018,8018,187828.62739097173,0.5754446587340887,0.5276444707953274,0,B2018-08018
8019,8019,295632.09411764704,0.4583533545780328,0.2649289767063383,3,B2017-08019
8020,8020,146538.46153846153,0.763633224974317,-0.0629353281743039,4,B2023-08020
8021,8021,280191.64456233423,0.7490769058101588,-0.4631690171073669,4,B2023-08021
8022,8022,200000.0,0.7409475669209085,-0.415523855959442,4,B2024-08022
8023,8023,169134.11764705885,0.4923256411255287,0.2427504977440065,3,B2017-08023
8024,8024,740783.5294117647,0.4380832416271773,0.094248156431066,6,B2017-08024
8025,8025,235398.5130111524,0.6327863342245725,0.0705949961542294,3,B2020-08025
8026,8026,224917.4721189591,0.569360645183494,0.0660440182572094,3,B2020-08026
8027,8027,685625.0956388678,0.5160830120448232,0.1546686572705325,6,B2018-08027
8028,8028,965498.8235294118,0.3141416943499393,0.0341726766772408,2,B2017-08028
8029,8029,697645.7399103139,0.5234704777575805,0.5262476965350137,0,B2019-08029
8030,8030,781271.3602187287,0.7168023465586874,-0.4711351884137189,5,B2022-08030
8031,8031,1051981.7916970137,0.5424654505838203,0.5851248378771617,0,B2021-08031
8032,8032,252860.9865470852,0.6241674731454696,0.0904395264430097,3,B2019-08032
8033,8033,224955.15695067265,0.637967398126665,0.0769961559115283,3,B2019-08033
8034,8034,182094.0807174888,0.6048715140973143,0.106548578367306,3,B2019-08034
8035,8035,151323.6322869955,0.6082065136297077,0.081682307189968,3,B2019-08035
8036,8036,899421.9730941703,0.5445815038085022,0.0567161049174655,6,B2019-08036
8037,8037,892482.5336322869,0.4037817999144751,0.0281949517399218,2,B2019-08037
8038,8038,187937.2197309417,0.5773671150447551,0.0800389950194498,3,B2019-08038
8039,8039,781238.6962855061,0.482504465410235,-0.3909833933719133,5,B2021-08039
8040,8040,1209970.8798775824,0.472139130218922,0.5858890462671719,0,B2018-08040
8041,8041,515639.0977443609,0.3800252750926661,0.0996164322296042,2,B2022-08041
8042,8042,274473.76681614347,0.6241674731454696,0.0904395264430097,3,B2019-08042
8043,8043,722626.1132364194,0.6238866958854005,0.4735616381137525,0,B2018-08043
8044,8044,2090370.0,0.3053791449879242,0.0568930855744426,2,B2025-08044
8045,8045,250000.0,0.7407911559372398,-0.4161956253586941,4,B2024-08045
8046,8046,204069.4828841952,0.6035831617080488,-0.0159801043600861,3,B2021-08046
8047,8047,170852.01793721973,0.6079727983956248,0.0789675157506313,3,B2019-08047
8048,8048,218804.4843049328,0.6152982483257574,0.0480366396335113,3,B2019-08048
8049,8049,736728.1390134529,0.6051794930584052,-0.0289858934837694,6,B2019-08049
8050,8050,168546.468401487,0.621526942822232,0.066546825302516,3,B2020-08050
8051,8051,1823960.979342005,0.4692994937218562,0.1759498973660727,6,B2018-08051
8052,8052,256278.0269058296,0.5821094057467371,0.0464092711920805,3,B2019-08052
8053,8053,28297082.22811671,0.1714593750590355,0.2245977863579371,7,B2023-08053
8054,8054,25061119.0,0.3184733217898705,0.1140251414145193,7,B2024-08054
8055,8055,81424133.0,0.2961213146103673,0.0388462916464161,1,B2024-08055
8056,8056,101000000.0,0.257995034688974,0.0679908778329058,1,B2025-08056
8057,8057,28327137.5464684,0.2205618770434101,0.0539148173623553,7,B2020-08057
8058,8058,1067649.814126394,0.384833740005372,0.1626106477319147,2,B2020-08058
8059,8059,27518286.151491974,0.2358594114649851,0.1425509704150404,7,B2018-08059
8060,8060,269352.7161438409,0.5480714443676975,0.1958742009472615,3,B2018-08060
8061,8061,249745.0837581937,0.5971831947261632,0.1400937339496183,3,B2021-08061
8062,8062,1003200.33632287,0.5178262611411747,0.5764691923006783,0,B2019-08062
8063,8063,263681.6143497758,0.6594910267564068,0.163508618101716,3,B2019-08063
8064,8064,1003599.3234200744,0.6166261542978209,-0.0673137421851214,6,B2020-08064
8065,8065,788981.9127773528,0.468902402681826,0.155338952670928,2,B2018-08065
8066,8066,200808.0717488789,0.5907402391373799,0.0428349055442286,3,B2019-08066
8067,8067,300000.0,0.7318580291755115,-0.4545213571222523,4,B2025-08067
8068,8068,254944.2379182156,0.5943128556861128,0.0946389215011084,3,B2020-08068
8069,8069,480512.7578475336,0.3234670338132217,0.1222347527568701,2,B2019-08069
8070,8070,996787.6691729324,0.4737471750076213,0.5747939330434523,0,B2022-08070
8071,8071,667651.8572469045,0.5538883035449308,-0.406757824245089,5,B2021-08071
8072,8072,1145433.3011152416,0.454745765555015,0.6635748965555194,0,B2020-08072
8073,8073,521737.3771996941,0.4791918160553328,0.152902552891377,2,B2018-08073
8074,8074,1253028.6995515695,0.5221869961381594,0.6034644338544664,0,B2019-08074
8075,8075,976647.0852017936,0.4449560838407848,0.5037741996911412,0,B2019-08075
8076,8076,276723.1026948288,0.5543898289779986,0.612220443629675,0,B2021-08076
8077,8077,228336.55762081785,0.5961740045368158,0.6166663079549708,0,B2020-08077
8078,8078,887982.5200291332,0.5663469638859128,0.5395131873896437,0,B2021-08078
8079,8079,762520.8475734792,0.7234771808426457,-0.4408711318436629,5,B2022-08079
8080,8080,230393.9461883408,0.5870784481392965,0.0615091159335675,3,B2019-08080
8081,8081,195309.86993114004,0.4776658756706979,0.123685214626147,3,B2018-08081
8082,8082,28170160.0,0.2849389432787616,0.0649179417208155,7,B2025-08082
8083,8083,229195.134529148,0.6333412481258177,0.4833851868098965,0,B2019-08083
8084,8084,247214.32735426008,0.6735964342345799,0.4783487579160905,0,B2019-08084
8085,8085,948228.6995515694,0.4530191707483341,0.5764393570083891,0,B2019-08085
8086,8086,954341.2639405204,0.5099950998809811,0.2895851848647823,0,B2020-08086
8087,8087,820868.0371352785,0.6317873139320416,-0.572017548893779,5,B2023-08087
8088,8088,263624.66367713,0.5195216541498199,0.6563334006790756,0,B2019-08088
8089,8089,904450.7174887892,0.5196036650753716,-0.0702408709212663,6,B2019-08089
8090,8090,28475.33632286996,0.2068417146072978,0.0775511715259998,2,B2019-08090
8091,8091,1230840.943267259,0.6598091323335454,-0.3190413637435194,5,B2022-08091
8092,8092,1363740.8071748875,0.4301111114914165,0.5336365382538449,0,B2019-08092
8093,8093,210717.4887892377,0.650831866636822,0.0219363076413279,3,B2019-08093
8094,8094,776579.3721973094,0.5800153664843105,0.1444131040347417,6,B2019-08094
8095,8095,931826.6569555716,0.7003734771852749,-0.4926133098047798,5,B2021-08095
8096,8096,914683.2713754646,0.4990168887112294,0.514666838494759,0,B2020-08096
8097,8097,262356.5416985463,0.5440241221305845,0.2271058408198339,3,B2018-08097
8098,8098,699713.0493273542,0.6708694532386076,0.359968685780558,0,B2019-08098
8099,8099,859400.5826656955,0.5481292513295879,0.0578627080233917,6,B2021-08099
8100,8100,937897.3605947956,0.6474100309947847,0.0419134787178406,6,B2020-08100
8101,8101,711863.2125768968,0.6602203154856495,0.1772446500636289,5,B2022-08101
8102,8102,937525.6322624744,0.6960160531758133,-0.4876745924023826,5,B2022-08102
8103,8103,748192.3308270677,0.7026052351698829,-0.4893368979129329,5,B2022-08103
8104,8104,150704.70159151193,0.5901868126224861,0.4126680405902396,0,B2023-08104
8105,8105,785309.5411507647,0.51240416218719,-0.1303290379566734,6,B2021-08105
8106,8106,693787.331838565,0.4606081047136741,0.6521618460821014,0,B2019-08106
8107,8107,841599.2565055762,0.3790031461131506,0.1099461790586375,2,B2020-08107
8108,8108,2341836.206896552,0.4238145677011841,0.0536833687401074,2,B2023-08108
8109,8109,675227.4581209031,0.3940642244433461,0.1438421232996643,6,B2021-08109
8110,8110,248777.62331838565,0.5054469991176851,0.6425110225599282,0,B2019-08110
8111,8111,808641.1629686307,0.4158992132715823,-0.1151123128664096,2,B2018-08111
8112,8112,126905.57620817843,0.5842828422997541,-0.0088030313359881,3,B2020-08112
8113,8113,871117.4887892377,0.6590098379688023,0.4217219138323536,0,B2019-08113
8114,8114,1054834.4355426074,0.6048983852290509,-0.3281337906964028,5,B2021-08114
8115,8115,822050.4973221119,0.4895531746137382,0.5720533054731672,0,B2018-08115
8116,8116,1449989.7533632286,0.2297733523611577,0.1216006851205682,2,B2019-08116
8117,8117,860946.0986547085,0.4741991387988473,0.5796976461315086,0,B2019-08117
8118,8118,281077.997265892,0.65462567688952,-0.2108885791627993,4,B2022-08118
8119,8119,176216.14384085697,0.6271456742588285,0.5484152928193626,0,B2018-08119
8120,8120,230365.470852018,0.6039854759327015,0.0754839831944873,3,B2019-08120
8121,8121,778324.4070390208,0.4941690336397224,0.5380541438117312,0,B2018-08121
8122,8122,287933.38944146904,0.6061095248409578,0.5241947146938858,0,B2018-08122
8123,8123,707896.8609865471,0.4999518053689629,0.6157953340445804,0,B2019-08123
8124,8124,1395394.7955390334,0.5727300848684946,0.057443303538722,2,B2020-08124
8125,8125,1029095.8441558442,0.6719787831069483,-0.5552658069570086,5,B2022-08125
8126,8126,243058.17100371743,0.5943128556861128,0.0946389215011084,3,B2020-08126
8127,8127,179853.87559808613,0.6757002470088096,-0.4747400880843665,4,B2022-08127
8128,8128,1276264.5739910314,0.5022698391916455,0.6104328340430285,0,B2019-08128
8129,8129,14941176.470588235,0.1889117398679389,0.0023065252373028,7,B2017-08129
8130,8130,256278.0269058296,0.5690149169220257,0.5853193093859852,0,B2019-08130
8131,8131,670024.66367713,0.5022698391916455,0.6104328340430285,0,B2019-08131
8132,8132,201605.38116591927,0.680824866575785,0.4781274894083829,0,B2019-08132
8133,8133,179183.90134529147,0.5013820038583644,0.6024579968155604,0,B2019-08133
8134,8134,1160304.461883408,0.5567374004394032,-0.099049767626256,6,B2019-08134
8135,8135,868086.2665782493,0.570964377990641,0.3314730046122484,0,B2023-08135
8136,8136,1699628.252788104,0.3409779807450211,0.1936008315938871,2,B2020-08136
8137,8137,823460.0136705401,0.619532537461682,-0.5718847877099847,5,B2022-08137
8138,8138,271000.0,0.5821584555865124,0.0003126973702424,3,B2024-08138
8139,8139,250000.0,0.6716837543544357,-0.4774011610166924,4,B2025-08139
8140,8140,853811.0855018587,0.5562605312459508,0.5982441961876467,0,B2020-08140
8141,8141,627034.981791697,0.4612750556458203,0.5521621763106485,0,B2021-08141
8142,8142,280532.01989288453,0.5907184779867439,0.5229867055648623,0,B2018-08142
8143,8143,2230830.066914498,0.3607836899037638,0.0548240368739093,2,B2020-08143
8144,8144,800021.8728639781,0.6647777119230103,0.1520009266163125,5,B2022-08144
8145,8145,1191692.8251121077,0.5955015132032391,0.0338600984852964,6,B2019-08145
8146,8146,167215.5092276145,0.5456031981094454,0.0268881689585226,3,B2022-08146
8147,8147,212164.7058823529,0.4731478015826402,0.1643781835611952,3,B2017-08147
8148,8148,300000.0,0.7123515184876394,-0.4911204953324014,4,B2024-08148
8149,8149,192143.5294117647,0.4842030197924193,0.167314925010375,3,B2017-08149
8150,8150,597647.0588235294,0.1460511254723389,0.075891932034397,2,B2017-08150
8151,8151,733353.3834586466,0.6165301965243459,-0.2488091817482122,5,B2022-08151
8152,8152,224169.0895179801,0.4339323457869416,0.1736079831958014,3,B2018-08152
8153,8153,179679.37219730942,0.5912166651346429,0.5771115532953272,0,B2019-08153
8154,8154,1021125.5605381166,0.6160880702216047,-0.0102399884127062,6,B2019-08154
8155,8155,1000000.0,0.7191436283744876,-0.5244750842271839,5,B2024-08155
8156,8156,233788.8293802602,0.5822224541823902,0.1037857754212588,3,B2018-08156
8157,8157,253485.39250191284,0.6089637092756166,0.466851733939393,0,B2018-08157
8158,8158,267303.42004590674,0.5773293852425775,0.0650388055942673,3,B2018-08158
8159,8159,234352.01793721973,0.5993901406499775,-0.0470505148110217,3,B2019-08159
8160,8160,215750.58823529413,0.4509890030288788,0.2587690778819166,3,B2017-08160
8161,8161,1061720.0,0.2955788129065607,-0.0733644957967678,2,B2017-08161
8162,8162,189149.31764705884,0.4989453472688721,0.161113074078656,3,B2017-08162
8163,8163,203797.64705882352,0.528886805859354,0.1074116150984152,3,B2017-08163
8164,8164,191354.26008968608,0.611054073419379,0.0187222629397673,3,B2019-08164
8165,8165,264061.38823529414,0.4842030197924193,0.167314925010375,3,B2017-08165
8166,8166,859018.5676392573,0.7082698740531568,-0.5523074911133624,5,B2023-08166
8167,8167,17929.41176470588,0.2726276445466101,0.1199391762805556,2,B2017-08167
8168,8168,216412.16678058784,0.7587320348222896,-0.1111568083699313,4,B2022-08168
8169,8169,259699.8086124402,0.6502802538837272,0.0483695756393269,3,B2022-08169
8170,8170,268941.17647058825,0.4427572231980741,0.1168002197521546,3,B2017-08170
8171,8171,1091436.090225564,0.6318836821600302,-0.5280853302184025,5,B2022-08171
8172,8172,416678.05878332193,0.3225068839535268,0.014588578715517,2,B2022-08172
8173,8173,176547.08520179373,0.5420300187469522,0.6283120671604536,0,B2019-08173
8174,8174,690513.6705399863,0.6607312264969525,0.1386670601386018,5,B2022-08174
8175,8175,350000.0,0.7190371609341295,-0.4549463297340792,4,B2024-08175
8176,8176,256278.0269058296,0.5943128556861128,0.0946389215011084,3,B2019-08176
8177,8177,242644.7058823529,0.4699637186352915,0.2627493799258689,3,B2017-08177
8178,8178,836705.8823529412,0.0,0.0,2,B2017-08178
8179,8179,137018.36431226766,0.6392426311475563,0.0870142807887977,3,B2020-08179
8180,8180,262356.5416985463,0.6758183379835541,0.5085265678573081,0,B2018-08180
8181,8181,400000.0,0.6681747532797531,-0.5168959596358546,4,B2025-08181
8182,8182,1000000.0,0.6492706440729319,-0.1097933716445084,6,B2024-08182
8183,8183,203200.0,0.5208597902831579,0.1165698973442832,3,B2017-08183
8184,8184,977987.5862068966,0.674630249812681,-0.5450485870116261,5,B2023-08184
8185,8185,639195.0,0.6531551613000318,-0.5693854282768913,5,B2025-08185
8186,8186,687403.2899770468,0.459786921841073,0.5950642971531779,0,B2018-08186
8187,8187,1263946.3657230302,0.4478639277339762,0.090000998043127,2,B2018-08187
8188,8188,249745.0837581937,0.7030551521478936,0.4449418273607306,0,B2021-08188
8189,8189,1013361.038961039,0.6805748843212253,-0.5044265258594459,5,B2022-08189
8190,8190,812686.0986547085,0.424767156471626,-0.0203435561315826,2,B2019-08190
8191,8191,887505.0,0.6488727477074683,-0.5484311045536703,5,B2024-08191
8192,8192,224965.0,0.7223305801217557,-0.3958872561561402,4,B2024-08192
8193,8193,730087.5,0.7701400768097255,-0.1731158898640059,5,B2024-08193
8194,8194,898500.0,0.6894916082901413,-0.4968884382356925,5,B2024-08194
8195,8195,36074289.87618354,0.2151445096724253,0.102583511260282,7,B2021-08195
8196,8196,17109591.078066915,0.2695770267757034,0.0327414215050031,7,B2020-08196
8197,8197,103129732.97628158,0.3126833898994152,0.100058486018051,1,B2018-08197
8198,8198,989349.96582365,0.6557973577380858,-0.5255863133929184,5,B2022-08198
8199,8199,165553.09018567638,0.6166554734572833,0.0573144589310265,3,B2023-08199
8200,8200,1060943.0588235294,0.54949353311767,0.5268991330484877,0,B2017-08200
8201,8201,268941.17647058825,0.4583533545780328,0.2649289767063383,3,B2017-08201
8202,8202,1979220.7792207792,0.2918989820541285,0.053789171927529,2,B2022-08202
8203,8203,804020.4758364311,0.5809616827985794,0.0827176952806463,6,B2020-08203
8204,8204,746136.8029739776,0.5643468074644573,-0.0389923629276257,6,B2020-08204
8205,8205,965797.6470588236,0.4998490066455727,0.0110141927618135,6,B2017-08205
8206,8206,17000000.0,0.2724443457454022,0.2055688007815675,7,B2024-08206
8207,8207,745332.8776486672,0.6145083857446383,-0.2612179070627266,5,B2022-08207
8208,8208,676929.96582365,0.7313640435800592,-0.144807133656,5,B2022-08208
8209,8209,968255.6390977444,0.6740654928684601,-0.4694790911524032,5,B2022-08209
8210,8210,163244.07039020662,0.4379978381146818,-0.0940071195478309,3,B2018-08210
8211,8211,250000.0,0.7096982877093859,-0.402453976026966,4,B2024-08211
8212,8212,762250.0,0.7095535799482374,-0.5090189812234958,5,B2024-08212
8213,8213,727515.0,0.5923992171260486,-0.0726986626270769,6,B2024-08213
8214,8214,191965.3846153846,0.5351258819632164,-0.004052408238891,3,B2023-08214
8215,8215,721618.5477453581,0.6938613833976971,-0.5193906868045015,5,B2023-08215
8216,8216,665517.0557029177,0.7051109150599362,-0.5509392644274637,5,B2023-08216
8217,8217,164866.4866712235,0.7270021726985177,-0.4467730353358878,4,B2022-08217
8218,8218,713507.829570284,0.5481292513295879,0.0578627080233917,6,B2021-08218
8219,8219,192581.20903131823,0.5902430222977414,0.0845768423698102,3,B2021-08219
8220,8220,222662.33766233767,0.722774589097737,-0.427606873396966,4,B2022-08220
8221,8221,895653.1830238727,0.6208655134227685,-0.5008926753741343,5,B2023-08221
8222,8222,204594.13533834583,0.7327598474792527,-0.4766226551899321,4,B2022-08222
8223,8223,880857.4162679426,0.5764122516589568,-0.5795691744154079,5,B2022-08223
8224,8224,176166.5876052028,0.5013820038583644,0.6024579968155604,0,B2018-08224
8225,8225,190648.44155844155,0.5456031981094454,0.0268881689585226,3,B2022-08225
8226,8226,1168689.7082228116,0.5809489490828981,0.4193424350527961,0,B2023-08226
8227,8227,250862.41009946447,0.5970302450621682,0.0433605691075123,3,B2018-08227
8228,8228,890600.1326259946,0.7810580549403345,-0.1574901294363118,5,B2023-08228
8229,8229,1169614.4164456234,0.7024854104707444,-0.5078069246018029,5,B2023-08229
8230,8230,172996.9172932331,0.6494130080016174,-0.2185952438959832,4,B2022-08230
8231,8231,181775.8031442242,0.7022302065448411,-0.4888865589504352,4,B2022-08231
8232,8232,168577.93153678076,0.6970417128872511,-0.5189528350539268,4,B2021-08232
8233,8233,250536.53531598512,0.5038750769856915,0.517019931612958,0,B2020-08233
8234,8234,273758.2117647059,0.5748741096029844,0.1101310440014372,3,B2017-08234
8235,8235,192442.35294117648,0.5256310655148577,0.1271398628132721,3,B2017-08235
8236,8236,858477.8912466844,0.708723919537311,-0.4506103936221304,5,B2023-08236
8237,8237,1276196.3499658238,0.6577686359145788,-0.4637116008999246,5,B2022-08237
8238,8238,665122.3513328776,0.597143864960582,-0.5163745615156186,5,B2022-08238
8239,8239,954130.2529049898,0.5538883035449308,-0.406757824245089,5,B2022-08239
8240,8240,852244.705882353,0.4097300220250521,-0.061224678089706,2,B2017-08240
8241,8241,1100000.0,0.3019906595514858,0.1390523043892039,2,B2024-08241
8242,8242,237481.45739910312,0.5166388668535337,0.4993590588635029,0,B2019-08242
8243,8243,833426.87732342,0.5503770714777311,0.5543221424390076,0,B2020-08243
8244,8244,257358.77647058823,0.6323657308685523,0.0782492641594373,3,B2017-08244
8245,8245,227387.26790450927,0.6896003303910591,-0.470792030363051,4,B2023-08245
8246,8246,735655.7620817843,0.5324819632862302,-0.0435647944001544,6,B2020-08246
8247,8247,746247.1153846154,0.725687431103485,-0.5121268998353883,5,B2023-08247
8248,8248,169824.0223048327,0.6728817246341765,0.4761903599234479,0,B2020-08248
8249,8249,974033.2235294118,0.3512839830750794,-0.0544754437649121,2,B2017-08249
8250,8250,1124084.4705882354,0.47420775675622,0.4531366103264463,0,B2017-08250
8251,8251,184256.3729060452,0.5838045526350775,0.0471926974091653,3,B2021-08251
8252,8252,224460.5967865341,0.6048715140973143,0.106548578367306,3,B2018-08252
8253,8253,1314596.423529412,0.5991263370681553,-0.0012849518917302,6,B2017-08253
8254,8254,1223682.3529411764,0.463127412102153,0.1046429381450022,6,B2017-08254
8255,8255,722936.4319890636,0.6857970491213521,-0.491716773352303,5,B2022-08255
8256,8256,165108.68079289133,0.7227632334214256,-0.3829888904822455,4,B2022-08256
8257,8257,900000.0,0.5442540350973789,-0.038180264247241,6,B2024-08257
8258,8258,801475.3587443946,0.5682414134120486,0.4806429618215198,0,B2019-08258
8259,8259,890128.5030758715,0.7033685381207974,-0.4384451722595859,5,B2022-08259
8260,8260,613484.7058823529,0.3174513507064104,0.0272858751465459,2,B2017-08260
8261,8261,739262.4330527928,0.6459363311987236,0.4637976714739608,0,B2018-08261
8262,8262,189155.29411764705,0.4427572231980741,0.1168002197521546,3,B2017-08262
8263,8263,211567.05882352943,0.6048715140973143,0.106548578367306,3,B2017-08263
8264,8264,202370.1759755165,0.6401888190216115,0.5453621120946911,0,B2018-08264
8265,8265,825257.0772762052,0.4210538299136945,-0.0874245663400431,2,B2018-08265
8266,8266,199099.4644223413,0.6061095248409578,0.5241947146938858,0,B2018-08266
8267,8267,934561.6710875332,0.5508223440104515,-0.3442626721094155,5,B2023-08267
8268,8268,225745.0265251989,0.6411449367285383,-0.2626748427235184,4,B2023-08268
8269,8269,249190.0946831755,0.5841746300586796,0.5597753820370475,0,B2021-08269
8270,8270,196182.44702665755,0.6546629053724045,-0.2697167271146332,4,B2022-08270
8271,8271,163870.42440318302,0.6862825948738958,-0.4361486115081568,4,B2023-08271
8272,8272,182481.3452914798,0.5662738620756217,0.5399356676993428,0,B2019-08272
8273,8273,183270.1121076233,0.5808947071859999,0.5192375235471846,0,B2019-08273
8274,8274,861094.1704035874,0.5261809798902798,0.0863235063412677,6,B2019-08274
8275,8275,1526219.9563000728,0.4955863242122565,0.5962380985391289,0,B2021-08275
8276,8276,823612.976281561,0.4486385598255847,-0.0946058672176972,2,B2018-08276
8277,8277,854458.4049526583,0.6591548972785113,-0.560985438007771,5,B2021-08277
8278,8278,162056.80990531683,0.5514062347355971,0.615722651460628,0,B2021-08278
8279,8279,959850.0,0.6882015935092023,-0.5039715903265046,5,B2025-08279
8280,8280,173824.93368700266,0.712800645994036,-0.4302145200630353,4,B2023-08280
8281,8281,209010.7115531753,0.680824866575785,0.4781274894083829,0,B2018-08281
8282,8282,914458.301453711,0.5274104539910403,0.5749563906325866,0,B2018-08282
8283,8283,16649.67225054625,0.1631190910419877,0.0846599165983947,2,B2021-08283
8284,8284,23320.58148431523,0.3336485991706699,0.2510626558292381,2,B2018-08284
8285,8285,588843.408594319,0.489964646249018,0.5945622282432275,0,B2021-08285
8286,8286,1465022.8996282527,0.4884253223932164,0.5778956415680151,0,B2020-08286
8287,8287,1423766.8161434976,0.5766758339880892,0.0042559351312388,2,B2019-08287
8288,8288,1245226.457399103,0.5976192753462105,0.4358797372833509,0,B2019-08288
8289,8289,146534.08071748877,0.6244490129132444,0.4638225721607942,0,B2019-08289
8290,8290,802886.5345181135,0.5944533976230391,-0.3113764876048164,5,B2022-08290
8291,8291,943818.8594164456,0.7434612058236015,-0.1466922170502047,5,B2023-08291
8292,8292,1125240.3495994173,0.4959164870982488,0.6503762414146987,0,B2021-08292
8293,8293,729660.4774535808,0.6106001346542964,-0.5116676708742088,5,B2023-08293
8294,8294,241285.68302387267,0.6605057347838845,-0.2404111190334767,4,B2023-08294
8295,8295,549583.1031390134,0.521894186579699,0.5376105236729171,0,B2019-08295
8296,8296,1000797.7695167286,0.6160261881069962,-0.1350312125965903,6,B2020-08296
8297,8297,650107.8066914498,0.522058461862096,0.5810381996923006,0,B2020-08297
8298,8298,279058.29596412554,0.6347479745721362,0.0109261301955567,3,B2019-08298
8299,8299,208893.10344827583,0.6403115500448657,0.0506127622191463,3,B2023-08299
8300,8300,1534735.201793722,0.5970126688646713,0.5360448625681382,0,B2019-08300
8301,8301,253430.49327354247,0.4741958546308771,0.0610686838200095,3,B2019-08301
8302,8302,688149.6684350133,0.7028587879651828,-0.5122906033695619,5,B2023-08302
8303,8303,897433.9839766934,0.5557404654242133,0.0158413691779738,6,B2021-08303
8304,8304,258858.45447589905,0.5256310655148577,0.1271398628132721,3,B2018-08304
8305,8305,930203.4151193632,0.775844567273402,-0.1696739960449339,5,B2023-08305
8306,8306,167452.49487354752,0.6319524006344233,-0.276595852759408,4,B2022-08306
8307,8307,234381.4080656186,0.6092980840854733,0.0815771900085095,3,B2022-08307
8308,8308,240047.0852017937,0.6323657308685523,0.0782492641594373,3,B2019-08308
8309,8309,184976.20817843865,0.6728817246341765,0.4761903599234479,0,B2020-08309
8310,8310,22780.26905829596,0.3532104291263735,-0.0113793747515493,2,B2019-08310
8311,8311,792730.00683527,0.570764539310431,-0.4266402989806809,5,B2022-08311
8312,8312,235553.3151059467,0.719636628021615,-0.4477924409891886,4,B2022-08312
8313,8313,984056.4312267656,0.4913324372344905,0.6427668387595851,0,B2020-08313
8314,8314,925473.2194121669,0.6913488524835227,-0.5038407487409682,5,B2022-08314
8315,8315,744082.8434723172,0.4648303508101353,0.0415393770883183,6,B2022-08315
8316,8316,276384.5593590677,0.6035831617080488,-0.0159801043600861,3,B2021-08316
8317,8317,234381.4080656186,0.6494130080016174,-0.2185952438959832,4,B2022-08317
8318,8318,1050000.0,0.5311082042143728,-0.0708863853345629,6,B2024-08318
8319,8319,2719446.4675892205,0.3029370216536214,0.087024397463848,2,B2021-08319
8320,8320,704479.8206278026,0.5438120033704934,0.3487262614295484,0,B2019-08320
8321,8321,200731.7620817844,0.6323657308685523,0.0782492641594373,3,B2020-08321
8322,8322,839595.2914798206,0.4632656504356341,0.5369972048225591,0,B2019-08322
8323,8323,227466.91449814127,0.5630935822654599,0.5935658862746085,0,B2020-08323
8324,8324,854829.596412556,0.6147406627313972,-0.048835093042362,6,B2019-08324
8325,8325,254689.9005355777,0.5119558664985591,0.6038213833736831,0,B2018-08325
8326,8326,189590.450928382,0.5852307670500541,0.0593816066012386,3,B2023-08326
8327,8327,1150081.7843866171,0.4092515990466054,0.6002293842111138,0,B2020-08327
8328,8328,254944.2379182156,0.638425160345161,0.0591906977046765,3,B2020-08328
8329,8329,186564.65187452183,0.5270924329588116,0.2243686716148114,3,B2018-08329
8330,8330,163444.28259286232,0.6048715140973143,0.106548578367306,3,B2021-08330
8331,8331,463578.47533632285,0.5973304656613923,0.0090702195359229,6,B2019-08331
8332,8332,250696.2509563887,0.4339156474071311,0.2429659457497086,3,B2018-08332
8333,8333,249745.0837581937,0.6264300947089256,0.112750184931684,3,B2021-08333
8334,8334,1133264.5293680297,0.4773138013562515,0.6381735054140697,0,B2020-08334
8335,8335,268684.18823529413,0.3031845471343534,0.1847381496335093,3,B2017-08335
8336,8336,1329409.105882353,0.3173423571881831,-0.0242130071915286,2,B2017-08336
8337,8337,226361.8385650224,0.5805331217189499,0.1088339301894547,3,B2019-08337
8338,8338,789477.3234200743,0.5808388605061942,0.5472770965334467,0,B2020-08338
8339,8339,611597.9606700655,0.4880896524157511,-0.087384398991713,2,B2021-08339
8340,8340,400000.0,0.6939854906945875,-0.5219232137728319,4,B2024-08340
8341,8341,1040000.0,0.3499188968447447,0.1559908998687074,2,B2024-08341
8342,8342,187525.6505576208,0.5285788065131728,0.5985782926588973,0,B2020-08342
8343,8343,839276.4312267657,0.5015176323330556,-0.1078415200662574,6,B2020-08343
8344,8344,1309496.7225054624,0.4030862058309533,0.0799505110161528,2,B2021-08344
8345,8345,202323.7472118959,0.6789434547083804,0.4370608428293028,0,B2020-08345
8346,8346,704614.1296431172,0.4302974409831748,0.1322583417391902,2,B2021-08346
8347,8347,7500205.058099795,0.280359045676295,0.0708427744300912,2,B2022-08347
8348,8348,650000.0,0.5501263929607775,-0.06807088576411,6,B2024-08348
8349,8349,300000.0,0.5808563192702454,0.0069793534297171,3,B2024-08349
8350,8350,795021.7361585783,0.7034780642867143,-0.4889981101261182,5,B2022-08350
8351,8351,889298.8235294118,0.3141416943499393,0.0341726766772408,2,B2017-08351
8352,8352,4140218.499635834,0.3250931663950197,0.2174974423766954,2,B2021-08352
8353,8353,737780.5878332194,0.6768023600035022,-0.481234294878719,5,B2022-08353
8354,8354,229733.0855018588,0.6992139714915497,0.3715334886245433,0,B2020-08354
8355,8355,560888.5941644562,0.6635979382216555,-0.4816814349629756,5,B2023-08355
8356,8356,170567.26457399104,0.5221304964861998,0.6298569212815118,0,B2019-08356
8357,8357,22000000.0,0.2357682741326276,0.1897987028911503,7,B2025-08357
8358,8358,1383301.1017597555,0.4536582505535069,0.1202433926311164,2,B2018-08358
8359,8359,69732095.49071617,0.220966187263235,0.1625935083065249,1,B2023-08359
8360,8360,985344.8275862068,0.3683090944038167,0.0526518999499363,2,B2023-08360
8361,8361,3125085.440874914,0.3045146994784663,0.1649088236824479,2,B2022-08361
8362,8362,783089.5848506918,0.6171877880754334,-0.0096357128564028,6,B2021-08362
8363,8363,1216208.5941644562,0.4406786427561298,0.0301846846037327,2,B2023-08363
8364,8364,1718037.1352785146,0.4046647992396698,0.0356240560680942,2,B2023-08364
8365,8365,185089.6860986547,0.6160187149242342,0.4938967372541441,0,B2019-08365
8366,8366,834612.1076233183,0.5646193616173465,-0.0998162961408865,6,B2019-08366
8367,8367,832353.2788104089,0.5076579771061348,0.6071888635332116,0,B2020-08367
8368,8368,91121.07623318383,0.2673859159088816,0.1618994755397508,2,B2019-08368
8369,8369,1284807.1748878923,0.5475782584050372,0.0230484080671205,6,B2019-08369
8370,8370,706790.1572112099,0.6763283968261613,-0.4863731198135784,5,B2022-08370
8371,8371,1172691.915513474,0.5582728478760702,0.5410676033951333,0,B2021-08371
8372,8372,777121.0260223048,0.4786504023305367,-0.0428357984215986,2,B2020-08372
8373,8373,979974.7095010254,0.6901811553729134,-0.5159203741621817,5,B2022-08373
8374,8374,299971.59504734154,0.6305201570109663,0.0172493729277841,3,B2021-08374
8375,8375,231707.938820102,0.6113023762472175,0.0146879877887504,3,B2021-08375
8376,8376,1664925.1764705882,0.3917487764584952,0.2091873204378044,2,B2017-08376
8377,8377,791587.9877582251,0.5715566900049025,0.4873818938169023,0,B2018-08377
8378,8378,813164.4758364311,0.4689450434137527,0.6368982484222796,0,B2020-08378
8379,8379,240758.00743494424,0.6615105247311445,0.519372275153952,0,B2020-08379
8380,8380,799901.7100371748,0.5907072546540545,-0.0628347840242463,6,B2020-08380
8381,8381,961343.991797676,0.695818586959064,-0.5163626156112611,5,B2022-08381
8382,8382,801161.1405835544,0.7090674097811892,-0.528091917648922,5,B2023-08382
8383,8383,1000000.0,0.6054924055281544,-0.4634568565870487,5,B2025-08383
8384,8384,808488.0636604774,0.5438161267958802,-0.0443351494858725,6,B2023-08384
8385,8385,160072.47130833974,0.6323657308685523,0.0782492641594373,3,B2018-08385
8386,8386,836529.6633511861,0.2713075622815749,0.116422707322061,2,B2018-08386
8387,8387,606297.8263841422,0.756190466144169,-0.1661156807052061,5,B2022-08387
8388,8388,228501.03896103887,0.6572354856792219,0.0413461665417123,3,B2022-08388
8389,8389,1163217.4887892376,0.266446112572119,0.1061246515171748,2,B2019-08389
8390,8390,911483.2535885168,0.7417779764398962,-0.1406532316093855,5,B2022-08390
8391,8391,764940.4235294118,0.4281639239002485,0.0088781302988068,6,B2017-08391
8392,8392,145165.42720437457,0.6885990919883413,-0.518098837337995,4,B2022-08392
8393,8393,167192.07108680793,0.7005903476294348,-0.4979311611352883,4,B2022-08393
8394,8394,781531.7840054682,0.6458728950798102,-0.5269402458534287,5,B2022-08394
8395,8395,219260.08968609865,0.6966444708915785,0.0896000127153784,3,B2019-08395
8396,8396,254377.69516728623,0.5739483198521246,0.1493601502506231,3,B2020-08396
8397,8397,184232.5937260904,0.6628811736346915,0.5084915760420563,0,B2018-08397
8398,8398,1434352.9411764706,0.5182070013077985,-0.0504385554320174,6,B2017-08398
8399,8399,267745.8823529412,0.5858403625545436,0.4723309580079276,0,B2017-08399
8400,8400,770964.705882353,0.3831192115982191,0.1363501124064078,6,B2017-08400
8401,8401,178839.67953386743,0.6313982657098487,-0.0366852033768817,3,B2021-08401
8402,8402,935913.236419281,0.4851661500456843,-0.045369975026398,6,B2018-08402
8403,8403,1224955.2367079388,0.530808944809968,-0.0822070701663858,2,B2021-08403
8404,8404,227243.2559681697,0.6972678638488894,-0.4228408906296382,4,B2023-08404
8405,8405,1062550.9293680298,0.6110776330172735,-0.4563123085691272,5,B2020-08405
8406,8406,1535614.126394052,0.3690142610253719,0.1453114722864298,2,B2020-08406
8407,8407,314356.32286995515,0.6385106233986888,0.5228962114999611,0,B2019-08407
8408,8408,1115863.8091769847,0.5962663865325999,-0.052425113872904,6,B2021-08408
8409,8409,1206840.091813313,0.4457005701141704,0.6138174690676075,0,B2018-08409
8410,8410,1055393.4381408065,0.6450025312939446,-0.5637577941566375,5,B2022-08410
8411,8411,191247.05882352943,0.5075686746492434,0.0952562675376384,3,B2017-08411
8412,8412,227387.26790450927,0.7425404464608156,-0.4369071698713534,4,B2023-08412
8413,8413,234381.4080656186,0.6633104188350777,-0.217786002464617,4,B2022-08413
8414,8414,250000.0,0.6865181739841799,-0.2855746195202032,4,B2025-08414
8415,8415,200000.0,0.7047894289961425,-0.4875655591077936,4,B2024-08415
8416,8416,860475.0,0.6484197680794244,-0.49962589065517,5,B2024-08416
8417,8417,628707.2932330827,0.4794562383329718,0.5499356378722076,0,B2022-08417
8418,8418,232298.017771702,0.7152034923255343,-0.3841025003268105,4,B2022-08418
8419,8419,1367207.294117647,0.3530904682384053,0.1498607871923794,2,B2017-08419
8420,8420,191881.7444529457,0.5784139905561728,0.6085033943352509,0,B2018-08420
8421,8421,204521.93308550183,0.6144276261828908,0.5885753566848434,0,B2020-08421
8422,8422,967128.004101162,0.6001463109319138,-0.3179751970905831,5,B2022-08422
8423,8423,227917.83819628647,0.7245048208153884,-0.3768559665060692,4,B2023-08423
8424,8424,183763.26702371848,0.5724365285102138,0.5304087316006554,0,B2018-08424
8425,8425,795654.5141545526,0.5296590971208763,-0.0372925456802473,6,B2018-08425
8426,8426,1514736.4705882354,0.4395556636602769,0.0959023716403615,2,B2017-08426
8427,8427,955211.011619959,0.7069114608671503,-0.4731553891778293,5,B2022-08427
8428,8428,700000.0,0.5411479636518666,-0.0625857613310502,6,B2024-08428
8429,8429,782024.0058266569,0.4829911547686825,0.5022145994240322,0,B2021-08429
8430,8430,200000.0,0.7022947618259462,-0.4000142468701936,4,B2024-08430
8431,8431,234120.984278879,0.5753700832322831,0.0623655126855266,3,B2022-08431
8432,8432,218555.1970260223,0.6431749688051887,0.0407808856673042,3,B2020-08432
8433,8433,185204.8470588236,0.5075686746492434,0.0952562675376384,3,B2017-08433
8434,8434,227072.5019127774,0.5271096238537554,0.2356371118292235,3,B2018-08434
8435,8435,994519.3779904308,0.7388831239013285,-0.1747732985039808,5,B2022-08435
8436,8436,252445.2945677124,0.3328799038635371,0.5955678877491821,0,B2018-08436
8437,8437,1458373.205741627,0.5559933043111897,0.0195754388579389,2,B2022-08437
8438,8438,242763.5687732342,0.7316436998269223,-0.3731513480319179,4,B2020-08438
8439,8439,1977216.3004484305,0.4169008302118742,0.5911393627662831,0,B2019-08439
8440,8440,254932.90706319705,0.5621716794537901,0.6252830104525403,0,B2020-08440
8441,8441,782526.6028708135,0.4922292903558752,0.4551802036730522,0,B2022-08441
8442,8442,792524.3991260014,0.6734164911349899,-0.525115524231829,5,B2021-08442
8443,8443,836424.0349599416,0.5429337156407592,-0.0518598203725317,2,B2021-08443
8444,8444,754026.9058295963,0.4338310274701201,0.1193344517778532,2,B2019-08444
8445,8445,315738.83466860885,0.6637608258378948,-0.328127450395237,4,B2021-08445
8446,8446,166496.72250546247,0.5894618549683325,-0.1889912099647729,4,B2021-08446
8447,8447,789760.594795539,0.5164691564304958,-0.0103138224043734,6,B2020-08447
8448,8448,1200000.0,0.4838760019957269,-0.0379134652614583,3,B2024-08448
8449,8449,200000.0,0.7370601187878391,-0.4586838480949544,4,B2024-08449
8450,8450,201420.0,0.6862746076445942,-0.5149381673317174,4,B2024-08450
8451,8451,2980000.0,0.4702065196492879,-0.0161729982205528,2,B2024-08451
8452,8452,274016.83244070393,0.633584005638968,0.5799338963769949,0,B2018-08452
8453,8453,2242856.9242540174,0.3879317920350379,0.1222705804324101,2,B2018-08453
8454,8454,1552327.1375464683,0.4937263373422236,0.596057727543284,0,B2020-08454
8455,8455,152698.82352941178,0.6469473895940274,0.4130002956951146,0,B2017-08455
8456,8456,824752.9411764706,0.468531604480543,0.4866352966291661,0,B2017-08456
8457,8457,1963330.3529411764,0.5212176147529206,0.5795450439046194,0,B2017-08457
8458,8458,799895.9449120124,0.5103760152151624,0.2932728098906249,2,B2018-08458
8459,8459,685042.0811017599,0.5430010738039294,0.4441133810553822,0,B2018-08459
8460,8460,1011754.7063197026,0.6764266860661212,0.4550553316611171,0,B2020-08460
8461,8461,1289982.9270588236,0.2860715603039748,-0.0163497399274056,2,B2017-08461
8462,8462,8498141.26394052,0.3515822483299133,-0.1034121196941419,2,B2020-08462
8463,8463,254485.84544759,0.5580990053636035,0.6263938155598152,0,B2018-08463
8464,8464,634392.3444976077,0.7318391950840663,-0.1593493961502306,5,B2022-08464
8465,8465,1017708.5201793722,0.5420132739929645,0.1535298034134135,6,B2019-08465
8466,8466,183665.9192825112,0.6503796732233056,0.4938923422389827,0,B2019-08466
8467,8467,256278.0269058296,0.5227232684972349,0.6058201208315742,0,B2019-08467
8468,8468,1216751.338944147,0.6310626186334115,-0.0369401495425191,6,B2018-08468
8469,8469,758689.0352941176,0.5361392700790165,-0.0790826657841595,6,B2017-08469
8470,8470,10937799.0430622,0.0,0.0,7,B2022-08470
8471,8471,509888.4758364312,0.3392712710582876,0.2280903917622655,2,B2020-08471
8472,8472,718105.0,0.6787651974514924,-0.4923678452735818,5,B2024-08472
8473,8473,883227.2727272727,0.7242495454251738,-0.4330190772622201,5,B2022-08473
8474,8474,690000.0,0.7147837585436496,-0.5540386792282942,5,B2025-08474
8475,8475,144517.24137931035,0.7080681536349488,-0.5174146175425169,4,B2023-08475
8476,8476,853222.5,0.410891631657951,0.070614363112429,2,B2024-08476
8477,8477,871914.798206278,0.4468173854812796,0.5910834121975571,0,B2019-08477
8478,8478,274016.83244070393,0.5116795310461064,0.2459719103966042,3,B2018-08478
8479,8479,144795.6254272044,0.779593317101233,-0.1237820358649086,4,B2022-08479
8480,8480,220143.29411764705,0.4363229026712808,0.6446509540561645,0,B2017-08480
8481,8481,817911.0941086459,0.4130871320871139,0.4911225769017284,0,B2018-08481
8482,8482,26179000.0,0.2297293550130633,0.1166457925306143,7,B2024-08482
8483,8483,181672.6457399103,0.6201509751647075,0.0717020327393588,3,B2019-08483
8484,8484,223003.0604437644,0.5271096238537554,0.2356371118292235,3,B2018-08484
8485,8485,821758.9900535579,0.3141416943499393,0.0341726766772408,2,B2018-08485
8486,8486,628425.8823529412,0.4704764927193794,0.6170815552039371,0,B2017-08486
8487,8487,973342.769701607,0.3818682127228489,0.1559916390552182,2,B2018-08487
8488,8488,34170.40358744394,0.2444594316320397,0.0528957827174538,2,B2019-08488
8489,8489,1147183.5294117648,0.5270815728333972,0.0375374719349444,6,B2017-08489
8490,8490,329811.5294117647,0.458486787893799,0.155463056896724,3,B2017-08490
8491,8491,987871.352785146,0.6088284751226486,-0.2567382450493813,5,B2023-08491
8492,8492,736747.9970866715,0.5611412333171726,0.5724640411866968,0,B2021-08492
8493,8493,239618.974751339,0.5661275231582168,0.1224800386927653,3,B2018-08493
8494,8494,995339.7129186604,0.5595197612199073,-0.0422416712702239,6,B2022-08494
8495,8495,925733.1838565022,0.5570894934700859,0.2336987654744841,6,B2019-08495
8496,8496,200628.5506190823,0.6109079761965077,0.5759804394215717,0,B2021-08496
8497,8497,1123297.8878368535,0.5115724540616192,-0.0286861781798743,2,B2021-08497
8498,8498,736372.1973094171,0.5676233581569807,-0.0635544135813815,6,B2019-08498
8499,8499,308181.4843152258,0.5962319527380309,0.1660538304218243,3,B2018-08499
8500,8500,37291009.8,0.1929434699306619,0.1803785772298799,7,B2024-08500
8501,8501,19125522.89815448,0.240293777833479,0.1068961800596816,7,B2022-08501
8502,8502,31058349.14559125,0.3320409896041052,0.0115937932561907,7,B2022-08502
8503,8503,755003.8255547056,0.3339069777131129,0.0818421309323583,2,B2018-08503
8504,8504,20405508.798775826,0.2620354600744039,-0.1682525301953849,7,B2018-08504
8505,8505,5141860.67,0.2864830721552731,0.0353755980885644,2,B2025-08505
8506,8506,38151649.24933687,0.2784202620898212,0.134805207365518,7,B2023-08506
8507,8507,929150.2242152466,0.5834832072178024,-0.0510074694816171,6,B2019-08507
8508,8508,1203851.793721973,0.6436858689779827,-0.0077188976139655,6,B2019-08508
8509,8509,52084.75734791524,0.2928994248924833,0.108649941734581,2,B2022-08509
8510,8510,170046.1659192825,0.6313938266863097,0.0840528952820874,3,B2019-08510
8511,8511,231432.71375464683,0.5459129476194683,0.0246161422205978,3,B2020-08511
8512,8512,169470.96412556054,0.548034737058715,0.6110212189588924,0,B2019-08512
8513,8513,821963.3632286995,0.4702913445748599,0.65298338661029,0,B2019-08513
8514,8514,245491.5695067265,0.5513557027277676,0.6408494621667999,0,B2019-08514
8515,8515,234381.4080656186,0.7236642134303116,-0.4453881447614379,4,B2022-08515
8516,8516,852836.3228699551,0.4051155897246846,0.5949564110334743,0,B2019-08516
8517,8517,1191864.312267658,0.5541973048442193,-0.109788685496384,6,B2020-08517
8518,8518,39919098.14323607,0.2276756705051967,0.1301467726003853,7,B2023-08518
8519,8519,7576734.0,0.212878292730491,0.1013937258436779,2,B2025-08519
8520,8520,17180371.352785144,0.3447535248588633,0.076975410216535,7,B2023-08520
8521,8521,717690.8951798013,0.559608890979118,0.1629062038510463,6,B2018-08521
8522,8522,857031.3695485847,0.357029072563741,0.0511557063759644,2,B2018-08522
8523,8523,693078.8448393712,0.599358013245727,-0.3269975824630522,5,B2022-08523
8524,8524,266172.3718439174,0.680824866575785,0.4781274894083829,0,B2018-08524
8525,8525,197853.60524399125,0.6638743817225052,-0.0017345469574285,3,B2021-08525
8526,8526,990941.7040358745,0.5882104650148422,0.000124535106929,6,B2019-08526
8527,8527,234381.4080656186,0.7033442410463695,-0.3605082425709753,4,B2022-08527
8528,8528,247165.9192825112,0.5944763080021586,0.0824251364271012,3,B2019-08528
8529,8529,963122.6765799256,0.5187270976891368,0.618973020365294,0,B2020-08529
8530,8530,699895.2914798206,0.6216863787319038,-0.0171568577694264,6,B2019-08530
8531,8531,659246.2201591511,0.57309084810842,0.3591245698436729,0,B2023-08531
8532,8532,763909.4272043746,0.5768285906746767,-0.3691344092790476,5,B2022-08532
8533,8533,236288.34080717489,0.6108893879815545,0.1012224445088443,3,B2019-08533
8534,8534,1180872.197309417,0.4820849254136781,0.5798753074673942,0,B2019-08534
8535,8535,235724.80106100795,0.507714859684764,-0.0199247197933757,3,B2023-08535
8536,8536,311730.2586206896,0.7426293519941338,0.0982555348889621,4,B2023-08536
8537,8537,274016.83244070393,0.5044339281695098,0.1411063574689394,3,B2018-08537
8538,8538,178706.48215586305,0.6241674731454696,0.0904395264430097,3,B2021-08538
8539,8539,178706.48215586305,0.709673701151022,-0.4996130416735764,4,B2021-08539
8540,8540,176680.7720320466,0.5948329375357558,0.5028962572715094,0,B2021-08540
8541,8541,11390.13452914798,0.470192633080391,0.5877629479692502,0,B2019-08541
8542,8542,880492.8229665072,0.6761299772942032,-0.517292063768367,5,B2022-08542
8543,8543,190571.1883408072,0.6323657308685523,0.0782492641594373,3,B2019-08543
8544,8544,700000.0,0.6683118253046071,-0.4789034593900243,5,B2025-08544
8545,8545,198153.8550922761,0.7744897591387766,-0.1306429445113938,4,B2022-08545
8546,8546,160946.8317552804,0.6970417128872511,-0.5189528350539268,4,B2021-08546
8547,8547,650661.4349775785,0.5852317665953065,-0.058574163790477,6,B2019-08547
8548,8548,177236.6165413534,0.6901265594143062,-0.4315416961427891,4,B2022-08548
8549,8549,1133565.1857246903,0.5658242492324438,0.552000377376196,0,B2021-08549
8550,8550,918252.4907063196,0.5068587039774077,0.613850263652133,0,B2020-08550
8551,8551,3900000.0,0.3412356637195086,0.0696665367105906,2,B2024-08551
8552,8552,1250000.0,0.4204105603966324,-0.0163338972690426,2,B2024-08552
8553,8553,193637.64705882352,0.5113914891695343,0.1582939750892864,3,B2017-08553
8554,8554,797692.1933085502,0.528355719039341,0.5731854920442581,0,B2020-08554
8555,8555,912634.529147982,0.5695145270423215,-0.0711597245897776,6,B2019-08555
8556,8556,25174304.44282593,0.2617792561598131,0.1572899655791285,7,B2021-08556
8557,8557,54489375.17429939,0.3112522533002512,0.0983214238968644,7,B2022-08557
8558,8558,58850275.65276829,0.3875943223103333,-0.1142715404703725,7,B2022-08558
8559,8559,73293443.82959642,0.3026524151279484,0.098419795060471,1,B2019-08559
8560,8560,35625974.02597403,0.2643023248576175,0.0055484142056708,7,B2022-08560
8561,8561,1250000.0,0.6542101458614517,-0.5470641359410194,5,B2024-08561
8562,8562,35519300.80116533,0.3408556414767231,0.1274119535036706,7,B2021-08562
8563,8563,32339522.5464191,0.338793750100909,-0.179530787511204,7,B2023-08563
8564,8564,1250000.0,0.6787651974514924,-0.4923678452735818,5,B2024-08564
8565,8565,712480.1061007958,0.6542542882084188,-0.5438327126907967,5,B2023-08565
8566,8566,253811.15241635687,0.5661275231582168,0.1224800386927653,3,B2020-08566
8567,8567,111993200.0,0.3242120764359296,-0.1289311965259855,1,B2024-08567
8568,8568,979000.7283321194,0.5868278775599964,-0.2040349099741974,6,B2021-08568
8569,8569,25200000.0,0.2940930354404536,0.1475666593510267,7,B2024-08569
8570,8570,35000000.0,0.3329939779103618,0.0435290294856849,7,B2025-08570
8571,8571,1003041.2788104088,0.413656943818793,0.1066342730257653,2,B2020-08571
8572,8572,800000.0,0.6292944845258738,-0.5756578344915653,5,B2025-08572
8573,8573,915816.3568773234,0.5747509817239672,-0.0147255809006373,6,B2020-08573
8574,8574,642366.0,0.4655026634023634,0.6480692711129846,0,B2020-08574
8575,8575,789194.0520446097,0.4810745940427061,0.6410342645178023,0,B2020-08575
8576,8576,10900000.0,0.2810108082925893,0.025369940009419,7,B2025-08576
8577,8577,125887200.0,0.2205314561748147,0.0416453176288272,1,B2025-08577
8578,8578,1008621.3260423788,0.422589103342915,0.0690276164189626,2,B2022-08578
8579,8579,321695.0,0.5548195091795706,0.0251708420585982,3,B2024-08579
8580,8580,818341.5119363395,0.5961370044932094,-0.0590544222246107,6,B2023-08580
8581,8581,400000.0,0.6292944845258738,-0.5756578344915653,5,B2025-08581
8582,8582,1000000.0,0.7023695977946269,-0.489377996927125,5,B2024-08582
8583,8583,282288.4237918216,0.670982051225875,0.5122072230934336,0,B2020-08583
8584,8584,642205.058099795,0.6077481964537853,-0.2494011658174484,5,B2022-08584
8585,8585,350000.0,0.7400942334454164,-0.4753531369821926,4,B2024-08585
8586,8586,249745.0837581937,0.6323657308685523,0.0782492641594373,3,B2021-08586
8587,8587,594807.9289131921,0.611117273294719,0.4401895015184107,0,B2022-08587
8588,8588,249745.0837581937,0.7145524891085245,-0.3497542277264962,4,B2021-08588
8589,8589,254944.2379182156,0.5554221846817812,0.5223254162317683,0,B2020-08589
8590,8590,67710.18455228982,0.2928994248924833,0.108649941734581,2,B2022-08590
8591,8591,988900.371747212,0.3690142610253719,0.1453114722864298,2,B2020-08591
8592,8592,781424.6176256372,0.6403270842439447,-0.1068027514641422,6,B2021-08592
8593,8593,119013.67053998631,0.6947815025628717,-0.3102747320637478,4,B2022-08593
8594,8594,733275.2563226247,0.6534292306332041,-0.5463182934247928,5,B2022-08594
8595,8595,900000.0,0.697265211730884,-0.4968057878145477,5,B2024-08595
8596,8596,13409334.353481255,0.3802861587532249,0.1303539944703422,2,B2018-08596
8597,8597,746493.7249070632,0.3902425858296421,0.0225700405906466,2,B2020-08597
8598,8598,785891.2781954887,0.5286262518729895,0.4943717742054532,0,B2022-08598
8599,8599,1119135.4697742169,0.5117512833859659,-0.123383171574587,6,B2021-08599
8600,8600,187752.2676579925,0.5892856021284406,0.013273281200246,3,B2020-08600
8601,8601,705946.103423161,0.4369873039697173,0.1344404330164358,2,B2021-08601
8602,8602,2510117.647058824,0.3620267725525483,0.1372147792258225,2,B2017-08602
8603,8603,812538.0269058296,0.6413680984331128,0.4354173094065747,0,B2019-08603
8604,8604,2500000.0,0.2235613689979708,0.2157646656132766,2,B2025-08604
8605,8605,162909.36802973977,0.6605514158627194,0.4888777855014318,0,B2020-08605
8606,8606,1225424.7085201794,0.3992203768039471,-0.0886922006851805,2,B2019-08606
8607,8607,1395089.9126001457,0.6174490066717095,0.0015601367549046,6,B2021-08607
8608,8608,1173912.83866171,0.547305776477939,0.1509427047748203,6,B2020-08608
8609,8609,254944.2379182156,0.693975986403064,0.4854496597506101,0,B2020-08609
8610,8610,238282.55639097744,0.6462340198625808,0.4410620613581122,0,B2022-08610
8611,8611,2181189.5910780667,0.553476940526017,-0.0546308015198178,6,B2020-08611
8612,8612,249745.0837581937,0.5943128556861128,0.0946389215011084,3,B2021-08612
8613,8613,273804.4460966543,0.6514557720863111,0.02493257716698,3,B2020-08613
8614,8614,846754.7955390335,0.5472981715373794,0.5675258256064941,0,B2020-08614
8615,8615,158038.11659192824,0.6174821447314893,0.0976560507615793,3,B2019-08615
8616,8616,256278.0269058296,0.6190161563489377,0.0926537976652884,3,B2019-08616
8617,8617,22780.26905829596,0.4052636145640905,0.1049934570379747,2,B2019-08617
8618,8618,900000.0,0.7017731747515515,-0.531757383787441,5,B2025-08618
8619,8619,874813.3129303751,0.5335201219082402,0.2395456639617224,6,B2018-08619
8620,8620,197500.0,0.3811784111735025,0.1010367196384787,2,B2024-08620
8621,8621,450000.0,0.7098394617014118,-0.4255520076698468,4,B2025-08621
8622,8622,500500.0,0.7388144009565026,-0.4473453865183682,4,B2024-08622
8623,8623,1171802.3872679046,0.7088595143695783,-0.5112280472445199,5,B2023-08623
8624,8624,698649.4117647059,0.4125831554074104,0.0543080253441104,2,B2017-08624
8625,8625,134899.52153110047,0.6913868884266872,-0.4139073201570432,4,B2022-08625
8626,8626,167413.38289962825,0.6294308823234399,0.4814901672716671,0,B2020-08626
8627,8627,182426.7657992565,0.6048715140973143,0.106548578367306,3,B2020-08627
8628,8628,220531.76470588235,0.5271096238537554,0.2356371118292235,3,B2017-08628
8629,8629,779482.1558630735,0.6221195373503956,-0.0257216075079383,6,B2021-08629
8630,8630,799958.3643122676,0.6018409372499848,0.0263216306262902,6,B2020-08630
8631,8631,181772.4089219331,0.519927666732906,0.580297309082513,0,B2020-08631
8632,8632,194486.5470852017,0.6492326128347842,0.4927157657765821,0,B2019-08632
8633,8633,260000.0,0.7204548372687234,-0.4433292145270919,4,B2025-08633
8634,8634,300000.0,0.5679934555712922,0.0249252528251387,3,B2024-08634
8635,8635,410000.0,0.7009164592241982,-0.5066062543739489,4,B2024-08635
8636,8636,1184685.5394032137,0.4249604556381735,0.1119220356799384,2,B2018-08636
8637,8637,268046.76358071924,0.5581115270735608,0.2350139459845411,3,B2018-08637
8638,8638,213462.5,0.7147735426739271,-0.4144558900356703,4,B2024-08638
8639,8639,597000.0,0.2461776690083155,0.0306171438689292,2,B2024-08639
8640,8640,128554.70543228772,0.5253582921514559,0.6177733647926265,0,B2018-08640
8641,8641,151789.51201747995,0.6055613658718122,0.04585366768751,3,B2021-08641
8642,8642,665154.4064093226,0.6221195373503956,-0.0257216075079383,6,B2021-08642
8643,8643,810439.405204461,0.488613199683314,-0.1047188005211903,6,B2020-08643
8644,8644,781262.4535315984,0.5106434444374814,-0.1392958718364585,6,B2020-08644
8645,8645,185270.58823529413,0.4637150443048207,0.1997215559220462,3,B2017-08645
8646,8646,224385.65022421523,0.5493462824090827,0.6562048976318737,0,B2019-08646
8647,8647,800000.0,0.3490566845651326,0.1262966084525973,2,B2025-08647
8648,8648,220688.4927314461,0.6810958676225894,0.4594461002263713,0,B2018-08648
8649,8649,1584082.9596412554,0.5767404456806094,-0.065655513990234,6,B2019-08649
8650,8650,262356.5416985463,0.5661275231582168,0.1224800386927653,3,B2018-08650
8651,8651,500000.0,0.5612812360327333,0.0507621967056466,3,B2025-08651
8652,8652,1075012.2869955157,0.4264594353484177,0.0034107100619748,2,B2019-08652
8653,8653,262339.0512624331,0.5947237046481211,0.147375104425761,3,B2018-08653
8654,8654,237578.42387146145,0.4057844066057879,0.1714026446450299,3,B2018-08654
8655,8655,235185.7757847533,0.6323657308685523,0.0782492641594373,3,B2019-08655
8656,8656,225239.9103139013,0.6377378993784308,0.0503691356294392,3,B2019-08656
8657,8657,803289.2376681614,0.2733225751311361,0.1012183411531782,2,B2019-08657
8658,8658,785049.7918215613,0.5637885698927559,0.0429776161204916,6,B2020-08658
8659,8659,1169235.654169855,0.3685131026395087,0.0604954827148993,2,B2018-08659
8660,8660,9112107.623318383,0.5202747186573411,0.5745011897734202,0,B2019-08660
8661,8661,1062844.2463657232,0.4079024563258414,0.118244008220927,2,B2018-08661
8662,8662,69961.74445294568,0.3150462486921933,0.1158835530161894,2,B2018-08662
8663,8663,192493.2735426009,0.5623070725747045,0.6238106028609584,0,B2019-08663
8664,8664,1045882.3529411764,0.3708009621729548,-0.0523001167913244,2,B2017-08664
8665,8665,829452.5799256505,0.5311906218931838,0.4934471791456418,0,B2020-08665
8666,8666,1057157.0648215583,0.5956987503380657,-0.0666921816516144,6,B2021-08666
8667,8667,280894.11764705885,0.4624335490775038,0.2555557281753874,3,B2017-08667
8668,8668,160538.88293802604,0.5880941491682738,0.535167808210827,0,B2018-08668
8669,8669,156614.34977578474,0.4834799329375691,-0.0123294871995326,3,B2019-08669
8670,8670,1829172.0,0.3294223746942645,0.0336886784682327,2,B2025-08670
8671,8671,1029661.9739862282,0.4162073043318183,-0.0010908604253963,6,B2018-08671
8672,8672,205620.4820198929,0.4399239898387317,0.1492769580133087,3,B2018-08672
8673,8673,280243.4276970161,0.4834816334198499,0.0741902453999077,3,B2018-08673
8674,8674,183941.0864575364,0.5429028845286329,0.1665938536342529,3,B2018-08674
8675,8675,208719.2042846213,0.6061095248409578,0.5241947146938858,0,B2018-08675
8676,8676,171421.52466367712,0.6527758616095579,0.0511109368145181,3,B2019-08676
8677,8677,985562.754399388,0.5417492301484652,0.0043833339438865,6,B2018-08677
8678,8678,250000.0,0.7316489715440173,-0.4062283652037148,4,B2024-08678
8679,8679,772251.1210762331,0.4958067794961331,-0.0748611309692471,6,B2019-08679
8680,8680,823360.4235294118,0.6583969759506716,0.4623447642070635,0,B2017-08680
8681,8681,226388.7058823529,0.4399239898387317,0.1492769580133087,3,B2017-08681
8682,8682,782114.001530222,0.4598292711256461,0.018091865530512,6,B2018-08682
8683,8683,229999.2348890589,0.6033701595422377,0.5661711025088644,0,B2018-08683
8684,8684,195229.7533632287,0.5661275231582168,0.1224800386927653,3,B2019-08684
8685,8685,896973.0941704036,0.5803598825293047,0.534369216746381,0,B2019-08685
8686,8686,893930.5882352941,0.4862601587617968,0.1611976215816873,2,B2017-08686
8687,8687,1762251.326259947,0.7032333651044433,-0.4581417202373165,5,B2023-08687
8688,8688,249843.13503978777,0.6599320806401273,-0.2528755995286711,4,B2023-08688
8689,8689,1032085.5437665782,0.6932955926754661,-0.5465226682352777,5,B2023-08689
8690,8690,176604.70588235295,0.5035985190581024,0.4572855507150444,0,B2017-08690
8691,8691,267020.6579954094,0.5044339281695098,0.1411063574689394,3,B2018-08691
8692,8692,820301.4537107883,0.4834762882982134,0.0494798675451699,6,B2018-08692
8693,8693,780073.4506503445,0.5195783131810343,0.6175710704917943,0,B2018-08693
8694,8694,231015.35809018568,0.7448991164221253,-0.391612591119739,4,B2023-08694
8695,8695,255990.4260089686,0.6493019619833494,0.0438411371080323,3,B2019-08695
8696,8696,246889.66496722505,0.6637608258378948,-0.328127450395237,4,B2021-08696
8697,8697,1686031.226765799,0.4923864048790424,0.6271431646094286,0,B2020-08697
8698,8698,1011448.7732342008,0.5634076546196054,0.0670688016856524,6,B2020-08698
8699,8699,2245480.4896710026,0.4478639277339762,0.090000998043127,2,B2018-08699
8700,8700,484776.58760520286,0.4455481664940316,0.6006759201064741,0,B2018-08700
8701,8701,619831.9051262435,0.2803662680393897,0.2716961886914271,2,B2018-08701
8702,8702,187439.17368018365,0.5661275231582168,0.1224800386927653,3,B2018-08702
8703,8703,911210.7623318384,0.2440074334910818,0.3505958022576914,2,B2019-08703
8704,8704,1377605.0497322115,0.5642622738764717,0.1619911130370861,6,B2018-08704
8705,8705,310163.73374139256,0.5263440877256574,0.2534900608491482,3,B2018-08705
8706,8706,259179.89803350327,0.6543929542433646,-0.5424619094986939,4,B2021-08706
8707,8707,172702.91479820627,0.5555985359487955,0.6303297286144599,0,B2019-08707
8708,8708,808416.7023718441,0.4388942874845024,0.0024632367409932,6,B2018-08708
8709,8709,642960.2870813397,0.7037499804645141,0.2097939100450792,5,B2022-08709
8710,8710,935155.3175210408,0.5568315749387124,0.0797384396512628,6,B2018-08710
8711,8711,198405.6771231829,0.6241674731454696,0.0904395264430097,3,B2018-08711
8712,8712,262356.5416985463,0.5927063475983267,0.4849697161452425,0,B2018-08712
8713,8713,1101653.3139111437,0.6544959177209697,-0.281700020537714,5,B2021-08713
8714,8714,1066916.6029074218,0.6033789997604794,0.541884869297002,0,B2018-08714
8715,8715,667201.8362662587,0.5317627924716348,-0.041164126113393,6,B2018-08715
8716,8716,242136.7058823529,0.458486787893799,0.155463056896724,3,B2017-08716
8717,8717,194726.85539403217,0.6048715140973143,0.106548578367306,3,B2018-08717
8718,8718,221230.00683527,0.5591778780024625,0.611550179440581,0,B2022-08718
8719,8719,177236.41928079576,0.5098668609287312,0.2455367713619832,3,B2018-08719
8720,8720,786020.1989288449,0.4025936530674628,-0.0725144635614038,2,B2018-08720
8721,8721,763137.7276037873,0.6768023600035022,-0.481234294878719,5,B2021-08721
8722,8722,940138.8565022422,0.4704721464176612,-0.0526629706658141,6,B2019-08722
8723,8723,730623.5294117647,0.4356354884194022,0.0995479528912796,6,B2017-08723
8724,8724,1019132.2869955156,0.600229053157974,-0.0568600293280457,6,B2019-08724
8725,8725,190354.24636572303,0.6485562714739493,0.1282628461626662,3,B2018-08725
8726,8726,272947.000765111,0.6045913439137531,0.0915765492373038,3,B2018-08726
8727,8727,832544.7589900537,0.5450332385164421,-0.131220794598381,6,B2018-08727
8728,8728,771374.0807174888,0.5085501908913744,0.5596206768457949,0,B2019-08728
8729,8729,566542.750929368,0.2262946018432804,0.1293850658183055,2,B2020-08729
8730,8730,902652.2570772764,0.4085530847483702,0.144675835878201,2,B2018-08730
8731,8731,249661.835396941,0.5876849141891062,0.5913166526165917,0,B2021-08731
8732,8732,687782.8996282527,0.5637885698927559,0.0429776161204916,6,B2020-08732
8733,8733,771374.0807174888,0.5085501908913744,0.5596206768457949,0,B2019-08733
8734,8734,116602.90742157616,0.2928994248924833,0.108649941734581,2,B2018-08734
8735,8735,274833.052792655,0.5656698891485187,0.5685756150050139,0,B2018-08735
8736,8736,1116472.8385615917,0.4486150273376141,0.6258583655428114,0,B2018-08736
8737,8737,201781.3312930376,0.4398869991129172,0.1888006106450006,3,B2018-08737
8738,8738,257459.21958684013,0.4704036203515676,0.260536581131651,3,B2018-08738
8739,8739,764040.5508798778,0.3024018970325169,0.0157858361752245,2,B2018-08739
8740,8740,173551.76740627395,0.5748072860241558,0.6359938083735652,0,B2018-08740
8741,8741,1234121.0762331835,0.5565463792905343,0.4738001315393814,0,B2019-08741
8742,8742,903672.5325172152,0.6340257564781007,0.5385447444301482,0,B2018-08742
8743,8743,257913.9709257843,0.5513557027277676,0.6408494621667999,0,B2018-08743
8744,8744,1699628.252788104,0.2170108876071272,0.2165559308695768,2,B2020-08744
8745,8745,254944.2379182156,0.5143363062877775,0.5916812646564648,0,B2020-08745
8746,8746,809224.1775057385,0.4840245861616975,0.5859935688902473,0,B2018-08746
8747,8747,991021.3411764706,0.4627923678616563,0.6158434496031601,0,B2017-08747
8748,8748,1017943.38179036,0.3709149873954439,0.0511375302746314,2,B2018-08748
8749,8749,240000.0,0.5810046058344155,-0.0384130647690723,3,B2024-08749
8750,8750,975607.599469496,0.7211160782446755,-0.4852630957790597,5,B2023-08750
8751,8751,279263.9632746749,0.5098668609287312,0.2455367713619832,3,B2018-08751
8752,8752,949960.0,0.5428429890727003,-0.049777527547951,6,B2017-08752
8753,8753,188071.7444529457,0.5613246878474522,0.226554171216982,3,B2018-08753
8754,8754,639716.1803713528,0.5028487790986023,0.4565835858467029,0,B2023-08754
8755,8755,264160.0,0.3626017659517496,0.572801054815516,0,B2017-08755
8756,8756,234277.64705882352,0.4977990136544038,0.0848010087824128,3,B2017-08756
8757,8757,239192.8251121076,0.5927268433914686,0.5315897726619981,0,B2019-08757
8758,8758,196475.8990053558,0.5598617663304497,0.1381227954560419,3,B2018-08758
8759,8759,233205.8148431523,0.680925479177106,0.5006318610165202,0,B2018-08759
8760,8760,244283.09104820204,0.4166414960806806,0.116396414138318,3,B2018-08760
8761,8761,273923.42007434944,0.6207966801470676,0.5037423834299318,0,B2020-08761
8762,8762,274786.9955156951,0.6622773579887944,0.4566439769114451,0,B2019-08762
8763,8763,187777.32211170625,0.6195121202591735,0.4615317072068033,0,B2018-08763
8764,8764,213091.8133129304,0.4001065023242767,0.1693344184256436,3,B2018-08764
8765,8765,163431.3452914798,0.6234667412213234,0.0566530693113055,3,B2019-08765
8766,8766,262356.5416985463,0.607240998713052,0.1451064609492512,3,B2018-08766
8767,8767,183563.40807174888,0.5870784481392965,0.0615091159335675,3,B2019-08767
8768,8768,173213.65647058823,0.5161384298745456,0.2548182770147549,3,B2017-08768
8769,8769,315438.11764705885,0.4399239898387317,0.1492769580133087,3,B2017-08769
8770,8770,173275.57074504445,0.6854201254516081,-0.2803583092580149,4,B2022-08770
8771,8771,184815.6082631982,0.5044339281695098,0.1411063574689394,3,B2018-08771
8772,8772,541681.4764183186,0.2971432477917758,0.1265373065210932,2,B2022-08772
8773,8773,1246394.0520446096,0.6351907618991031,0.2073417780869164,0,B2020-08773
8774,8774,187242.3791821561,0.5456031981094454,0.0268881689585226,3,B2020-08774
8775,8775,1483061.1764705882,0.384833740005372,0.1626106477319147,2,B2017-08775
8776,8776,241114.7294117647,0.5075991486491751,0.0233781183753698,3,B2017-08776
8777,8777,268026.77647058823,0.4367519327065188,0.1913758949695626,3,B2017-08777
8778,8778,250000.0,0.6492977156690147,-0.2795756068152666,4,B2025-08778
8779,8779,367212.5,0.7321924093826156,-0.4461626831170498,4,B2024-08779
8780,8780,900000.0,0.4878310125723101,0.0293499541797188,3,B2025-08780
8781,8781,922700.0,0.1608073499878384,0.0669676746018106,2,B2024-08781
8782,8782,349550.0,0.3225485033464248,0.130567863863624,2,B2024-08782
8783,8783,454861.57,0.2858651620073806,0.1337385189126075,2,B2024-08783
8784,8784,524861.57,0.3293363925765894,0.1229463982865353,2,B2024-08784
8785,8785,553800.0,0.2088420496999711,0.1074395244969569,2,B2025-08785
8786,8786,668543.8328912467,0.6113633466102568,-0.1083211664495541,6,B2023-08786
8787,8787,200000.0,0.7642539267721473,-0.3896654600559888,4,B2024-08787
8788,8788,223750.0,0.6533124267547048,-0.5095278925009284,4,B2024-08788
8789,8789,250000.0,0.7168188143326835,-0.4625312882014557,4,B2024-08789
8790,8790,252000.0,0.7319553994313922,-0.4052687186201117,4,B2024-08790
8791,8791,1047082.5,0.6835834986004609,-0.5024384054815336,5,B2024-08791
8792,8792,224425.0,0.7303780098768321,-0.4389450619774593,4,B2024-08792
8793,8793,268642.35294117645,0.5271096238537554,0.2356371118292235,3,B2017-08793
8794,8794,2845995.294117647,0.4869399306526337,0.0144449387600271,6,B2017-08794
8795,8795,612022.9376657825,0.68656290607718,-0.5061423844961278,5,B2023-08795
8796,8796,813942.8315649867,0.4263031119144178,-0.0071509614230869,2,B2023-08796
8797,8797,1021807.6392572944,0.5191492632849938,0.310413882582265,0,B2023-08797
8798,8798,500000.0,0.7093455572004287,-0.4808625928559468,4,B2025-08798
8799,8799,900000.0,0.5826962788859625,-0.004834009457762,2,B2025-08799
8800,8800,312000.0,0.7286625431967766,-0.4290065446759839,4,B2025-08800
8801,8801,268941.17647058825,0.4669297402275946,0.053603524932807,3,B2017-08801
8802,8802,2390588.2352941176,0.2489562385712856,0.1330970432573583,2,B2017-08802
8803,8803,634527.8810408922,0.5913389373939911,0.1242876292818644,3,B2020-08803
8804,8804,342826.34944237914,0.5518637297278919,0.1158579176445559,3,B2020-08804
8805,8805,1331506.726457399,0.3774824686612251,0.1438104485920719,2,B2019-08805
8806,8806,1179154.6588235295,0.4379859854981782,0.041400570907523,6,B2017-08806
8807,8807,803004.4843049328,0.5810311569637775,0.3643737405938818,0,B2019-08807
8808,8808,223877.58224942625,0.6427736929521145,0.5469010025035569,0,B2018-08808
8809,8809,270000.0,0.6054924055281544,-0.4634568565870487,5,B2025-08809
8810,8810,170300.43103448275,0.7259123129673509,-0.4113433892094532,4,B2023-08810
8811,8811,824546.0762331838,0.4085530847483702,0.144675835878201,2,B2019-08811
8812,8812,824300.9334353483,0.6331564378955183,0.0284521150397451,6,B2018-08812
8813,8813,1035167.5,0.7058110672483149,-0.49637528728055,5,B2024-08813
8814,8814,990000.0,0.676210781833069,-0.501571865300463,5,B2025-08814
8815,8815,883650.0,0.1831640504371569,0.1570835502039453,2,B2024-08815
8816,8816,897123.43,0.3120154368833298,0.0985891671607964,2,B2024-08816
8817,8817,226209.41176470587,0.6140218419249711,0.5882115855047311,0,B2017-08817
8818,8818,794177.1300448431,0.4066847709948092,0.5355999926068581,0,B2019-08818
8819,8819,300000.0,0.488852852563082,-0.0287141755322653,3,B2025-08819
8820,8820,450000.0,0.7380429873649942,-0.3926713195307696,4,B2024-08820
8821,8821,344327.0,0.7425927963077255,-0.4844894166410244,4,B2024-08821
8822,8822,988232.5,0.6943841657941016,-0.5350443623047885,5,B2024-08822
8823,8823,255000.0,0.6179559808385732,0.050003521831519,3,B2024-08823
8824,8824,200000.0,0.7249639653654147,-0.4134944456935756,4,B2024-08824
8825,8825,980000.0,0.6656454392184078,-0.544320460277443,5,B2024-08825
8826,8826,200000.0,0.7269109785790292,-0.4860598681211882,4,B2024-08826
8827,8827,880000.0,0.6463586426299321,-0.5538252414101654,5,B2024-08827
8828,8828,196230.0,0.6748925243337629,-0.5342610787264448,4,B2024-08828
8829,8829,1000000.0,0.4592216505211147,-0.1091885266790737,3,B2024-08829
8830,8830,360000.0,0.4484278581994471,-0.0972436341500815,3,B2024-08830
8831,8831,176566.21352785145,0.7210137554284965,-0.4843836938891048,4,B2023-08831
8832,8832,720000.0,0.5981656185229263,-0.5789984322416031,5,B2025-08832
8833,8833,269706.5649867374,0.7215269703503601,-0.4440989423803023,4,B2023-08833
8834,8834,936438.8793103448,0.6316387819473253,-0.0279142636352738,6,B2023-08834
8835,8835,935077.0822281168,0.6260528743938678,-0.0716066048874268,6,B2023-08835
8836,8836,854473.940520446,0.5481292513295879,0.0578627080233917,6,B2020-08836
8837,8837,897842.3871461364,0.5481292513295879,0.0578627080233917,6,B2018-08837
8838,8838,1101074.3745727956,0.6532169663573201,-0.4914995410121326,5,B2022-08838
8839,8839,1571917.9767600822,0.3524552394164368,-0.0803776568446937,2,B2022-08839
8840,8840,712480.1061007958,0.7055888398160768,-0.4605347475491076,5,B2023-08840
8841,8841,1060445.6596035543,0.4240097302916483,0.127038138345514,2,B2022-08841
8842,8842,1380443.991797676,0.6703402834331912,-0.2855207169184689,5,B2022-08842
8843,8843,140740.08620689655,0.7791826734802505,-0.0871621905404788,4,B2023-08843
8844,8844,162455.57029177717,0.7305981748944705,-0.4784188639617198,4,B2023-08844
8845,8845,623714.9692412851,0.619460894679539,0.0150898323674013,6,B2022-08845
8846,8846,234368.3868762816,0.7258845583192287,-0.4207643549513932,4,B2022-08846
8847,8847,1059255.5228981546,0.6795690453710365,-0.5181621128548995,5,B2022-08847
8848,8848,1000000.0,0.7141648905278164,-0.4983668673836849,5,B2024-08848
8849,8849,2415256.728624536,0.4849602726429286,0.6385438784841615,0,B2020-08849
8850,8850,895704.0892193308,0.5200747808407494,0.5871565507693278,0,B2020-08850
8851,8851,1195730.4,0.384833740005372,0.1626106477319147,2,B2017-08851
8852,8852,245157.61285386383,0.5566645441158613,0.6164136624331157,0,B2018-08852
8853,8853,120550.62334217508,0.6981383135804625,-0.4612761004678063,4,B2023-08853
8854,8854,734134.6548188654,0.6731795199973918,-0.4998445155213513,5,B2022-08854
8855,8855,148446.76691729325,0.7204667280946346,-0.4801288554721047,4,B2022-08855
8856,8856,238701.45724907063,0.5966806816896861,0.0386624792314089,3,B2020-08856
8857,8857,624242.3529411765,0.6307454596816201,0.4639680982050823,0,B2017-08857
8858,8858,709195.623342175,0.6570907222815191,-0.5472806405669516,5,B2023-08858
8859,8859,187147.66641162973,0.5661275231582168,0.1224800386927653,3,B2018-08859
8860,8860,1142486.0235294118,0.4478639277339762,0.090000998043127,2,B2017-08860
8861,8861,240445.7399103139,0.554740612595101,0.0165087056923267,3,B2019-08861
8862,8862,1000084.6343130554,0.6780248840549377,0.3366494614179926,0,B2022-08862
8863,8863,1071526.6917293232,0.609380831301197,-0.5804160235334526,5,B2022-08863
8864,8864,234303.28092959672,0.6896965103461912,-0.4740007981320915,4,B2022-08864
8865,8865,166111.3123718387,0.6880951420760879,-0.2326062040251446,4,B2022-08865
8866,8866,1284322.7237949506,0.4459953983937847,0.0942105965264578,2,B2018-08866
8867,8867,899820.6278026905,0.4449560838407848,0.5037741996911412,0,B2019-08867
8868,8868,199896.86098654708,0.4945726126629916,0.6062056824540887,0,B2019-08868
8869,8869,276679.4395078606,0.7025955399915981,-0.447509363926449,4,B2022-08869
8870,8870,162362.08885941643,0.6923029488373236,-0.4750775092576576,4,B2023-08870
8871,8871,976753.404743688,0.4210538299136945,-0.0874245663400431,2,B2018-08871
8872,8872,279872.1189591078,0.548034737058715,0.6110212189588924,0,B2020-08872
8873,8873,765868.2738528769,0.6487880425449458,-0.4756832388845061,5,B2021-08873
8874,8874,653379.6286472148,0.7163017424245565,-0.4673582864878673,5,B2023-08874
8875,8875,979464.4223412396,0.6325202533308241,0.5080250432861997,0,B2018-08875
8876,8876,56654.2750929368,0.2777875339134077,0.126050008946011,2,B2020-08876
8877,8877,797683.0225782957,0.5303071718368814,-0.1740507999629451,6,B2021-08877
8878,8878,249542.51274581207,0.6469553064287689,0.0522102592070858,3,B2021-08878
8879,8879,831961.7444529459,0.5600911811771008,0.1409699385051722,2,B2018-08879
8880,8880,693374.4394618834,0.5169493210795575,0.6064668853009656,0,B2019-08880
8881,8881,732473.1510594669,0.6698759212868317,-0.476316827246961,5,B2022-08881
8882,8882,833649.0895848506,0.561607858993527,-0.3942162711793474,5,B2021-08882
8883,8883,662794.1626794259,0.6771840117477506,-0.5196238317110919,5,B2022-08883
8884,8884,1174045.119617225,0.2469064366062582,-0.0600280443736939,2,B2022-08884
8885,8885,1044038.9610389612,0.4478099390987355,0.1751715990335682,2,B2022-08885
8886,8886,198963.77306903625,0.7422208790625682,-0.4593323712835616,4,B2022-08886
8887,8887,1225176.4705882354,0.3530904682384053,0.1498607871923794,2,B2017-08887
8888,8888,1148928.6588235295,0.5252433420456444,0.042126248985211,6,B2017-08888
8889,8889,254703.45724907063,0.5966806816896861,0.0386624792314089,3,B2020-08889
8890,8890,181957.399103139,0.5672726869277444,0.0502460658941427,3,B2019-08890
8891,8891,182039.9775784753,0.5672726869277444,0.0502460658941427,3,B2019-08891
8892,8892,708443.5542607429,0.5999342513029514,-0.3103313431648188,5,B2021-08892
8893,8893,882551.7992565056,0.4692977620611421,0.6499942248286906,0,B2020-08893
8894,8894,1120082.7067669174,0.7277099591735071,-0.1312759174916683,5,B2022-08894
8895,8895,777362.4330527928,0.6032932640991515,0.4620010059071444,0,B2018-08895
8896,8896,778366.8302387268,0.5323691767730234,-0.0310977929649447,6,B2023-08896
8897,8897,1376982.156133829,0.5808989117766883,0.0414344108238384,6,B2020-08897
8898,8898,253346.5873605948,0.5966806816896861,0.0386624792314089,3,B2020-08898
8899,8899,710901.0278514589,0.6666495311204561,-0.4885290065561286,5,B2023-08899
8900,8900,818843.9173680185,0.3868430855628825,0.0574656890356278,2,B2018-08900
8901,8901,173213.6189747514,0.562834851413558,0.1052675290963352,3,B2018-08901
8902,8902,795654.5141545526,0.5296590971208763,-0.0372925456802473,6,B2018-08902
8903,8903,738807.6817138486,0.5136958792317184,0.0685865583150591,6,B2018-08903
8904,8904,249448.1646030589,0.6840269607933375,-0.3734243832247476,4,B2021-08904
8905,8905,1348850.9978150036,0.694959686789494,-0.4883960252606857,5,B2021-08905
8906,8906,833837.7858703568,0.6010628969023546,-0.3365468051692485,5,B2021-08906
8907,8907,1265449.6412556053,0.5514568162297864,0.0006060166637478,6,B2019-08907
8908,8908,178151.49308084484,0.6800334268395605,-0.4450890722321721,4,B2021-08908
8909,8909,661476.4183185236,0.6086748670771407,-0.3211131609617065,5,B2022-08909
8910,8910,403843.0,0.5679934555712922,0.0249252528251387,3,B2025-08910
8911,8911,600000.0,0.685112796631784,-0.4978507155647747,5,B2024-08911
8912,8912,206958.7833219412,0.5526389413530829,0.0617718001463743,3,B2022-08912
8913,8913,1008614.124668435,0.6299619951605525,-0.4637111307686257,5,B2023-08913
8914,8914,178304.11507647487,0.5913667505891053,0.5828859305563635,0,B2021-08914
8915,8915,800000.0,0.6774880080647737,-0.4953706951758568,5,B2024-08915
8916,8916,960105.8364312268,0.5315768832701121,-0.1182896942062286,6,B2020-08916
8917,8917,209536.97881066304,0.6461468900801046,0.5477467953978268,0,B2022-08917
8918,8918,1183228.003060444,0.3666534596274151,0.1508113798041896,2,B2018-08918
8919,8919,1138071.0780669146,0.6234053735564566,0.4979110971504482,0,B2020-08919
8920,8920,256112.86995515693,0.5748741096029844,0.1101310440014372,3,B2019-08920
8921,8921,1276426.8834080717,0.6282865242471161,0.339744493676425,0,B2019-08921
8922,8922,190377.902403496,0.6487884434812717,-0.2405858770338388,4,B2021-08922
8923,8923,1205155.294117647,0.3565046022761156,0.0181106595640103,2,B2017-08923
8924,8924,5729323.308270677,0.3089005592197731,0.1603199213394809,2,B2022-08924
8925,8925,190377.902403496,0.6396228012332534,0.0251799884155158,3,B2021-08925
8926,8926,1316999.4423791822,0.4849418327421677,0.6352576308723884,0,B2020-08926
8927,8927,971142.0830298616,0.563945204765245,-0.0968410697689937,6,B2021-08927
8928,8928,235262.54275092937,0.6296191890671572,0.1495868591115083,3,B2020-08928
8929,8929,256212.533632287,0.5214349630118809,0.6012435343099758,0,B2019-08929
8930,8930,158726.87545520757,0.5638039191193642,0.6281704327601555,0,B2021-08930
8931,8931,1000000.0,0.6054924055281544,-0.4634568565870487,5,B2025-08931
8932,8932,1200000.0,0.4936847696782043,-0.0650555657560209,3,B2024-08932
8933,8933,200000.0,0.734386411512639,-0.4903208760826165,4,B2024-08933
8934,8934,850000.0,0.7300815947251715,-0.4062800280465841,4,B2024-08934
8935,8935,250000.0,0.7128509631326989,-0.4512139080533086,4,B2025-08935
8936,8936,872407.8513011152,0.4970298455049522,0.5068655171477967,0,B2020-08936
8937,8937,695960.0,0.5561124823031965,0.3638185514675969,0,B2017-08937
8938,8938,171862.37647058823,0.6409702749402413,-0.0078321605212306,3,B2017-08938
8939,8939,1260232.9596412557,0.2294185249417694,0.0886800413088163,2,B2019-08939
8940,8940,1779255.0588235294,0.3329372538666273,0.1736427331741828,2,B2017-08940
8941,8941,714192.8079571539,0.6107576143636356,0.5083223620616131,0,B2018-08941
8942,8942,15443145.76392573,0.2552968983002484,0.1385676649132074,7,B2023-08942
8943,8943,1015073.6470588236,0.4529446593403975,0.1928328443140065,2,B2017-08943
8944,8944,1256254.1176470588,0.3565046022761156,0.0181106595640103,2,B2017-08944
8945,8945,194235.29411764705,0.5271096238537554,0.2356371118292235,3,B2017-08945
8946,8946,1160198.9288446826,0.5995072003355608,0.4790332773563972,0,B2018-08946
8947,8947,1329465.8823529412,0.2709208914355184,0.0154101348522713,2,B2017-08947
8948,8948,279846.97781178274,0.6174821447314893,0.0976560507615793,3,B2018-08948
8949,8949,59764.705882352944,0.25376050098866,0.1304451466439602,2,B2017-08949
8950,8950,736000.0,0.5323691767730234,-0.0310977929649447,6,B2024-08950
8951,8951,28802870.81339713,0.2704841032692328,0.0169249442799393,7,B2022-08951
8952,8952,1196556.445739257,0.6062659747771524,-0.0012269949052918,6,B2021-08952
8953,8953,887982.5200291332,0.5513855111488486,-0.0631269969542659,6,B2021-08953
8954,8954,651843.5013262599,0.6156807184054424,-0.5687691540009191,5,B2023-08954
8955,8955,1135529.4117647058,0.3763296456534487,0.1594923169559254,2,B2017-08955
8956,8956,1205674.0627390975,0.462415997758134,0.1187659518373814,2,B2018-08956
8957,8957,642482.0198928847,0.4573427748486519,0.3253759154936485,2,B2018-08957
8958,8958,128263.19816373376,0.4612652989432554,0.1597647921478285,3,B2018-08958
8959,8959,1564519.510328998,0.435731492699593,0.1608626298246012,2,B2018-08959
8960,8960,818722.8699551569,0.4896938566703766,0.6070423663758059,0,B2019-08960
8961,8961,1213349.4491201227,0.5639936875421643,0.3493044708576988,0,B2018-08961
8962,8962,1163618.8235294118,0.5000967861682757,0.0935435662078059,6,B2017-08962
8963,8963,908168.029739777,0.6132640844386924,0.0152374274383223,6,B2020-08963
8964,8964,1130173.680183627,0.4607737140139013,0.5752417838765581,0,B2018-08964
8965,8965,19976875.98143236,0.3600036227781271,0.0463968280166948,7,B2023-08965
8966,8966,45386760.0,0.3334416268077217,0.144616780103896,7,B2024-08966
8967,8967,1050588.99103139,0.5165695188258245,0.4990225042531034,0,B2019-08967
8968,8968,308706.19739862287,0.5169908685032325,0.1256356164028238,3,B2018-08968
8969,8969,1247289.4117647058,0.4123096661521815,0.0123006267398499,6,B2017-08969
8970,8970,684100.3717472119,0.4786531255847374,0.6546310629102478,0,B2020-08970
8971,8971,801663.2959641255,0.3852042811377881,-0.0331101261514118,2,B2019-08971
8972,8972,1210561.609411765,0.3781715747004708,0.1677034330489254,2,B2017-08972
8973,8973,657057.3833205816,0.4891136261348151,0.5983334667278577,0,B2018-08973
8974,8974,247525.36059479552,0.6728817246341765,0.4761903599234479,0,B2020-08974
8975,8975,290000.0,0.7121292596559925,-0.4822215708703309,4,B2025-08975
8976,8976,900000.0,0.716109582341438,-0.5096160551418413,5,B2024-08976
8977,8977,1032010.9647058824,0.2600303222345091,-0.0058145216337218,2,B2017-08977
8978,8978,699707.2470588236,0.5439649340067165,0.4767956003021802,0,B2017-08978
8979,8979,247489.6710022954,0.6033701595422377,0.5661711025088644,0,B2018-08979
8980,8980,781702.1121631464,0.5809978106510543,-0.0382519713991686,6,B2021-08980
8981,8981,2500000.0,0.3070501781669258,0.1730396666679363,2,B2025-08981
8982,8982,479775.0,0.732544890356084,-0.4073037732136226,4,B2024-08982
8983,8983,166496.72250546247,0.5461014250714955,0.6370574819573808,0,B2021-08983
8984,8984,996265.4275092935,0.5912884794347034,0.0079130154772068,6,B2020-08984
8985,8985,227750.18587360595,0.6174821447314893,0.0976560507615793,3,B2020-08985
8986,8986,1300000.0,0.6536297173561094,-0.4804254795478553,5,B2024-08986
8987,8987,167712.91866028708,0.6249455857249068,-0.3266328903870621,4,B2022-08987
8988,8988,781305.2949745083,0.5290272024287083,0.0997164890555571,6,B2021-08988
8989,8989,254944.2379182156,0.6728817246341765,0.4761903599234479,0,B2020-08989
8990,8990,826845.5228981546,0.5392977185878632,0.0540610953939966,6,B2022-08990
8991,8991,1066042.08110176,0.6072770945152877,0.504676642132055,0,B2018-08991
8992,8992,262356.5416985463,0.5560407590109356,0.6315211806413126,0,B2018-08992
8993,8993,1162201.5915119364,0.5993025154509881,-0.3728003282984948,5,B2023-08993
8994,8994,850000.0,0.4838051032309327,-0.0617675750270946,6,B2025-08994
8995,8995,256278.0269058296,0.5119558664985591,0.6038213833736831,0,B2019-08995
8996,8996,1166905.8823529412,0.3618817608720147,0.0496835594656871,2,B2017-08996
8997,8997,400000.0,0.7404349282921598,-0.4356284557013511,4,B2024-08997
8998,8998,1117604.721189591,0.6297236468472579,-0.0219810381475453,6,B2020-08998
8999,8999,1041400.0,0.4379859854981782,0.041400570907523,6,B2017-08999
9000,9000,759201.5302218823,0.5603001400234776,0.1615385029888006,6,B2018-09000
9001,9001,162261.17647058822,0.4445180391096193,0.6581743845294711,0,B2017-09001
9002,9002,174554.5524100995,0.5439713256796135,0.1127682284813882,3,B2018-09002
9003,9003,187730.6809487376,0.5481115727528273,0.6354208159109548,0,B2018-09003
9004,9004,1243672.2432629275,0.589475361475097,0.3792539832950587,0,B2021-09004
9005,9005,800000.0,0.7023829728038157,-0.5514145199659142,5,B2024-09005
9006,9006,903964.0397857692,0.4843073614191219,0.0189024887065471,6,B2018-09006
9007,9007,889097.1690895181,0.5076863183548831,-0.0696418426760426,6,B2018-09007
9008,9008,202889.0589135425,0.6323657308685523,0.0782492641594373,3,B2018-09008
9009,9009,243991.5837796481,0.6098899811998646,0.5765199556574525,0,B2018-09009
9010,9010,197223.5294117647,0.5700075611235986,0.6232336037048252,0,B2017-09010
9011,9011,253131.30111524163,0.6747203812724769,0.5516612762446896,0,B2020-09011
9012,9012,1431065.8823529412,0.4585918239359272,0.581602590931174,0,B2017-09012
9013,9013,829733.1018455229,0.6716407490231412,-0.4720758718276538,5,B2022-09013
9014,9014,1352176.4705882354,0.4579515594053944,0.5994465021483582,0,B2017-09014
9015,9015,814345.1811346549,0.6108406512315636,-0.5393133993116289,5,B2022-09015
9016,9016,196028.23529411765,0.466561657786485,0.1615278241401939,3,B2017-09016
9017,9017,836705.8823529412,0.3530904682384053,0.1498607871923794,2,B2017-09017
9018,9018,202167.5,0.7075342356751215,-0.4421251389250537,4,B2024-09018
9019,9019,1163697.01606733,0.5707369785281874,-0.044583817277985,6,B2018-09019
9020,9020,971593.7260902832,0.5303176753595158,0.4805697505392054,0,B2018-09020
9021,9021,715383.5294117647,0.4025936530674628,-0.0725144635614038,2,B2017-09021
9022,9022,254873.42007434944,0.6270769845059213,0.0484426998376798,3,B2020-09022
9023,9023,243700.0765110941,0.607240998713052,0.1451064609492512,3,B2018-09023
9024,9024,1330571.5294117648,0.3141416943499393,0.0341726766772408,2,B2017-09024
9025,9025,1461439.6860986548,0.4685725800581726,0.5881305584407122,0,B2019-09025
9026,9026,2000000.0,0.2900385457820915,0.1510318787231071,2,B2025-09026
9027,9027,2000000.0,0.2900385457820915,0.1510318787231071,2,B2024-09027
9028,9028,722936.4319890636,0.6792419038024652,-0.2264959169163541,5,B2022-09028
9029,9029,768027.1813546977,0.5800886379851915,0.0683531700792442,6,B2021-09029
9030,9030,969737.4504442926,0.7134394383640941,-0.4362096097856336,5,B2022-09030
9031,9031,208719.2042846213,0.4260656560220177,0.1899198115048216,3,B2018-09031
9032,9032,306665.6465187453,0.5519453189195425,0.6409503146829827,0,B2018-09032
9033,9033,1647575.4823529413,0.5275531404931719,0.5057804135504734,0,B2017-09033
9034,9034,268941.17647058825,0.5271096238537554,0.2356371118292235,3,B2017-09034
9035,9035,188563.62352941177,0.4985095592376268,0.1845122989605447,3,B2017-09035
9036,9036,180734.50650344303,0.4865804983944955,0.1830064412827809,3,B2018-09036
9037,9037,232643.4977578476,0.525982011717163,0.2023503584700057,3,B2019-09037
9038,9038,975565.0224215246,0.532011286420158,0.5760692479817342,0,B2019-09038
9039,9039,268941.17647058825,0.6554313020948268,0.545572663933245,0,B2017-09039
9040,9040,737490.0688599849,0.4534258408750174,0.5780703407937855,0,B2018-09040
9041,9041,244866.1055853099,0.6366773795738807,0.5878802396888597,0,B2018-09041
9042,9042,874055.3940321348,0.4812885822035141,0.0481728718196195,6,B2018-09042
9043,9043,217084.060150376,0.7205181846588439,-0.3712845235871658,4,B2022-09043
9044,9044,1222872.99158378,0.5013578407555167,0.0472152221869737,2,B2018-09044
9045,9045,197156.87732342008,0.5757802320164108,0.5338166258491932,0,B2020-09045
9046,9046,745967.1002295334,0.3729277652207555,0.0654558504831929,2,B2018-09046
9047,9047,981336.4705882352,0.4622711525202196,0.5170126270372015,0,B2017-09047
9048,9048,242775.99846977816,0.5748741096029844,0.1101310440014372,3,B2018-09048
9049,9049,813305.2792654936,0.5572058968370994,0.3076539123040598,0,B2018-09049
9050,9050,175778.88293802604,0.6587670903307424,0.5451363014625024,0,B2018-09050
9051,9051,202901.17647058825,0.5581413785341157,0.1032450940578596,3,B2017-09051
9052,9052,1205382.5554705434,0.6542098055501937,0.5123646821581319,0,B2018-09052
9053,9053,819905.0038255549,0.5410409618026147,0.3604707776625805,0,B2018-09053
9054,9054,823360.4235294118,0.6583969759506716,0.4623447642070635,0,B2017-09054
9055,9055,1031003.2046613256,0.6802640351640427,-0.5059996157277333,5,B2021-09055
9056,9056,2439750.0,0.584640361320196,-0.0668884215203949,6,B2024-09056
9057,9057,175778.88293802604,0.6587670903307424,0.5451363014625024,0,B2018-09057
9058,9058,188022.18821729155,0.5515255841303384,0.653201566920267,0,B2018-09058
9059,9059,772757.6470588235,0.2955788129065607,-0.0733644957967678,2,B2017-09059
9060,9060,1196592.8041114055,0.6942577329488686,-0.4634674425078104,5,B2023-09060
9061,9061,247094.1644562334,0.7022080088241077,-0.4549910078139323,4,B2023-09061
9062,9062,1019125.4275092935,0.4250689883671389,0.1733432587221243,2,B2020-09062
9063,9063,710274.449602122,0.656279570774763,-0.5207087785666297,5,B2023-09063
9064,9064,339925.6505576208,0.2976033232810039,0.1217597255214241,2,B2020-09064
9065,9065,163436.76008202325,0.7232406908190924,-0.4374410480958615,4,B2022-09065
9066,9066,300000.0,0.7525888918584285,-0.4321608988257562,4,B2024-09066
9067,9067,781943.5324107793,0.5198082489841491,0.4597881032755171,0,B2021-09067
9068,9068,633270.39020658,0.5110502648018422,0.0287821114802311,6,B2018-09068
9069,9069,821758.9900535579,0.6558180783067806,-0.0083867161992082,6,B2018-09069
9070,9070,201121.3004484305,0.6766903716686621,0.4851421474587032,0,B2019-09070
9071,9071,699442.5336322869,0.5373499779358619,0.5587850439504014,0,B2019-09071
9072,9072,728617.4071376547,0.689246232373997,-0.3209914381000945,5,B2021-09072
9073,9073,166846.8401486989,0.6323657308685523,0.0782492641594373,3,B2020-09073
9074,9074,797666.6988847583,0.6264632530080123,0.0219855591477436,6,B2020-09074
9075,9075,781702.1121631464,0.7447113288993852,-0.1468641184139583,5,B2021-09075
9076,9076,243896.6542750929,0.6638743817225052,-0.0017345469574285,3,B2020-09076
9077,9077,1106181.3901345292,0.6084149485926423,-0.1642305070276,6,B2019-09077
9078,9078,228331.81331293043,0.6523926343236833,0.526015842916376,0,B2018-09078
9079,9079,218493.899204244,0.6893821378421516,-0.4687444995954433,4,B2023-09079
9080,9080,800000.0,0.1731859541917072,0.0714639300894693,2,B2025-09080
9081,9081,200000.0,0.1731859541917072,0.0714639300894693,2,B2025-09081
9082,9082,1047892.3766816144,0.5439308507540157,-0.1283266963682878,6,B2019-09082
9083,9083,300000.0,0.5034212618052085,-0.0223524578469874,3,B2024-09083
9084,9084,300000.0,0.6919979878792455,-0.5224931066500326,4,B2024-09084
9085,9085,205207.2104879825,0.6937256027690346,-0.4331501161109857,4,B2021-09085
9086,9086,249184.8206278027,0.6460278622768205,0.0528432579277462,3,B2019-09086
9087,9087,206725.7843866171,0.5750539738064324,0.0093771560574967,3,B2020-09087
9088,9088,296293.9271375465,0.6655985251020157,0.4764091968665668,0,B2020-09088
9089,9089,182036.2269309637,0.7750030818752351,-0.1295636742927433,4,B2022-09089
9090,9090,163122.3889293518,0.6323218181996852,-0.2525521154916034,4,B2021-09090
9091,9091,186228.6995515695,0.6508344044287531,0.0560103690108198,3,B2019-09091
9092,9092,241272.2214627477,0.6753244664218189,-0.3056021756226286,4,B2022-09092
9093,9093,177072.54955570746,0.709673701151022,-0.4996130416735764,4,B2022-09093
9094,9094,173434.0859431901,0.7167395301819833,-0.4737255853219106,4,B2021-09094
9095,9095,1098399.387911247,0.3785172201934725,0.193507574144778,2,B2018-09095
9096,9096,842120.5647058823,0.3542703540357029,0.1290193465647197,2,B2017-09096
9097,9097,183096.4125560538,0.6503796732233056,0.4938923422389827,0,B2019-09097
9098,9098,215630.8954203691,0.6319524006344233,-0.276595852759408,4,B2022-09098
9099,9099,942213.2604237868,0.5538883035449308,-0.406757824245089,5,B2022-09099
9100,9100,734290.9090909092,0.6869711497390466,-0.4568638507160535,5,B2022-09100
9101,9101,855932.7881040892,0.5080195655503081,0.6265985585609024,0,B2020-09101
9102,9102,926350.4641909814,0.6529289374883813,-0.4911854939985288,5,B2023-09102
9103,9103,797519.3008011653,0.6508609902066789,-0.0955483063659534,6,B2021-09103
9104,9104,275000.0,0.7250658274388158,-0.4100708712187998,4,B2024-09104
9105,9105,169754.70159151193,0.6827714384483008,-0.419930436276628,4,B2023-09105
9106,9106,300000.0,0.741884771791793,-0.4404744142584678,4,B2024-09106
9107,9107,659518.031442242,0.7097832784944853,-0.4930467908262219,5,B2022-09107
9108,9108,1840621.267297888,0.6029262781047116,-0.0918916416509269,6,B2021-09108
9109,9109,249745.0837581937,0.6599856340707165,0.1343070925547482,3,B2021-09109
9110,9110,1703816.4603058994,0.5725256108195729,-0.1028158889109366,6,B2021-09110
9111,9111,151470.23872679044,0.6500040179565608,-0.2964310390428368,4,B2023-09111
9112,9112,211992.5,0.7443557615474441,-0.4775187340626917,4,B2024-09112
9113,9113,350000.0,0.7009164592241982,-0.5066062543739489,4,B2025-09113
9114,9114,228019.10313901343,0.5870784481392965,0.0615091159335675,3,B2019-09114
9115,9115,178580.22421524662,0.5828654699602569,0.522238625585605,0,B2019-09115
9116,9116,245027.67662053896,0.709673701151022,-0.4996130416735764,4,B2021-09116
9117,9117,177894.42379182155,0.5718313034494666,0.5951486790849388,0,B2020-09117
9118,9118,206146.2611073137,0.7201690897591871,-0.5029652482222224,4,B2022-09118
9119,9119,234120.984278879,0.7638216072713613,-0.3923895379157601,4,B2022-09119
9120,9120,161022.6315789474,0.7084783293498589,-0.4258497593584524,4,B2022-09120
9121,9121,250000.0,0.7297106779249777,-0.4551540490888825,4,B2024-09121
9122,9122,1200000.0,0.6584332414157589,-0.5320031294429968,5,B2024-09122
9123,9123,319280.0,0.737262851376284,-0.4040620042415376,4,B2024-09123
9124,9124,711522.5530503979,0.679744965198686,-0.4830385024709392,5,B2023-09124
9125,9125,206034.6022304833,0.5186471615537533,0.5872534185929134,0,B2020-09125
9126,9126,146734.5724907063,0.5672726869277444,0.0502460658941427,3,B2020-09126
9127,9127,248361.01115241635,0.5358443153401498,0.6349413286396348,0,B2020-09127
9128,9128,734056.5276828435,0.7135988165157405,-0.5393282969698124,5,B2022-09128
9129,9129,608297.5,0.6956062044398766,-0.5160631069553898,5,B2024-09129
9130,9130,950000.0,0.5411479636518666,-0.0625857613310502,6,B2024-09130
9131,9131,1350000.0,0.342545079164868,0.1024259962257831,2,B2025-09131
9132,9132,885000.0,0.6914223110507954,-0.4976224271490496,5,B2024-09132
9133,9133,600000.0,0.7040159043950145,-0.5210135277522278,5,B2025-09133
9134,9134,167499.37115516062,0.6660961475051101,-0.4640510674512748,4,B2022-09134
9135,9135,220951.6728624536,0.5579743968480676,0.6331170730173953,0,B2020-09135
9136,9136,781979.6067006554,0.61812074720633,-0.0463797581705899,6,B2021-09136
9137,9137,147479.46188340808,0.6655985251020157,0.4764091968665668,0,B2019-09137
9138,9138,713876.6816143497,0.3881162644666031,-0.0809862850842553,2,B2019-09138
9139,9139,118742.15246636773,0.6222734582257907,0.5376237936060451,0,B2019-09139
9140,9140,898396.8609865471,0.4512683036324418,-0.1442721516679979,6,B2019-09140
9141,9141,1084929.3680297397,0.6453765771883004,0.3895823394644513,0,B2020-09141
9142,9142,756051.3011152416,0.5973304656613923,0.0090702195359229,6,B2020-09142
9143,9143,239027.219330855,0.6888907592143833,0.458626766474724,0,B2020-09143
9144,9144,700000.0,0.7076409775960021,-0.5332577552467144,5,B2024-09144
9145,9145,755852.9641909815,0.6608965259635565,-0.532207948634394,5,B2023-09145
9146,9146,1655500.0,0.6428164175432409,-0.5418972214191444,5,B2024-09146
9147,9147,249190.0946831755,0.7517070858025322,-0.2944676438352137,4,B2021-09147
9148,9148,1146693.8587360594,0.6108735675961323,0.0406965480369009,2,B2020-09148
9149,9149,178706.48215586305,0.5753700832322831,0.0623655126855266,3,B2021-09149
9150,9150,237506.4935064935,0.2165745494565467,-0.0180058208386083,2,B2022-09150
9151,9151,790344.1338289962,0.5231659253105795,0.5759526711541171,0,B2020-09151
9152,9152,1054479.2425345958,0.5231378998735424,0.4990585351049197,0,B2021-09152
9153,9153,980000.0,0.6798418095780404,-0.5204022918507469,5,B2024-09153
9154,9154,732802.024763292,0.6011899151505118,-0.0295766933708836,6,B2021-09154
9155,9155,230748.49624060155,0.6323218181996852,-0.2525521154916034,4,B2022-09155
9156,9156,712227.4535809018,0.5688167287163839,-0.0288977595328967,6,B2023-09156
9157,9157,769589.4756008739,0.6172700298525805,-0.2224385541867132,5,B2021-09157
9158,9158,829778.0407865987,0.6562715422912383,-0.0536736085924932,6,B2021-09158
9159,9159,980000.0,0.5311082042143728,-0.0708863853345629,6,B2024-09159
9160,9160,901074.7123088128,0.4205920288534681,0.1814826540735059,6,B2021-09160
9161,9161,39657.99256505576,0.364197412554159,0.0128459328245321,2,B2020-09161
9162,9162,738066.4014869889,0.6162771915098301,0.0537528275305745,6,B2020-09162
9163,9163,233295.4408749145,0.6701074562124427,-0.3037154055896989,4,B2022-09163
9164,9164,175950.1230348599,0.719636628021615,-0.4477924409891886,4,B2022-09164
9165,9165,204395.88859416443,0.6421681316852559,0.0315612139601338,3,B2023-09165
9166,9166,725093.2265112891,0.50426661992326,0.6059726287630371,0,B2021-09166
9167,9167,147354.52917771882,0.7357981346266614,-0.4786095824861112,4,B2023-09167
9168,9168,1155605.5762081784,0.525849089497306,0.6062100126898223,0,B2020-09168
9169,9169,167943.10037174722,0.6154737455639809,0.0975348960383404,3,B2020-09169
9170,9170,705640.8594319009,0.681881202613911,-0.4750009493774026,5,B2021-09170
9171,9171,802649.4423791821,0.5421725695026961,0.519717527736848,0,B2020-09171
9172,9172,1590598.689002185,0.4960761987373711,0.5281672591399382,0,B2021-09172
9173,9173,178428.98761835397,0.5894809344953454,0.5893251347215009,0,B2021-09173
9174,9174,722676.008202324,0.6685121594001422,-0.4597763841366416,5,B2022-09174
9175,9175,814410.3932993445,0.5090259062193893,0.0331320848219108,6,B2021-09175
9176,9176,245790.7865986889,0.6638743817225052,-0.0017345469574285,3,B2021-09176
9177,9177,993777.1701982229,0.6901811553729134,-0.5159203741621817,5,B2022-09177
9178,9178,364593.3014354067,0.3503854419795727,0.1575401133595746,2,B2022-09178
9179,9179,840390.49734748,0.7193603803375476,-0.4745718940083734,5,B2023-09179
9180,9180,1310481.3680297397,0.4963095449808459,0.6174438698542156,0,B2020-09180
9181,9181,181481.4275309541,0.6504197995907831,-0.0233870394563431,3,B2021-09181
9182,9182,1500000.0,0.7019367665602235,-0.5184292466458512,5,B2024-09182
9183,9183,681249.0895848506,0.4732312421900082,0.0119820974329579,6,B2021-09183
9184,9184,800803.1442241969,0.5944533976230391,-0.3113764876048164,5,B2022-09184
9185,9185,792261.2440191387,0.7005083888882132,-0.4772096465936408,5,B2022-09185
9186,9186,181088.28434723173,0.7323515988149609,-0.4602094788806923,4,B2022-09186
9187,9187,777042.9310344828,0.6467020102592185,-0.5110495542326365,5,B2023-09187
9188,9188,171803.71352785145,0.4709423538350386,0.0009422086699105,3,B2023-09188
9189,9189,233368.3595352017,0.6387246605162976,-0.2827573294104744,4,B2022-09189
9190,9190,277494.5375091041,0.5826202325531064,0.5890018031223689,0,B2021-09190
9191,9191,228390.29840848804,0.7148272557173588,-0.4422980174727892,4,B2023-09191
9192,9192,786324.2352941177,0.5179313744197184,0.1646739493738686,6,B2017-09192
9193,9193,943356.0,0.5260200375033363,0.2557399177567182,6,B2017-09193
9194,9194,209953.41176470587,0.4722373084267035,0.4084145275545826,3,B2017-09194
9195,9195,958280.4932735426,0.3888714347242593,0.2008962958782392,2,B2019-09195
9196,9196,1092773.488710852,0.498901290433191,0.6224825171717461,0,B2021-09196
9197,9197,254944.2379182156,0.548034737058715,0.6110212189588924,0,B2020-09197
9198,9198,234381.4080656186,0.65462567688952,-0.2108885791627993,4,B2022-09198
9199,9199,1097191.201747997,0.5986425205834218,-0.0709830293208348,6,B2021-09199
9200,9200,1659432.0446096654,0.5031666264410827,0.5807613506290229,0,B2020-09200
9201,9201,1385934.2578295702,0.4085530847483702,0.144675835878201,2,B2021-09201
9202,9202,500000.0,0.5659603650403584,0.0240899111982923,3,B2025-09202
9203,9203,675740.823015295,0.5524333492608412,-0.0716994762549338,6,B2021-09203
9204,9204,191247.05882352943,0.4509890030288788,0.2587690778819166,3,B2017-09204
9205,9205,252652.5198938992,0.6924395858840279,-0.4799813735464598,4,B2023-09205
9206,9206,800000.0,0.6610692403574993,-0.5584820003429515,5,B2024-09206
9207,9207,150000.0,0.7212123680030723,-0.4444410233845968,4,B2024-09207
9208,9208,1052353.159851301,0.540936738763941,0.5493296112712405,0,B2020-09208
9209,9209,235681.7843866171,0.6739543171701111,0.5353305904312363,0,B2020-09209
9210,9210,162131.73343044426,0.6048715140973143,0.106548578367306,3,B2021-09210
9211,9211,829534.1176470588,0.2955788129065607,-0.0733644957967678,2,B2017-09211
9212,9212,234105.4916241806,0.6628329637541909,0.006197574244434,3,B2021-09212
9213,9213,759988.7732342007,0.5862552742632811,0.5493365982390267,0,B2020-09213
9214,9214,1333599.8980335032,0.6610182930613934,0.0532103245942905,5,B2021-09214
9215,9215,1232125.695557174,0.5452654773821286,0.6038525381741844,0,B2021-09215
9216,9216,801787.1667880553,0.5324819632862302,-0.0435647944001544,6,B2021-09216
9217,9217,836554.1933085502,0.6121966481395923,0.5116878026989359,0,B2020-09217
9218,9218,808699.5515695066,0.626328988688511,0.4490820413048066,0,B2019-09218
9219,9219,178706.48215586305,0.6421508764590591,-0.0307159617853974,3,B2021-09219
9220,9220,202776.3583394028,0.6233216775090418,-0.0663923002326759,3,B2021-09220
9221,9221,1560825.278810409,0.522252628104939,0.4912916123647098,0,B2020-09221
9222,9222,300000.0,0.6538470194069139,-0.5556456334345447,4,B2025-09222
9223,9223,1010610.0795755968,0.5837769717234141,-0.032151143681013,6,B2023-09223
9224,9224,946811.3619810631,0.580142267675835,0.5600643026845726,0,B2021-09224
9225,9225,178908.3023872679,0.5034212618052085,-0.0223524578469874,3,B2023-09225
9226,9226,1592340.8071748875,0.4298294069834035,0.1208016956039906,2,B2019-09226
9227,9227,825500.0,0.6971153706321582,-0.5337162781796606,5,B2024-09227
9228,9228,238367.80772032044,0.7133147314815055,-0.4905248975279856,4,B2021-09228
9229,9229,243330.1115241636,0.6323657308685523,0.0782492641594373,3,B2020-09229
9230,9230,800000.0,0.6714139983534723,-0.5278570891883819,5,B2025-09230
9231,9231,701379.9256505576,0.524558498678849,-0.0993608839029684,6,B2020-09231
9232,9232,800000.0,0.6850095540817176,-0.4906945514061916,5,B2024-09232
9233,9233,800000.0,0.6542101458614517,-0.5470641359410194,5,B2025-09233
9234,9234,1206350.5882352942,0.2063727499146359,0.0915632152805592,2,B2017-09234
9235,9235,683172.4137931034,0.5750379979144762,0.0294217377764438,6,B2023-09235
9236,9236,242763.5687732342,0.6150021007096315,0.5836290594950444,0,B2020-09236
9237,9237,250000.0,0.7331531335959157,-0.4416959086814364,4,B2024-09237
9238,9238,2743500.0,0.2272836893098942,0.2244285746540278,2,B2025-09238
9239,9239,200000.0,0.7792174210680665,-0.4903523885226737,4,B2024-09239
9240,9240,800000.0,0.7248503367663234,-0.5261263771237136,5,B2024-09240
9241,9241,300000.0,0.5957334564681988,0.0349320889754773,3,B2025-09241
9242,9242,330000.0,0.5942621121797063,0.0360571720253996,3,B2024-09242
9243,9243,202609.7060833903,0.7744897591387766,-0.1306429445113938,4,B2022-09243
9244,9244,801844.8393711552,0.7447207687383178,-0.1183495181440289,5,B2022-09244
9245,9245,660588.847583643,0.4261646890749007,0.6051609054441769,0,B2020-09245
9246,9246,146517.115804807,0.6405889196561391,0.5652423444808672,0,B2021-09246
9247,9247,800000.0,0.6463586426299321,-0.5538252414101654,5,B2024-09247
9248,9248,186619.6855775804,0.6902000093863256,-0.5046425583814502,4,B2022-09248
9249,9249,899442.9708222811,0.7172974900420696,-0.4908360723175977,5,B2023-09249
9250,9250,246491.42007434944,0.6234667412213234,0.0566530693113055,3,B2020-09250
9251,9251,178428.98761835397,0.6458829240564125,-0.0026585989847223,3,B2021-09251
9252,9252,8340436.363636364,0.3101450553656793,0.0370364847667349,2,B2022-09252
9253,9253,1113219.286234523,0.5496476377448019,0.5583919887584823,0,B2021-09253
9254,9254,1902011.7647058824,0.4236122300969746,0.0680534778995999,2,B2017-09254
9255,9255,249728.4340859432,0.6452793287707681,0.1173457959957048,3,B2021-09255
9256,9256,2676966.3677130044,0.4553804370202432,0.604341501187889,0,B2019-09256
9257,9257,262356.5416985463,0.5790901591749249,0.6279211869433456,0,B2018-09257
9258,9258,1485122.053811659,0.2681296590561089,0.0503303444812679,2,B2019-09258
9259,9259,262327.39097169094,0.5440241221305845,0.2271058408198339,3,B2018-09259
9260,9260,262356.5416985463,0.3364036826956091,0.1507623371550952,2,B2018-09260
9261,9261,1577054.3228768175,0.3440658932756344,0.0543824851415799,2,B2018-09261
9262,9262,2034050.2677888293,0.4676883284568731,0.5997486983290089,0,B2018-09262
9263,9263,274016.83244070393,0.5271096238537554,0.2356371118292235,3,B2018-09263
9264,9264,253715.24663677128,0.5242538911110366,0.6707622426199379,0,B2019-09264
9265,9265,1494732.6702371847,0.2412506843452181,0.0696033616543866,2,B2018-09265
9266,9266,1594541.9506726456,0.3944946027490493,0.6158218421313647,0,B2019-09266
9267,9267,2412653.3647058825,0.384833740005372,0.1626106477319147,2,B2017-09267
9268,9268,234381.4080656186,0.7054848641026197,-0.4139154683915205,4,B2022-09268
9269,9269,1682905.8023872678,0.6630130151672573,-0.4986522454461188,5,B2023-09269
9270,9270,2874096.869888476,0.5923972511229056,0.4246804378383906,0,B2020-09270
9271,9271,944036.4166059722,0.4573578090008795,0.5612519070995131,0,B2021-09271
9272,9272,886758.6192754614,0.4614781982585264,0.6207068757527687,0,B2022-09272
9273,9273,249190.0946831755,0.6088100787841565,-0.0071433102242155,3,B2021-09273
9274,9274,249745.0837581937,0.5396329284443092,0.6448375950152407,0,B2021-09274
9275,9275,1458834.7623318385,0.3701903833864915,0.1404986831356748,2,B2019-09275
9276,9276,223818.8235294117,0.5248084843370274,0.2658401204427629,3,B2017-09276
9277,9277,660000.0,0.1731859541917072,0.0714639300894693,2,B2024-09277
9278,9278,250000.0,0.7223305801217557,-0.3958872561561402,4,B2024-09278
9279,9279,176994.42241968558,0.6955468096045389,-0.5060660751507527,4,B2022-09279
9280,9280,2119641.285030759,0.6126727173537456,0.0376027572986279,2,B2022-09280
9281,9281,216959.10415149303,0.6520352294089907,0.0444017766398504,3,B2021-09281
9282,9282,1060966.5071770337,0.4259401810962202,-0.0217238966366609,2,B2022-09282
9283,9283,350000.0,0.5808563192702454,0.0069793534297171,3,B2024-09283
9284,9284,775325.8851674641,0.6211402043773804,-0.5900090348293983,5,B2022-09284
9285,9285,238895.0473415877,0.6396754563647289,0.0286089815687101,3,B2021-09285
9286,9286,248183.86876281613,0.5636430569482357,0.0668838037592922,3,B2022-09286
9287,9287,179003.4013109978,0.6591584177895273,-0.3069282362806543,4,B2021-09287
9288,9288,1512072.5,0.3891704371646801,0.0416111844677426,2,B2024-09288
9289,9289,999000.0,0.6693927076357826,-0.4980631374912693,5,B2024-09289
9290,9290,3058025.0,0.3944755313107054,0.0613881224643629,2,B2025-09290
9291,9291,739942.105263158,0.6717286474051813,-0.5102435608662826,5,B2022-09291
9292,9292,111894.12235979606,0.542133436107478,0.0827573111993207,3,B2021-09292
9293,9293,758947.5600873998,0.5725056252113948,0.0572416463073288,6,B2021-09293
9294,9294,449400.0,0.5587652765947523,0.0286004745312739,3,B2024-09294
9295,9295,837303.5294117647,0.3542703540357029,0.1290193465647197,6,B2017-09295
9296,9296,186753.8237436271,0.6048715140973143,0.106548578367306,3,B2021-09296
9297,9297,1267305.0397877984,0.6289161403496876,-0.5236591706249784,5,B2023-09297
9298,9298,729186.6028708135,0.5982080121524777,-0.4921514201091579,5,B2022-09298
9299,9299,520847.57347915246,0.7071202074586515,-0.4156165400539233,4,B2022-09299
9300,9300,260423.78673957623,0.6753244664218189,-0.3056021756226286,4,B2022-09300
9301,9301,3881171.204244032,0.315144773893,0.1112453717928019,2,B2023-09301
9302,9302,2291729.323308271,0.2571182635309581,0.043987709073227,2,B2022-09302
9303,9303,937525.6322624744,0.621987139228398,-0.2362656070723686,5,B2022-09303
9304,9304,800000.0,0.6955948333156824,-0.5320491346998633,5,B2024-09304
9305,9305,984401.913875598,0.6703366305047403,-0.5122334163219241,5,B2022-09305
9306,9306,781454.2440318302,0.656279570774763,-0.5207087785666297,5,B2023-09306
9307,9307,756441.6445623342,0.6889697755659239,-0.5045991196754326,5,B2023-09307
9308,9308,234381.4080656186,0.658125245131747,-0.0885904680901444,4,B2022-09308
9309,9309,7291866.028708134,0.303964414542644,0.0874759478148019,2,B2022-09309
9310,9310,25334053.058099795,0.3715752838161081,0.2101809170157659,7,B2022-09310
9311,9311,998131.4559125084,0.6746363948985928,-0.4677661582500911,5,B2022-09311
9312,9312,241160.2392344497,0.7124291587643847,-0.4387235444127094,4,B2022-09312
9313,9313,11424936.843501326,0.2601431181946626,0.0487352714711998,7,B2023-09313
9314,9314,6568965.517241379,0.383758918062843,0.0921882573011633,2,B2023-09314
9315,9315,599495.5570745044,0.709385625195288,-0.4545305762543831,5,B2022-09315
9316,9316,600000.0,0.7577197547201888,-0.406698543488785,4,B2024-09316
9317,9317,1462800.4101161996,0.2971666154633401,-0.0061232418978208,2,B2022-09317
9318,9318,640642.5153793575,0.5809478870675119,0.4899331684473136,0,B2022-09318
9319,9319,4825000.0,0.2218426241813352,0.1123401756490495,2,B2024-09319
9320,9320,1093168.1614349775,0.2396699042816095,0.1664568268896823,2,B2019-09320
9321,9321,218797.0822281167,0.7596769781740436,-0.38352909737473,4,B2023-09321
9322,9322,730000.0,0.7077918145246026,-0.5238027498782157,5,B2025-09322
9323,9323,227528.75331564987,0.7199579824661763,-0.4145766212117762,4,B2023-09323
9324,9324,724190.0,0.6906185344240289,-0.5384001861035099,5,B2024-09324
9325,9325,1184940.3183023871,0.4362965628044198,0.1060543170273637,2,B2023-09325
9326,9326,246058.0148698885,0.5820090015840066,0.0803887112527859,3,B2020-09326
9327,9327,753666.4388243336,0.6632311351849633,-0.2835463413204624,5,B2022-09327
9328,9328,300000.0,0.7314683260764735,-0.4841392681067069,4,B2025-09328
9329,9329,730000.0,0.7077918145246026,-0.5238027498782157,5,B2025-09329
9330,9330,226497.5,0.488437366914409,-0.016659093065297,3,B2024-09330
9331,9331,265000.0,0.7163991437198414,-0.4640239231046194,4,B2025-09331
9332,9332,578922.077922078,0.6497987425388695,-0.540560179004057,5,B2022-09332
9333,9333,198584.8806366048,0.7254228431643591,-0.3446613612577149,4,B2023-09333
9334,9334,260000.0,0.7327532766272296,-0.4724689543243566,4,B2024-09334
9335,9335,691238.8929351784,0.6775050930592373,-0.5618776114711096,5,B2021-09335
9336,9336,194546.0705882353,0.4816777241600732,0.1456256965061766,3,B2017-09336
9337,9337,217281.1671087533,0.7268115195929163,-0.4276697593025054,4,B2023-09337
9338,9338,256257.006151743,0.7823901839929991,-0.1403665080196907,4,B2022-09338
9339,9339,725000.0,0.5553600217081227,-0.0738837132093171,6,B2024-09339
9340,9340,1439949.3497757846,0.4126502624871484,0.195202702645131,2,B2019-09340
9341,9341,182036.2269309637,0.7084783293498589,-0.4258497593584524,4,B2022-09341
9342,9342,797270.2917771883,0.5991514789677838,-0.5461047492711255,5,B2023-09342
9343,9343,743770.3349282297,0.6133848921403551,-0.3247839846321289,5,B2022-09343
9344,9344,701506.1908230153,0.6104359458621474,-0.0709655402008759,6,B2021-09344
9345,9345,582869.3633952255,0.737952431416765,-0.1503157385156456,5,B2023-09345
9346,9346,855255.1537935749,0.6461762169853607,-0.2851111737879957,5,B2022-09346
9347,9347,744942.2419685578,0.4081952526237354,-0.0120933387473239,2,B2022-09347
9348,9348,1208184.350132626,0.6932955926754661,-0.5465226682352777,5,B2023-09348
9349,9349,1200000.0,0.567000559886989,-0.039537764842645,6,B2024-09349
9350,9350,704192.3379461034,0.684476317618003,-0.5381268082876068,5,B2021-09350
9351,9351,218736.4907063197,0.6493019619833494,0.0438411371080323,3,B2020-09351
9352,9352,300000.0,0.7300360858417722,-0.4016535487353093,4,B2024-09352
9353,9353,182162.4668435013,0.7186911049444688,-0.4394439331030048,4,B2023-09353
9354,9354,921509.5693779904,0.6113922899206761,-0.3184135737270869,5,B2022-09354
9355,9355,592470.1591511936,0.5475982617471324,0.0388757826611385,6,B2023-09355
9356,9356,1625452.0029133284,0.7534124692245898,-0.1412932377408631,5,B2021-09356
9357,9357,148962.4060150376,0.556551143047207,0.0212865428849671,3,B2022-09357
9358,9358,300000.0,0.7375649596581167,-0.4812005785932192,4,B2024-09358
9359,9359,151280.17771701983,0.6937256027690346,-0.4331501161109857,4,B2022-09359
9360,9360,605117.6470588235,0.4510510405914066,0.0518637013523015,6,B2017-09360
9361,9361,845600.0,0.6542101458614517,-0.5470641359410194,5,B2024-09361
9362,9362,716490.8958485068,0.3158245861003205,0.1416659060708853,2,B2021-09362
9363,9363,654423.5294117647,0.0,0.0,2,B2017-09363
9364,9364,1250351.893369788,0.5148875681679597,0.5468510422932699,0,B2022-09364
9365,9365,884450.0,0.7134623763230834,-0.5066554116306767,5,B2024-09365
9366,9366,176880.5443062201,0.5677678383132242,0.0603405235343139,3,B2022-09366
9367,9367,262356.5416985463,0.5661275231582168,0.1224800386927653,3,B2018-09367
9368,9368,1220540.9334353483,0.5991263370681553,-0.0012849518917302,6,B2018-09368
9369,9369,997681.784386617,0.5192283002814905,0.5973007382896501,0,B2020-09369
9370,9370,250000.0,0.7375674804956153,-0.5076345806408877,4,B2025-09370
9371,9371,200000.0,0.6591281780330992,-0.3178802076420633,4,B2024-09371
9372,9372,923311.7019822284,0.6634023352133629,-0.5314648848879547,5,B2022-09372
9373,9373,211724.53861927547,0.7112552953681774,-0.4780393500987041,4,B2022-09373
9374,9374,325070.0,0.6710262379130675,-0.2778239415393858,4,B2025-09374
9375,9375,1246756.8103448276,0.6927949202184805,-0.5135615289961452,5,B2023-09375
9376,9376,1500000.0,0.3248672789139575,-0.088941581804993,2,B2025-09376
9377,9377,208675.8922068463,0.6241674731454696,0.0904395264430097,3,B2021-09377
9378,9378,800000.0,0.4608124735178137,-0.0608259650004224,2,B2024-09378
9379,9379,270000.0,0.7062283278280095,-0.4011019532166472,4,B2024-09379
9380,9380,832835.2699931648,0.6806564128220658,0.1232447003791412,5,B2022-09380
9381,9381,1261351.9510329,0.3720596743623725,0.1827209521102991,2,B2018-09381
9382,9382,756583.1852358169,0.6288495171746088,-0.0383567184857987,6,B2022-09382
9383,9383,133414.13159908188,0.5098668609287312,0.2455367713619832,3,B2018-09383
9384,9384,810699.8682352941,0.5738099882457067,0.4611694392878713,0,B2017-09384
9385,9385,900000.0,0.7044098012966387,-0.4932016441226382,5,B2024-09385
9386,9386,873419.7612732095,0.6789433870721387,-0.4678274829218714,5,B2023-09386
9387,9387,191639.0134529148,0.554740612595101,0.0165087056923267,3,B2019-09387
9388,9388,1325415.1193633953,0.750383244509329,-0.1740155340783012,5,B2023-09388
9389,9389,741641.2599469495,0.7754024373051264,-0.1772109882188706,5,B2023-09389
9390,9390,187000.79388201016,0.6753244664218189,-0.3056021756226286,4,B2021-09390
9391,9391,259695.067264574,0.4785025484753342,0.5247269163363274,0,B2019-09391
9392,9392,2526525.198938992,0.3434943186118174,0.0531704172096999,2,B2023-09392
9393,9393,234381.4080656186,0.6618700981130601,-0.207456850084635,4,B2022-09393
9394,9394,163499.78150036416,0.7201576406845203,-0.2314307970865818,4,B2021-09394
9395,9395,321362.95283663704,0.7804308000660373,-0.1432954108191541,4,B2022-09395
9396,9396,3329934.450109249,0.2231592874446313,0.066470478325555,2,B2021-09396
9397,9397,16731458.355437666,0.3084224839662476,0.0378615829247071,7,B2023-09397
9398,9398,1748169.0895179803,0.2319496944052054,0.1268968153634538,2,B2018-09398
9399,9399,462437.5,0.644484735196406,-0.2314941908923823,4,B2024-09399
9400,9400,819426.9319051264,0.4025070044174469,0.1957497949098306,2,B2018-09400
9401,9401,10273901.34529148,0.1862217791691888,0.0328643272524181,2,B2019-09401
9402,9402,38849.23525127458,0.2984670191048806,0.1038460993494258,2,B2021-09402
9403,9403,1111808.7222647285,0.6043854832485205,0.1019726481249344,6,B2018-09403
9404,9404,895147.8779840849,0.7748806663217278,-0.1630487094254654,5,B2023-09404
9405,9405,16169761.27320955,0.3478129678586614,0.080819962657379,2,B2023-09405
9406,9406,10539248.275862068,0.2421041443234698,-0.07235797184588,7,B2023-09406
9407,9407,163555.0,0.7513860642723513,-0.3954157897977866,4,B2024-09407
9408,9408,227387.26790450927,0.6582468871477736,-0.2482810162831877,4,B2023-09408
9409,9409,998482.7586206896,0.5819657416536411,-0.3472664419703505,5,B2023-09409
9410,9410,847939.8496240602,0.6209304781043381,-0.0020051192424257,6,B2022-09410
9411,9411,148962.4060150376,0.7005903476294348,-0.4979311611352883,4,B2022-09411
9412,9412,998464.7983595352,0.5095380485951541,-0.1193638437805481,6,B2022-09412
9413,9413,747387.3609022556,0.6719315985875548,0.1417258710146823,5,B2022-09413
9414,9414,731116.3431305537,0.653084013358566,0.1484976511011044,5,B2022-09414
9415,9415,193755.2973342447,0.4926491899414844,0.084082235804879,3,B2022-09415
9416,9416,749499.6582365003,0.5589332458968386,-0.3610192411967379,5,B2022-09416
9417,9417,171358.85167464116,0.5860453366146784,-0.2276867197940814,4,B2022-09417
9418,9418,1015663.1299734748,0.6704658267939222,-0.4844934222354931,5,B2023-09418
9419,9419,1109978.1500364165,0.4742495119544849,0.5939696539460474,0,B2021-09419
9420,9420,1013576.5477057536,0.5950233519439154,-0.0787825965081232,6,B2021-09420
9421,9421,755307.108680793,0.673050884298586,-0.4871764339940879,5,B2022-09421
9422,9422,520847.57347915246,0.4362686179182861,0.1327301813642349,2,B2022-09422
9423,9423,717750.0,0.5860511028778419,-0.0169422629266539,6,B2024-09423
9424,9424,962526.3157894736,0.3451953740286169,0.1794861041711038,2,B2022-09424
9425,9425,895868.2433356118,0.6726584541881592,-0.4854719344846389,5,B2022-09425
9426,9426,1215066.426931905,0.4400117571676091,0.0241112961415599,2,B2018-09426
9427,9427,1200000.0,0.697490209077418,-0.5114487265642459,5,B2024-09427
9428,9428,171775.52973342448,0.6913868884266872,-0.4139073201570432,4,B2022-09428
9429,9429,174077.87327021122,0.7105486676651304,-0.4772879881028026,4,B2021-09429
9430,9430,221727.05882352943,0.4669297402275946,0.053603524932807,3,B2017-09430
9431,9431,867172.5,0.7053896859496418,-0.5206560711117574,5,B2024-09431
9432,9432,735957.6213260425,0.6861833732460619,-0.5043241897747921,5,B2022-09432
9433,9433,167712.91866028708,0.7187308436627081,-0.3826267160120331,4,B2022-09433
9434,9434,271947.13083397096,0.5403201476044487,0.63251791939498,0,B2018-09434
9435,9435,161000.0,0.6207323178363325,0.0558610847107417,3,B2024-09435
9436,9436,434562.3342175066,0.3689110911302366,0.1249233480667571,2,B2023-09436
9437,9437,298943.0588235294,0.4026783436655493,0.1647351177330163,2,B2017-09437
9438,9438,268941.17647058825,0.4509890030288788,0.2587690778819166,3,B2017-09438
9439,9439,685739.3633952255,0.7042194641824298,-0.4899682087376938,5,B2023-09439
9440,9440,190335.80801093645,0.5860833222373232,0.0673578659296866,3,B2022-09440
9441,9441,150000.0,0.7745209122328319,-0.4131912546339392,4,B2024-09441
9442,9442,1164732.3650034177,0.6819408877303084,-0.4829599184104683,5,B2022-09442
9443,9443,195578.2638414217,0.7021453962655023,-0.4309734631528347,4,B2022-09443
9444,9444,1099432.735426009,0.2108262173979252,0.0692843181196137,2,B2019-09444
9445,9445,509757.4654042243,0.428903533433068,0.2396278378792493,2,B2021-09445
9446,9446,1178930.0,0.6700656636885012,-0.4935169934356994,5,B2024-09446
9447,9447,578065.5207574654,0.6976035975482682,-0.4736993177314983,5,B2021-09447
9448,9448,150315.0,0.7136081667584631,-0.4815649078332301,4,B2024-09448
9449,9449,992735.4750512644,0.648822919176873,-0.4823308095361994,5,B2022-09449
9450,9450,234355.36568694463,0.6854201254516081,-0.2803583092580149,4,B2022-09450
9451,9451,242546.41909814323,0.6352840098258526,0.0566933702145328,3,B2023-09451
9452,9452,247012.63940520445,0.5544938777749027,0.1201169348251205,3,B2020-09452
9453,9453,212245.3861927546,0.7313398246906975,0.0116279942913992,4,B2022-09453
9454,9454,982273.7306903624,0.6985070786988135,-0.4911757226871593,5,B2022-09454
9455,9455,800000.0,0.6204276678539024,-0.0680285568235716,6,B2024-09455
9456,9456,298877.130044843,0.6605514158627194,0.4888777855014318,0,B2019-09456
9457,9457,2844224.64,0.7068144169869767,-0.5277090254096726,5,B2024-09457
9458,9458,156446.98564593302,0.6986686239746336,-0.4387993450511172,4,B2022-09458
9459,9459,808488.0636604774,0.6422114556512293,-0.5503688236326661,5,B2023-09459
9460,9460,167809.2771883289,0.7008223952772653,-0.395901734198223,4,B2023-09460
9461,9461,872289.4736842106,0.6957257302839376,-0.5384523253954173,5,B2022-09461
